strategy,nframes,ablation,index,instance_id,video_path,question,gold,model_output,extracted,correct,frame_indices,f2c_scales,error,pred_file
random,1,none,0,0,TimeBlind/videos/vid_00000_0.mp4,Does the boy start eating shortly after the girl puts her cup down?,yes,No.,no,0,,,,motion_o_timeblind_default_random1.json
random,1,none,1,0,TimeBlind/videos/vid_00000_1.mp4,Does the boy start eating shortly after the girl puts her cup down?,no,No.,no,1,,,,motion_o_timeblind_default_random1.json
random,1,none,2,0,TimeBlind/videos/vid_00000_0.mp4,Does the boy start eating at the same time the girl sets her cup down?,no,"No. The boy is already holding and appears to be in the process of eating from his bowl, while the girl has not yet set her cup down; she seems to still have it on the table next to them. Therefore, they do not start eating simultaneously with respect to setting their cups down.",no,1,,,,motion_o_timeblind_default_random1.json
random,1,none,3,0,TimeBlind/videos/vid_00000_1.mp4,Does the boy start eating at the same time the girl sets her cup down?,yes,"No. The person on the left is already holding and appears to be drinking from their bowl, while the person on the right has not yet set their cup down; they seem focused on something in front of them with both hands still engaged around what looks like a laptop keyboard. Therefore, it's clear that these actions do not occur simultaneously as described by ""start eating"" versus setting one’s cup down.""",no,0,,,,motion_o_timeblind_default_random1.json
random,1,none,4,1,TimeBlind/videos/vid_00001_0.mp4,Is the person's second racket swing faster than the first?,yes,No.,no,0,,,,motion_o_timeblind_default_random1.json
random,1,none,5,1,TimeBlind/videos/vid_00001_1.mp4,Is the person's second racket swing faster than the first?,no,No.,no,1,,,,motion_o_timeblind_default_random1.json
random,1,none,6,1,TimeBlind/videos/vid_00001_0.mp4,Does the person swing the badminton racket faster the first time than the second?,no,No.,no,1,,,,motion_o_timeblind_default_random1.json
random,1,none,7,1,TimeBlind/videos/vid_00001_1.mp4,Does the person swing the badminton racket faster the first time than the second?,yes,No.,no,0,,,,motion_o_timeblind_default_random1.json
random,1,none,8,2,TimeBlind/videos/vid_00002_0.mp4,Does the man hit the shuttlecock without moving his feet?,yes,No.,no,0,,,,motion_o_timeblind_default_random1.json
random,1,none,9,2,TimeBlind/videos/vid_00002_1.mp4,Does the man hit the shuttlecock without moving his feet?,no,No.,no,1,,,,motion_o_timeblind_default_random1.json
random,1,none,10,2,TimeBlind/videos/vid_00002_0.mp4,Is the man moving his feet when he hits the shuttlecock?,no,No.,no,1,,,,motion_o_timeblind_default_random1.json
random,1,none,11,2,TimeBlind/videos/vid_00002_1.mp4,Is the man moving his feet when he hits the shuttlecock?,yes,No.,no,0,,,,motion_o_timeblind_default_random1.json
random,1,none,12,3,TimeBlind/videos/vid_00003_0.mp4,Does the left side of the cigarette gradually change color from white to yellow?,yes,No.,no,0,,,,motion_o_timeblind_default_random1.json
random,1,none,13,3,TimeBlind/videos/vid_00003_1.mp4,Does the left side of the cigarette gradually change color from white to yellow?,no,No.,no,1,,,,motion_o_timeblind_default_random1.json
random,1,none,14,3,TimeBlind/videos/vid_00003_0.mp4,Does the left side of the cigarette gradually change color from yellow to white?,no,No.,no,1,,,,motion_o_timeblind_default_random1.json
random,1,none,15,3,TimeBlind/videos/vid_00003_1.mp4,Does the left side of the cigarette gradually change color from yellow to white?,yes,No.,no,0,,,,motion_o_timeblind_default_random1.json
random,1,none,16,4,TimeBlind/videos/vid_00004_0.mp4,Is the sprout getting taller?,yes,No.,no,0,,,,motion_o_timeblind_default_random1.json
random,1,none,17,4,TimeBlind/videos/vid_00004_1.mp4,Is the sprout getting taller?,no,No.,no,1,,,,motion_o_timeblind_default_random1.json
random,1,none,18,4,TimeBlind/videos/vid_00004_0.mp4,Is the sprout getting shorter?,no,"No.

The image shows that 18 days have passed, and there is no indication of the sprout becoming shorter; rather, it appears to be growing as expected for seedling development at this stage. The text ""18 DAYS"" suggests time has elapsed since planting, but does not imply any change in size directionally towards shortening if we consider typical plant growth patterns from seeds into young plants. Therefore, based on common biological knowledge about germination stages without additional context suggesting otherwise (like disease affecting growth), one would expect continued growth unless explicitly stated differently within such an environment. However, given only visual evidence here with no explicit mention of adverse conditions impacting growth negatively over those specific 18 days post-planting date provided by '18 DAYS', I cannot definitively conclude anything beyond what's visually apparent - which indicates ongoing healthy growth trajectory consistent across many early-stage plant life cycles following initial sowing. Thus, considering standard agronomic practices and natural progression observed generally speaking under normal circumstances absent contrary information presented directly alongside these images themselves: 

**Answer:** **No**, assuming usual agricultural practice norms hold true regarding seedling emergence & subsequent vegetative expansion phases typically experienced sequentially after direct seeding events occur naturally outdoors or indoors controlled environments alike.",no,1,,,,motion_o_timeblind_default_random1.json
random,1,none,19,4,TimeBlind/videos/vid_00004_1.mp4,Is the sprout getting shorter?,yes,No,no,0,,,,motion_o_timeblind_default_random1.json
random,1,none,20,5,TimeBlind/videos/vid_00005_0.mp4,Is the milk carton held for approximately 5 seconds?,yes,No.,no,0,,,,motion_o_timeblind_default_random1.json
random,1,none,21,5,TimeBlind/videos/vid_00005_1.mp4,Is the milk carton held for approximately 5 seconds?,no,No.,no,1,,,,motion_o_timeblind_default_random1.json
random,1,none,22,5,TimeBlind/videos/vid_00005_0.mp4,Is the milk carton held for approximately 10 seconds?,no,No.,no,1,,,,motion_o_timeblind_default_random1.json
random,1,none,23,5,TimeBlind/videos/vid_00005_1.mp4,Is the milk carton held for approximately 10 seconds?,yes,No.,no,0,,,,motion_o_timeblind_default_random1.json
random,1,none,24,6,TimeBlind/videos/vid_00006_0.mp4,Does a little girl turn into an old woman?,yes,No.,no,0,,,,motion_o_timeblind_default_random1.json
random,1,none,25,6,TimeBlind/videos/vid_00006_1.mp4,Does a little girl turn into an old woman?,no,No.,no,1,,,,motion_o_timeblind_default_random1.json
random,1,none,26,6,TimeBlind/videos/vid_00006_0.mp4,Does an old woman turn into a little girl?,no,No.,no,1,,,,motion_o_timeblind_default_random1.json
random,1,none,27,6,TimeBlind/videos/vid_00006_1.mp4,Does an old woman turn into a little girl?,yes,No.,no,0,,,,motion_o_timeblind_default_random1.json
random,1,none,28,7,TimeBlind/videos/vid_00007_0.mp4,Does the person go from happy to sad?,yes,"No. The image shows only one expression, which is ""Hungry happy sad,"" indicating that there might be multiple emotions being expressed simultaneously in this context rather than transitioning between them sequentially as asked for by your question. However, based on what's shown here and without additional frames showing different expressions, we cannot conclude if they transitioned into sadness after happiness; it appears static at just one moment of mixed feelings. If you're asking about an implied change not visually depicted but inferred from text alone: **No**, because no visual evidence suggests any emotional shift occurs within these single-frame captions provided.

If you meant something else like whether someone could express both 'happy' & 'sad', then yes - people can indeed feel mixed emotions concurrently!",no,0,,,,motion_o_timeblind_default_random1.json
random,1,none,29,7,TimeBlind/videos/vid_00007_1.mp4,Does the person go from happy to sad?,no,"No. The image shows one expression, and there is no indication of any change in emotion between frames that would suggest going ""from happy to sad."" Therefore, based on this single frame alone:

**No**, it does not show an emotional transition like moving from happy to sad within just these two moments captured by clideo.com.

If you have more images showing different expressions over time for analysis, please provide those so I can determine if such transitions occur!",no,1,,,,motion_o_timeblind_default_random1.json
random,1,none,30,7,TimeBlind/videos/vid_00007_0.mp4,Does the person go from being sad to being happy?,no,"No.

The image shows text that reads ""Hungry, happy, sad,"" which suggests changes in mood but does not indicate any transition between sadness and happiness for an individual based on this single frame alone. The question asks about whether someone goes from being sad to being happy, implying a change over time rather than just one moment captured by the photo. Without additional context showing progression of emotions within the same scene or sequence, it's impossible to determine if there is such a transformation occurring here solely through visual analysis of this still image. Therefore, without more information indicating movement towards happier feelings after initially appearing sad (which isn't evident), we cannot confidently answer 'Yes'. However, given only what can be observed directly - no clear indication of emotional shift – my response must remain neutral regarding transitions implied outside visible content: **No**.",no,1,,,,motion_o_timeblind_default_random1.json
random,1,none,31,7,TimeBlind/videos/vid_00007_1.mp4,Does the person go from being sad to being happy?,yes,"No. The image shows one expression, and there is no indication of any change in emotion between ""sad"" and ""happy."" Therefore, it cannot be determined if the person goes from being sad to being happy based on this single frame alone.",no,0,,,,motion_o_timeblind_default_random1.json
random,1,none,32,8,TimeBlind/videos/vid_00008_0.mp4,Is the whole onion being cut into small pieces?,yes,No.,no,0,,,,motion_o_timeblind_default_random1.json
random,1,none,33,8,TimeBlind/videos/vid_00008_1.mp4,Is the whole onion being cut into small pieces?,no,No.,no,1,,,,motion_o_timeblind_default_random1.json
random,1,none,34,8,TimeBlind/videos/vid_00008_0.mp4,Do the onion pieces reassemble into a whole onion?,no,No.,no,1,,,,motion_o_timeblind_default_random1.json
random,1,none,35,8,TimeBlind/videos/vid_00008_1.mp4,Do the onion pieces reassemble into a whole onion?,yes,No.,no,0,,,,motion_o_timeblind_default_random1.json
random,1,none,36,9,TimeBlind/videos/vid_00009_0.mp4,Does the butter turn from solid to liquid?,yes,Yes.,yes,1,,,,motion_o_timeblind_default_random1.json
random,1,none,37,9,TimeBlind/videos/vid_00009_1.mp4,Does the butter turn from solid to liquid?,no,Yes.,yes,0,,,,motion_o_timeblind_default_random1.json
random,1,none,38,9,TimeBlind/videos/vid_00009_0.mp4,Does the butter turn from liquid to solid?,no,No.,no,1,,,,motion_o_timeblind_default_random1.json
random,1,none,39,9,TimeBlind/videos/vid_00009_1.mp4,Does the butter turn from liquid to solid?,yes,No.,no,0,,,,motion_o_timeblind_default_random1.json
random,1,none,40,10,TimeBlind/videos/vid_00010_0.mp4,"Does the clay change from an irregular, elongated shape into a sphere?",yes,No.,no,0,,,,motion_o_timeblind_default_random1.json
random,1,none,41,10,TimeBlind/videos/vid_00010_1.mp4,"Does the clay change from an irregular, elongated shape into a sphere?",no,Yes.,yes,0,,,,motion_o_timeblind_default_random1.json
random,1,none,42,10,TimeBlind/videos/vid_00010_0.mp4,"Does the clay change from a sphere into an irregular, elongated shape?",no,Yes.,yes,0,,,,motion_o_timeblind_default_random1.json
random,1,none,43,10,TimeBlind/videos/vid_00010_1.mp4,"Does the clay change from a sphere into an irregular, elongated shape?",yes,Yes.,yes,1,,,,motion_o_timeblind_default_random1.json
random,1,none,44,11,TimeBlind/videos/vid_00011_0.mp4,Is the pine cone spinning clockwise when viewed from above?,yes,No.,no,0,,,,motion_o_timeblind_default_random1.json
random,1,none,45,11,TimeBlind/videos/vid_00011_1.mp4,Is the pine cone spinning clockwise when viewed from above?,no,No.,no,1,,,,motion_o_timeblind_default_random1.json
random,1,none,46,11,TimeBlind/videos/vid_00011_0.mp4,Is the pine cone spinning counterclockwise when viewed from above?,no,No.,no,1,,,,motion_o_timeblind_default_random1.json
random,1,none,47,11,TimeBlind/videos/vid_00011_1.mp4,Is the pine cone spinning counterclockwise when viewed from above?,yes,No.,no,0,,,,motion_o_timeblind_default_random1.json
random,1,none,48,12,TimeBlind/videos/vid_00012_0.mp4,Is the pine cone going from closed to open?,yes,"No.

The image shows a single, static view of a pine cone with its scales tightly closed and no indication that it is in any process of opening over time as suggested by ""7 DAYS"" text on the right side of the frame. There's nothing dynamic about this particular snapshot; thus, we cannot conclude if there was an initial state where the cones were more spread out before being captured here at their current position. The question implies change which isn't visually supported within one still image without additional context showing progression through days. Therefore based solely upon what can be observed directly - not inferred changes over unspecified intervals- my answer remains 'no'.",no,0,,,,motion_o_timeblind_default_random1.json
random,1,none,49,12,TimeBlind/videos/vid_00012_1.mp4,Is the pine cone going from closed to open?,no,"No. The image shows a single, stationary pine cone that appears fully opened and does not show any signs of transitioning between states such as closing or opening. Therefore, it is not in motion towards an ""open"" state based on this still frame alone.",no,1,,,,motion_o_timeblind_default_random1.json
random,1,none,50,12,TimeBlind/videos/vid_00012_0.mp4,Is the pine cone going from open to closed?,no,"No.

The image shows a single, static view of a pine cone with its scales spread out in an open position. There is no indication that it has changed state over time as suggested by ""7 DAYS"" text on the right side of the image. The question implies a transformation process which isn't visually supported here; thus, we cannot conclude if there's any change occurring between these frames based solely on this still image and caption combination provided. Therefore, without additional context showing progression through different stages (open/closed), one should not infer changes happening within those 7 days either way - hence 'no'. If asked about what can be observed directly: yes, but only regarding current appearance vs potential future states inferred from captions alone remains speculative unless more evidence exists outside them too.",no,1,,,,motion_o_timeblind_default_random1.json
random,1,none,51,12,TimeBlind/videos/vid_00012_1.mp4,Is the pine cone going from open to closed?,yes,"No. The image shows a single, stationary pine cone that appears fully closed and does not show any signs of opening or changing its state in this particular frame. There is no indication of movement towards an opened position based on what can be observed here. Therefore, it cannot be determined if there's transition happening between ""open"" and ""closed."" However, since we're asked about transitioning specifically within one moment (from 'open' to 'closed'), given only static imagery at hand - which doesn't suggest such change occurs during observation period - answer would remain as per visual evidence available.

Answer: **No**",no,0,,,,motion_o_timeblind_default_random1.json
random,1,none,52,13,TimeBlind/videos/vid_00013_0.mp4,Does the seed coat move away from the soil?,yes,No.,no,0,,,,motion_o_timeblind_default_random1.json
random,1,none,53,13,TimeBlind/videos/vid_00013_1.mp4,Does the seed coat move away from the soil?,no,No.,no,1,,,,motion_o_timeblind_default_random1.json
random,1,none,54,13,TimeBlind/videos/vid_00013_0.mp4,Does the seed coat move toward the soil?,no,No.,no,1,,,,motion_o_timeblind_default_random1.json
random,1,none,55,13,TimeBlind/videos/vid_00013_1.mp4,Does the seed coat move toward the soil?,yes,No.,no,0,,,,motion_o_timeblind_default_random1.json
random,1,none,56,14,TimeBlind/videos/vid_00014_0.mp4,Is the pine tree getting taller?,yes,No.,no,0,,,,motion_o_timeblind_default_random1.json
random,1,none,57,14,TimeBlind/videos/vid_00014_1.mp4,Is the pine tree getting taller?,no,No.,no,1,,,,motion_o_timeblind_default_random1.json
random,1,none,58,14,TimeBlind/videos/vid_00014_0.mp4,Is the pine tree getting shorter?,no,No.,no,1,,,,motion_o_timeblind_default_random1.json
random,1,none,59,14,TimeBlind/videos/vid_00014_1.mp4,Is the pine tree getting shorter?,yes,No.,no,0,,,,motion_o_timeblind_default_random1.json
random,1,none,60,15,TimeBlind/videos/vid_00015_0.mp4,Does the number of small black objects in the clear container go from one to five?,yes,Yes.,yes,1,,,,motion_o_timeblind_default_random1.json
random,1,none,61,15,TimeBlind/videos/vid_00015_1.mp4,Does the number of small black objects in the clear container go from one to five?,no,No.,no,1,,,,motion_o_timeblind_default_random1.json
random,1,none,62,15,TimeBlind/videos/vid_00015_0.mp4,Does the number of small black objects in the transparent container decrease from five to one?,no,No.,no,1,,,,motion_o_timeblind_default_random1.json
random,1,none,63,15,TimeBlind/videos/vid_00015_1.mp4,Does the number of small black objects in the transparent container decrease from five to one?,yes,No.,no,0,,,,motion_o_timeblind_default_random1.json
random,1,none,64,16,TimeBlind/videos/vid_00016_0.mp4,Does the strawberry's color gradually change from light green to red?,yes,No.,no,0,,,,motion_o_timeblind_default_random1.json
random,1,none,65,16,TimeBlind/videos/vid_00016_1.mp4,Does the strawberry's color gradually change from light green to red?,no,No.,no,1,,,,motion_o_timeblind_default_random1.json
random,1,none,66,16,TimeBlind/videos/vid_00016_0.mp4,Does the strawberry's color gradually change from red to light green?,no,No.,no,1,,,,motion_o_timeblind_default_random1.json
random,1,none,67,16,TimeBlind/videos/vid_00016_1.mp4,Does the strawberry's color gradually change from red to light green?,yes,No.,no,0,,,,motion_o_timeblind_default_random1.json
random,1,none,68,17,TimeBlind/videos/vid_00017_0.mp4,"When viewed from above, does the topmost sprout rotate counterclockwise?",yes,No.,no,0,,,,motion_o_timeblind_default_random1.json
random,1,none,69,17,TimeBlind/videos/vid_00017_1.mp4,"When viewed from above, does the topmost sprout rotate counterclockwise?",no,No.,no,1,,,,motion_o_timeblind_default_random1.json
random,1,none,70,17,TimeBlind/videos/vid_00017_0.mp4,"When viewed from above, does the top sprout rotate clockwise?",no,No.,no,1,,,,motion_o_timeblind_default_random1.json
random,1,none,71,17,TimeBlind/videos/vid_00017_1.mp4,"When viewed from above, does the top sprout rotate clockwise?",yes,No.,no,0,,,,motion_o_timeblind_default_random1.json
random,1,none,72,18,TimeBlind/videos/vid_00018_0.mp4,Does the person wipe the whiteboard with small strokes?,yes,No.,no,0,,,,motion_o_timeblind_default_random1.json
random,1,none,73,18,TimeBlind/videos/vid_00018_1.mp4,Does the person wipe the whiteboard with small strokes?,no,"No. The image shows numbers and lines drawn on the whiteboard, but there is no indication of any wiping action being performed by someone using small strokes to clean it off. Therefore, the answer should be ""No.""",no,1,,,,motion_o_timeblind_default_random1.json
random,1,none,74,18,TimeBlind/videos/vid_00018_0.mp4,Does the person wipe the whiteboard with large strokes?,no,No.,no,1,,,,motion_o_timeblind_default_random1.json
random,1,none,75,18,TimeBlind/videos/vid_00018_1.mp4,Does the person wipe the whiteboard with large strokes?,yes,"No. The image shows handwritten numbers and arrows, but there is no evidence of any wiping action on the board using large strokes. Instead, it appears to be an example of writing or drawing directly onto the surface without erasing previously written content. Therefore, based solely on this visual information provided in the question, we cannot conclude that ""Yes"" as per your request for confirming if someone wiped the whiteboard with large strokes; rather, they seem to have been adding new elements (numbers) while possibly overwriting some existing ones. However, since you asked specifically about wiping actions involving large strokes which do not appear here at all - just additional markings - my answer would still remain 'no'.",no,0,,,,motion_o_timeblind_default_random1.json
random,1,none,76,19,TimeBlind/videos/vid_00019_0.mp4,Does the number of leaves increase from one to three?,yes,Yes.,yes,1,,,,motion_o_timeblind_default_random1.json
random,1,none,77,19,TimeBlind/videos/vid_00019_1.mp4,Does the number of leaves increase from one to three?,no,No.,no,1,,,,motion_o_timeblind_default_random1.json
random,1,none,78,19,TimeBlind/videos/vid_00019_0.mp4,Does the number of leaves decrease from three to one?,no,No.,no,1,,,,motion_o_timeblind_default_random1.json
random,1,none,79,19,TimeBlind/videos/vid_00019_1.mp4,Does the number of leaves decrease from three to one?,yes,No.,no,0,,,,motion_o_timeblind_default_random1.json
random,1,none,80,20,TimeBlind/videos/vid_00020_0.mp4,Does a seed come into view?,yes,Yes.,yes,1,,,,motion_o_timeblind_default_random1.json
random,1,none,81,20,TimeBlind/videos/vid_00020_1.mp4,Does a seed come into view?,no,Yes.,yes,0,,,,motion_o_timeblind_default_random1.json
random,1,none,82,20,TimeBlind/videos/vid_00020_0.mp4,Does the seed go out of view?,no,No,no,1,,,,motion_o_timeblind_default_random1.json
random,1,none,83,20,TimeBlind/videos/vid_00020_1.mp4,Does the seed go out of view?,yes,No,no,0,,,,motion_o_timeblind_default_random1.json
random,1,none,84,21,TimeBlind/videos/vid_00021_0.mp4,Does the box change from open to closed?,yes,"No.

The image shows an automated machine in action, but it does not show any transition of the box changing from being open to closed. The focus is on the process where the box appears to be moving through some kind of machinery for packaging purposes. There's no indication that the box has been opened and then closed within this frame. Therefore, based solely on what can be observed here:

**No**, there isn't evidence provided by this single snapshot showing a change from one state (open) to another (closed).",no,0,,,,motion_o_timeblind_default_random1.json
random,1,none,85,21,TimeBlind/videos/vid_00021_1.mp4,Does the box change from open to closed?,no,"No.

The image shows a close-up of an industrial machine interacting with what appears to be a cardboard box, but it does not show any indication that the box is changing its state between being open and closed. The focus seems more on the interaction between the machinery and the box rather than showing different states of openness/closure. Therefore, based solely on this single frame, we cannot determine if there's a transition in the box’s condition (open vs. closed). However, since no such transition can be observed here:

**Answer: No**

This answer assumes only one snapshot was provided for analysis without additional context indicating otherwise. If multiple frames were available showcasing changes over time, then further evaluation would be necessary.",no,1,,,,motion_o_timeblind_default_random1.json
random,1,none,86,21,TimeBlind/videos/vid_00021_0.mp4,Does the box change from closed to open?,no,"No.

The image shows an automated machine in action, but it does not show any transition of the box changing from being closed to open. The focus is on the process where the box appears to be moving through the machinery without showing its state as either fully closed or opened at this particular moment. Therefore, based solely on what can be observed here and given that no indication of opening/closing exists within these frames, we cannot conclude whether there has been such a transformation between ""closed"" and ""open."" Thus:

**No**, because the provided visual evidence alone doesn't support concluding about changes in closure status during operation shown by the machine.",no,1,,,,motion_o_timeblind_default_random1.json
random,1,none,87,21,TimeBlind/videos/vid_00021_1.mp4,Does the box change from closed to open?,yes,"No.

The image shows a close-up of an industrial machine interacting with what appears to be a cardboard box, but it does not show any indication that the box is changing its state from being closed to open. The focus seems more on the interaction between the machinery and the box rather than showing the opening process itself. Therefore, based solely on this single frame, we cannot conclude whether the box changes from closed to open.",no,0,,,,motion_o_timeblind_default_random1.json
random,1,none,88,22,TimeBlind/videos/vid_00022_0.mp4,Does the molten glass change shape from an oval to a rectangle?,yes,No.,no,0,,,,motion_o_timeblind_default_random1.json
random,1,none,89,22,TimeBlind/videos/vid_00022_1.mp4,Does the molten glass change shape from an oval to a rectangle?,no,No.,no,1,,,,motion_o_timeblind_default_random1.json
random,1,none,90,22,TimeBlind/videos/vid_00022_0.mp4,Does the molten glass change from a rectangular shape to an oval?,no,No.,no,1,,,,motion_o_timeblind_default_random1.json
random,1,none,91,22,TimeBlind/videos/vid_00022_1.mp4,Does the molten glass change from a rectangular shape to an oval?,yes,No.,no,0,,,,motion_o_timeblind_default_random1.json
random,1,none,92,23,TimeBlind/videos/vid_00023_0.mp4,Does the red object change from teardrop-shaped to gourd-shaped?,yes,No.,no,0,,,,motion_o_timeblind_default_random1.json
random,1,none,93,23,TimeBlind/videos/vid_00023_1.mp4,Does the red object change from teardrop-shaped to gourd-shaped?,no,No.,no,1,,,,motion_o_timeblind_default_random1.json
random,1,none,94,23,TimeBlind/videos/vid_00023_0.mp4,Does the red object change shape from gourd-like to teardrop-shaped?,no,No.,no,1,,,,motion_o_timeblind_default_random1.json
random,1,none,95,23,TimeBlind/videos/vid_00023_1.mp4,Does the red object change shape from gourd-like to teardrop-shaped?,yes,No.,no,0,,,,motion_o_timeblind_default_random1.json
random,1,none,96,24,TimeBlind/videos/vid_00024_0.mp4,Does the clay change from an irregular shape to a bowl?,yes,Yes.,yes,1,,,,motion_o_timeblind_default_random1.json
random,1,none,97,24,TimeBlind/videos/vid_00024_1.mp4,Does the clay change from an irregular shape to a bowl?,no,Yes.,yes,0,,,,motion_o_timeblind_default_random1.json
random,1,none,98,24,TimeBlind/videos/vid_00024_0.mp4,Does the clay change from a bowl to an irregular shape?,no,"No.

The image shows a person using a green tool, likely a rib, on what appears to be a spinning pottery wheel with a piece of clay that is being shaped into a bowl-like form. The process depicted does not show any transformation where the clay changes its basic structure significantly; it remains in a similar bowl-like configuration throughout this particular action captured by the camera. Therefore, based solely on observing one moment during shaping and without additional context showing further stages like drying or firing which could alter the object's final form substantially, we cannot conclude definitively if there was such a change here just within these frames alone. However given typical potter practices and common understanding about how pots evolve through various steps post initial forming stage - no major alteration seems evident between start & end points shown visually above. So strictly speaking yes but cautiously considering broader craft lifecycle possibilities outside frame boundaries too...",no,1,,,,motion_o_timeblind_default_random1.json
random,1,none,99,24,TimeBlind/videos/vid_00024_1.mp4,Does the clay change from a bowl to an irregular shape?,yes,"No.

The image shows hands shaping and smoothing what appears to be wet, pliable material that is likely clay on a pottery wheel. The object being worked with has a smooth surface characteristic of a bowl rather than any indication it will become an irregular shape like a vase would typically have if made by hand without additional tools for shaping after initial forming in a mold (which isn't shown here). Therefore, based solely on this frame showing only the early stages where the form seems symmetrical around its axis as expected when making bowls, there's no evidence provided suggesting transformation into anything other than another bowl-like structure at present stage depicted. Thus: **No** - does not appear to transform directly from one specific type of vessel (bowl) immediately visible within captured moment towards completely different kind of container (irregularly shaped item such as vase). However note absence of later steps needed before finalizing piece could determine definitively whether some sort of re-shaping occurs post-bowling phase.",no,0,,,,motion_o_timeblind_default_random1.json
random,1,none,100,25,TimeBlind/videos/vid_00025_0.mp4,Does the book change from closed to open?,yes,No.,no,0,,,,motion_o_timeblind_default_random1.json
random,1,none,101,25,TimeBlind/videos/vid_00025_1.mp4,Does the book change from closed to open?,no,Yes.,yes,0,,,,motion_o_timeblind_default_random1.json
random,1,none,102,25,TimeBlind/videos/vid_00025_0.mp4,Does the book change from open to closed?,no,No.,no,1,,,,motion_o_timeblind_default_random1.json
random,1,none,103,25,TimeBlind/videos/vid_00025_1.mp4,Does the book change from open to closed?,yes,No.,no,0,,,,motion_o_timeblind_default_random1.json
random,1,none,104,26,TimeBlind/videos/vid_00026_0.mp4,Does one cup move away from the other cup?,yes,No.,no,0,,,,motion_o_timeblind_default_random1.json
random,1,none,105,26,TimeBlind/videos/vid_00026_1.mp4,Does one cup move away from the other cup?,no,No.,no,1,,,,motion_o_timeblind_default_random1.json
random,1,none,106,26,TimeBlind/videos/vid_00026_0.mp4,Does one cup move closer to the other cup?,no,Yes.,yes,0,,,,motion_o_timeblind_default_random1.json
random,1,none,107,26,TimeBlind/videos/vid_00026_1.mp4,Does one cup move closer to the other cup?,yes,Yes.,yes,1,,,,motion_o_timeblind_default_random1.json
random,1,none,108,27,TimeBlind/videos/vid_00027_0.mp4,Is the cup moved from one coaster to a smaller coaster?,yes,No.,no,0,,,,motion_o_timeblind_default_random1.json
random,1,none,109,27,TimeBlind/videos/vid_00027_1.mp4,Is the cup moved from one coaster to a smaller coaster?,no,No.,no,1,,,,motion_o_timeblind_default_random1.json
random,1,none,110,27,TimeBlind/videos/vid_00027_0.mp4,Is the cup moved from one coaster onto a larger coaster?,no,No.,no,1,,,,motion_o_timeblind_default_random1.json
random,1,none,111,27,TimeBlind/videos/vid_00027_1.mp4,Is the cup moved from one coaster onto a larger coaster?,yes,Yes.,yes,1,,,,motion_o_timeblind_default_random1.json
random,1,none,112,28,TimeBlind/videos/vid_00028_0.mp4,Does the person put the bowl into the bucket of liquid?,yes,No.,no,0,,,,motion_o_timeblind_default_random1.json
random,1,none,113,28,TimeBlind/videos/vid_00028_1.mp4,Does the person put the bowl into the bucket of liquid?,no,No.,no,1,,,,motion_o_timeblind_default_random1.json
random,1,none,114,28,TimeBlind/videos/vid_00028_0.mp4,Does the person take the bowl out of the bucket of liquid?,no,No.,no,1,,,,motion_o_timeblind_default_random1.json
random,1,none,115,28,TimeBlind/videos/vid_00028_1.mp4,Does the person take the bowl out of the bucket of liquid?,yes,No.,no,0,,,,motion_o_timeblind_default_random1.json
random,1,none,116,29,TimeBlind/videos/vid_00029_0.mp4,Does the bowl change color from light to dark?,yes,No.,no,0,,,,motion_o_timeblind_default_random1.json
random,1,none,117,29,TimeBlind/videos/vid_00029_1.mp4,Does the bowl change color from light to dark?,no,No.,no,1,,,,motion_o_timeblind_default_random1.json
random,1,none,118,29,TimeBlind/videos/vid_00029_0.mp4,Does the bowl's color change from dark to light?,no,No.,no,1,,,,motion_o_timeblind_default_random1.json
random,1,none,119,29,TimeBlind/videos/vid_00029_1.mp4,Does the bowl's color change from dark to light?,yes,No.,no,0,,,,motion_o_timeblind_default_random1.json
random,1,none,120,30,TimeBlind/videos/vid_00030_0.mp4,Does the color of the bowl change from beige to brown?,yes,No.,no,0,,,,motion_o_timeblind_default_random1.json
random,1,none,121,30,TimeBlind/videos/vid_00030_1.mp4,Does the color of the bowl change from beige to brown?,no,No.,no,1,,,,motion_o_timeblind_default_random1.json
random,1,none,122,30,TimeBlind/videos/vid_00030_0.mp4,Does the color of the bowl change from beige to white?,no,No.,no,1,,,,motion_o_timeblind_default_random1.json
random,1,none,123,30,TimeBlind/videos/vid_00030_1.mp4,Does the color of the bowl change from beige to white?,yes,No.,no,0,,,,motion_o_timeblind_default_random1.json
random,1,none,124,31,TimeBlind/videos/vid_00031_0.mp4,"When viewed from below, is the bowl rotating clockwise?",yes,No.,no,0,,,,motion_o_timeblind_default_random1.json
random,1,none,125,31,TimeBlind/videos/vid_00031_1.mp4,"When viewed from below, is the bowl rotating clockwise?",no,No.,no,1,,,,motion_o_timeblind_default_random1.json
random,1,none,126,31,TimeBlind/videos/vid_00031_0.mp4,"When viewed from below, is the bowl rotating counterclockwise?",no,No.,no,1,,,,motion_o_timeblind_default_random1.json
random,1,none,127,31,TimeBlind/videos/vid_00031_1.mp4,"When viewed from below, is the bowl rotating counterclockwise?",yes,No.,no,0,,,,motion_o_timeblind_default_random1.json
random,1,none,128,32,TimeBlind/videos/vid_00032_0.mp4,"From the camera's point of view, is the woman walking to the right?",yes,No.,no,0,,,,motion_o_timeblind_default_random1.json
random,1,none,129,32,TimeBlind/videos/vid_00032_1.mp4,"From the camera's point of view, is the woman walking to the right?",no,No.,no,1,,,,motion_o_timeblind_default_random1.json
random,1,none,130,32,TimeBlind/videos/vid_00032_0.mp4,Is the woman walking to the camera's left?,no,No.,no,1,,,,motion_o_timeblind_default_random1.json
random,1,none,131,32,TimeBlind/videos/vid_00032_1.mp4,Is the woman walking to the camera's left?,yes,No.,no,0,,,,motion_o_timeblind_default_random1.json
random,1,none,132,33,TimeBlind/videos/vid_00033_0.mp4,Does the reaction in the container gradually intensify?,yes,No.,no,0,,,,motion_o_timeblind_default_random1.json
random,1,none,133,33,TimeBlind/videos/vid_00033_1.mp4,Does the reaction in the container gradually intensify?,no,No.,no,1,,,,motion_o_timeblind_default_random1.json
random,1,none,134,33,TimeBlind/videos/vid_00033_0.mp4,Does the liquid's reaction in the container slow down over time?,no,"No.

The image shows that there is still active bubbling and steam rising from the liquid, indicating an ongoing chemical process rather than one that has slowed down significantly. The presence of these visual cues suggests continuous activity within the container. Therefore, it would be more accurate to say that any slowing-down effect observed might not yet have become apparent at this moment captured by the photograph. However, based on what can be seen visually here: **No**, does suggest no immediate indication of significant slowdown as depicted.",no,1,,,,motion_o_timeblind_default_random1.json
random,1,none,135,33,TimeBlind/videos/vid_00033_1.mp4,Does the liquid's reaction in the container slow down over time?,yes,No.,no,0,,,,motion_o_timeblind_default_random1.json
random,1,none,136,34,TimeBlind/videos/vid_00034_0.mp4,Does the liquid turn from white to brown?,yes,No.,no,0,,,,motion_o_timeblind_default_random1.json
random,1,none,137,34,TimeBlind/videos/vid_00034_1.mp4,Does the liquid turn from white to brown?,no,No.,no,1,,,,motion_o_timeblind_default_random1.json
random,1,none,138,34,TimeBlind/videos/vid_00034_0.mp4,Does the liquid change from brown to white?,no,"No. The image shows that the liquid is consistently light in color, with no visible transition between brown and white. There appears to be some foam on top of it due to boiling activity but not any significant color change throughout its appearance as shown here. Therefore, based solely upon what can be observed visually within this frame: 

**No**, there isn't evidence suggesting such transformation occurs during these conditions depicted by the photograph provided above.

If you need further clarification about specific aspects related only to visual content captured through camera lens then please specify accordingly!",no,1,,,,motion_o_timeblind_default_random1.json
random,1,none,139,34,TimeBlind/videos/vid_00034_1.mp4,Does the liquid change from brown to white?,yes,"No. The image shows that the liquid is consistently light yellow in color throughout, with no visible transition between brown and white. Therefore, it does not change its appearance as described.",no,0,,,,motion_o_timeblind_default_random1.json
random,1,none,140,35,TimeBlind/videos/vid_00035_0.mp4,Does the color of the liquid change from light to dark?,yes,"No.

The image shows a beaker with a clear, slightly cloudy liquid that appears uniform in color throughout its depth and does not show any significant gradient from lighter at one end to darker at another. Therefore, it is accurate to say there is no noticeable transition from light to dark within this particular view of the liquid's appearance. The answer would thus be ""No.""",no,0,,,,motion_o_timeblind_default_random1.json
random,1,none,141,35,TimeBlind/videos/vid_00035_1.mp4,Does the color of the liquid change from light to dark?,no,Yes.,yes,0,,,,motion_o_timeblind_default_random1.json
random,1,none,142,35,TimeBlind/videos/vid_00035_0.mp4,Does the liquid change from dark to light?,no,"No.

The image shows a beaker with a brownish-yellow liquid that appears consistent in color throughout, without any visible transition from darker to lighter areas within it. The steam rising suggests heat but does not indicate changes in the liquid's appearance as described by ""dark"" and ""light."" Therefore, there is no evidence of such a transformation based on this visual information alone.",no,1,,,,motion_o_timeblind_default_random1.json
random,1,none,143,35,TimeBlind/videos/vid_00035_1.mp4,Does the liquid change from dark to light?,yes,"No.

The image shows a clear, amber-colored liquid being poured into another container that already contains a similar colored mixture with visible bubbles and foam on top of it. The color does not appear to be changing significantly; rather, there is an addition of more of this same type of liquid which could cause further reaction if they were reacting substances. However, based solely on visual inspection without knowing what these liquids contain (e.g., whether one is lighter than water), we cannot definitively say ""Yes"" as no significant transformation in appearance due to mixing has occurred yet visually at least within just pouring action shown here. If you're asking about any chemical changes happening inside after mixing - then yes but only once mixed thoroughly.",no,0,,,,motion_o_timeblind_default_random1.json
random,1,none,144,36,TimeBlind/videos/vid_00036_0.mp4,Does the liquid change from transparent to opaque?,yes,"No.

The image shows a beaker with clear, transparent liquid being poured into it by another container above. The liquid in both containers appears to have similar transparency and clarity before mixing occurs. There is no indication of opacity developing as the liquids mix within the beaker based on this single frame alone. Therefore, without additional information about what happens after pouring begins (e.g., if there's any reaction that causes opaqueness), we cannot conclude definitively whether an opaque state develops post-mixing just from observing one moment during pour. However, given only visual evidence at hand here: **No**, does not seem accurate since no transformation towards opacity has visibly occurred yet visually observed.",no,0,,,,motion_o_timeblind_default_random1.json
random,1,none,145,36,TimeBlind/videos/vid_00036_1.mp4,Does the liquid change from transparent to opaque?,no,No.,no,1,,,,motion_o_timeblind_default_random1.json
random,1,none,146,36,TimeBlind/videos/vid_00036_0.mp4,Does the liquid turn from opaque to transparent?,no,"No.

The image shows that as more of the clear, viscous substance is poured into the beaker containing water and another clear solution, it does not change its transparency; instead, both liquids remain clear throughout the process shown in this single frame. The clarity suggests no immediate chemical reaction causing opacity changes at least within what can be observed here. However, without further frames showing subsequent reactions over time, we cannot definitively conclude if any transformation occurs later on after pouring has ceased. Therefore based solely upon visual evidence provided by one snapshot: **No**, there's nothing indicating an instantaneous transition where the liquid becomes opaque due to added components.",no,1,,,,motion_o_timeblind_default_random1.json
random,1,none,147,36,TimeBlind/videos/vid_00036_1.mp4,Does the liquid turn from opaque to transparent?,yes,No.,no,0,,,,motion_o_timeblind_default_random1.json
random,1,none,148,37,TimeBlind/videos/vid_00037_0.mp4,"When viewed from above, does the man turn counterclockwise?",yes,No.,no,0,,,,motion_o_timeblind_default_random1.json
random,1,none,149,37,TimeBlind/videos/vid_00037_1.mp4,"When viewed from above, does the man turn counterclockwise?",no,No.,no,1,,,,motion_o_timeblind_default_random1.json
random,1,none,150,37,TimeBlind/videos/vid_00037_0.mp4,"When viewed from above, does the man turn clockwise?",no,No.,no,1,,,,motion_o_timeblind_default_random1.json
random,1,none,151,37,TimeBlind/videos/vid_00037_1.mp4,"When viewed from above, does the man turn clockwise?",yes,No.,no,0,,,,motion_o_timeblind_default_random1.json
random,1,none,152,38,TimeBlind/videos/vid_00038_0.mp4,Is the woman raising her hands from her sides to over her head?,yes,Yes.,yes,1,,,,motion_o_timeblind_default_random1.json
random,1,none,153,38,TimeBlind/videos/vid_00038_1.mp4,Is the woman raising her hands from her sides to over her head?,no,No.,no,1,,,,motion_o_timeblind_default_random1.json
random,1,none,154,38,TimeBlind/videos/vid_00038_0.mp4,Is the woman lowering her hands from over her head to her sides?,no,No.,no,1,,,,motion_o_timeblind_default_random1.json
random,1,none,155,38,TimeBlind/videos/vid_00038_1.mp4,Is the woman lowering her hands from over her head to her sides?,yes,Yes.,yes,1,,,,motion_o_timeblind_default_random1.json
random,1,none,156,39,TimeBlind/videos/vid_00039_0.mp4,Does the woman first stretch to her left and then to her right?,yes,No.,no,0,,,,motion_o_timeblind_default_random1.json
random,1,none,157,39,TimeBlind/videos/vid_00039_1.mp4,Does the woman first stretch to her left and then to her right?,no,No.,no,1,,,,motion_o_timeblind_default_random1.json
random,1,none,158,39,TimeBlind/videos/vid_00039_0.mp4,Does the woman stretch to her right and then to her left?,no,No.,no,1,,,,motion_o_timeblind_default_random1.json
random,1,none,159,39,TimeBlind/videos/vid_00039_1.mp4,Does the woman stretch to her right and then to her left?,yes,No.,no,0,,,,motion_o_timeblind_default_random1.json
random,1,none,160,40,TimeBlind/videos/vid_00040_0.mp4,Does the squatting girl move from right to left across the frame?,yes,No,no,0,,,,motion_o_timeblind_default_random1.json
random,1,none,161,40,TimeBlind/videos/vid_00040_1.mp4,Does the squatting girl move from right to left across the frame?,no,No,no,1,,,,motion_o_timeblind_default_random1.json
random,1,none,162,40,TimeBlind/videos/vid_00040_0.mp4,Does the squatting girl move from left to right across the frame?,no,No,no,1,,,,motion_o_timeblind_default_random1.json
random,1,none,163,40,TimeBlind/videos/vid_00040_1.mp4,Does the squatting girl move from left to right across the frame?,yes,No,no,0,,,,motion_o_timeblind_default_random1.json
random,1,none,164,41,TimeBlind/videos/vid_00041_0.mp4,Does the girl go from standing to lying face down?,yes,No.,no,0,,,,motion_o_timeblind_default_random1.json
random,1,none,165,41,TimeBlind/videos/vid_00041_1.mp4,Does the girl go from standing to lying face down?,no,No.,no,1,,,,motion_o_timeblind_default_random1.json
random,1,none,166,41,TimeBlind/videos/vid_00041_0.mp4,Does the girl stand up after lying face down?,no,No.,no,1,,,,motion_o_timeblind_default_random1.json
random,1,none,167,41,TimeBlind/videos/vid_00041_1.mp4,Does the girl stand up after lying face down?,yes,No.,no,0,,,,motion_o_timeblind_default_random1.json
random,1,none,168,42,TimeBlind/videos/vid_00042_0.mp4,Does the clear liquid in the cup become cloudy and foamy?,yes,Yes.,yes,1,,,,motion_o_timeblind_default_random1.json
random,1,none,169,42,TimeBlind/videos/vid_00042_1.mp4,Does the clear liquid in the cup become cloudy and foamy?,no,No,no,1,,,,motion_o_timeblind_default_random1.json
random,1,none,170,42,TimeBlind/videos/vid_00042_0.mp4,Does the cloudy and foamy liquid in the cup turn clear?,no,No.,no,1,,,,motion_o_timeblind_default_random1.json
random,1,none,171,42,TimeBlind/videos/vid_00042_1.mp4,Does the cloudy and foamy liquid in the cup turn clear?,yes,No.,no,0,,,,motion_o_timeblind_default_random1.json
random,1,none,172,43,TimeBlind/videos/vid_00043_0.mp4,Does the liquid level drop from half-full to just a thin layer?,yes,Yes.,yes,1,,,,motion_o_timeblind_default_random1.json
random,1,none,173,43,TimeBlind/videos/vid_00043_1.mp4,Does the liquid level drop from half-full to just a thin layer?,no,Yes.,yes,0,,,,motion_o_timeblind_default_random1.json
random,1,none,174,43,TimeBlind/videos/vid_00043_0.mp4,Does the liquid go from a thin layer to half full?,no,"No. The image shows that there is only a very small amount of liquid in the beaker, which appears as a thin layer at the bottom rather than being halfway filled with more volume. Therefore, it does not show any increase towards ""half full.""",no,1,,,,motion_o_timeblind_default_random1.json
random,1,none,175,43,TimeBlind/videos/vid_00043_1.mp4,Does the liquid go from a thin layer to half full?,yes,No.,no,0,,,,motion_o_timeblind_default_random1.json
random,1,none,176,44,TimeBlind/videos/vid_00044_0.mp4,"Is the man placing branches in the water one by one, moving from right to left?",yes,No.,no,0,,,,motion_o_timeblind_default_random1.json
random,1,none,177,44,TimeBlind/videos/vid_00044_1.mp4,"Is the man placing branches in the water one by one, moving from right to left?",no,No.,no,1,,,,motion_o_timeblind_default_random1.json
random,1,none,178,44,TimeBlind/videos/vid_00044_0.mp4,Is the man putting branches into the water one by one from left to right?,no,"No. The image shows three test tubes with plants already in them, not being put into the water one by one. There is no person visible in this image performing any action of placing branches into the water. Therefore, it cannot be determined if someone was doing so based on just observing these static images.",no,1,,,,motion_o_timeblind_default_random1.json
random,1,none,179,44,TimeBlind/videos/vid_00044_1.mp4,Is the man putting branches into the water one by one from left to right?,yes,Yes.,yes,1,,,,motion_o_timeblind_default_random1.json
random,1,none,180,45,TimeBlind/videos/vid_00045_0.mp4,Are the plant's white roots getting longer?,yes,"No. The image shows three test tubes with plants, but it does not provide information about whether their roots have grown over time since they were last observed in an earlier stage of development. Therefore, based on this single snapshot alone and without additional context from previous observations, we cannot determine if the root length has changed. Thus, I must answer: **No**, as there is no evidence to suggest that any change occurred between different stages shown here; however, this conclusion relies heavily on assumptions beyond what can be directly inferred from just one picture at once point in time.",no,0,,,,motion_o_timeblind_default_random1.json
random,1,none,181,45,TimeBlind/videos/vid_00045_1.mp4,Are the plant's white roots getting longer?,no,Yes.,yes,0,,,,motion_o_timeblind_default_random1.json
random,1,none,182,45,TimeBlind/videos/vid_00045_0.mp4,Are the plant’s white roots getting shorter?,no,"No.

The image shows three test tubes with plants at different stages of root development, but it does not provide information about whether the roots in each tube have grown longer over time since they were placed there (as implied by ""Phase of root development"" and ""Days""). Therefore, based on this single snapshot alone, we cannot determine if any specific set of roots is growing shorter; only that their growth stage can be observed relative to others within these conditions. If you're asking specifically for one pair's change from an earlier state shown elsewhere outside our current view - no such comparison exists here either way regarding lengthening vs shortening directly observable just through this static photo sequence provided without additional context.",no,1,,,,motion_o_timeblind_default_random1.json
random,1,none,183,45,TimeBlind/videos/vid_00045_1.mp4,Are the plant’s white roots getting shorter?,yes,"No. The image shows three test tubes with plants that have long, visible root systems extending into the water below them. There is no indication of any shortening in their length; rather, they appear to be growing and developing further within the soft water environment provided for rooting purposes. Therefore, it would not make sense to conclude that ""the plant's white roots"" (which likely refers to these roots) are getting shorter based on this visual evidence alone.

However, if we were considering hypothetical growth patterns over time without additional context about how much time has passed since initial observation, one might speculate whether there could potentially be some natural reduction due to factors like nutrient depletion or other environmental conditions affecting root elongation rates - but such speculation isn't supported by what can actually *be* observed from just looking at an image showing current state vs previous states which aren’t shown here). 

In conclusion: **No**, as per our direct observations presented visually through static imagery, those specific roots do seem longer than before rather than shorter.",no,0,,,,motion_o_timeblind_default_random1.json
random,1,none,184,46,TimeBlind/videos/vid_00046_0.mp4,Is the green plant moved from a hand into the soil in the pot?,yes,Yes.,yes,1,,,,motion_o_timeblind_default_random1.json
random,1,none,185,46,TimeBlind/videos/vid_00046_1.mp4,Is the green plant moved from a hand into the soil in the pot?,no,Yes.,yes,0,,,,motion_o_timeblind_default_random1.json
random,1,none,186,46,TimeBlind/videos/vid_00046_0.mp4,Is the green plant picked up from the pot?,no,No.,no,1,,,,motion_o_timeblind_default_random1.json
random,1,none,187,46,TimeBlind/videos/vid_00046_1.mp4,Is the green plant picked up from the pot?,yes,No.,no,0,,,,motion_o_timeblind_default_random1.json
random,1,none,188,47,TimeBlind/videos/vid_00047_0.mp4,Are three flower seedlings being moved from a tray into the soil?,yes,No.,no,0,,,,motion_o_timeblind_default_random1.json
random,1,none,189,47,TimeBlind/videos/vid_00047_1.mp4,Are three flower seedlings being moved from a tray into the soil?,no,No.,no,1,,,,motion_o_timeblind_default_random1.json
random,1,none,190,47,TimeBlind/videos/vid_00047_0.mp4,Are three flower seedlings being moved from the soil onto a tray?,no,No.,no,1,,,,motion_o_timeblind_default_random1.json
random,1,none,191,47,TimeBlind/videos/vid_00047_1.mp4,Are three flower seedlings being moved from the soil onto a tray?,yes,No.,no,0,,,,motion_o_timeblind_default_random1.json
random,1,none,192,48,TimeBlind/videos/vid_00048_0.mp4,Are the flowers blooming gradually?,yes,Yes.,yes,1,,,,motion_o_timeblind_default_random1.json
random,1,none,193,48,TimeBlind/videos/vid_00048_1.mp4,Are the flowers blooming gradually?,no,Yes.,yes,0,,,,motion_o_timeblind_default_random1.json
random,1,none,194,48,TimeBlind/videos/vid_00048_0.mp4,Are the flowers gradually withering?,no,No.,no,1,,,,motion_o_timeblind_default_random1.json
random,1,none,195,48,TimeBlind/videos/vid_00048_1.mp4,Are the flowers gradually withering?,yes,Yes.,yes,1,,,,motion_o_timeblind_default_random1.json
random,1,none,196,49,TimeBlind/videos/vid_00049_0.mp4,Is the mushroom cluster growing?,yes,"No. The image shows mushrooms that appear to be in an early stage of growth, but there is no visible increase in size from one day to another based on this single snapshot labeled ""Day 1."" To determine if they are growing over time would require multiple images taken at different intervals and compared side by side for changes in their appearance. Therefore, with only one frame available here, it's not possible to definitively say whether the mushrooms have grown since Day 1 without additional data points. However, given what we see visually within just these few days (as implied), any noticeable change might still be too subtle to detect conclusively under normal conditions where such rapid development isn't expected immediately after germination. So while technically speaking 'no' could apply due lack sufficient evidence; practically speaking, observing even slight signs like increased height or cap expansion would suggest some formative progress occurring during those initial stages post-germination period which isn’t captured solely through static photo documentation alone.",no,0,,,,motion_o_timeblind_default_random1.json
random,1,none,197,49,TimeBlind/videos/vid_00049_1.mp4,Is the mushroom cluster growing?,no,Yes.,yes,0,,,,motion_o_timeblind_default_random1.json
random,1,none,198,49,TimeBlind/videos/vid_00049_0.mp4,Is the mushroom cluster getting smaller?,no,No.,no,1,,,,motion_o_timeblind_default_random1.json
random,1,none,199,49,TimeBlind/videos/vid_00049_1.mp4,Is the mushroom cluster getting smaller?,yes,"No. The image shows that there is an increase in the number of mushrooms, indicating growth rather than shrinkage over time as indicated by ""Days 2"". Therefore, it cannot be concluded that the mushroom cluster is getting smaller based on this single snapshot alone without additional context from previous images showing its size at different stages.

Output: No (assuming no further information about subsequent days' observations)",no,0,,,,motion_o_timeblind_default_random1.json
random,1,none,200,50,TimeBlind/videos/vid_00050_0.mp4,Does a soil layer change from red to brown?,yes,No.,no,0,,,,motion_o_timeblind_default_random1.json
random,1,none,201,50,TimeBlind/videos/vid_00050_1.mp4,Does a soil layer change from red to brown?,no,No.,no,1,,,,motion_o_timeblind_default_random1.json
random,1,none,202,50,TimeBlind/videos/vid_00050_0.mp4,Does a soil layer change from brown to red?,no,No.,no,1,,,,motion_o_timeblind_default_random1.json
random,1,none,203,50,TimeBlind/videos/vid_00050_1.mp4,Does a soil layer change from brown to red?,yes,No.,no,0,,,,motion_o_timeblind_default_random1.json
random,1,none,204,51,TimeBlind/videos/vid_00051_0.mp4,Does the person take the orange-shaped pastry out of the large white box in the video?,yes,No.,no,0,,,,motion_o_timeblind_default_random1.json
random,1,none,205,51,TimeBlind/videos/vid_00051_1.mp4,Does the person take the orange-shaped pastry out of the large white box in the video?,no,No,no,1,,,,motion_o_timeblind_default_random1.json
random,1,none,206,51,TimeBlind/videos/vid_00051_0.mp4,Does the person put the orange-shaped pastry into the large white box in the video?,no,No.,no,1,,,,motion_o_timeblind_default_random1.json
random,1,none,207,51,TimeBlind/videos/vid_00051_1.mp4,Does the person put the orange-shaped pastry into the large white box in the video?,yes,No,no,0,,,,motion_o_timeblind_default_random1.json
random,1,none,208,52,TimeBlind/videos/vid_00052_0.mp4,Does the man move his finger toward the oven button?,yes,Yes.,yes,1,,,,motion_o_timeblind_default_random1.json
random,1,none,209,52,TimeBlind/videos/vid_00052_1.mp4,Does the man move his finger toward the oven button?,no,Yes.,yes,0,,,,motion_o_timeblind_default_random1.json
random,1,none,210,52,TimeBlind/videos/vid_00052_0.mp4,Does the man move his finger away from the oven button?,no,No.,no,1,,,,motion_o_timeblind_default_random1.json
random,1,none,211,52,TimeBlind/videos/vid_00052_1.mp4,Does the man move his finger away from the oven button?,yes,No.,no,0,,,,motion_o_timeblind_default_random1.json
random,1,none,212,53,TimeBlind/videos/vid_00053_0.mp4,Does the man fall in the video?,yes,Yes.,yes,1,,,,motion_o_timeblind_default_random1.json
random,1,none,213,53,TimeBlind/videos/vid_00053_1.mp4,Does the man fall in the video?,no,No.,no,1,,,,motion_o_timeblind_default_random1.json
random,1,none,214,53,TimeBlind/videos/vid_00053_0.mp4,Does the man avoid falling in the video?,no,No.,no,1,,,,motion_o_timeblind_default_random1.json
random,1,none,215,53,TimeBlind/videos/vid_00053_1.mp4,Does the man avoid falling in the video?,yes,No.,no,0,,,,motion_o_timeblind_default_random1.json
random,1,none,216,54,TimeBlind/videos/vid_00054_0.mp4,Does the man spray-paint the roof from his right to his left?,yes,No.,no,0,,,,motion_o_timeblind_default_random1.json
random,1,none,217,54,TimeBlind/videos/vid_00054_1.mp4,Does the man spray-paint the roof from his right to his left?,no,No,no,1,,,,motion_o_timeblind_default_random1.json
random,1,none,218,54,TimeBlind/videos/vid_00054_0.mp4,Does the man spray-paint the roof from his left to his right?,no,No.,no,1,,,,motion_o_timeblind_default_random1.json
random,1,none,219,54,TimeBlind/videos/vid_00054_1.mp4,Does the man spray-paint the roof from his left to his right?,yes,No,no,0,,,,motion_o_timeblind_default_random1.json
random,1,none,220,55,TimeBlind/videos/vid_00055_0.mp4,Does the number of blue darts on the dartboard increase?,yes,No.,no,0,,,,motion_o_timeblind_default_random1.json
random,1,none,221,55,TimeBlind/videos/vid_00055_1.mp4,Does the number of blue darts on the dartboard increase?,no,No.,no,1,,,,motion_o_timeblind_default_random1.json
random,1,none,222,55,TimeBlind/videos/vid_00055_0.mp4,Does the number of blue darts on the dartboard decrease?,no,No.,no,1,,,,motion_o_timeblind_default_random1.json
random,1,none,223,55,TimeBlind/videos/vid_00055_1.mp4,Does the number of blue darts on the dartboard decrease?,yes,No.,no,0,,,,motion_o_timeblind_default_random1.json
random,1,none,224,56,TimeBlind/videos/vid_00056_0.mp4,Is the vacuum cleaner moving forward?,yes,No.,no,0,,,,motion_o_timeblind_default_random1.json
random,1,none,225,56,TimeBlind/videos/vid_00056_1.mp4,Is the vacuum cleaner moving forward?,no,No.,no,1,,,,motion_o_timeblind_default_random1.json
random,1,none,226,56,TimeBlind/videos/vid_00056_0.mp4,Is the vacuum cleaner moving backward?,no,No.,no,1,,,,motion_o_timeblind_default_random1.json
random,1,none,227,56,TimeBlind/videos/vid_00056_1.mp4,Is the vacuum cleaner moving backward?,yes,No,no,0,,,,motion_o_timeblind_default_random1.json
random,1,none,228,57,TimeBlind/videos/vid_00057_0.mp4,Are the man and woman walking toward each other?,yes,No.,no,0,,,,motion_o_timeblind_default_random1.json
random,1,none,229,57,TimeBlind/videos/vid_00057_1.mp4,Are the man and woman walking toward each other?,no,No.,no,1,,,,motion_o_timeblind_default_random1.json
random,1,none,230,57,TimeBlind/videos/vid_00057_0.mp4,Are the man and woman moving away from each other?,no,No.,no,1,,,,motion_o_timeblind_default_random1.json
random,1,none,231,57,TimeBlind/videos/vid_00057_1.mp4,Are the man and woman moving away from each other?,yes,No.,no,0,,,,motion_o_timeblind_default_random1.json
random,1,none,232,58,TimeBlind/videos/vid_00058_0.mp4,Is the woman brushing the horse's mane from top to bottom?,yes,No.,no,0,,,,motion_o_timeblind_default_random1.json
random,1,none,233,58,TimeBlind/videos/vid_00058_1.mp4,Is the woman brushing the horse's mane from top to bottom?,no,No.,no,1,,,,motion_o_timeblind_default_random1.json
random,1,none,234,58,TimeBlind/videos/vid_00058_0.mp4,Is the woman brushing the horse's mane from bottom to top?,no,No.,no,1,,,,motion_o_timeblind_default_random1.json
random,1,none,235,58,TimeBlind/videos/vid_00058_1.mp4,Is the woman brushing the horse's mane from bottom to top?,yes,No.,no,0,,,,motion_o_timeblind_default_random1.json
random,1,none,236,59,TimeBlind/videos/vid_00059_0.mp4,Does the bottle move from the countertop to a position over the sink?,yes,No.,no,0,,,,motion_o_timeblind_default_random1.json
random,1,none,237,59,TimeBlind/videos/vid_00059_1.mp4,Does the bottle move from the countertop to a position over the sink?,no,Yes.,yes,0,,,,motion_o_timeblind_default_random1.json
random,1,none,238,59,TimeBlind/videos/vid_00059_0.mp4,Does the bottle move from over the sink onto the countertop?,no,No.,no,1,,,,motion_o_timeblind_default_random1.json
random,1,none,239,59,TimeBlind/videos/vid_00059_1.mp4,Does the bottle move from over the sink onto the countertop?,yes,No.,no,0,,,,motion_o_timeblind_default_random1.json
random,1,none,240,60,TimeBlind/videos/vid_00060_0.mp4,"In the video, do bubbles gradually appear near the diver's face?",yes,No.,no,0,,,,motion_o_timeblind_default_random1.json
random,1,none,241,60,TimeBlind/videos/vid_00060_1.mp4,"In the video, do bubbles gradually appear near the diver's face?",no,No.,no,1,,,,motion_o_timeblind_default_random1.json
random,1,none,242,60,TimeBlind/videos/vid_00060_0.mp4,"In the video, do the bubbles near the diver’s face gradually disappear?",no,No.,no,1,,,,motion_o_timeblind_default_random1.json
random,1,none,243,60,TimeBlind/videos/vid_00060_1.mp4,"In the video, do the bubbles near the diver’s face gradually disappear?",yes,No.,no,0,,,,motion_o_timeblind_default_random1.json
random,1,none,244,61,TimeBlind/videos/vid_00061_0.mp4,Does the surfer in the blue shirt enter the frame from the right side?,yes,No.,no,0,,,,motion_o_timeblind_default_random1.json
random,1,none,245,61,TimeBlind/videos/vid_00061_1.mp4,Does the surfer in the blue shirt enter the frame from the right side?,no,Yes.,yes,0,,,,motion_o_timeblind_default_random1.json
random,1,none,246,61,TimeBlind/videos/vid_00061_0.mp4,Does the surfer in the blue shirt exit the frame off the right side?,no,No,no,1,,,,motion_o_timeblind_default_random1.json
random,1,none,247,61,TimeBlind/videos/vid_00061_1.mp4,Does the surfer in the blue shirt exit the frame off the right side?,yes,Yes.,yes,1,,,,motion_o_timeblind_default_random1.json
random,1,none,248,62,TimeBlind/videos/vid_00062_0.mp4,Does the man shift from standing to squatting while surfing?,yes,No.,no,0,,,,motion_o_timeblind_default_random1.json
random,1,none,249,62,TimeBlind/videos/vid_00062_1.mp4,Does the man shift from standing to squatting while surfing?,no,Yes.,yes,0,,,,motion_o_timeblind_default_random1.json
random,1,none,250,62,TimeBlind/videos/vid_00062_0.mp4,Does the man shift from squatting to standing while surfing?,no,No.,no,1,,,,motion_o_timeblind_default_random1.json
random,1,none,251,62,TimeBlind/videos/vid_00062_1.mp4,Does the man shift from squatting to standing while surfing?,yes,No.,no,0,,,,motion_o_timeblind_default_random1.json
random,1,none,252,63,TimeBlind/videos/vid_00063_0.mp4,Does the hairpin change from closed to open?,yes,No.,no,0,,,,motion_o_timeblind_default_random1.json
random,1,none,253,63,TimeBlind/videos/vid_00063_1.mp4,Does the hairpin change from closed to open?,no,No.,no,1,,,,motion_o_timeblind_default_random1.json
random,1,none,254,63,TimeBlind/videos/vid_00063_0.mp4,Does the hairpin change from open to closed?,no,No.,no,1,,,,motion_o_timeblind_default_random1.json
random,1,none,255,63,TimeBlind/videos/vid_00063_1.mp4,Does the hairpin change from open to closed?,yes,No.,no,0,,,,motion_o_timeblind_default_random1.json
random,1,none,256,64,TimeBlind/videos/vid_00064_0.mp4,Does the laptop go from open to closed?,yes,No,no,0,,,,motion_o_timeblind_default_random1.json
random,1,none,257,64,TimeBlind/videos/vid_00064_1.mp4,Does the laptop go from open to closed?,no,No.,no,1,,,,motion_o_timeblind_default_random1.json
random,1,none,258,64,TimeBlind/videos/vid_00064_0.mp4,Does the laptop go from closed to open?,no,No.,no,1,,,,motion_o_timeblind_default_random1.json
random,1,none,259,64,TimeBlind/videos/vid_00064_1.mp4,Does the laptop go from closed to open?,yes,No.,no,0,,,,motion_o_timeblind_default_random1.json
random,1,none,260,65,TimeBlind/videos/vid_00065_0.mp4,"From the camera's perspective, does the person pull the shower curtain to the left?",yes,No.,no,0,,,,motion_o_timeblind_default_random1.json
random,1,none,261,65,TimeBlind/videos/vid_00065_1.mp4,"From the camera's perspective, does the person pull the shower curtain to the left?",no,No,no,1,,,,motion_o_timeblind_default_random1.json
random,1,none,262,65,TimeBlind/videos/vid_00065_0.mp4,"From the camera's point of view, does the person pull the shower curtain to the right?",no,No.,no,1,,,,motion_o_timeblind_default_random1.json
random,1,none,263,65,TimeBlind/videos/vid_00065_1.mp4,"From the camera's point of view, does the person pull the shower curtain to the right?",yes,No.,no,0,,,,motion_o_timeblind_default_random1.json
random,1,none,264,66,TimeBlind/videos/vid_00066_0.mp4,Does the person lower the showerhead?,yes,No.,no,0,,,,motion_o_timeblind_default_random1.json
random,1,none,265,66,TimeBlind/videos/vid_00066_1.mp4,Does the person lower the showerhead?,no,No.,no,1,,,,motion_o_timeblind_default_random1.json
random,1,none,266,66,TimeBlind/videos/vid_00066_0.mp4,Does the person raise the showerhead?,no,Yes.,yes,0,,,,motion_o_timeblind_default_random1.json
random,1,none,267,66,TimeBlind/videos/vid_00066_1.mp4,Does the person raise the showerhead?,yes,Yes.,yes,1,,,,motion_o_timeblind_default_random1.json
random,1,none,268,67,TimeBlind/videos/vid_00067_0.mp4,Does the light change from white to yellow?,yes,No.,no,0,,,,motion_o_timeblind_default_random1.json
random,1,none,269,67,TimeBlind/videos/vid_00067_1.mp4,Does the light change from white to yellow?,no,No.,no,1,,,,motion_o_timeblind_default_random1.json
random,1,none,270,67,TimeBlind/videos/vid_00067_0.mp4,Does the light change from yellow to white?,no,No.,no,1,,,,motion_o_timeblind_default_random1.json
random,1,none,271,67,TimeBlind/videos/vid_00067_1.mp4,Does the light change from yellow to white?,yes,No.,no,0,,,,motion_o_timeblind_default_random1.json
random,1,none,272,68,TimeBlind/videos/vid_00068_0.mp4,Does the cat move from the chair to the table?,yes,Yes.,yes,1,,,,motion_o_timeblind_default_random1.json
random,1,none,273,68,TimeBlind/videos/vid_00068_1.mp4,Does the cat move from the chair to the table?,no,Yes.,yes,0,,,,motion_o_timeblind_default_random1.json
random,1,none,274,68,TimeBlind/videos/vid_00068_0.mp4,Does the cat go from the table to the chair?,no,No.,no,1,,,,motion_o_timeblind_default_random1.json
random,1,none,275,68,TimeBlind/videos/vid_00068_1.mp4,Does the cat go from the table to the chair?,yes,No.,no,0,,,,motion_o_timeblind_default_random1.json
random,1,none,276,69,TimeBlind/videos/vid_00069_0.mp4,Is the oil dispenser nozzle being removed from the dispenser?,yes,No.,no,0,,,,motion_o_timeblind_default_random1.json
random,1,none,277,69,TimeBlind/videos/vid_00069_1.mp4,Is the oil dispenser nozzle being removed from the dispenser?,no,Yes.,yes,0,,,,motion_o_timeblind_default_random1.json
random,1,none,278,69,TimeBlind/videos/vid_00069_0.mp4,Is the oil dispenser nozzle being put back in the dispenser?,no,No.,no,1,,,,motion_o_timeblind_default_random1.json
random,1,none,279,69,TimeBlind/videos/vid_00069_1.mp4,Is the oil dispenser nozzle being put back in the dispenser?,yes,No.,no,0,,,,motion_o_timeblind_default_random1.json
random,1,none,280,70,TimeBlind/videos/vid_00070_0.mp4,Is the fuel nozzle being inserted into the car's fuel tank?,yes,Yes.,yes,1,,,,motion_o_timeblind_default_random1.json
random,1,none,281,70,TimeBlind/videos/vid_00070_1.mp4,Is the fuel nozzle being inserted into the car's fuel tank?,no,No.,no,1,,,,motion_o_timeblind_default_random1.json
random,1,none,282,70,TimeBlind/videos/vid_00070_0.mp4,Is the fuel nozzle being removed from the car's fuel tank?,no,No.,no,1,,,,motion_o_timeblind_default_random1.json
random,1,none,283,70,TimeBlind/videos/vid_00070_1.mp4,Is the fuel nozzle being removed from the car's fuel tank?,yes,No.,no,0,,,,motion_o_timeblind_default_random1.json
random,1,none,284,71,TimeBlind/videos/vid_00071_0.mp4,Is the car's fuel cap turned counterclockwise?,yes,No.,no,0,,,,motion_o_timeblind_default_random1.json
random,1,none,285,71,TimeBlind/videos/vid_00071_1.mp4,Is the car's fuel cap turned counterclockwise?,no,No.,no,1,,,,motion_o_timeblind_default_random1.json
random,1,none,286,71,TimeBlind/videos/vid_00071_0.mp4,Is the car's fuel cap turned clockwise?,no,No.,no,1,,,,motion_o_timeblind_default_random1.json
random,1,none,287,71,TimeBlind/videos/vid_00071_1.mp4,Is the car's fuel cap turned clockwise?,yes,No.,no,0,,,,motion_o_timeblind_default_random1.json
random,1,none,288,72,TimeBlind/videos/vid_00072_0.mp4,Is the person putting the ingredients into the oven?,yes,No,no,0,,,,motion_o_timeblind_default_random1.json
random,1,none,289,72,TimeBlind/videos/vid_00072_1.mp4,Is the person putting the ingredients into the oven?,no,"No. The image shows an open oven with steam rising from trays of food, but there is no visible human figure in the frame to indicate that someone is placing the ingredients inside. Therefore, it cannot be confirmed if a person is putting the ingredients into the oven based on this image alone.",no,1,,,,motion_o_timeblind_default_random1.json
random,1,none,290,72,TimeBlind/videos/vid_00072_0.mp4,Is the person taking the food ingredients out of the oven?,no,No.,no,1,,,,motion_o_timeblind_default_random1.json
random,1,none,291,72,TimeBlind/videos/vid_00072_1.mp4,Is the person taking the food ingredients out of the oven?,yes,"No. The image shows an open oven with steam rising, but there is no visible action by any person removing food from it at this moment.",no,0,,,,motion_o_timeblind_default_random1.json
random,1,none,292,73,TimeBlind/videos/vid_00073_0.mp4,Does the dog come in through the window?,yes,No.,no,0,,,,motion_o_timeblind_default_random1.json
random,1,none,293,73,TimeBlind/videos/vid_00073_1.mp4,Does the dog come in through the window?,no,No.,no,1,,,,motion_o_timeblind_default_random1.json
random,1,none,294,73,TimeBlind/videos/vid_00073_0.mp4,Does the dog go from indoors to outdoors through the window?,no,No.,no,1,,,,motion_o_timeblind_default_random1.json
random,1,none,295,73,TimeBlind/videos/vid_00073_1.mp4,Does the dog go from indoors to outdoors through the window?,yes,No.,no,0,,,,motion_o_timeblind_default_random1.json
random,1,none,296,74,TimeBlind/videos/vid_00074_0.mp4,Does the kitten turn its head to its left?,yes,No.,no,0,,,,motion_o_timeblind_default_random1.json
random,1,none,297,74,TimeBlind/videos/vid_00074_1.mp4,Does the kitten turn its head to its left?,no,No.,no,1,,,,motion_o_timeblind_default_random1.json
random,1,none,298,74,TimeBlind/videos/vid_00074_0.mp4,Does the kitten turn its head to its right?,no,No.,no,1,,,,motion_o_timeblind_default_random1.json
random,1,none,299,74,TimeBlind/videos/vid_00074_1.mp4,Does the kitten turn its head to its right?,yes,No.,no,0,,,,motion_o_timeblind_default_random1.json
random,1,none,300,75,TimeBlind/videos/vid_00075_0.mp4,Does the dog put a paw on the bed?,yes,No.,no,0,,,,motion_o_timeblind_default_random1.json
random,1,none,301,75,TimeBlind/videos/vid_00075_1.mp4,Does the dog put a paw on the bed?,no,No.,no,1,,,,motion_o_timeblind_default_random1.json
random,1,none,302,75,TimeBlind/videos/vid_00075_0.mp4,Does the dog move its paws off the bed?,no,No.,no,1,,,,motion_o_timeblind_default_random1.json
random,1,none,303,75,TimeBlind/videos/vid_00075_1.mp4,Does the dog move its paws off the bed?,yes,No.,no,0,,,,motion_o_timeblind_default_random1.json
random,1,none,304,76,TimeBlind/videos/vid_00076_0.mp4,Does the puppy's position change from the left side of the frame to the right?,yes,No.,no,0,,,,motion_o_timeblind_default_random1.json
random,1,none,305,76,TimeBlind/videos/vid_00076_1.mp4,Does the puppy's position change from the left side of the frame to the right?,no,Yes.,yes,0,,,,motion_o_timeblind_default_random1.json
random,1,none,306,76,TimeBlind/videos/vid_00076_0.mp4,Does the puppy's position change from the right side of the frame to the left?,no,Yes.,yes,0,,,,motion_o_timeblind_default_random1.json
random,1,none,307,76,TimeBlind/videos/vid_00076_1.mp4,Does the puppy's position change from the right side of the frame to the left?,yes,Yes.,yes,1,,,,motion_o_timeblind_default_random1.json
random,1,none,308,77,TimeBlind/videos/vid_00077_0.mp4,Does the cat gradually fill more of the frame?,yes,No.,no,0,,,,motion_o_timeblind_default_random1.json
random,1,none,309,77,TimeBlind/videos/vid_00077_1.mp4,Does the cat gradually fill more of the frame?,no,No.,no,1,,,,motion_o_timeblind_default_random1.json
random,1,none,310,77,TimeBlind/videos/vid_00077_0.mp4,Does the cat gradually take up less space in the frame?,no,No.,no,1,,,,motion_o_timeblind_default_random1.json
random,1,none,311,77,TimeBlind/videos/vid_00077_1.mp4,Does the cat gradually take up less space in the frame?,yes,No.,no,0,,,,motion_o_timeblind_default_random1.json
random,1,none,312,78,TimeBlind/videos/vid_00078_0.mp4,Does the moon in the video gradually become blurry?,yes,No.,no,0,,,,motion_o_timeblind_default_random1.json
random,1,none,313,78,TimeBlind/videos/vid_00078_1.mp4,Does the moon in the video gradually become blurry?,no,No.,no,1,,,,motion_o_timeblind_default_random1.json
random,1,none,314,78,TimeBlind/videos/vid_00078_0.mp4,Does the moon in the video gradually come into focus?,no,No.,no,1,,,,motion_o_timeblind_default_random1.json
random,1,none,315,78,TimeBlind/videos/vid_00078_1.mp4,Does the moon in the video gradually come into focus?,yes,No.,no,0,,,,motion_o_timeblind_default_random1.json
random,1,none,316,79,TimeBlind/videos/vid_00079_0.mp4,Does the video go from showing two cats and a dog to just two cats?,yes,No.,no,0,,,,motion_o_timeblind_default_random1.json
random,1,none,317,79,TimeBlind/videos/vid_00079_1.mp4,Does the video go from showing two cats and a dog to just two cats?,no,No.,no,1,,,,motion_o_timeblind_default_random1.json
random,1,none,318,79,TimeBlind/videos/vid_00079_0.mp4,Does the video go from showing two cats to showing two cats and a dog?,no,Yes.,yes,0,,,,motion_o_timeblind_default_random1.json
random,1,none,319,79,TimeBlind/videos/vid_00079_1.mp4,Does the video go from showing two cats to showing two cats and a dog?,yes,Yes.,yes,1,,,,motion_o_timeblind_default_random1.json
random,1,none,320,80,TimeBlind/videos/vid_00080_0.mp4,Does the kitten get out of the box??,yes,No.,no,0,,,,motion_o_timeblind_default_random1.json
random,1,none,321,80,TimeBlind/videos/vid_00080_1.mp4,Does the kitten get out of the box??,no,No.,no,1,,,,motion_o_timeblind_default_random1.json
random,1,none,322,80,TimeBlind/videos/vid_00080_0.mp4,Does the kitten get into the box?,no,Yes.,yes,0,,,,motion_o_timeblind_default_random1.json
random,1,none,323,80,TimeBlind/videos/vid_00080_1.mp4,Does the kitten get into the box?,yes,Yes.,yes,1,,,,motion_o_timeblind_default_random1.json
random,1,none,324,81,TimeBlind/videos/vid_00081_0.mp4,Does the number of dogs in the video increase from two to four?,yes,No.,no,0,,,,motion_o_timeblind_default_random1.json
random,1,none,325,81,TimeBlind/videos/vid_00081_1.mp4,Does the number of dogs in the video increase from two to four?,no,Yes.,yes,0,,,,motion_o_timeblind_default_random1.json
random,1,none,326,81,TimeBlind/videos/vid_00081_0.mp4,Does the number of dogs in the video decrease from four to two?,no,No.,no,1,,,,motion_o_timeblind_default_random1.json
random,1,none,327,81,TimeBlind/videos/vid_00081_1.mp4,Does the number of dogs in the video decrease from four to two?,yes,No.,no,0,,,,motion_o_timeblind_default_random1.json
random,1,none,328,82,TimeBlind/videos/vid_00082_0.mp4,Does the room go from dark to light?,yes,No.,no,0,,,,motion_o_timeblind_default_random1.json
random,1,none,329,82,TimeBlind/videos/vid_00082_1.mp4,Does the room go from dark to light?,no,No.,no,1,,,,motion_o_timeblind_default_random1.json
random,1,none,330,82,TimeBlind/videos/vid_00082_0.mp4,Does the room go from light to dark?,no,No.,no,1,,,,motion_o_timeblind_default_random1.json
random,1,none,331,82,TimeBlind/videos/vid_00082_1.mp4,Does the room go from light to dark?,yes,Yes.,yes,1,,,,motion_o_timeblind_default_random1.json
random,1,none,332,83,TimeBlind/videos/vid_00083_0.mp4,Does the battery icon in the top-right corner of the phone screen switch from charging to not charging?,yes,No.,no,0,,,,motion_o_timeblind_default_random1.json
random,1,none,333,83,TimeBlind/videos/vid_00083_1.mp4,Does the battery icon in the top-right corner of the phone screen switch from charging to not charging?,no,No.,no,1,,,,motion_o_timeblind_default_random1.json
random,1,none,334,83,TimeBlind/videos/vid_00083_0.mp4,Does the small battery icon in the top-right corner of the phone screen change from a non-charging state to a charging state?,no,No.,no,1,,,,motion_o_timeblind_default_random1.json
random,1,none,335,83,TimeBlind/videos/vid_00083_1.mp4,Does the small battery icon in the top-right corner of the phone screen change from a non-charging state to a charging state?,yes,Yes.,yes,1,,,,motion_o_timeblind_default_random1.json
random,1,none,336,84,TimeBlind/videos/vid_00084_0.mp4,Does the battery icon in the top-right corner of the phone screen change from green to white?,yes,No.,no,0,,,,motion_o_timeblind_default_random1.json
random,1,none,337,84,TimeBlind/videos/vid_00084_1.mp4,Does the battery icon in the top-right corner of the phone screen change from green to white?,no,No.,no,1,,,,motion_o_timeblind_default_random1.json
random,1,none,338,84,TimeBlind/videos/vid_00084_0.mp4,Does the battery icon in the top-right corner of the phone screen turn from white to green?,no,No.,no,1,,,,motion_o_timeblind_default_random1.json
random,1,none,339,84,TimeBlind/videos/vid_00084_1.mp4,Does the battery icon in the top-right corner of the phone screen turn from white to green?,yes,No.,no,0,,,,motion_o_timeblind_default_random1.json
random,1,none,340,85,TimeBlind/videos/vid_00085_0.mp4,Does the egg fail to stand upright in the video?,yes,No.,no,0,,,,motion_o_timeblind_default_random1.json
random,1,none,341,85,TimeBlind/videos/vid_00085_1.mp4,Does the egg fail to stand upright in the video?,no,No.,no,1,,,,motion_o_timeblind_default_random1.json
random,1,none,342,85,TimeBlind/videos/vid_00085_0.mp4,Does the egg in the video stand upright?,no,No.,no,1,,,,motion_o_timeblind_default_random1.json
random,1,none,343,85,TimeBlind/videos/vid_00085_1.mp4,Does the egg in the video stand upright?,yes,Yes.,yes,1,,,,motion_o_timeblind_default_random1.json
random,1,none,344,86,TimeBlind/videos/vid_00086_0.mp4,Is the blue and yellow can held for approximately 3 seconds?,yes,No.,no,0,,,,motion_o_timeblind_default_random1.json
random,1,none,345,86,TimeBlind/videos/vid_00086_1.mp4,Is the blue and yellow can held for approximately 3 seconds?,no,No.,no,1,,,,motion_o_timeblind_default_random1.json
random,1,none,346,86,TimeBlind/videos/vid_00086_0.mp4,Is the blue and yellow can held for approximately 10 seconds?,no,No.,no,1,,,,motion_o_timeblind_default_random1.json
random,1,none,347,86,TimeBlind/videos/vid_00086_1.mp4,Is the blue and yellow can held for approximately 10 seconds?,yes,No.,no,0,,,,motion_o_timeblind_default_random1.json
random,1,none,348,87,TimeBlind/videos/vid_00087_0.mp4,Does the number of fingers the man is holding up change from two to three during the video?,yes,No.,no,0,,,,motion_o_timeblind_default_random1.json
random,1,none,349,87,TimeBlind/videos/vid_00087_1.mp4,Does the number of fingers the man is holding up change from two to three during the video?,no,No.,no,1,,,,motion_o_timeblind_default_random1.json
random,1,none,350,87,TimeBlind/videos/vid_00087_0.mp4,"In the video, does the number of fingers the man is holding up change from three to two?",no,No.,no,1,,,,motion_o_timeblind_default_random1.json
random,1,none,351,87,TimeBlind/videos/vid_00087_1.mp4,"In the video, does the number of fingers the man is holding up change from three to two?",yes,No.,no,0,,,,motion_o_timeblind_default_random1.json
random,1,none,352,88,TimeBlind/videos/vid_00088_0.mp4,Does the ceiling with strip lights gradually come into view?,yes,Yes.,yes,1,,,,motion_o_timeblind_default_random1.json
random,1,none,353,88,TimeBlind/videos/vid_00088_1.mp4,Does the ceiling with strip lights gradually come into view?,no,Yes.,yes,0,,,,motion_o_timeblind_default_random1.json
random,1,none,354,88,TimeBlind/videos/vid_00088_0.mp4,Does the ceiling with strip lights gradually disappear from view?,no,Yes.,yes,0,,,,motion_o_timeblind_default_random1.json
random,1,none,355,88,TimeBlind/videos/vid_00088_1.mp4,Does the ceiling with strip lights gradually disappear from view?,yes,Yes.,yes,1,,,,motion_o_timeblind_default_random1.json
random,1,none,356,89,TimeBlind/videos/vid_00089_0.mp4,Does the person turn the door handle gently?,yes,"No. The image does not show any action of turning the door handle, so it is impossible to determine if there was gentle handling based on this still photo alone. Therefore, no definitive answer can be given regarding whether the person turned the door handle gently in this context.",no,0,,,,motion_o_timeblind_default_random1.json
random,1,none,357,89,TimeBlind/videos/vid_00089_1.mp4,Does the person turn the door handle gently?,no,No.,no,1,,,,motion_o_timeblind_default_random1.json
random,1,none,358,89,TimeBlind/videos/vid_00089_0.mp4,Does the person turn the door handle forcefully?,no,"No. The image does not show any indication of force being applied to the door handle, such as motion blur on the handle itself or visible strain in its position relative to the door frame. Therefore, it is reasonable to conclude that no one has turned the door handle forcibly at this moment.

Answer: No",no,1,,,,motion_o_timeblind_default_random1.json
random,1,none,359,89,TimeBlind/videos/vid_00089_1.mp4,Does the person turn the door handle forcefully?,yes,No.,no,0,,,,motion_o_timeblind_default_random1.json
random,1,none,360,90,TimeBlind/videos/vid_00090_0.mp4,Do the wiping strokes gradually increase in size?,yes,No.,no,0,,,,motion_o_timeblind_default_random1.json
random,1,none,361,90,TimeBlind/videos/vid_00090_1.mp4,Do the wiping strokes gradually increase in size?,no,No.,no,1,,,,motion_o_timeblind_default_random1.json
random,1,none,362,90,TimeBlind/videos/vid_00090_0.mp4,Do the wiping strokes gradually decrease in size?,no,No.,no,1,,,,motion_o_timeblind_default_random1.json
random,1,none,363,90,TimeBlind/videos/vid_00090_1.mp4,Do the wiping strokes gradually decrease in size?,yes,No.,no,0,,,,motion_o_timeblind_default_random1.json
random,1,none,364,91,TimeBlind/videos/vid_00091_0.mp4,"After looking straight ahead, does he turn to look left and not look forward again?",yes,No.,no,0,,,,motion_o_timeblind_default_random1.json
random,1,none,365,91,TimeBlind/videos/vid_00091_1.mp4,"After looking straight ahead, does he turn to look left and not look forward again?",no,No.,no,1,,,,motion_o_timeblind_default_random1.json
random,1,none,366,91,TimeBlind/videos/vid_00091_0.mp4,"After looking straight ahead, does he turn to look left and then look forward again?",no,No.,no,1,,,,motion_o_timeblind_default_random1.json
random,1,none,367,91,TimeBlind/videos/vid_00091_1.mp4,"After looking straight ahead, does he turn to look left and then look forward again?",yes,No.,no,0,,,,motion_o_timeblind_default_random1.json
random,1,none,368,92,TimeBlind/videos/vid_00092_0.mp4,Does the man go from standing to bending over?,yes,No.,no,0,,,,motion_o_timeblind_default_random1.json
random,1,none,369,92,TimeBlind/videos/vid_00092_1.mp4,Does the man go from standing to bending over?,no,Yes.,yes,0,,,,motion_o_timeblind_default_random1.json
random,1,none,370,92,TimeBlind/videos/vid_00092_0.mp4,Does the man move from a bent-over position to standing upright?,no,No.,no,1,,,,motion_o_timeblind_default_random1.json
random,1,none,371,92,TimeBlind/videos/vid_00092_1.mp4,Does the man move from a bent-over position to standing upright?,yes,No.,no,0,,,,motion_o_timeblind_default_random1.json
random,1,none,372,93,TimeBlind/videos/vid_00093_0.mp4,Does the person’s posture change from upright to leaning?,yes,No.,no,0,,,,motion_o_timeblind_default_random1.json
random,1,none,373,93,TimeBlind/videos/vid_00093_1.mp4,Does the person’s posture change from upright to leaning?,no,No.,no,1,,,,motion_o_timeblind_default_random1.json
random,1,none,374,93,TimeBlind/videos/vid_00093_0.mp4,Does the person's posture change from leaning to standing upright?,no,No.,no,1,,,,motion_o_timeblind_default_random1.json
random,1,none,375,93,TimeBlind/videos/vid_00093_1.mp4,Does the person's posture change from leaning to standing upright?,yes,No.,no,0,,,,motion_o_timeblind_default_random1.json
random,1,none,376,94,TimeBlind/videos/vid_00094_0.mp4,Does the person glide across the frame from left to right?,yes,No,no,0,,,,motion_o_timeblind_default_random1.json
random,1,none,377,94,TimeBlind/videos/vid_00094_1.mp4,Does the person glide across the frame from left to right?,no,No.,no,1,,,,motion_o_timeblind_default_random1.json
random,1,none,378,94,TimeBlind/videos/vid_00094_0.mp4,Does the person glide across the frame from right to left?,no,No,no,1,,,,motion_o_timeblind_default_random1.json
random,1,none,379,94,TimeBlind/videos/vid_00094_1.mp4,Does the person glide across the frame from right to left?,yes,No.,no,0,,,,motion_o_timeblind_default_random1.json
random,1,none,380,95,TimeBlind/videos/vid_00095_0.mp4,Does the robot go from standing to squatting?,yes,No.,no,0,,,,motion_o_timeblind_default_random1.json
random,1,none,381,95,TimeBlind/videos/vid_00095_1.mp4,Does the robot go from standing to squatting?,no,Yes.,yes,0,,,,motion_o_timeblind_default_random1.json
random,1,none,382,95,TimeBlind/videos/vid_00095_0.mp4,Does the robot go from squatting to standing?,no,No.,no,1,,,,motion_o_timeblind_default_random1.json
random,1,none,383,95,TimeBlind/videos/vid_00095_1.mp4,Does the robot go from squatting to standing?,yes,Yes.,yes,1,,,,motion_o_timeblind_default_random1.json
random,1,none,384,96,TimeBlind/videos/vid_00096_0.mp4,Is the humanoid robot squatting while extending its arms?,yes,Yes.,yes,1,,,,motion_o_timeblind_default_random1.json
random,1,none,385,96,TimeBlind/videos/vid_00096_1.mp4,Is the humanoid robot squatting while extending its arms?,no,Yes.,yes,0,,,,motion_o_timeblind_default_random1.json
random,1,none,386,96,TimeBlind/videos/vid_00096_0.mp4,Is the humanoid robot standing up as it retracts its arms?,no,Yes.,yes,0,,,,motion_o_timeblind_default_random1.json
random,1,none,387,96,TimeBlind/videos/vid_00096_1.mp4,Is the humanoid robot standing up as it retracts its arms?,yes,No.,no,0,,,,motion_o_timeblind_default_random1.json
random,1,none,388,97,TimeBlind/videos/vid_00097_0.mp4,"Does the person first quickly press the pump on the skincare bottle, then slowly press it?",yes,No.,no,0,,,,motion_o_timeblind_default_random1.json
random,1,none,389,97,TimeBlind/videos/vid_00097_1.mp4,"Does the person first quickly press the pump on the skincare bottle, then slowly press it?",no,No.,no,1,,,,motion_o_timeblind_default_random1.json
random,1,none,390,97,TimeBlind/videos/vid_00097_0.mp4,"Does the person first slowly press the pump on the skincare bottle, then press it quickly?",no,No.,no,1,,,,motion_o_timeblind_default_random1.json
random,1,none,391,97,TimeBlind/videos/vid_00097_1.mp4,"Does the person first slowly press the pump on the skincare bottle, then press it quickly?",yes,No.,no,0,,,,motion_o_timeblind_default_random1.json
random,1,none,392,98,TimeBlind/videos/vid_00098_0.mp4,Does he press the pump firmly at the beginning of the video?,yes,No.,no,0,,,,motion_o_timeblind_default_random1.json
random,1,none,393,98,TimeBlind/videos/vid_00098_1.mp4,Does he press the pump firmly at the beginning of the video?,no,No.,no,1,,,,motion_o_timeblind_default_random1.json
random,1,none,394,98,TimeBlind/videos/vid_00098_0.mp4,Does he press the pump gently at the beginning of the video?,no,Yes.,yes,0,,,,motion_o_timeblind_default_random1.json
random,1,none,395,98,TimeBlind/videos/vid_00098_1.mp4,Does he press the pump gently at the beginning of the video?,yes,No.,no,0,,,,motion_o_timeblind_default_random1.json
random,1,none,396,99,TimeBlind/videos/vid_00099_0.mp4,Is there only one white car in the entire video?,yes,No.,no,0,,,,motion_o_timeblind_default_random1.json
random,1,none,397,99,TimeBlind/videos/vid_00099_1.mp4,Is there only one white car in the entire video?,no,No.,no,1,,,,motion_o_timeblind_default_random1.json
random,1,none,398,99,TimeBlind/videos/vid_00099_0.mp4,Are there a total of two white cars in the video?,no,No.,no,1,,,,motion_o_timeblind_default_random1.json
random,1,none,399,99,TimeBlind/videos/vid_00099_1.mp4,Are there a total of two white cars in the video?,yes,No.,no,0,,,,motion_o_timeblind_default_random1.json
random,1,none,400,100,TimeBlind/videos/vid_00100_0.mp4,"In the video, do the legs start shaking slowly and then speed up?",yes,No.,no,0,,,,motion_o_timeblind_default_random1.json
random,1,none,401,100,TimeBlind/videos/vid_00100_1.mp4,"In the video, do the legs start shaking slowly and then speed up?",no,No.,no,1,,,,motion_o_timeblind_default_random1.json
random,1,none,402,100,TimeBlind/videos/vid_00100_0.mp4,"In the video, do the legs start shaking quickly and then slow down?",no,No.,no,1,,,,motion_o_timeblind_default_random1.json
random,1,none,403,100,TimeBlind/videos/vid_00100_1.mp4,"In the video, do the legs start shaking quickly and then slow down?",yes,No.,no,0,,,,motion_o_timeblind_default_random1.json
random,1,none,404,101,TimeBlind/videos/vid_00101_0.mp4,Does he swing his leg only slightly at the beginning of the video?,yes,No.,no,0,,,,motion_o_timeblind_default_random1.json
random,1,none,405,101,TimeBlind/videos/vid_00101_1.mp4,Does he swing his leg only slightly at the beginning of the video?,no,No.,no,1,,,,motion_o_timeblind_default_random1.json
random,1,none,406,101,TimeBlind/videos/vid_00101_0.mp4,Does he swing his leg widely at the beginning of the video?,no,No.,no,1,,,,motion_o_timeblind_default_random1.json
random,1,none,407,101,TimeBlind/videos/vid_00101_1.mp4,Does he swing his leg widely at the beginning of the video?,yes,No.,no,0,,,,motion_o_timeblind_default_random1.json
random,1,none,408,102,TimeBlind/videos/vid_00102_0.mp4,Does the bounce height start out high and then decrease later?,yes,No.,no,0,,,,motion_o_timeblind_default_random1.json
random,1,none,409,102,TimeBlind/videos/vid_00102_1.mp4,Does the bounce height start out high and then decrease later?,no,No.,no,1,,,,motion_o_timeblind_default_random1.json
random,1,none,410,102,TimeBlind/videos/vid_00102_0.mp4,Does the bounce height start out low and then increase later?,no,No.,no,1,,,,motion_o_timeblind_default_random1.json
random,1,none,411,102,TimeBlind/videos/vid_00102_1.mp4,Does the bounce height start out low and then increase later?,yes,No.,no,0,,,,motion_o_timeblind_default_random1.json
random,1,none,412,103,TimeBlind/videos/vid_00103_0.mp4,Does the person hit the ball with the tennis racket eight times?,yes,No.,no,0,,,,motion_o_timeblind_default_random1.json
random,1,none,413,103,TimeBlind/videos/vid_00103_1.mp4,Does the person hit the ball with the tennis racket eight times?,no,No.,no,1,,,,motion_o_timeblind_default_random1.json
random,1,none,414,103,TimeBlind/videos/vid_00103_0.mp4,Does the person hit the ball with the tennis racket twelve times?,no,No.,no,1,,,,motion_o_timeblind_default_random1.json
random,1,none,415,103,TimeBlind/videos/vid_00103_1.mp4,Does the person hit the ball with the tennis racket twelve times?,yes,No.,no,0,,,,motion_o_timeblind_default_random1.json
random,1,none,416,104,TimeBlind/videos/vid_00104_0.mp4,Does the person make small racket swings at the beginning and larger swings later in the video?,yes,No.,no,0,,,,motion_o_timeblind_default_random1.json
random,1,none,417,104,TimeBlind/videos/vid_00104_1.mp4,Does the person make small racket swings at the beginning and larger swings later in the video?,no,No.,no,1,,,,motion_o_timeblind_default_random1.json
random,1,none,418,104,TimeBlind/videos/vid_00104_0.mp4,Does the person make large racket swings at the beginning and smaller swings later in the video?,no,No.,no,1,,,,motion_o_timeblind_default_random1.json
random,1,none,419,104,TimeBlind/videos/vid_00104_1.mp4,Does the person make large racket swings at the beginning and smaller swings later in the video?,yes,No.,no,0,,,,motion_o_timeblind_default_random1.json
random,1,none,420,105,TimeBlind/videos/vid_00105_0.mp4,Does the boy swing the racket forward five times?,yes,No.,no,0,,,,motion_o_timeblind_default_random1.json
random,1,none,421,105,TimeBlind/videos/vid_00105_1.mp4,Does the boy swing the racket forward five times?,no,No.,no,1,,,,motion_o_timeblind_default_random1.json
random,1,none,422,105,TimeBlind/videos/vid_00105_0.mp4,Does the boy swing the racket forward six times?,no,No.,no,1,,,,motion_o_timeblind_default_random1.json
random,1,none,423,105,TimeBlind/videos/vid_00105_1.mp4,Does the boy swing the racket forward six times?,yes,No.,no,0,,,,motion_o_timeblind_default_random1.json
random,1,none,424,106,TimeBlind/videos/vid_00106_0.mp4,Does the boy jump a shorter distance at the end of the video than at the beginning?,yes,No.,no,0,,,,motion_o_timeblind_default_random1.json
random,1,none,425,106,TimeBlind/videos/vid_00106_1.mp4,Does the boy jump a shorter distance at the end of the video than at the beginning?,no,No.,no,1,,,,motion_o_timeblind_default_random1.json
random,1,none,426,106,TimeBlind/videos/vid_00106_0.mp4,Does the boy jump farther at the end of the video than at the beginning?,no,No.,no,1,,,,motion_o_timeblind_default_random1.json
random,1,none,427,106,TimeBlind/videos/vid_00106_1.mp4,Does the boy jump farther at the end of the video than at the beginning?,yes,No.,no,0,,,,motion_o_timeblind_default_random1.json
random,1,none,428,107,TimeBlind/videos/vid_00107_0.mp4,Does the boy bend his knees more when landing his first long jump than when landing his last?,yes,No.,no,0,,,,motion_o_timeblind_default_random1.json
random,1,none,429,107,TimeBlind/videos/vid_00107_1.mp4,Does the boy bend his knees more when landing his first long jump than when landing his last?,no,No.,no,1,,,,motion_o_timeblind_default_random1.json
random,1,none,430,107,TimeBlind/videos/vid_00107_0.mp4,Does the boy bend his knees less when landing from his first long jump than from his last?,no,No.,no,1,,,,motion_o_timeblind_default_random1.json
random,1,none,431,107,TimeBlind/videos/vid_00107_1.mp4,Does the boy bend his knees less when landing from his first long jump than from his last?,yes,No.,no,0,,,,motion_o_timeblind_default_random1.json
random,1,none,432,108,TimeBlind/videos/vid_00108_0.mp4,Does the boy make large upper-body movements as he turns at the beginning of the video?,yes,No.,no,0,,,,motion_o_timeblind_default_random1.json
random,1,none,433,108,TimeBlind/videos/vid_00108_1.mp4,Does the boy make large upper-body movements as he turns at the beginning of the video?,no,No.,no,1,,,,motion_o_timeblind_default_random1.json
random,1,none,434,108,TimeBlind/videos/vid_00108_0.mp4,Does the boy make small upper-body movements as he turns at the beginning of the video?,no,Yes.,yes,0,,,,motion_o_timeblind_default_random1.json
random,1,none,435,108,TimeBlind/videos/vid_00108_1.mp4,Does the boy make small upper-body movements as he turns at the beginning of the video?,yes,No.,no,0,,,,motion_o_timeblind_default_random1.json
random,1,none,436,109,TimeBlind/videos/vid_00109_0.mp4,"Do the branches shake vigorously at first, then gently?",yes,No.,no,0,,,,motion_o_timeblind_default_random1.json
random,1,none,437,109,TimeBlind/videos/vid_00109_1.mp4,"Do the branches shake vigorously at first, then gently?",no,No.,no,1,,,,motion_o_timeblind_default_random1.json
random,1,none,438,109,TimeBlind/videos/vid_00109_0.mp4,"Do the branches shake gently at first, then vigorously?",no,No.,no,1,,,,motion_o_timeblind_default_random1.json
random,1,none,439,109,TimeBlind/videos/vid_00109_1.mp4,"Do the branches shake gently at first, then vigorously?",yes,No.,no,0,,,,motion_o_timeblind_default_random1.json
random,1,none,440,110,TimeBlind/videos/vid_00110_0.mp4,Do the branches shake vigorously at the beginning?,yes,No.,no,0,,,,motion_o_timeblind_default_random1.json
random,1,none,441,110,TimeBlind/videos/vid_00110_1.mp4,Do the branches shake vigorously at the beginning?,no,No.,no,1,,,,motion_o_timeblind_default_random1.json
random,1,none,442,110,TimeBlind/videos/vid_00110_0.mp4,Do the branches shake gently at the beginning?,no,No.,no,1,,,,motion_o_timeblind_default_random1.json
random,1,none,443,110,TimeBlind/videos/vid_00110_1.mp4,Do the branches shake gently at the beginning?,yes,No.,no,0,,,,motion_o_timeblind_default_random1.json
random,1,none,444,111,TimeBlind/videos/vid_00111_0.mp4,Is the girl doing vertical leg kicks starting high and then kicking lower?,yes,No.,no,0,,,,motion_o_timeblind_default_random1.json
random,1,none,445,111,TimeBlind/videos/vid_00111_1.mp4,Is the girl doing vertical leg kicks starting high and then kicking lower?,no,No.,no,1,,,,motion_o_timeblind_default_random1.json
random,1,none,446,111,TimeBlind/videos/vid_00111_0.mp4,Does the girl start her vertical leg kicks low and then kick higher?,no,No.,no,1,,,,motion_o_timeblind_default_random1.json
random,1,none,447,111,TimeBlind/videos/vid_00111_1.mp4,Does the girl start her vertical leg kicks low and then kick higher?,yes,No.,no,0,,,,motion_o_timeblind_default_random1.json
random,1,none,448,112,TimeBlind/videos/vid_00112_0.mp4,Does the tennis racket start spinning quickly and then slow down?,yes,No.,no,0,,,,motion_o_timeblind_default_random1.json
random,1,none,449,112,TimeBlind/videos/vid_00112_1.mp4,Does the tennis racket start spinning quickly and then slow down?,no,No.,no,1,,,,motion_o_timeblind_default_random1.json
random,1,none,450,112,TimeBlind/videos/vid_00112_0.mp4,Does the tennis racket start spinning slowly and then speed up?,no,No.,no,1,,,,motion_o_timeblind_default_random1.json
random,1,none,451,112,TimeBlind/videos/vid_00112_1.mp4,Does the tennis racket start spinning slowly and then speed up?,yes,No.,no,0,,,,motion_o_timeblind_default_random1.json
random,1,none,452,113,TimeBlind/videos/vid_00113_0.mp4,"Does she wave her hand with large, sweeping motions at the start of the video?",yes,No.,no,0,,,,motion_o_timeblind_default_random1.json
random,1,none,453,113,TimeBlind/videos/vid_00113_1.mp4,"Does she wave her hand with large, sweeping motions at the start of the video?",no,No.,no,1,,,,motion_o_timeblind_default_random1.json
random,1,none,454,113,TimeBlind/videos/vid_00113_0.mp4,"Does she wave her hand with small, subtle motions at the start of the video?",no,No.,no,1,,,,motion_o_timeblind_default_random1.json
random,1,none,455,113,TimeBlind/videos/vid_00113_1.mp4,"Does she wave her hand with small, subtle motions at the start of the video?",yes,No.,no,0,,,,motion_o_timeblind_default_random1.json
random,1,none,456,114,TimeBlind/videos/vid_00114_0.mp4,"Does the girl pull the car door handle quickly at first, then slowly?",yes,No.,no,0,,,,motion_o_timeblind_default_random1.json
random,1,none,457,114,TimeBlind/videos/vid_00114_1.mp4,"Does the girl pull the car door handle quickly at first, then slowly?",no,No.,no,1,,,,motion_o_timeblind_default_random1.json
random,1,none,458,114,TimeBlind/videos/vid_00114_0.mp4,"Does the girl pull the car door handle slowly at first, then more quickly?",no,No.,no,1,,,,motion_o_timeblind_default_random1.json
random,1,none,459,114,TimeBlind/videos/vid_00114_1.mp4,"Does the girl pull the car door handle slowly at first, then more quickly?",yes,No.,no,0,,,,motion_o_timeblind_default_random1.json
random,1,none,460,115,TimeBlind/videos/vid_00115_0.mp4,Does she pull the car door handle rapidly and repeatedly early on?,yes,No.,no,0,,,,motion_o_timeblind_default_random1.json
random,1,none,461,115,TimeBlind/videos/vid_00115_1.mp4,Does she pull the car door handle rapidly and repeatedly early on?,no,No.,no,1,,,,motion_o_timeblind_default_random1.json
random,1,none,462,115,TimeBlind/videos/vid_00115_0.mp4,Does she pull the car door handle slowly and infrequently early on?,no,No.,no,1,,,,motion_o_timeblind_default_random1.json
random,1,none,463,115,TimeBlind/videos/vid_00115_1.mp4,Does she pull the car door handle slowly and infrequently early on?,yes,No.,no,0,,,,motion_o_timeblind_default_random1.json
random,1,none,464,116,TimeBlind/videos/vid_00116_0.mp4,Does the person rub the kitten's head quickly at first and then more slowly?,yes,No.,no,0,,,,motion_o_timeblind_default_random1.json
random,1,none,465,116,TimeBlind/videos/vid_00116_1.mp4,Does the person rub the kitten's head quickly at first and then more slowly?,no,No.,no,1,,,,motion_o_timeblind_default_random1.json
random,1,none,466,116,TimeBlind/videos/vid_00116_0.mp4,"Does the person rub the kitten's head slowly at first, then more quickly?",no,No.,no,1,,,,motion_o_timeblind_default_random1.json
random,1,none,467,116,TimeBlind/videos/vid_00116_1.mp4,"Does the person rub the kitten's head slowly at first, then more quickly?",yes,No.,no,0,,,,motion_o_timeblind_default_random1.json
random,1,none,468,117,TimeBlind/videos/vid_00117_0.mp4,Does the person rub the kitten’s head quickly at the beginning?,yes,No.,no,0,,,,motion_o_timeblind_default_random1.json
random,1,none,469,117,TimeBlind/videos/vid_00117_1.mp4,Does the person rub the kitten’s head quickly at the beginning?,no,No.,no,1,,,,motion_o_timeblind_default_random1.json
random,1,none,470,117,TimeBlind/videos/vid_00117_0.mp4,Does the person rub the kitten’s head slowly at the beginning?,no,No.,no,1,,,,motion_o_timeblind_default_random1.json
random,1,none,471,117,TimeBlind/videos/vid_00117_1.mp4,Does the person rub the kitten’s head slowly at the beginning?,yes,No.,no,0,,,,motion_o_timeblind_default_random1.json
random,1,none,472,118,TimeBlind/videos/vid_00118_0.mp4,Do the cat’s front paws move in and out with a small range of motion at first and a larger range later?,yes,"No. The image shows that the person is holding the cat's front paws, but it does not provide information about their movement over time within this single frame. Therefore, we cannot determine if there was an initial smaller range followed by a larger one based on just this picture alone.",no,0,,,,motion_o_timeblind_default_random1.json
random,1,none,473,118,TimeBlind/videos/vid_00118_1.mp4,Do the cat’s front paws move in and out with a small range of motion at first and a larger range later?,no,"No.

The image shows that the person is holding one paw, which appears to be moving slightly as if it's being gently manipulated by their fingers. However, there isn't enough information from this single frame alone to determine whether its movement starts smaller and becomes more extensive over time without additional context showing different stages of interaction between the hand and the paw. Therefore, based solely on what can be observed here: 

**No**, we cannot conclude about any change in the range of motion for just observing these two moments captured within an instant photo snapshot.",no,1,,,,motion_o_timeblind_default_random1.json
random,1,none,474,118,TimeBlind/videos/vid_00118_0.mp4,Do the cat’s front paws move in and out with a large range of motion at first and a smaller range later?,no,No.,no,1,,,,motion_o_timeblind_default_random1.json
random,1,none,475,118,TimeBlind/videos/vid_00118_1.mp4,Do the cat’s front paws move in and out with a large range of motion at first and a smaller range later?,yes,No.,no,0,,,,motion_o_timeblind_default_random1.json
random,1,none,476,119,TimeBlind/videos/vid_00119_0.mp4,Does the puppy briefly close its eyes when the girl kisses it?,yes,No.,no,0,,,,motion_o_timeblind_default_random1.json
random,1,none,477,119,TimeBlind/videos/vid_00119_1.mp4,Does the puppy briefly close its eyes when the girl kisses it?,no,No.,no,1,,,,motion_o_timeblind_default_random1.json
random,1,none,478,119,TimeBlind/videos/vid_00119_0.mp4,Does the puppy keep its eyes open the whole time while the girl kisses it?,no,No.,no,1,,,,motion_o_timeblind_default_random1.json
random,1,none,479,119,TimeBlind/videos/vid_00119_1.mp4,Does the puppy keep its eyes open the whole time while the girl kisses it?,yes,No.,no,0,,,,motion_o_timeblind_default_random1.json
random,1,none,480,120,TimeBlind/videos/vid_00120_0.mp4,Does the person rub their hands quickly at first and then more slowly?,yes,No.,no,0,,,,motion_o_timeblind_default_random1.json
random,1,none,481,120,TimeBlind/videos/vid_00120_1.mp4,Does the person rub their hands quickly at first and then more slowly?,no,No.,no,1,,,,motion_o_timeblind_default_random1.json
random,1,none,482,120,TimeBlind/videos/vid_00120_0.mp4,Does the person rub their hands slowly at first and then quickly?,no,No.,no,1,,,,motion_o_timeblind_default_random1.json
random,1,none,483,120,TimeBlind/videos/vid_00120_1.mp4,Does the person rub their hands slowly at first and then quickly?,yes,No.,no,0,,,,motion_o_timeblind_default_random1.json
random,1,none,484,121,TimeBlind/videos/vid_00121_0.mp4,Does the boy clap slowly at the beginning?,yes,No.,no,0,,,,motion_o_timeblind_default_random1.json
random,1,none,485,121,TimeBlind/videos/vid_00121_1.mp4,Does the boy clap slowly at the beginning?,no,No.,no,1,,,,motion_o_timeblind_default_random1.json
random,1,none,486,121,TimeBlind/videos/vid_00121_0.mp4,Does the boy clap quickly at the beginning?,no,No.,no,1,,,,motion_o_timeblind_default_random1.json
random,1,none,487,121,TimeBlind/videos/vid_00121_1.mp4,Does the boy clap quickly at the beginning?,yes,No.,no,0,,,,motion_o_timeblind_default_random1.json
random,1,none,488,122,TimeBlind/videos/vid_00122_0.mp4,Does the vacuum cleaner move slowly at the beginning of the video?,yes,No.,no,0,,,,motion_o_timeblind_default_random1.json
random,1,none,489,122,TimeBlind/videos/vid_00122_1.mp4,Does the vacuum cleaner move slowly at the beginning of the video?,no,No.,no,1,,,,motion_o_timeblind_default_random1.json
random,1,none,490,122,TimeBlind/videos/vid_00122_0.mp4,Does the vacuum cleaner move quickly at the beginning of the video?,no,No.,no,1,,,,motion_o_timeblind_default_random1.json
random,1,none,491,122,TimeBlind/videos/vid_00122_1.mp4,Does the vacuum cleaner move quickly at the beginning of the video?,yes,No.,no,0,,,,motion_o_timeblind_default_random1.json
random,1,none,492,123,TimeBlind/videos/vid_00123_0.mp4,Does the massage gun start by moving slowly along the leg and then speed up?,yes,No.,no,0,,,,motion_o_timeblind_default_random1.json
random,1,none,493,123,TimeBlind/videos/vid_00123_1.mp4,Does the massage gun start by moving slowly along the leg and then speed up?,no,No.,no,1,,,,motion_o_timeblind_default_random1.json
random,1,none,494,123,TimeBlind/videos/vid_00123_0.mp4,Does the massage gun start moving quickly along the leg and then slow down?,no,No.,no,1,,,,motion_o_timeblind_default_random1.json
random,1,none,495,123,TimeBlind/videos/vid_00123_1.mp4,Does the massage gun start moving quickly along the leg and then slow down?,yes,No.,no,0,,,,motion_o_timeblind_default_random1.json
random,1,none,496,124,TimeBlind/videos/vid_00124_0.mp4,"In the video, does the girl switch from a red plaid shirt to a blue one?",yes,No.,no,0,,,,motion_o_timeblind_default_random1.json
random,1,none,497,124,TimeBlind/videos/vid_00124_1.mp4,"In the video, does the girl switch from a red plaid shirt to a blue one?",no,No.,no,1,,,,motion_o_timeblind_default_random1.json
random,1,none,498,124,TimeBlind/videos/vid_00124_0.mp4,Does the girl change from a blue plaid shirt to a red plaid one in the video?,no,No.,no,1,,,,motion_o_timeblind_default_random1.json
random,1,none,499,124,TimeBlind/videos/vid_00124_1.mp4,Does the girl change from a blue plaid shirt to a red plaid one in the video?,yes,No.,no,0,,,,motion_o_timeblind_default_random1.json
random,1,none,500,125,TimeBlind/videos/vid_00125_0.mp4,Does the girl switch from a short-sleeved to a long-sleeved shirt?,yes,Yes.,yes,1,,,,motion_o_timeblind_default_random1.json
random,1,none,501,125,TimeBlind/videos/vid_00125_1.mp4,Does the girl switch from a short-sleeved to a long-sleeved shirt?,no,No.,no,1,,,,motion_o_timeblind_default_random1.json
random,1,none,502,125,TimeBlind/videos/vid_00125_0.mp4,Does the girl switch from a long-sleeved shirt to a short-sleeved one?,no,No.,no,1,,,,motion_o_timeblind_default_random1.json
random,1,none,503,125,TimeBlind/videos/vid_00125_1.mp4,Does the girl switch from a long-sleeved shirt to a short-sleeved one?,yes,No.,no,0,,,,motion_o_timeblind_default_random1.json
random,1,none,504,126,TimeBlind/videos/vid_00126_0.mp4,Does the girl go from wearing shorts to long pants?,yes,No.,no,0,,,,motion_o_timeblind_default_random1.json
random,1,none,505,126,TimeBlind/videos/vid_00126_1.mp4,Does the girl go from wearing shorts to long pants?,no,Yes.,yes,0,,,,motion_o_timeblind_default_random1.json
random,1,none,506,126,TimeBlind/videos/vid_00126_0.mp4,Does the girl switch from long pants to shorts?,no,No.,no,1,,,,motion_o_timeblind_default_random1.json
random,1,none,507,126,TimeBlind/videos/vid_00126_1.mp4,Does the girl switch from long pants to shorts?,yes,No.,no,0,,,,motion_o_timeblind_default_random1.json
random,1,none,508,127,TimeBlind/videos/vid_00127_0.mp4,Is one hand applying makeup to the other hand?,yes,No.,no,0,,,,motion_o_timeblind_default_random1.json
random,1,none,509,127,TimeBlind/videos/vid_00127_1.mp4,Is one hand applying makeup to the other hand?,no,No.,no,1,,,,motion_o_timeblind_default_random1.json
random,1,none,510,127,TimeBlind/videos/vid_00127_0.mp4,Is one hand wiping off makeup from the other hand?,no,No.,no,1,,,,motion_o_timeblind_default_random1.json
random,1,none,511,127,TimeBlind/videos/vid_00127_1.mp4,Is one hand wiping off makeup from the other hand?,yes,No.,no,0,,,,motion_o_timeblind_default_random1.json
random,1,none,512,128,TimeBlind/videos/vid_00128_0.mp4,Do the hands slowly scrub a small bottle under running water before quickly rotating it?,yes,Yes.,yes,1,,,,motion_o_timeblind_default_random1.json
random,1,none,513,128,TimeBlind/videos/vid_00128_1.mp4,Do the hands slowly scrub a small bottle under running water before quickly rotating it?,no,No.,no,1,,,,motion_o_timeblind_default_random1.json
random,1,none,514,128,TimeBlind/videos/vid_00128_0.mp4,Are the hands quickly scrubbing the small bottle under running water and then rotating it slowly?,no,No.,no,1,,,,motion_o_timeblind_default_random1.json
random,1,none,515,128,TimeBlind/videos/vid_00128_1.mp4,Are the hands quickly scrubbing the small bottle under running water and then rotating it slowly?,yes,No.,no,0,,,,motion_o_timeblind_default_random1.json
random,1,none,516,129,TimeBlind/videos/vid_00129_0.mp4,"At the beginning of the video, do the hands scrub and rotate the small bottle gently?",yes,No.,no,0,,,,motion_o_timeblind_default_random1.json
random,1,none,517,129,TimeBlind/videos/vid_00129_1.mp4,"At the beginning of the video, do the hands scrub and rotate the small bottle gently?",no,No.,no,1,,,,motion_o_timeblind_default_random1.json
random,1,none,518,129,TimeBlind/videos/vid_00129_0.mp4,"At the beginning of the video, do the hands scrub and rotate the small bottle vigorously?",no,No.,no,1,,,,motion_o_timeblind_default_random1.json
random,1,none,519,129,TimeBlind/videos/vid_00129_1.mp4,"At the beginning of the video, do the hands scrub and rotate the small bottle vigorously?",yes,No.,no,0,,,,motion_o_timeblind_default_random1.json
random,1,none,520,130,TimeBlind/videos/vid_00130_0.mp4,"At the beginning of the video, does the girl rub her face gently?",yes,No.,no,0,,,,motion_o_timeblind_default_random1.json
random,1,none,521,130,TimeBlind/videos/vid_00130_1.mp4,"At the beginning of the video, does the girl rub her face gently?",no,No.,no,1,,,,motion_o_timeblind_default_random1.json
random,1,none,522,130,TimeBlind/videos/vid_00130_0.mp4,"At the beginning of the video, does the girl rub her face vigorously?",no,No.,no,1,,,,motion_o_timeblind_default_random1.json
random,1,none,523,130,TimeBlind/videos/vid_00130_1.mp4,"At the beginning of the video, does the girl rub her face vigorously?",yes,No.,no,0,,,,motion_o_timeblind_default_random1.json
random,1,none,524,131,TimeBlind/videos/vid_00131_0.mp4,Are the clouds constantly changing shape in the video?,yes,"No, it is not possible to determine if the clouds change their shapes based on this single image alone without additional context from subsequent frames of the video. The static nature of an individual frame does not provide enough information about changes over time that may occur between different moments captured by the camera. Therefore, I cannot confidently answer ""Yes"" as there isn't sufficient evidence within just one still picture provided here for such dynamic behavior like continuous transformation into new forms across multiple instances shown throughout the entire duration of the video clip being analyzed.",no,0,,,,motion_o_timeblind_default_random1.json
random,1,none,525,131,TimeBlind/videos/vid_00131_1.mp4,Are the clouds constantly changing shape in the video?,no,"No, it is not clear from this single image if the clouds change their shapes over time as they would do when observed continuously through a video. The question cannot be answered based on just one frame of an animated sequence without additional frames showing changes to confirm any dynamic behavior like shifting and morphing into different forms such as hearts. Therefore:

**No**, we can't determine that for certain with only static images provided here.

If you have more frames available where these cloud formations evolve visibly within them then yes - those could show continuous transformation but currently there isn’t enough information given by singular still shot alone!",no,1,,,,motion_o_timeblind_default_random1.json
random,1,none,526,131,TimeBlind/videos/vid_00131_0.mp4,Do the clouds stay the same shape throughout the video?,no,No.,no,1,,,,motion_o_timeblind_default_random1.json
random,1,none,527,131,TimeBlind/videos/vid_00131_1.mp4,Do the clouds stay the same shape throughout the video?,yes,No.,no,0,,,,motion_o_timeblind_default_random1.json
random,1,none,528,132,TimeBlind/videos/vid_00132_0.mp4,Does the number of animals on the sofa increase from 0 to 3?,yes,No.,no,0,,,,motion_o_timeblind_default_random1.json
random,1,none,529,132,TimeBlind/videos/vid_00132_1.mp4,Does the number of animals on the sofa increase from 0 to 3?,no,No,no,1,,,,motion_o_timeblind_default_random1.json
random,1,none,530,132,TimeBlind/videos/vid_00132_0.mp4,Does the number of animals on the sofa drop from three to zero?,no,No.,no,1,,,,motion_o_timeblind_default_random1.json
random,1,none,531,132,TimeBlind/videos/vid_00132_1.mp4,Does the number of animals on the sofa drop from three to zero?,yes,No,no,0,,,,motion_o_timeblind_default_random1.json
random,1,none,532,133,TimeBlind/videos/vid_00133_0.mp4,Does the number of oranges on the plate increase from 2 to 4?,yes,No.,no,0,,,,motion_o_timeblind_default_random1.json
random,1,none,533,133,TimeBlind/videos/vid_00133_1.mp4,Does the number of oranges on the plate increase from 2 to 4?,no,No.,no,1,,,,motion_o_timeblind_default_random1.json
random,1,none,534,133,TimeBlind/videos/vid_00133_0.mp4,Does the number of oranges on the plate decrease from 4 to 2?,no,No.,no,1,,,,motion_o_timeblind_default_random1.json
random,1,none,535,133,TimeBlind/videos/vid_00133_1.mp4,Does the number of oranges on the plate decrease from 4 to 2?,yes,No.,no,0,,,,motion_o_timeblind_default_random1.json
random,1,none,536,134,TimeBlind/videos/vid_00134_0.mp4,Does the person go from sitting on a chair to standing on it?,yes,"No. The image shows one individual who is already standing and not transitioning between sitting and standing positions in relation to any chairs visible within this frame of reference. Therefore, there's no indication that they move into an action involving changing their position relative to seating furniture like a chair during these moments captured by the photograph.

So, based solely upon what can be observed here: **No** - does NOT describe someone going through such transitions as described above.",no,0,,,,motion_o_timeblind_default_random1.json
random,1,none,537,134,TimeBlind/videos/vid_00134_1.mp4,Does the person go from sitting on a chair to standing on it?,no,"No. The image shows one individual who is seated on what appears to be an outdoor bench, not a chair that they transition into standing upon. Therefore, there's no change in their position as described by going ""from sitting...to standing.""",no,1,,,,motion_o_timeblind_default_random1.json
random,1,none,538,134,TimeBlind/videos/vid_00134_0.mp4,Does the person go from standing on a chair to sitting on it?,no,"No. The image shows a person standing next to an outdoor bench, not actually using any chairs for seating in this scene. Therefore, there is no transition depicted where someone goes from standing on something (like a chair) and then sits down on another object like that same chair. Thus:

**No**, they do not move between these actions based solely upon what's visible here.

If you're asking about their position relative to the bench: They appear ready to sit but aren't seated yet; hence technically speaking - if we consider 'standing' as being near/next-to something vs actively using it - yes... perhaps one could say *they* are ""going"" towards becoming seated by the bench! But again, strictly observing posture & action captured within frame at moment of photo doesn’t show actual movement happening during said timeframe.",no,1,,,,motion_o_timeblind_default_random1.json
random,1,none,539,134,TimeBlind/videos/vid_00134_1.mp4,Does the person go from standing on a chair to sitting on it?,yes,"No.

The image shows a person who is already seated on what appears to be an outdoor bench, not a chair that they have stood up and then sat down in. The individual's posture indicates they are comfortably seated with their legs crossed over one another. There is no indication of them having been previously standing before sitting. Therefore, based solely on this observation within the provided context:

**No**, there isn't evidence suggesting any transition involving going from standing on something (a chair) to sitting on it as described in your question.",no,0,,,,motion_o_timeblind_default_random1.json
random,1,none,540,135,TimeBlind/videos/vid_00135_0.mp4,Does the person switch from gripping the cup to supporting it from underneath?,yes,No.,no,0,,,,motion_o_timeblind_default_random1.json
random,1,none,541,135,TimeBlind/videos/vid_00135_1.mp4,Does the person switch from gripping the cup to supporting it from underneath?,no,No.,no,1,,,,motion_o_timeblind_default_random1.json
random,1,none,542,135,TimeBlind/videos/vid_00135_0.mp4,Does the person switch from supporting the cup with their hand to holding it?,no,"No. The image shows only one position of the mug being held by an arm, and there is no indication that the person switches positions during this moment captured in the photo. Therefore, based on what can be observed here: 

**No**, they do not appear to change how they hold the cup between these frames as shown within just this single snapshot.

If you're asking about changes over time (which isn't depicted), then we'd need more context or additional images for accurate assessment!",no,1,,,,motion_o_timeblind_default_random1.json
random,1,none,543,135,TimeBlind/videos/vid_00135_1.mp4,Does the person switch from supporting the cup with their hand to holding it?,yes,No.,no,0,,,,motion_o_timeblind_default_random1.json
random,1,none,544,136,TimeBlind/videos/vid_00136_0.mp4,Does the person put the clothes on?,yes,No.,no,0,,,,motion_o_timeblind_default_random1.json
random,1,none,545,136,TimeBlind/videos/vid_00136_1.mp4,Does the person put the clothes on?,no,No.,no,1,,,,motion_o_timeblind_default_random1.json
random,1,none,546,136,TimeBlind/videos/vid_00136_0.mp4,Does the person take the clothes off?,no,No.,no,1,,,,motion_o_timeblind_default_random1.json
random,1,none,547,136,TimeBlind/videos/vid_00136_1.mp4,Does the person take the clothes off?,yes,No.,no,0,,,,motion_o_timeblind_default_random1.json
random,1,none,548,137,TimeBlind/videos/vid_00137_0.mp4,"In the video, does the person switch from pushing the door to pulling it?",yes,No.,no,0,,,,motion_o_timeblind_default_random1.json
random,1,none,549,137,TimeBlind/videos/vid_00137_1.mp4,"In the video, does the person switch from pushing the door to pulling it?",no,No.,no,1,,,,motion_o_timeblind_default_random1.json
random,1,none,550,137,TimeBlind/videos/vid_00137_0.mp4,"In the video, does the person switch from pulling the door to pushing it?",no,No.,no,1,,,,motion_o_timeblind_default_random1.json
random,1,none,551,137,TimeBlind/videos/vid_00137_1.mp4,"In the video, does the person switch from pulling the door to pushing it?",yes,No.,no,0,,,,motion_o_timeblind_default_random1.json
random,1,none,552,138,TimeBlind/videos/vid_00138_0.mp4,Does the puppy go from standing to sitting?,yes,Yes.,yes,1,,,,motion_o_timeblind_default_random1.json
random,1,none,553,138,TimeBlind/videos/vid_00138_1.mp4,Does the puppy go from standing to sitting?,no,No.,no,1,,,,motion_o_timeblind_default_random1.json
random,1,none,554,138,TimeBlind/videos/vid_00138_0.mp4,Does the puppy go from sitting to standing?,no,No.,no,1,,,,motion_o_timeblind_default_random1.json
random,1,none,555,138,TimeBlind/videos/vid_00138_1.mp4,Does the puppy go from sitting to standing?,yes,Yes.,yes,1,,,,motion_o_timeblind_default_random1.json
random,1,none,556,139,TimeBlind/videos/vid_00139_0.mp4,"In the video, does the person open the box first and then close it?",yes,No.,no,0,,,,motion_o_timeblind_default_random1.json
random,1,none,557,139,TimeBlind/videos/vid_00139_1.mp4,"In the video, does the person open the box first and then close it?",no,No.,no,1,,,,motion_o_timeblind_default_random1.json
random,1,none,558,139,TimeBlind/videos/vid_00139_0.mp4,"In the video, does the person close the box first and then open it?",no,No.,no,1,,,,motion_o_timeblind_default_random1.json
random,1,none,559,139,TimeBlind/videos/vid_00139_1.mp4,"In the video, does the person close the box first and then open it?",yes,No.,no,0,,,,motion_o_timeblind_default_random1.json
random,1,none,560,140,TimeBlind/videos/vid_00140_0.mp4,Does the person put the key on the table first and then pick it up?,yes,"No. The image does not show any keys being placed on the table, nor is there evidence of someone picking them up from anywhere in this scene. Therefore, based solely on what can be observed here, we cannot confirm that such an action has occurred. Thus, the answer would also be ""No.""",no,0,,,,motion_o_timeblind_default_random1.json
random,1,none,561,140,TimeBlind/videos/vid_00140_1.mp4,Does the person put the key on the table first and then pick it up?,no,"No. The image does not show any keys, nor is there evidence of someone picking them up from the table after placing them down. Therefore, we cannot determine if such an action occurred based solely on this image.",no,1,,,,motion_o_timeblind_default_random1.json
random,1,none,562,140,TimeBlind/videos/vid_00140_0.mp4,Does the person pick up the key first and then put it on the table?,no,"No. The image does not show any keys being picked up by someone, nor is there evidence of them having been placed on the table before this moment in time. Therefore, based solely on what can be observed from this single snapshot, we cannot confirm that such an action has occurred prior to taking this picture.

Answer: **No**",no,1,,,,motion_o_timeblind_default_random1.json
random,1,none,563,140,TimeBlind/videos/vid_00140_1.mp4,Does the person pick up the key first and then put it on the table?,yes,No.,no,0,,,,motion_o_timeblind_default_random1.json
random,1,none,564,141,TimeBlind/videos/vid_00141_0.mp4,"In the video, does the person turn the light on first and then turn it off?",yes,No.,no,0,,,,motion_o_timeblind_default_random1.json
random,1,none,565,141,TimeBlind/videos/vid_00141_1.mp4,"In the video, does the person turn the light on first and then turn it off?",no,"No. The image shows that the lights in the bathroom appear to be turned on already before any action is taken by the individual. There's no indication of turning them on after they were initially off; instead, there seems to be an interaction with something else (possibly related to cleaning) while the lights remain illuminated. Therefore, based solely on this single frame from what appears could have been a sequence showing actions like turning lights on/off followed by other activities, we cannot confirm if such specific actions occurred as described without additional frames for context.

However, since you asked whether ""the person turns the light on first,"" given only one snapshot where both hands seem occupied but not directly interacting with switches or controls visible here, I would cautiously infer: **No**, because there’s insufficient evidence within just these visuals alone about prior states nor direct manipulation of lighting fixtures shown at all times throughout potential sequences leading up until now captured. 

For accuracy though - always consider multiple consecutive images together when analyzing human behavior & environment changes over time!",no,1,,,,motion_o_timeblind_default_random1.json
random,1,none,566,141,TimeBlind/videos/vid_00141_0.mp4,"In the video, does the person turn the light off first and then turn it on?",no,No.,no,1,,,,motion_o_timeblind_default_random1.json
random,1,none,567,141,TimeBlind/videos/vid_00141_1.mp4,"In the video, does the person turn the light off first and then turn it on?",yes,No.,no,0,,,,motion_o_timeblind_default_random1.json
random,1,none,568,142,TimeBlind/videos/vid_00142_0.mp4,"In the video, does the person pour water into the cup and then drink it?",yes,No.,no,0,,,,motion_o_timeblind_default_random1.json
random,1,none,569,142,TimeBlind/videos/vid_00142_1.mp4,"In the video, does the person pour water into the cup and then drink it?",no,No.,no,1,,,,motion_o_timeblind_default_random1.json
random,1,none,570,142,TimeBlind/videos/vid_00142_0.mp4,"In the video, does the person drink the water in the cup first and then pour more water into the cup?",no,"No.

The image shows that the person is holding an empty glass bottle with one hand while another object (possibly a can) is held by their other hand near where they would typically hold a cup to drink from it. There's no indication of pouring additional water at this moment; instead, there appears to be some action involving both hands but not necessarily related directly to drinking or pouring liquid between them simultaneously as described in your question. Therefore based on what we see here - without any clear evidence pointing towards such actions occurring within just these two frames alone – I cannot confirm if those specific events happened sequentially before taking this photo sequence. So my answer remains ""no"".",no,1,,,,motion_o_timeblind_default_random1.json
random,1,none,571,142,TimeBlind/videos/vid_00142_1.mp4,"In the video, does the person drink the water in the cup first and then pour more water into the cup?",yes,"No. The image shows two cups of water being held by different people; one is empty while another contains some liquid that appears to be water. There's no indication from this single frame alone whether any drinking has occurred before pouring additional water if it were possible with these objects shown together at once without context about their sequence over time within an event like ""the video."" Therefore based solely on what can be observed here: **No** - there isn't enough information provided for us to determine such actions happening sequentially as described above.",no,0,,,,motion_o_timeblind_default_random1.json
random,1,none,572,143,TimeBlind/videos/vid_00143_0.mp4,Is the girl sitting on the sofa while the boy drinks water?,yes,Yes.,yes,1,,,,motion_o_timeblind_default_random1.json
random,1,none,573,143,TimeBlind/videos/vid_00143_1.mp4,Is the girl sitting on the sofa while the boy drinks water?,no,"No.

The image shows an individual, not two people (a girl and a boy). The person is holding what appears to be a bottle of water but there's no indication that they are drinking it at this moment in the photo. There also isn't any visible evidence suggesting another person named ""girl"" who might be sitting nearby. Therefore, based solely on visual information from one single frame provided by you, I cannot confirm if such scenario exists within said context. If more frames were available for analysis then perhaps we could draw different conclusions about their actions. However with just these few seconds captured here - my answer remains unchanged: **NO**.",no,1,,,,motion_o_timeblind_default_random1.json
random,1,none,574,143,TimeBlind/videos/vid_00143_0.mp4,Does the girl sit on the sofa only after the boy finishes drinking water?,no,No.,no,1,,,,motion_o_timeblind_default_random1.json
random,1,none,575,143,TimeBlind/videos/vid_00143_1.mp4,Does the girl sit on the sofa only after the boy finishes drinking water?,yes,"No.

The image shows two people, but there is no indication that one person sits down immediately after another has finished an action like drinking water. The scene appears to be static at this moment in time. Therefore, it cannot be determined from the given information whether the girl sits on the sofa only after the boy finishes drinking water. 

Answer: No (based solely on what can be observed and inferred directly).",no,0,,,,motion_o_timeblind_default_random1.json
random,1,none,576,144,TimeBlind/videos/vid_00144_0.mp4,Does the boy start talking to the girl as soon as she sits down on the sofa?,yes,No.,no,0,,,,motion_o_timeblind_default_random1.json
random,1,none,577,144,TimeBlind/videos/vid_00144_1.mp4,Does the boy start talking to the girl as soon as she sits down on the sofa?,no,No.,no,1,,,,motion_o_timeblind_default_random1.json
random,1,none,578,144,TimeBlind/videos/vid_00144_0.mp4,"After the girl sits on the sofa, do the boy and the girl pause for a moment before they start talking?",no,No.,no,1,,,,motion_o_timeblind_default_random1.json
random,1,none,579,144,TimeBlind/videos/vid_00144_1.mp4,"After the girl sits on the sofa, do the boy and the girl pause for a moment before they start talking?",yes,No.,no,0,,,,motion_o_timeblind_default_random1.json
random,1,none,580,145,TimeBlind/videos/vid_00145_0.mp4,Is the girl talking to the boy while she’s on her phone?,yes,No.,no,0,,,,motion_o_timeblind_default_random1.json
random,1,none,581,145,TimeBlind/videos/vid_00145_1.mp4,Is the girl talking to the boy while she’s on her phone?,no,No.,no,1,,,,motion_o_timeblind_default_random1.json
random,1,none,582,145,TimeBlind/videos/vid_00145_0.mp4,Does the girl talk to the boy after she finishes using her phone??,no,No.,no,1,,,,motion_o_timeblind_default_random1.json
random,1,none,583,145,TimeBlind/videos/vid_00145_1.mp4,Does the girl talk to the boy after she finishes using her phone??,yes,No.,no,0,,,,motion_o_timeblind_default_random1.json
random,1,none,584,146,TimeBlind/videos/vid_00146_0.mp4,Does the boy spend more time on his phone than the girl does?,yes,Yes.,yes,1,,,,motion_o_timeblind_default_random1.json
random,1,none,585,146,TimeBlind/videos/vid_00146_1.mp4,Does the boy spend more time on his phone than the girl does?,no,No.,no,1,,,,motion_o_timeblind_default_random1.json
random,1,none,586,146,TimeBlind/videos/vid_00146_0.mp4,Does the boy spend less time on his phone than the girl does?,no,No.,no,1,,,,motion_o_timeblind_default_random1.json
random,1,none,587,146,TimeBlind/videos/vid_00146_1.mp4,Does the boy spend less time on his phone than the girl does?,yes,No.,no,0,,,,motion_o_timeblind_default_random1.json
random,1,none,588,147,TimeBlind/videos/vid_00147_0.mp4,Does the girl spend more time holding cats than holding dogs?,yes,No.,no,0,,,,motion_o_timeblind_default_random1.json
random,1,none,589,147,TimeBlind/videos/vid_00147_1.mp4,Does the girl spend more time holding cats than holding dogs?,no,No.,no,1,,,,motion_o_timeblind_default_random1.json
random,1,none,590,147,TimeBlind/videos/vid_00147_0.mp4,Does the girl spend less time holding cats than holding dogs?,no,No.,no,1,,,,motion_o_timeblind_default_random1.json
random,1,none,591,147,TimeBlind/videos/vid_00147_1.mp4,Does the girl spend less time holding cats than holding dogs?,yes,No.,no,0,,,,motion_o_timeblind_default_random1.json
random,1,none,592,148,TimeBlind/videos/vid_00148_0.mp4,"In the video, do both people pick up the same remote?",yes,No.,no,0,,,,motion_o_timeblind_default_random1.json
random,1,none,593,148,TimeBlind/videos/vid_00148_1.mp4,"In the video, do both people pick up the same remote?",no,No.,no,1,,,,motion_o_timeblind_default_random1.json
random,1,none,594,148,TimeBlind/videos/vid_00148_0.mp4,Is only one person picking up the remote?,no,No.,no,1,,,,motion_o_timeblind_default_random1.json
random,1,none,595,148,TimeBlind/videos/vid_00148_1.mp4,Is only one person picking up the remote?,yes,No.,no,0,,,,motion_o_timeblind_default_random1.json
random,1,none,596,149,TimeBlind/videos/vid_00149_0.mp4,Do the girl and the boy both pick up the same book?,yes,"No.

The image shows two people sitting on what appears to be a bed, with one person holding an open book while another is looking at it but not actively reading from that specific page. The person who has their hand raised seems to have picked up something else rather than interacting directly with the book being held by the other individual. Therefore, they do not appear to be picking up the same item in this context.",no,0,,,,motion_o_timeblind_default_random1.json
random,1,none,597,149,TimeBlind/videos/vid_00149_1.mp4,Do the girl and the boy both pick up the same book?,no,"No.

The image shows two people sitting on what appears to be a bed, with one person holding an open book while another is looking at it but not actively reading from that specific page. The person who has their hand raised seems to have picked up something else rather than interacting directly with the book being held by the other individual. Therefore, they do not appear to be picking up the same item in this context.",no,1,,,,motion_o_timeblind_default_random1.json
random,1,none,598,149,TimeBlind/videos/vid_00149_0.mp4,Do the girl and the boy pick up different books?,no,No.,no,1,,,,motion_o_timeblind_default_random1.json
random,1,none,599,149,TimeBlind/videos/vid_00149_1.mp4,Do the girl and the boy pick up different books?,yes,No.,no,0,,,,motion_o_timeblind_default_random1.json
random,1,none,600,150,TimeBlind/videos/vid_00150_0.mp4,"In the video, does the first person jump farther than the second person?",yes,No.,no,0,,,,motion_o_timeblind_default_random1.json
random,1,none,601,150,TimeBlind/videos/vid_00150_1.mp4,"In the video, does the first person jump farther than the second person?",no,No.,no,1,,,,motion_o_timeblind_default_random1.json
random,1,none,602,150,TimeBlind/videos/vid_00150_0.mp4,"In the video, does the first person jump a shorter distance than the second person?",no,No.,no,1,,,,motion_o_timeblind_default_random1.json
random,1,none,603,150,TimeBlind/videos/vid_00150_1.mp4,"In the video, does the first person jump a shorter distance than the second person?",yes,No.,no,0,,,,motion_o_timeblind_default_random1.json
random,1,none,604,151,TimeBlind/videos/vid_00151_0.mp4,"In the video, does the boy pick up the cup more often than the girl does?",yes,No.,no,0,,,,motion_o_timeblind_default_random1.json
random,1,none,605,151,TimeBlind/videos/vid_00151_1.mp4,"In the video, does the boy pick up the cup more often than the girl does?",no,No.,no,1,,,,motion_o_timeblind_default_random1.json
random,1,none,606,151,TimeBlind/videos/vid_00151_0.mp4,Does the boy pick up the cup less often than the girl in the video?,no,No.,no,1,,,,motion_o_timeblind_default_random1.json
random,1,none,607,151,TimeBlind/videos/vid_00151_1.mp4,Does the boy pick up the cup less often than the girl in the video?,yes,No.,no,0,,,,motion_o_timeblind_default_random1.json
random,1,none,608,152,TimeBlind/videos/vid_00152_0.mp4,"In the video, does the person actually pick up the cup?",yes,No.,no,0,,,,motion_o_timeblind_default_random1.json
random,1,none,609,152,TimeBlind/videos/vid_00152_1.mp4,"In the video, does the person actually pick up the cup?",no,No.,no,1,,,,motion_o_timeblind_default_random1.json
random,1,none,610,152,TimeBlind/videos/vid_00152_0.mp4,"In the video, does the person only pretend to pick up the cup?",no,No.,no,1,,,,motion_o_timeblind_default_random1.json
random,1,none,611,152,TimeBlind/videos/vid_00152_1.mp4,"In the video, does the person only pretend to pick up the cup?",yes,No.,no,0,,,,motion_o_timeblind_default_random1.json
random,1,none,612,153,TimeBlind/videos/vid_00153_0.mp4,Is the hair dryer plugged into the outlet?,yes,Yes.,yes,1,,,,motion_o_timeblind_default_random1.json
random,1,none,613,153,TimeBlind/videos/vid_00153_1.mp4,Is the hair dryer plugged into the outlet?,no,No.,no,1,,,,motion_o_timeblind_default_random1.json
random,1,none,614,153,TimeBlind/videos/vid_00153_0.mp4,Is the hair dryer unplugged from the outlet?,no,No.,no,1,,,,motion_o_timeblind_default_random1.json
random,1,none,615,153,TimeBlind/videos/vid_00153_1.mp4,Is the hair dryer unplugged from the outlet?,yes,No.,no,0,,,,motion_o_timeblind_default_random1.json
random,1,none,616,154,TimeBlind/videos/vid_00154_0.mp4,Does the video show someone throwing a ball?,yes,No.,no,0,,,,motion_o_timeblind_default_random1.json
random,1,none,617,154,TimeBlind/videos/vid_00154_1.mp4,Does the video show someone throwing a ball?,no,No.,no,1,,,,motion_o_timeblind_default_random1.json
random,1,none,618,154,TimeBlind/videos/vid_00154_0.mp4,Does the video show someone catching a ball?,no,Yes.,yes,0,,,,motion_o_timeblind_default_random1.json
random,1,none,619,154,TimeBlind/videos/vid_00154_1.mp4,Does the video show someone catching a ball?,yes,No.,no,0,,,,motion_o_timeblind_default_random1.json
random,1,none,620,155,TimeBlind/videos/vid_00155_0.mp4,Is the light turned on and off twice in the video?,yes,No.,no,0,,,,motion_o_timeblind_default_random1.json
random,1,none,621,155,TimeBlind/videos/vid_00155_1.mp4,Is the light turned on and off twice in the video?,no,No.,no,1,,,,motion_o_timeblind_default_random1.json
random,1,none,622,155,TimeBlind/videos/vid_00155_0.mp4,Is the light turned on and off three times in the video?,no,"No. The image provided does not show any indication of lighting being turned on, as it is simply an unlit lamp fixture against a white wall with no visible illumination from its bulb. Therefore, there cannot be multiple instances of turning lights ""on"" within this single frame context.

Output: **No**",no,1,,,,motion_o_timeblind_default_random1.json
random,1,none,623,155,TimeBlind/videos/vid_00155_1.mp4,Is the light turned on and off three times in the video?,yes,"No. The image provided does not show any indication of lighting being turned on, as it is simply an unlit floor lamp against a white wall with no visible illumination from its base. Therefore, there cannot be multiple instances where the light has been toggled between states based solely on this single frame. If you have additional frames showing different states (on/off), then we could determine if that occurred; however, only one state can be observed here: non-illuminated.",no,0,,,,motion_o_timeblind_default_random1.json
random,1,none,624,156,TimeBlind/videos/vid_00156_0.mp4,"In the video, does the person flip through two books?",yes,Yes.,yes,1,,,,motion_o_timeblind_default_random1.json
random,1,none,625,156,TimeBlind/videos/vid_00156_1.mp4,"In the video, does the person flip through two books?",no,Yes.,yes,0,,,,motion_o_timeblind_default_random1.json
random,1,none,626,156,TimeBlind/videos/vid_00156_0.mp4,"In the video, does the person flip through three books?",no,"No. The image shows one book being held open by someone who appears to be reading it while lying on a bed with another book and what looks like an exam paper nearby. There is no indication of flipping through multiple books in this single frame from the video. Therefore, based solely on the provided visual information, we cannot confirm that any flips occurred across several books within the context shown here.

Answer: **No**",no,1,,,,motion_o_timeblind_default_random1.json
random,1,none,627,156,TimeBlind/videos/vid_00156_1.mp4,"In the video, does the person flip through three books?",yes,"No. The image shows one book being held open by two hands and another book lying flat on what appears to be bedding with pages turned over it. There is no indication of flipping through multiple books in this single frame from the video. Therefore, based solely on the provided visual information within that specific moment captured, there isn't enough evidence to confirm if any flips occurred across more than just these two instances shown here.

Answer: **No** (assuming we're only considering actions visible at once). If you were asking about potential unseen events outside our view during playback, then without additional context or frames showing such activity happening after those seen initially - which cannot be determined accurately given current data alone – I'd still lean towards saying ""no"".",no,0,,,,motion_o_timeblind_default_random1.json
random,1,none,628,157,TimeBlind/videos/vid_00157_0.mp4,Does the person first draw a square and then a circle on the paper?,yes,No.,no,0,,,,motion_o_timeblind_default_random1.json
random,1,none,629,157,TimeBlind/videos/vid_00157_1.mp4,Does the person first draw a square and then a circle on the paper?,no,Yes.,yes,0,,,,motion_o_timeblind_default_random1.json
random,1,none,630,157,TimeBlind/videos/vid_00157_0.mp4,Does the person first draw a circle and then a square on the paper?,no,No.,no,1,,,,motion_o_timeblind_default_random1.json
random,1,none,631,157,TimeBlind/videos/vid_00157_1.mp4,Does the person first draw a circle and then a square on the paper?,yes,No.,no,0,,,,motion_o_timeblind_default_random1.json
random,1,none,632,158,TimeBlind/videos/vid_00158_0.mp4,Does the person type 'food' before typing 'apple' on the computer screen?,yes,No,no,0,,,,motion_o_timeblind_default_random1.json
random,1,none,633,158,TimeBlind/videos/vid_00158_1.mp4,Does the person type 'food' before typing 'apple' on the computer screen?,no,Yes.,yes,0,,,,motion_o_timeblind_default_random1.json
random,1,none,634,158,TimeBlind/videos/vid_00158_0.mp4,Does the person type 'apple' before typing 'food'?,no,Yes,yes,0,,,,motion_o_timeblind_default_random1.json
random,1,none,635,158,TimeBlind/videos/vid_00158_1.mp4,Does the person type 'apple' before typing 'food'?,yes,No.,no,0,,,,motion_o_timeblind_default_random1.json
random,1,none,636,159,TimeBlind/videos/vid_00159_0.mp4,"From the camera’s perspective, is the ball spinning to the left?",yes,No.,no,0,,,,motion_o_timeblind_default_random1.json
random,1,none,637,159,TimeBlind/videos/vid_00159_1.mp4,"From the camera’s perspective, is the ball spinning to the left?",no,No.,no,1,,,,motion_o_timeblind_default_random1.json
random,1,none,638,159,TimeBlind/videos/vid_00159_0.mp4,"From the camera's perspective, is the ball spinning to the right?",no,No.,no,1,,,,motion_o_timeblind_default_random1.json
random,1,none,639,159,TimeBlind/videos/vid_00159_1.mp4,"From the camera's perspective, is the ball spinning to the right?",yes,No.,no,0,,,,motion_o_timeblind_default_random1.json
random,1,none,640,160,TimeBlind/videos/vid_00160_0.mp4,"At the beginning of the video, does the person jump rope quickly?",yes,No.,no,0,,,,motion_o_timeblind_default_random1.json
random,1,none,641,160,TimeBlind/videos/vid_00160_1.mp4,"At the beginning of the video, does the person jump rope quickly?",no,No.,no,1,,,,motion_o_timeblind_default_random1.json
random,1,none,642,160,TimeBlind/videos/vid_00160_0.mp4,"At the beginning of the video, does the person jump rope slowly?",no,No.,no,1,,,,motion_o_timeblind_default_random1.json
random,1,none,643,160,TimeBlind/videos/vid_00160_1.mp4,"At the beginning of the video, does the person jump rope slowly?",yes,No.,no,0,,,,motion_o_timeblind_default_random1.json
random,1,none,644,161,TimeBlind/videos/vid_00161_0.mp4,"While the man is holding it, does the wine glass rotate only about halfway around?",yes,No.,no,0,,,,motion_o_timeblind_default_random1.json
random,1,none,645,161,TimeBlind/videos/vid_00161_1.mp4,"While the man is holding it, does the wine glass rotate only about halfway around?",no,No.,no,1,,,,motion_o_timeblind_default_random1.json
random,1,none,646,161,TimeBlind/videos/vid_00161_0.mp4,"While the man is holding it, does the wine glass rotate at least one full turn?",no,No.,no,1,,,,motion_o_timeblind_default_random1.json
random,1,none,647,161,TimeBlind/videos/vid_00161_1.mp4,"While the man is holding it, does the wine glass rotate at least one full turn?",yes,No.,no,0,,,,motion_o_timeblind_default_random1.json
random,1,none,648,162,TimeBlind/videos/vid_00162_0.mp4,"In the video, does the person stop before folding the clothes into a square?",yes,No.,no,0,,,,motion_o_timeblind_default_random1.json
random,1,none,649,162,TimeBlind/videos/vid_00162_1.mp4,"In the video, does the person stop before folding the clothes into a square?",no,No.,no,1,,,,motion_o_timeblind_default_random1.json
random,1,none,650,162,TimeBlind/videos/vid_00162_0.mp4,"In the video, does the person successfully fold the clothes into a square?",no,No.,no,1,,,,motion_o_timeblind_default_random1.json
random,1,none,651,162,TimeBlind/videos/vid_00162_1.mp4,"In the video, does the person successfully fold the clothes into a square?",yes,No.,no,0,,,,motion_o_timeblind_default_random1.json
random,1,none,652,163,TimeBlind/videos/vid_00163_0.mp4,Does the person in the video leave the door partially open?,yes,No.,no,0,,,,motion_o_timeblind_default_random1.json
random,1,none,653,163,TimeBlind/videos/vid_00163_1.mp4,Does the person in the video leave the door partially open?,no,No.,no,1,,,,motion_o_timeblind_default_random1.json
random,1,none,654,163,TimeBlind/videos/vid_00163_0.mp4,Does the person in the video close the door all the way?,no,No.,no,1,,,,motion_o_timeblind_default_random1.json
random,1,none,655,163,TimeBlind/videos/vid_00163_1.mp4,Does the person in the video close the door all the way?,yes,No.,no,0,,,,motion_o_timeblind_default_random1.json
random,1,none,656,164,TimeBlind/videos/vid_00164_0.mp4,Is the portrait in the first photo darker than the one in the second?,yes,No.,no,0,,,,motion_o_timeblind_default_random1.json
random,1,none,657,164,TimeBlind/videos/vid_00164_1.mp4,Is the portrait in the first photo darker than the one in the second?,no,No.,no,1,,,,motion_o_timeblind_default_random1.json
random,1,none,658,164,TimeBlind/videos/vid_00164_0.mp4,Is the portrait in the second photo darker than the one in the first photo?,no,No.,no,1,,,,motion_o_timeblind_default_random1.json
random,1,none,659,164,TimeBlind/videos/vid_00164_1.mp4,Is the portrait in the second photo darker than the one in the first photo?,yes,No.,no,0,,,,motion_o_timeblind_default_random1.json
random,1,none,660,165,TimeBlind/videos/vid_00165_0.mp4,Does the person wearing white jump higher than the person wearing black?,yes,Yes.,yes,1,,,,motion_o_timeblind_default_random1.json
random,1,none,661,165,TimeBlind/videos/vid_00165_1.mp4,Does the person wearing white jump higher than the person wearing black?,no,No.,no,1,,,,motion_o_timeblind_default_random1.json
random,1,none,662,165,TimeBlind/videos/vid_00165_0.mp4,Does the person wearing black jump higher than the person wearing white?,no,No.,no,1,,,,motion_o_timeblind_default_random1.json
random,1,none,663,165,TimeBlind/videos/vid_00165_1.mp4,Does the person wearing black jump higher than the person wearing white?,yes,No.,no,0,,,,motion_o_timeblind_default_random1.json
random,1,none,664,166,TimeBlind/videos/vid_00166_0.mp4,"When the camera is pointed at them, does the person greet the camera?",yes,No.,no,0,,,,motion_o_timeblind_default_random1.json
random,1,none,665,166,TimeBlind/videos/vid_00166_1.mp4,"When the camera is pointed at them, does the person greet the camera?",no,No.,no,1,,,,motion_o_timeblind_default_random1.json
random,1,none,666,166,TimeBlind/videos/vid_00166_0.mp4,"When the camera is pointed at them, does the person not greet the camera?",no,No.,no,1,,,,motion_o_timeblind_default_random1.json
random,1,none,667,166,TimeBlind/videos/vid_00166_1.mp4,"When the camera is pointed at them, does the person not greet the camera?",yes,No.,no,0,,,,motion_o_timeblind_default_random1.json
random,1,none,668,167,TimeBlind/videos/vid_00167_0.mp4,Is the door being closed gently?,yes,No.,no,0,,,,motion_o_timeblind_default_random1.json
random,1,none,669,167,TimeBlind/videos/vid_00167_1.mp4,Is the door being closed gently?,no,No.,no,1,,,,motion_o_timeblind_default_random1.json
random,1,none,670,167,TimeBlind/videos/vid_00167_0.mp4,Is the door being closed gently?,no,No.,no,1,,,,motion_o_timeblind_default_random1.json
random,1,none,671,167,TimeBlind/videos/vid_00167_1.mp4,Is the door being closed gently?,yes,No.,no,0,,,,motion_o_timeblind_default_random1.json
random,1,none,672,168,TimeBlind/videos/vid_00168_0.mp4,Does the person take lychees out of a plastic bag three times?,yes,No.,no,0,,,,motion_o_timeblind_default_random1.json
random,1,none,673,168,TimeBlind/videos/vid_00168_1.mp4,Does the person take lychees out of a plastic bag three times?,no,"No. The image shows one hand reaching into what appears to be a pile of lychees, not taking them from a plastic bag multiple times. Therefore, it is incorrect to say that the person takes lychees out of a plastic bag three times based on this single frame.",no,1,,,,motion_o_timeblind_default_random1.json
random,1,none,674,168,TimeBlind/videos/vid_00168_0.mp4,Does the person put the lychees into the plastic bag three times?,no,No.,no,1,,,,motion_o_timeblind_default_random1.json
random,1,none,675,168,TimeBlind/videos/vid_00168_1.mp4,Does the person put the lychees into the plastic bag three times?,yes,"No. The image shows one hand reaching for and picking up some of the lychees, but it does not show any action involving putting them in a plastic bag multiple times within this single frame. Therefore, based on what is visible here, we cannot confirm that they have done so ""three times.""",no,0,,,,motion_o_timeblind_default_random1.json
random,1,none,676,169,TimeBlind/videos/vid_00169_0.mp4,Are the lychees put into a plastic bag only once?,yes,No.,no,0,,,,motion_o_timeblind_default_random1.json
random,1,none,677,169,TimeBlind/videos/vid_00169_1.mp4,Are the lychees put into a plastic bag only once?,no,No.,no,1,,,,motion_o_timeblind_default_random1.json
random,1,none,678,169,TimeBlind/videos/vid_00169_0.mp4,Are the lychees put into a plastic bag three times?,no,No.,no,1,,,,motion_o_timeblind_default_random1.json
random,1,none,679,169,TimeBlind/videos/vid_00169_1.mp4,Are the lychees put into a plastic bag three times?,yes,No.,no,0,,,,motion_o_timeblind_default_random1.json
random,1,none,680,170,TimeBlind/videos/vid_00170_0.mp4,Does the number of eggplants in the person's left hand gradually increase from 0 to 3?,yes,No.,no,0,,,,motion_o_timeblind_default_random1.json
random,1,none,681,170,TimeBlind/videos/vid_00170_1.mp4,Does the number of eggplants in the person's left hand gradually increase from 0 to 3?,no,No.,no,1,,,,motion_o_timeblind_default_random1.json
random,1,none,682,170,TimeBlind/videos/vid_00170_0.mp4,Does the number of eggplants in the person's left hand decrease from three to zero?,no,No.,no,1,,,,motion_o_timeblind_default_random1.json
random,1,none,683,170,TimeBlind/videos/vid_00170_1.mp4,Does the number of eggplants in the person's left hand decrease from three to zero?,yes,No.,no,0,,,,motion_o_timeblind_default_random1.json
random,1,none,684,171,TimeBlind/videos/vid_00171_0.mp4,Is the person touching the screen?,yes,Yes.,yes,1,,,,motion_o_timeblind_default_random1.json
random,1,none,685,171,TimeBlind/videos/vid_00171_1.mp4,Is the person touching the screen?,no,No,no,1,,,,motion_o_timeblind_default_random1.json
random,1,none,686,171,TimeBlind/videos/vid_00171_0.mp4,Is this person touching the screen?,no,Yes.,yes,0,,,,motion_o_timeblind_default_random1.json
random,1,none,687,171,TimeBlind/videos/vid_00171_1.mp4,Is this person touching the screen?,yes,No,no,0,,,,motion_o_timeblind_default_random1.json
random,1,none,688,172,TimeBlind/videos/vid_00172_0.mp4,"Over the course of the video, are two new items added to the self-checkout screen?",yes,No,no,0,,,,motion_o_timeblind_default_random1.json
random,1,none,689,172,TimeBlind/videos/vid_00172_1.mp4,"Over the course of the video, are two new items added to the self-checkout screen?",no,No,no,1,,,,motion_o_timeblind_default_random1.json
random,1,none,690,172,TimeBlind/videos/vid_00172_0.mp4,"Over the course of the video, are three new items added to the self-checkout screen?",no,No,no,1,,,,motion_o_timeblind_default_random1.json
random,1,none,691,172,TimeBlind/videos/vid_00172_1.mp4,"Over the course of the video, are three new items added to the self-checkout screen?",yes,No,no,0,,,,motion_o_timeblind_default_random1.json
random,1,none,692,173,TimeBlind/videos/vid_00173_0.mp4,Is the racket mostly still before it's shaken?,yes,Yes.,yes,1,,,,motion_o_timeblind_default_random1.json
random,1,none,693,173,TimeBlind/videos/vid_00173_1.mp4,Is the racket mostly still before it's shaken?,no,Yes.,yes,0,,,,motion_o_timeblind_default_random1.json
random,1,none,694,173,TimeBlind/videos/vid_00173_0.mp4,Does the racket shake first and then become almost still?,no,No.,no,1,,,,motion_o_timeblind_default_random1.json
random,1,none,695,173,TimeBlind/videos/vid_00173_1.mp4,Does the racket shake first and then become almost still?,yes,No.,no,0,,,,motion_o_timeblind_default_random1.json
random,1,none,696,174,TimeBlind/videos/vid_00174_0.mp4,Does the person twirl the racket while walking in the video?,yes,No.,no,0,,,,motion_o_timeblind_default_random1.json
random,1,none,697,174,TimeBlind/videos/vid_00174_1.mp4,Does the person twirl the racket while walking in the video?,no,No.,no,1,,,,motion_o_timeblind_default_random1.json
random,1,none,698,174,TimeBlind/videos/vid_00174_0.mp4,Does the person flip the racket while walking in the video?,no,No.,no,1,,,,motion_o_timeblind_default_random1.json
random,1,none,699,174,TimeBlind/videos/vid_00174_1.mp4,Does the person flip the racket while walking in the video?,yes,No.,no,0,,,,motion_o_timeblind_default_random1.json
random,1,none,700,175,TimeBlind/videos/vid_00175_0.mp4,Is the person in the video flipping a racket while standing still?,yes,No.,no,0,,,,motion_o_timeblind_default_random1.json
random,1,none,701,175,TimeBlind/videos/vid_00175_1.mp4,Is the person in the video flipping a racket while standing still?,no,No.,no,1,,,,motion_o_timeblind_default_random1.json
random,1,none,702,175,TimeBlind/videos/vid_00175_0.mp4,Is the person in the video twirling a racket while walking?,no,No.,no,1,,,,motion_o_timeblind_default_random1.json
random,1,none,703,175,TimeBlind/videos/vid_00175_1.mp4,Is the person in the video twirling a racket while walking?,yes,"No. The image shows only one hand holding a badminton racket, and there is no indication of any movement such as twirling or walking. Therefore, it cannot be determined if someone was twirling a racket while walking based on this still image alone.",no,0,,,,motion_o_timeblind_default_random1.json
random,1,none,704,176,TimeBlind/videos/vid_00176_0.mp4,Do a total of four shuttlecocks appear in the video?,yes,No.,no,0,,,,motion_o_timeblind_default_random1.json
random,1,none,705,176,TimeBlind/videos/vid_00176_1.mp4,Do a total of four shuttlecocks appear in the video?,no,No.,no,1,,,,motion_o_timeblind_default_random1.json
random,1,none,706,176,TimeBlind/videos/vid_00176_0.mp4,Do a total of five shuttlecocks appear in the video?,no,No.,no,1,,,,motion_o_timeblind_default_random1.json
random,1,none,707,176,TimeBlind/videos/vid_00176_1.mp4,Do a total of five shuttlecocks appear in the video?,yes,No.,no,0,,,,motion_o_timeblind_default_random1.json
random,1,none,708,177,TimeBlind/videos/vid_00177_0.mp4,Is the racket flipped to the left twice in the video?,yes,No.,no,0,,,,motion_o_timeblind_default_random1.json
random,1,none,709,177,TimeBlind/videos/vid_00177_1.mp4,Is the racket flipped to the left twice in the video?,no,No.,no,1,,,,motion_o_timeblind_default_random1.json
random,1,none,710,177,TimeBlind/videos/vid_00177_0.mp4,Is the racket flipped to the left three times in the video?,no,No.,no,1,,,,motion_o_timeblind_default_random1.json
random,1,none,711,177,TimeBlind/videos/vid_00177_1.mp4,Is the racket flipped to the left three times in the video?,yes,No.,no,0,,,,motion_o_timeblind_default_random1.json
random,1,none,712,178,TimeBlind/videos/vid_00178_0.mp4,Does the racket rotate only about 90 degrees to the left before returning to its original position?,yes,No.,no,0,,,,motion_o_timeblind_default_random1.json
random,1,none,713,178,TimeBlind/videos/vid_00178_1.mp4,Does the racket rotate only about 90 degrees to the left before returning to its original position?,no,No.,no,1,,,,motion_o_timeblind_default_random1.json
random,1,none,714,178,TimeBlind/videos/vid_00178_0.mp4,Does the racket rotate approximately 180 degrees to the left and then return to its original position?,no,No.,no,1,,,,motion_o_timeblind_default_random1.json
random,1,none,715,178,TimeBlind/videos/vid_00178_1.mp4,Does the racket rotate approximately 180 degrees to the left and then return to its original position?,yes,No.,no,0,,,,motion_o_timeblind_default_random1.json
random,1,none,716,179,TimeBlind/videos/vid_00179_0.mp4,Does the racket stay steady without any noticeable wobble?,yes,No.,no,0,,,,motion_o_timeblind_default_random1.json
random,1,none,717,179,TimeBlind/videos/vid_00179_1.mp4,Does the racket stay steady without any noticeable wobble?,no,No.,no,1,,,,motion_o_timeblind_default_random1.json
random,1,none,718,179,TimeBlind/videos/vid_00179_0.mp4,Does the racket wobble noticeably?,no,No,no,1,,,,motion_o_timeblind_default_random1.json
random,1,none,719,179,TimeBlind/videos/vid_00179_1.mp4,Does the racket wobble noticeably?,yes,No.,no,0,,,,motion_o_timeblind_default_random1.json
random,1,none,720,180,TimeBlind/videos/vid_00180_0.mp4,Is the person standing still while twirling a racket?,yes,No.,no,0,,,,motion_o_timeblind_default_random1.json
random,1,none,721,180,TimeBlind/videos/vid_00180_1.mp4,Is the person standing still while twirling a racket?,no,No.,no,1,,,,motion_o_timeblind_default_random1.json
random,1,none,722,180,TimeBlind/videos/vid_00180_0.mp4,Is the person rotating the racket while walking?,no,No.,no,1,,,,motion_o_timeblind_default_random1.json
random,1,none,723,180,TimeBlind/videos/vid_00180_1.mp4,Is the person rotating the racket while walking?,yes,No.,no,0,,,,motion_o_timeblind_default_random1.json
random,1,none,724,181,TimeBlind/videos/vid_00181_0.mp4,Does the player rotate the racket before moving it forward?,yes,No.,no,0,,,,motion_o_timeblind_default_random1.json
random,1,none,725,181,TimeBlind/videos/vid_00181_1.mp4,Does the player rotate the racket before moving it forward?,no,No.,no,1,,,,motion_o_timeblind_default_random1.json
random,1,none,726,181,TimeBlind/videos/vid_00181_0.mp4,Does the person step forward first and then rotate their racket?,no,"No. The image shows only one frame of action, so it is not possible to determine if there was any stepping forward before rotating the racket based on this single photo alone.",no,1,,,,motion_o_timeblind_default_random1.json
random,1,none,727,181,TimeBlind/videos/vid_00181_1.mp4,Does the person step forward first and then rotate their racket?,yes,"No. The image shows only one frame of action, so it is not possible to determine if there was any stepping forward before rotating the racket in this specific sequence.",no,0,,,,motion_o_timeblind_default_random1.json
random,1,none,728,182,TimeBlind/videos/vid_00182_0.mp4,Is the person clearly not touching the net with their badminton racket?,yes,Yes.,yes,1,,,,motion_o_timeblind_default_random1.json
random,1,none,729,182,TimeBlind/videos/vid_00182_1.mp4,Is the person clearly not touching the net with their badminton racket?,no,Yes.,yes,0,,,,motion_o_timeblind_default_random1.json
random,1,none,730,182,TimeBlind/videos/vid_00182_0.mp4,Is the person clearly touching the net with their badminton racket?,no,No.,no,1,,,,motion_o_timeblind_default_random1.json
random,1,none,731,182,TimeBlind/videos/vid_00182_1.mp4,Is the person clearly touching the net with their badminton racket?,yes,No.,no,0,,,,motion_o_timeblind_default_random1.json
random,1,none,732,183,TimeBlind/videos/vid_00183_0.mp4,Does the person in the video swing the racket exactly three times?,yes,No.,no,0,,,,motion_o_timeblind_default_random1.json
random,1,none,733,183,TimeBlind/videos/vid_00183_1.mp4,Does the person in the video swing the racket exactly three times?,no,No.,no,1,,,,motion_o_timeblind_default_random1.json
random,1,none,734,183,TimeBlind/videos/vid_00183_0.mp4,Does the person in the video swing a racket four times?,no,No.,no,1,,,,motion_o_timeblind_default_random1.json
random,1,none,735,183,TimeBlind/videos/vid_00183_1.mp4,Does the person in the video swing a racket four times?,yes,No.,no,0,,,,motion_o_timeblind_default_random1.json
random,1,none,736,184,TimeBlind/videos/vid_00184_0.mp4,Does this person's first shot travel a shorter distance than their second?,yes,"No.

The image shows the player hitting shuttlecocks in sequence, with each hit appearing to be at different distances from where they started. The first few hits seem closer together and possibly within one court length of each other before moving further away as more shots are made. Therefore, it is reasonable to infer that not all subsequent shots necessarily travel longer distances compared to earlier ones; some may indeed cover less ground depending on how far back the player steps for later volleys. However, without precise measurements between every single point along these trajectories, we cannot definitively state whether any particular shot was always farther than its predecessor across *all* instances captured here - only relative comparisons can be reliably drawn based solely upon visual evidence provided by such an image alone. Thus, while there might appear to exist variations among individual throws' lengths visually observed herein, no absolute certainty exists regarding which specific throw covered greater horizontal displacement overall amongst them all shown consecutively throughout said activity depicted above. Henceforth, given our current ability merely to observe patterns rather than quantify exact spatial parameters involved precisely per frame-by-frame analysis required for definitive conclusions about comparative distances traversed conclusively, I must respond ""no"" cautiously acknowledging inherent limitations imposed thereby when attempting direct answers grounded strictly within available data sources like still photographs exclusively.",no,0,,,,motion_o_timeblind_default_random1.json
random,1,none,737,184,TimeBlind/videos/vid_00184_1.mp4,Does this person's first shot travel a shorter distance than their second?,no,"No.

The image shows the player hitting shuttlecocks in sequence, with each hit appearing to be at different distances from where they started. The first few hits seem closer together and within reach of one another on the court surface before moving further away as shown by subsequent shots that appear more distant towards the back wall. Therefore, it is reasonable to infer based solely upon visual cues provided here (without knowing exact measurements) - yes; his initial shots likely traveled less overall compared to later ones which extend farther across the playing area. However note: without precise measurement tools or additional context about trajectory angles etc., we cannot definitively confirm this conclusion beyond what can reasonably be inferred visually alone.",no,1,,,,motion_o_timeblind_default_random1.json
random,1,none,738,184,TimeBlind/videos/vid_00184_0.mp4,Is this person's first shot farther than their second?,no,"No.

The image shows two separate shots, and the distance of each can be inferred by observing where they land on the court relative to the net post. The ball in the foreground appears closer to the net post compared to the one further back near the baseline. Therefore, it is not correct to say that the first shot (closer) was farther away from its target point as depicted here. Thus:

**No**, based solely on visual evidence provided within an indoor badminton setting like shown above.",no,1,,,,motion_o_timeblind_default_random1.json
random,1,none,739,184,TimeBlind/videos/vid_00184_1.mp4,Is this person's first shot farther than their second?,yes,"No.

The image shows two shots, and the ball appears to be closer in distance for both compared to where it would land if hit further away from the net. The trajectory of each shot suggests they were not intended as long-distance hits but rather short volleys near the net area. Therefore, neither is likely far enough into the court that one could definitively say ""Yes"" based on visual evidence alone without more context about the player’s skill level and typical playing style. However, given what can be observed visually here:

- **First Shot:** Appears slightly closer.
- **Second Shot:** Also seems close by comparison with how far badminton shuttlecocks typically travel when played at such angles within an indoor setting like shown above.

Thus, no definitive answer regarding which was farther can be provided just looking at these images; however, generally speaking between them - neither looks particularly distant relative to standard play patterns seen indoors under similar conditions.",no,0,,,,motion_o_timeblind_default_random1.json
random,1,none,740,185,TimeBlind/videos/vid_00185_0.mp4,"In the video, does the second shot reach a lower height than the first?",yes,No.,no,0,,,,motion_o_timeblind_default_random1.json
random,1,none,741,185,TimeBlind/videos/vid_00185_1.mp4,"In the video, does the second shot reach a lower height than the first?",no,No.,no,1,,,,motion_o_timeblind_default_random1.json
random,1,none,742,185,TimeBlind/videos/vid_00185_0.mp4,"In the video, does the second shot reach a higher height than the first?",no,No.,no,1,,,,motion_o_timeblind_default_random1.json
random,1,none,743,185,TimeBlind/videos/vid_00185_1.mp4,"In the video, does the second shot reach a higher height than the first?",yes,No.,no,0,,,,motion_o_timeblind_default_random1.json
random,1,none,744,186,TimeBlind/videos/vid_00186_0.mp4,Does the person hit the ball on the first try?,yes,No.,no,0,,,,motion_o_timeblind_default_random1.json
random,1,none,745,186,TimeBlind/videos/vid_00186_1.mp4,Does the person hit the ball on the first try?,no,No.,no,1,,,,motion_o_timeblind_default_random1.json
random,1,none,746,186,TimeBlind/videos/vid_00186_0.mp4,Does the person miss the ball on the first swing but hit it on the second?,no,No.,no,1,,,,motion_o_timeblind_default_random1.json
random,1,none,747,186,TimeBlind/videos/vid_00186_1.mp4,Does the person miss the ball on the first swing but hit it on the second?,yes,No.,no,0,,,,motion_o_timeblind_default_random1.json
random,1,none,748,187,TimeBlind/videos/vid_00187_0.mp4,Does the player hit the ball with the racket four times?,yes,No.,no,0,,,,motion_o_timeblind_default_random1.json
random,1,none,749,187,TimeBlind/videos/vid_00187_1.mp4,Does the player hit the ball with the racket four times?,no,No.,no,1,,,,motion_o_timeblind_default_random1.json
random,1,none,750,187,TimeBlind/videos/vid_00187_0.mp4,Does the player hit the ball with the racket five times?,no,No.,no,1,,,,motion_o_timeblind_default_random1.json
random,1,none,751,187,TimeBlind/videos/vid_00187_1.mp4,Does the player hit the ball with the racket five times?,yes,No.,no,0,,,,motion_o_timeblind_default_random1.json
random,1,none,752,188,TimeBlind/videos/vid_00188_0.mp4,Does the person successfully catch the falling shuttlecock with their hand?,yes,No.,no,0,,,,motion_o_timeblind_default_random1.json
random,1,none,753,188,TimeBlind/videos/vid_00188_1.mp4,Does the person successfully catch the falling shuttlecock with their hand?,no,No.,no,1,,,,motion_o_timeblind_default_random1.json
random,1,none,754,188,TimeBlind/videos/vid_00188_0.mp4,Does the person fail to catch the falling shuttlecock with their hand?,no,No.,no,1,,,,motion_o_timeblind_default_random1.json
random,1,none,755,188,TimeBlind/videos/vid_00188_1.mp4,Does the person fail to catch the falling shuttlecock with their hand?,yes,No.,no,0,,,,motion_o_timeblind_default_random1.json
random,1,none,756,189,TimeBlind/videos/vid_00189_0.mp4,Does the person go from holding 0 to 4 shuttlecocks?,yes,No.,no,0,,,,motion_o_timeblind_default_random1.json
random,1,none,757,189,TimeBlind/videos/vid_00189_1.mp4,Does the person go from holding 0 to 4 shuttlecocks?,no,No.,no,1,,,,motion_o_timeblind_default_random1.json
random,1,none,758,189,TimeBlind/videos/vid_00189_0.mp4,Does the person go from holding zero shuttlecocks to holding three?,no,No.,no,1,,,,motion_o_timeblind_default_random1.json
random,1,none,759,189,TimeBlind/videos/vid_00189_1.mp4,Does the person go from holding zero shuttlecocks to holding three?,yes,No.,no,0,,,,motion_o_timeblind_default_random1.json
random,1,none,760,190,TimeBlind/videos/vid_00190_0.mp4,"While he’s picking them up, does no shuttlecock fall from his hand?",yes,No.,no,0,,,,motion_o_timeblind_default_random1.json
random,1,none,761,190,TimeBlind/videos/vid_00190_1.mp4,"While he’s picking them up, does no shuttlecock fall from his hand?",no,No.,no,1,,,,motion_o_timeblind_default_random1.json
random,1,none,762,190,TimeBlind/videos/vid_00190_0.mp4,"While he’s picking them up, does one shuttlecock slip from his hand and fall?",no,No.,no,1,,,,motion_o_timeblind_default_random1.json
random,1,none,763,190,TimeBlind/videos/vid_00190_1.mp4,"While he’s picking them up, does one shuttlecock slip from his hand and fall?",yes,No.,no,0,,,,motion_o_timeblind_default_random1.json
random,1,none,764,191,TimeBlind/videos/vid_00191_0.mp4,Does the sphere stay red longer than it stays yellow?,yes,No.,no,0,,,,motion_o_timeblind_default_random1.json
random,1,none,765,191,TimeBlind/videos/vid_00191_1.mp4,Does the sphere stay red longer than it stays yellow?,no,No.,no,1,,,,motion_o_timeblind_default_random1.json
random,1,none,766,191,TimeBlind/videos/vid_00191_0.mp4,Is the sphere yellow for longer than it is red?,no,"No. The image shows only one color, which appears to be yellow against a black background. There is no indication of any other colors like red in this specific frame. Therefore, there cannot be an comparison between durations as requested by your question since we do not have multiple colors present simultaneously within that single image. If you meant another context where both yellow and red spheres were shown side-by-side at different times, then I would need more information about those separate instances before answering accurately based on what was asked here regarding just this singular picture provided.

The answer remains ""No"" because:
- We don't see anything but solid yellow.
- There's nothing else (like red) with which duration could even potentially compare given our visual data from this particular snapshot.",no,1,,,,motion_o_timeblind_default_random1.json
random,1,none,767,191,TimeBlind/videos/vid_00191_1.mp4,Is the sphere yellow for longer than it is red?,yes,Yes.,yes,1,,,,motion_o_timeblind_default_random1.json
random,1,none,768,192,TimeBlind/videos/vid_00192_0.mp4,Do both 3D shapes change color suddenly?,yes,No.,no,0,,,,motion_o_timeblind_default_random1.json
random,1,none,769,192,TimeBlind/videos/vid_00192_1.mp4,Do both 3D shapes change color suddenly?,no,No.,no,1,,,,motion_o_timeblind_default_random1.json
random,1,none,770,192,TimeBlind/videos/vid_00192_0.mp4,Do both 3D shapes change color gradually?,no,No.,no,1,,,,motion_o_timeblind_default_random1.json
random,1,none,771,192,TimeBlind/videos/vid_00192_1.mp4,Do both 3D shapes change color gradually?,yes,No.,no,0,,,,motion_o_timeblind_default_random1.json
random,1,none,772,193,TimeBlind/videos/vid_00193_0.mp4,Do the cube and the sphere change color in the same amount of time?,yes,"No.

The image shows two objects, one is red (a cube) on the left side and another object that appears to be orange (a sphere) on the right side against a black background. There's no indication from this still frame alone whether they would change colors at different rates if animated over time; however, based solely on visual inspection without any motion context provided by an animation sequence, it cannot be determined how quickly each might transition through their respective color changes. Therefore, we must answer with ""No"" as there isn't enough information about potential animations present here for comparison between them regarding speed of changing colors under hypothetical conditions not depicted within these static images themselves.",no,0,,,,motion_o_timeblind_default_random1.json
random,1,none,773,193,TimeBlind/videos/vid_00193_1.mp4,Do the cube and the sphere change color in the same amount of time?,no,"No.

The image shows two objects, one red (a cube) on the left side and another orange (a sphere) on the right side against a black background. There is no indication that either object changes its color over any period shown; they remain static with their respective colors throughout what appears to be an instantaneous snapshot. Therefore, it's not possible for them to ""change"" at all within this context since there’s nothing suggesting motion or transformation between frames. The question implies some form of temporal progression which isn't present here as both shapes appear unchanged from start to finish based solely upon visual information provided by just these still images without additional context about how long each frame represents relative to real-world events. Thus, I cannot confidently answer 'Yes' because neither shape visibly alters appearance during whatever timeframe might have been implied but clearly does not exist given only single-frame data available now.",no,1,,,,motion_o_timeblind_default_random1.json
random,1,none,774,193,TimeBlind/videos/vid_00193_0.mp4,Does the cube take longer to change color than the sphere does?,no,"No.

The image shows two objects, one is red and appears stationary on the left side of the frame while another object (a sphere) changes its appearance from orange to yellow over time as it moves towards the right edge of the screen. The question asks if the cube takes longer to ""change"" in any way compared to the sphere's transformation which clearly happens within seconds after entering view. Since there isn't an indication that the cube undergoes such a visible transition like changing colors during this timeframe shown here, we can infer no comparison between their durations for visual alteration applies directly based solely upon what’s presented visually at once without additional context about subsequent frames not included herein. Therefore, given only these static images provided together with no further information regarding potential future transformations beyond those already observed, I cannot confidently assert whether either would require more extended periods before visibly altering again post initial observation period depicted initially. Thus my answer remains 'no'.",no,1,,,,motion_o_timeblind_default_random1.json
random,1,none,775,193,TimeBlind/videos/vid_00193_1.mp4,Does the cube take longer to change color than the sphere does?,yes,"No.

The image shows two objects, one red and one orange, against a black background. There is no indication of any changes in their colors over time within this single frame. Therefore, it cannot be determined if either object would take longer to ""change"" its color based on just this static image. The question implies an action that occurs after observing these images, which isn't possible with only what's shown here. Thus, we must answer by considering the information available: there’s nothing suggesting they will undergo such transformations at all. Hence:

**No**, as per our current understanding from visual data alone - neither can be said to have changed yet since both appear unchanged relative to each other (and presumably also compared to how you might expect them to look).",no,0,,,,motion_o_timeblind_default_random1.json
random,1,none,776,194,TimeBlind/videos/vid_00194_0.mp4,Does the sphere start changing color as soon as the cube finishes changing color?,yes,No.,no,0,,,,motion_o_timeblind_default_random1.json
random,1,none,777,194,TimeBlind/videos/vid_00194_1.mp4,Does the sphere start changing color as soon as the cube finishes changing color?,no,No.,no,1,,,,motion_o_timeblind_default_random1.json
random,1,none,778,194,TimeBlind/videos/vid_00194_0.mp4,Do the cube and the sphere change color simultaneously for a while?,no,"No. The image shows two distinct objects, one red (cube) on the left side of the screen and another orange (sphere) in the middle-right area against a black background. There is no indication that these colors will change at any point during this static frame; therefore, they do not ""change"" together within it.

Output: No",no,1,,,,motion_o_timeblind_default_random1.json
random,1,none,779,194,TimeBlind/videos/vid_00194_1.mp4,Do the cube and the sphere change color simultaneously for a while?,yes,No.,no,0,,,,motion_o_timeblind_default_random1.json
random,1,none,780,195,TimeBlind/videos/vid_00195_0.mp4,Do the object on the left and the object on the right change color at the same time?,yes,No.,no,0,,,,motion_o_timeblind_default_random1.json
random,1,none,781,195,TimeBlind/videos/vid_00195_1.mp4,Do the object on the left and the object on the right change color at the same time?,no,No.,no,1,,,,motion_o_timeblind_default_random1.json
random,1,none,782,195,TimeBlind/videos/vid_00195_0.mp4,Does the object on the left start changing color before the one on the right?,no,No.,no,1,,,,motion_o_timeblind_default_random1.json
random,1,none,783,195,TimeBlind/videos/vid_00195_1.mp4,Does the object on the left start changing color before the one on the right?,yes,No.,no,0,,,,motion_o_timeblind_default_random1.json
random,1,none,784,196,TimeBlind/videos/vid_00196_0.mp4,Does the cube finish changing color before the sphere finishes?,yes,No.,no,0,,,,motion_o_timeblind_default_random1.json
random,1,none,785,196,TimeBlind/videos/vid_00196_1.mp4,Does the cube finish changing color before the sphere finishes?,no,No.,no,1,,,,motion_o_timeblind_default_random1.json
random,1,none,786,196,TimeBlind/videos/vid_00196_0.mp4,Does the cube finish changing color after the sphere finishes?,no,No.,no,1,,,,motion_o_timeblind_default_random1.json
random,1,none,787,196,TimeBlind/videos/vid_00196_1.mp4,Does the cube finish changing color after the sphere finishes?,yes,No.,no,0,,,,motion_o_timeblind_default_random1.json
random,1,none,788,197,TimeBlind/videos/vid_00197_0.mp4,Does the right object start changing color immediately after the left object finishes?,yes,No.,no,0,,,,motion_o_timeblind_default_random1.json
random,1,none,789,197,TimeBlind/videos/vid_00197_1.mp4,Does the right object start changing color immediately after the left object finishes?,no,No.,no,1,,,,motion_o_timeblind_default_random1.json
random,1,none,790,197,TimeBlind/videos/vid_00197_0.mp4,Is there a delay after the left object finishes changing color before the right object starts?,no,No.,no,1,,,,motion_o_timeblind_default_random1.json
random,1,none,791,197,TimeBlind/videos/vid_00197_1.mp4,Is there a delay after the left object finishes changing color before the right object starts?,yes,No.,no,0,,,,motion_o_timeblind_default_random1.json
random,1,none,792,198,TimeBlind/videos/vid_00198_0.mp4,Is the sphere gradually changing color from pink to yellow?,yes,No.,no,0,,,,motion_o_timeblind_default_random1.json
random,1,none,793,198,TimeBlind/videos/vid_00198_1.mp4,Is the sphere gradually changing color from pink to yellow?,no,No.,no,1,,,,motion_o_timeblind_default_random1.json
random,1,none,794,198,TimeBlind/videos/vid_00198_0.mp4,Does the sphere gradually change color from yellow to pink?,no,No.,no,1,,,,motion_o_timeblind_default_random1.json
random,1,none,795,198,TimeBlind/videos/vid_00198_1.mp4,Does the sphere gradually change color from yellow to pink?,yes,No.,no,0,,,,motion_o_timeblind_default_random1.json
random,1,none,796,199,TimeBlind/videos/vid_00199_0.mp4,Does the sphere's color gradually transition from pink to yellow?,yes,No.,no,0,,,,motion_o_timeblind_default_random1.json
random,1,none,797,199,TimeBlind/videos/vid_00199_1.mp4,Does the sphere's color gradually transition from pink to yellow?,no,No.,no,1,,,,motion_o_timeblind_default_random1.json
random,1,none,798,199,TimeBlind/videos/vid_00199_0.mp4,Does the sphere’s color suddenly change from pink to yellow?,no,No.,no,1,,,,motion_o_timeblind_default_random1.json
random,1,none,799,199,TimeBlind/videos/vid_00199_1.mp4,Does the sphere’s color suddenly change from pink to yellow?,yes,No.,no,0,,,,motion_o_timeblind_default_random1.json
random,1,none,800,200,TimeBlind/videos/vid_00200_0.mp4,Does the cube’s volume change?,yes,"No.

The image shows two 3D shapes: a cube and a sphere, both with uniform gray coloration against a black background. There is no indication of any action that would cause changes in their volumes (such as movement, deformation, or interaction). Therefore, without external forces acting on them, neither shape's volume will change. The answer to whether the cube's volume changes is ""No.""",no,0,,,,motion_o_timeblind_default_random1.json
random,1,none,801,200,TimeBlind/videos/vid_00200_1.mp4,Does the cube’s volume change?,no,"No.

The image shows two 3D shapes: a sphere and a cube, both with uniform gray coloration against a black background. The question asks if the cube's volume changes based on this visual information alone. Since there is no indication of any external forces acting upon the cube (such as compression, expansion due to temperature changes, etc.), its shape remains constant in terms of dimensions unless otherwise specified by an external context not provided here. Therefore, without additional information suggesting such alterations, we can conclude that yes, under normal conditions where nothing affects it externally, the cube retains its original volume. However, strictly adhering only to what visually presented does not allow us to infer internal state changes like pressure effects which could theoretically alter volumes but aren't depicted nor implied within just observing static images. Thus sticking purely to visible data, answer would be 'no'.",no,1,,,,motion_o_timeblind_default_random1.json
random,1,none,802,200,TimeBlind/videos/vid_00200_0.mp4,Is the cube’s volume constant throughout the video?,no,Yes.,yes,0,,,,motion_o_timeblind_default_random1.json
random,1,none,803,200,TimeBlind/videos/vid_00200_1.mp4,Is the cube’s volume constant throughout the video?,yes,Yes.,yes,1,,,,motion_o_timeblind_default_random1.json
random,1,none,804,201,TimeBlind/videos/vid_00201_0.mp4,Does the object on the left in the video get smaller?,yes,No.,no,0,,,,motion_o_timeblind_default_random1.json
random,1,none,805,201,TimeBlind/videos/vid_00201_1.mp4,Does the object on the left in the video get smaller?,no,No.,no,1,,,,motion_o_timeblind_default_random1.json
random,1,none,806,201,TimeBlind/videos/vid_00201_0.mp4,Does the object on the left side of the video get bigger?,no,No.,no,1,,,,motion_o_timeblind_default_random1.json
random,1,none,807,201,TimeBlind/videos/vid_00201_1.mp4,Does the object on the left side of the video get bigger?,yes,No.,no,0,,,,motion_o_timeblind_default_random1.json
random,1,none,808,202,TimeBlind/videos/vid_00202_0.mp4,Is the sphere on the left side of the frame changing in size?,yes,No,no,0,,,,motion_o_timeblind_default_random1.json
random,1,none,809,202,TimeBlind/videos/vid_00202_1.mp4,Is the sphere on the left side of the frame changing in size?,no,No,no,1,,,,motion_o_timeblind_default_random1.json
random,1,none,810,202,TimeBlind/videos/vid_00202_0.mp4,Does the sphere on the right side of the video change in size?,no,No.,no,1,,,,motion_o_timeblind_default_random1.json
random,1,none,811,202,TimeBlind/videos/vid_00202_1.mp4,Does the sphere on the right side of the video change in size?,yes,No.,no,0,,,,motion_o_timeblind_default_random1.json
random,1,none,812,203,TimeBlind/videos/vid_00203_0.mp4,Is the cube blinking at a higher frequency than the sphere?,yes,"No.

The image shows two static objects, an orange cube and an orange sphere, against a black background. There is no indication of any motion such as blinking in this still frame. Therefore, it cannot be determined if one object blinks more frequently than the other since there's no movement to observe. The question assumes that both objects have some form of animation (blinking) which they do not possess based on what can be seen here. Thus, we must answer with ""No"" because neither object appears to blink in this context.",no,0,,,,motion_o_timeblind_default_random1.json
random,1,none,813,203,TimeBlind/videos/vid_00203_1.mp4,Is the cube blinking at a higher frequency than the sphere?,no,"No.

The image shows two static objects, a red cube and a red sphere, against a black background. There is no indication of any motion such as blinking in either object; they appear to be stationary throughout the duration shown in this single frame. Therefore, it cannot be determined if one blinks more frequently than the other since there's insufficient information about their behavior over time beyond what can be observed here. The question implies an observation period that isn't provided by just looking at a still image like this. Thus, based on visual data alone from this snapshot: **No**.",no,1,,,,motion_o_timeblind_default_random1.json
random,1,none,814,203,TimeBlind/videos/vid_00203_0.mp4,Is the cube blinking at a lower frequency than the sphere?,no,"No.

The image shows static 3D models of a yellow cube and an orange sphere against a black background, with no indication that either object is blinking. Therefore, it's not possible to determine if there is any difference in their frequencies based on this still image alone. The question assumes motion (blinking) which isn't present here. Thus, we cannot answer ""Yes"" as they do not blink; hence, the correct response would be:

No.",no,1,,,,motion_o_timeblind_default_random1.json
random,1,none,815,203,TimeBlind/videos/vid_00203_1.mp4,Is the cube blinking at a lower frequency than the sphere?,yes,"No.

The image shows two static objects, a red cube and a red sphere, against a black background. There is no indication of any motion such as blinking in this still frame. Therefore, it cannot be determined if one object blinks more frequently than another since there's nothing to observe for that behavior here. The question seems based on an assumption not supported by visual evidence from the provided image.",no,0,,,,motion_o_timeblind_default_random1.json
random,1,none,816,204,TimeBlind/videos/vid_00204_0.mp4,Do the color changes of the yellow cube and the yellow sphere overlap?,yes,No.,no,0,,,,motion_o_timeblind_default_random1.json
random,1,none,817,204,TimeBlind/videos/vid_00204_1.mp4,Do the color changes of the yellow cube and the yellow sphere overlap?,no,"No.

The image shows two distinct objects: one is an orange cube, not a yellow cube as described in your question; the other object appears to be a yellow sphere (or possibly another shape that looks spherical). There is no indication of any overlapping colors between these shapes based on their visual appearance here. The question seems to contain some confusion regarding what ""yellow"" refers to—whether it's describing both objects' appearances accurately—and there isn't enough information provided about potential hidden details like transparency or shading effects which could cause such overlaps visually if present but not mentioned explicitly. Therefore without further clarification or additional context, I cannot confirm whether they do indeed have overlapping colors at all levels including potentially subtle ones due to lighting conditions etc., hence my answer remains 'no'.",no,1,,,,motion_o_timeblind_default_random1.json
random,1,none,818,204,TimeBlind/videos/vid_00204_0.mp4,Does the yellow sphere start changing color after the yellow cube finishes changing color?,no,No.,no,1,,,,motion_o_timeblind_default_random1.json
random,1,none,819,204,TimeBlind/videos/vid_00204_1.mp4,Does the yellow sphere start changing color after the yellow cube finishes changing color?,yes,No.,no,0,,,,motion_o_timeblind_default_random1.json
random,1,none,820,205,TimeBlind/videos/vid_00205_0.mp4,Is the top light blinking quickly while the bottom light blinks slowly?,yes,"No.

The image shows two static circles, one red and one yellow, against a black background without any indication of movement such as blinking lights. There is no visual evidence to suggest that either circle is blinking at different speeds. Therefore, it cannot be determined if there's quick or slow blinking based on this still image alone. The correct answer would depend on observing an animation where these shapes change over time with varying frequencies for each shape. Since we only have a single frame here, ""No"" accurately reflects what can't be inferred from just looking at the picture provided.",no,0,,,,motion_o_timeblind_default_random1.json
random,1,none,821,205,TimeBlind/videos/vid_00205_1.mp4,Is the top light blinking quickly while the bottom light blinks slowly?,no,"No.

The image shows two static lights, one red and one green, against a black background. There is no indication of any blinking activity in this still frame; both lights appear to be solidly lit without any flickering motion that would suggest they are blinking at different speeds. Therefore, it cannot be determined from this single image whether either light is blinking at all, let alone if there's a difference between their rates of blinking as described. The question implies an observation over time which isn't possible with just one snapshot.",no,1,,,,motion_o_timeblind_default_random1.json
random,1,none,822,205,TimeBlind/videos/vid_00205_0.mp4,Is the top light blinking slowly while the bottom one blinks quickly?,no,"No.

The image shows two static circles, not lights that blink at different speeds. There is no indication of any movement in this still image. Therefore, it cannot be determined if there would be slow and quick blinking based on what we see here. The question assumes an action (blinking) which does not occur within the context provided by the image itself.",no,1,,,,motion_o_timeblind_default_random1.json
random,1,none,823,205,TimeBlind/videos/vid_00205_1.mp4,Is the top light blinking slowly while the bottom one blinks quickly?,yes,"No.

The image shows two static circles, not lights that blink at different speeds. There is no indication of any movement in this still image. Therefore, it cannot be determined if there would be slow and quick blinking based on what's shown here. The question assumes an action (blinking) which isn't present in the provided visual information.",no,0,,,,motion_o_timeblind_default_random1.json
random,1,none,824,206,TimeBlind/videos/vid_00206_0.mp4,Is the cone blinking faster than the sphere?,yes,No.,no,0,,,,motion_o_timeblind_default_random1.json
random,1,none,825,206,TimeBlind/videos/vid_00206_1.mp4,Is the cone blinking faster than the sphere?,no,"No.

The image shows two static objects, a red cone and a red sphere, against a black background. There is no indication of any motion such as blinking in either object; they appear to be stationary. Therefore, it cannot be determined if one is ""blinking"" at all much less comparing their rates with each other since there's nothing dynamic happening within this still frame. The question seems based on an assumption that isn't supported by visual evidence from the provided image alone.",no,1,,,,motion_o_timeblind_default_random1.json
random,1,none,826,206,TimeBlind/videos/vid_00206_0.mp4,Is the cone blinking slower than the sphere?,no,"No.

The image shows two static objects, an orange cone and a yellow sphere, against a black background. There is no indication of any movement such as blinking in this still image. Therefore, it cannot be determined if one object is blinking faster or slower than another since there's nothing to compare their rates with respect to each other based on this single frame. The question seems to imply motion which isn't present here. If we were discussing animation frames where blinking could occur over time between different frames rather than within just one snapshot like shown above then yes they might blink at varying speeds but that information can only come from observing multiple frames not just one picture provided by you now.",no,1,,,,motion_o_timeblind_default_random1.json
random,1,none,827,206,TimeBlind/videos/vid_00206_1.mp4,Is the cone blinking slower than the sphere?,yes,"No.

The image shows two static objects, a red cone and a red sphere, against a black background. There is no indication of any motion such as blinking in either object; they appear to be stationary. Therefore, it cannot be determined if one is ""blinking"" faster or slower than the other since there's nothing dynamic happening with them. The question seems based on an assumption that isn't supported by visual evidence from this still image. If you were referring to some form of animation where these shapes might blink (which would imply movement), then without additional context about what kind of animation we're looking at, I can only answer based on the provided image which does not show any blinks. Thus, for the given image: **No**.",no,0,,,,motion_o_timeblind_default_random1.json
random,1,none,828,207,TimeBlind/videos/vid_00207_0.mp4,Does the sphere gradually change from green to yellow and then suddenly change back to green?,yes,No.,no,0,,,,motion_o_timeblind_default_random1.json
random,1,none,829,207,TimeBlind/videos/vid_00207_1.mp4,Does the sphere gradually change from green to yellow and then suddenly change back to green?,no,No.,no,1,,,,motion_o_timeblind_default_random1.json
random,1,none,830,207,TimeBlind/videos/vid_00207_0.mp4,Does the sphere suddenly change from green to yellow and then gradually change back to green?,no,No.,no,1,,,,motion_o_timeblind_default_random1.json
random,1,none,831,207,TimeBlind/videos/vid_00207_1.mp4,Does the sphere suddenly change from green to yellow and then gradually change back to green?,yes,"No. The image shows only one color, which is green throughout its duration in this frame sequence. There's no indication of any transition between colors like ""suddenly changing"" from green to yellow followed by gradual changes back to green within just these frames provided here.

If you're looking at multiple frames where such transitions might occur (which isn't shown), that would be different! But based on what we see now - it’s not happening. So for your specific question about observing those exact transformations across several images – **no**, they don’t happen as described there either since I can confirm visually right before me too.",no,0,,,,motion_o_timeblind_default_random1.json
random,1,none,832,208,TimeBlind/videos/vid_00208_0.mp4,Does the cube change its volume over a long time while the cylinder changes its volume in a short time?,yes,"No.

The image shows two 3D objects, one is a cube and the other is a cylinder. The question asks about their volumes changing with respect to each other's timescales under certain conditions that aren't provided (like temperature variations). However, without specific information on how these shapes interact or any external factors affecting them like heat, pressure, etc., it cannot be determined if there would be an observable difference between ""long"" versus ""short"" periods of potential volume change for either object based solely on this static visual representation alone. 

In general physics terms:
- Volume can indeed vary due to thermal expansion/contraction.
- But such effects typically occur gradually rather than instantly; thus no immediate conclusion could be drawn from just observing still images regarding relative rates at which they might expand/shrink compared against each other within hypothetical scenarios not depicted here explicitly by context.

Therefore, given only what we see visually - i.e., stationary cubes/cylinders side-by-side – neither option A nor B holds true as per standard interpretations unless additional assumptions were made beyond mere observation presented initially. Hence my answer remains: **No** since no dynamic processes influencing shape/volume alterations are evident merely through static imagery provided originally.",no,0,,,,motion_o_timeblind_default_random1.json
random,1,none,833,208,TimeBlind/videos/vid_00208_1.mp4,Does the cube change its volume over a long time while the cylinder changes its volume in a short time?,no,"No.

The image shows two 3D shapes, a cube and a cylinder, both with constant volumes unless acted upon by external forces such as pressure differences that could cause them to expand or contract slightly due to thermal effects (e.g., temperature changes). However, without any indication of these factors being present here, we can assume their volumes remain unchanged for an extended period under normal conditions. Therefore, neither shape's volume would be expected to change significantly within either ""a long time"" or ""a short time."" The question seems more about perception than actual physical behavior based on this static image alone. If you're asking hypothetically how they might behave if subjected to certain environmental influences not shown, then it depends on those specific circumstances which aren't provided. But strictly from what is visible: no.",no,1,,,,motion_o_timeblind_default_random1.json
random,1,none,834,208,TimeBlind/videos/vid_00208_0.mp4,Does the cube change its volume in a short time while the cylinder changes its volume over a long time?,no,"No.

The image shows two 3D shapes, a cube and a cylinder, but it does not provide any information about their volumes changing with respect to time. The question assumes that one shape's volume can change quickly (in a short time) compared to another which might take longer for such a change. However, without additional context or data on how these objects' dimensions would be altered by external forces like pressure or temperature fluctuations within an environment where they could potentially expand/contract rapidly, we cannot make assumptions regarding relative rates of volume change between them based solely upon this static visual representation alone. Therefore, there is insufficient evidence from just looking at the picture provided here to answer affirmatively whether either object’s volume alters more swiftly than others under unspecified conditions outside what has been shown visually. Thus, no definitive yes/no response can be given as per your request due only to observing still images; further investigation into dynamic behavior requires experimental setup involving controlled variables affecting physical properties including elasticity modulus etc., beyond mere observation through photographs.",no,1,,,,motion_o_timeblind_default_random1.json
random,1,none,835,208,TimeBlind/videos/vid_00208_1.mp4,Does the cube change its volume in a short time while the cylinder changes its volume over a long time?,yes,"No.

The image shows two 3D shapes, a cube and a cylinder, but it does not provide any information about their volumes changing with respect to time. The question assumes that there is some dynamic process affecting these objects' volumes which isn't depicted here. Without additional context indicating such processes (like temperature changes causing expansion/contraction), we cannot conclude anything about how quickly one might change compared to another based on this static image alone. Therefore, no definitive answer can be given regarding whether they would ""change"" at different rates under hypothetical conditions outside of what's shown visually. If asked directly from just observing an image without further assumptions or external factors mentioned, then: **No**, because nothing suggests either shape has varying properties like thermal conductivity influencing size fluctuations within seconds versus minutes/hours/days as implied by your phrasing (""short time"" vs.""long time"").",no,0,,,,motion_o_timeblind_default_random1.json
random,1,none,836,209,TimeBlind/videos/vid_00209_0.mp4,Does the cube's height increase more slowly than the cylinder's?,yes,No.,no,0,,,,motion_o_timeblind_default_random1.json
random,1,none,837,209,TimeBlind/videos/vid_00209_1.mp4,Does the cube's height increase more slowly than the cylinder's?,no,No.,no,1,,,,motion_o_timeblind_default_random1.json
random,1,none,838,209,TimeBlind/videos/vid_00209_0.mp4,Is the cube's height increasing faster than the cylinder's height is changing?,no,"No.

The image shows two 3D shapes, one being a cube and the other a cylinder. Both objects appear to be static in this particular frame with no indication of motion that would suggest changes in their heights over time. Therefore, it cannot be determined from this still image whether either shape’s height is increasing at different rates compared to each other since there is no evidence provided for any change occurring between these frames. The question implies an ongoing process which isn't depicted here; hence we must answer based on what can actually be observed - i.e., both remain stationary as shown by the image itself without any visual cues suggesting otherwise like shadows moving differently due to rotation or expansion/contraction effects typically associated with growth or shrinking scenarios where such processes might occur if they were happening continuously within those hypothetical conditions outside our current viewable context.",no,1,,,,motion_o_timeblind_default_random1.json
random,1,none,839,209,TimeBlind/videos/vid_00209_1.mp4,Is the cube's height increasing faster than the cylinder's height is changing?,yes,"No.

The image shows two 3D objects, one being a cube and the other a cylinder, both with no visible indication of any change in their dimensions over time within this single frame. There is not enough information to determine if either object’s height (or another dimension) is increasing at different rates between frames that would be necessary for comparison. Therefore, it cannot be determined whether the cube's height increases faster than the cylinder's based on just this static image alone. The answer provided here reflects an understanding that without additional context about changes occurring across multiple images or animations, we can only observe what is present: identical shapes side by side against a black background.",no,0,,,,motion_o_timeblind_default_random1.json
random,1,none,840,210,TimeBlind/videos/vid_00210_0.mp4,"In the video, the cube bends twice with a short pause between them. Is the first bend slower than the second?",yes,"No.

The image provided is of a cylinder and does not depict any bending action that would allow for comparison to determine if one bend was faster than another in an animated sequence where such actions occur multiple times. Therefore, based on this single static image alone, it's impossible to answer whether there were two bends at all let alone compare their speeds accurately within the context described by your question about cubes. If you have more images from the animation showing these events occurring sequentially over time, then we could potentially analyze those frames together to make comparisons like ""slower"" versus ""faster."" However, without additional visual information beyond what’s shown here - just a singular still picture of a gray cylinder against black background – no definitive conclusion can be drawn regarding speed differences during hypothetical bends involving different objects (like cubes).",no,0,,,,motion_o_timeblind_default_random1.json
random,1,none,841,210,TimeBlind/videos/vid_00210_1.mp4,"In the video, the cube bends twice with a short pause between them. Is the first bend slower than the second?",no,"No.

The description does not provide information about the speed of each bend; it only mentions that there is one short pause after both bends and then another bend occurs immediately afterward without any additional pauses in between these two bends. Therefore, based on this limited information provided by the image alone (without knowing anything specific regarding its motion), we cannot determine if either bend was faster or slower compared to the other - they could be equally fast as per typical physics principles where no external forces were applied differently during those moments for bending actions shown here visually within an animation context. Hence my answer would lean towards 'no', but please note I am making assumptions since actual speeds aren't given explicitly from just observing visual frames like so!",no,1,,,,motion_o_timeblind_default_random1.json
random,1,none,842,210,TimeBlind/videos/vid_00210_0.mp4,"In the video, the cube bends twice with a short pause in between. Is the first bend faster than the second?",no,"No.

The image provided is of a cylinder and does not depict any bending action that would allow us to compare speeds as described in your question about cubes. Therefore, we cannot determine if one bend was faster than another based on this single static image. The correct response should be ""No"" since there's no information from which such an analysis can be made regarding speed comparisons for actions depicted by objects other than what is shown here (a cylinder). However, given only the visual content presented, it remains impossible to answer accurately without additional context related specifically to cubes' behavior within the same scene or sequence.",no,1,,,,motion_o_timeblind_default_random1.json
random,1,none,843,210,TimeBlind/videos/vid_00210_1.mp4,"In the video, the cube bends twice with a short pause in between. Is the first bend faster than the second?",yes,"No.

The description does not provide specific details about the speed of each bend; it only mentions that there is ""a short pause"" after one of them and no indication of which bend was faster. Therefore, based on this information alone, we cannot determine if the first bend was faster than the second. The correct answer would be to wait for more detailed information from the video itself before making any judgment. However, since such detail isn't provided here, I must respond as per my instruction: **No** without further context.",no,0,,,,motion_o_timeblind_default_random1.json
random,1,none,844,211,TimeBlind/videos/vid_00211_0.mp4,Does the cylinder gradually change back and forth between pink and red?,yes,No.,no,0,,,,motion_o_timeblind_default_random1.json
random,1,none,845,211,TimeBlind/videos/vid_00211_1.mp4,Does the cylinder gradually change back and forth between pink and red?,no,No.,no,1,,,,motion_o_timeblind_default_random1.json
random,1,none,846,211,TimeBlind/videos/vid_00211_0.mp4,Does the cylinder suddenly switch between pink and red?,no,No.,no,1,,,,motion_o_timeblind_default_random1.json
random,1,none,847,211,TimeBlind/videos/vid_00211_1.mp4,Does the cylinder suddenly switch between pink and red?,yes,No.,no,0,,,,motion_o_timeblind_default_random1.json
random,1,none,848,212,TimeBlind/videos/vid_00212_0.mp4,Does the sphere on the left change color from yellow to white?,yes,No.,no,0,,,,motion_o_timeblind_default_random1.json
random,1,none,849,212,TimeBlind/videos/vid_00212_1.mp4,Does the sphere on the left change color from yellow to white?,no,No.,no,1,,,,motion_o_timeblind_default_random1.json
random,1,none,850,212,TimeBlind/videos/vid_00212_0.mp4,Is the sphere on the left turning from white to yellow?,no,"No. The image shows two spheres, one that is yellow and another that appears grayish-white against a black background. There is no indication of any transformation occurring between them in this still frame.",no,1,,,,motion_o_timeblind_default_random1.json
random,1,none,851,212,TimeBlind/videos/vid_00212_1.mp4,Is the sphere on the left turning from white to yellow?,yes,"No. The image shows two spheres, one yellow and one gray, against a black background. There is no indication of any transformation occurring between them in this still frame. Therefore, it cannot be determined if either sphere is changing color based solely on what's shown here. If you're asking about an animation sequence where such changes might occur over time, that information isn't provided by just looking at these static images alone.",no,0,,,,motion_o_timeblind_default_random1.json
random,1,none,852,213,TimeBlind/videos/vid_00213_0.mp4,Does the object on the right change color?,yes,No.,no,0,,,,motion_o_timeblind_default_random1.json
random,1,none,853,213,TimeBlind/videos/vid_00213_1.mp4,Does the object on the right change color?,no,No.,no,1,,,,motion_o_timeblind_default_random1.json
random,1,none,854,213,TimeBlind/videos/vid_00213_0.mp4,Does the object on the right stay the same color?,no,No.,no,1,,,,motion_o_timeblind_default_random1.json
random,1,none,855,213,TimeBlind/videos/vid_00213_1.mp4,Does the object on the right stay the same color?,yes,Yes.,yes,1,,,,motion_o_timeblind_default_random1.json
random,1,none,856,214,TimeBlind/videos/vid_00214_0.mp4,Does the sphere turn yellow immediately after it turns red?,yes,No.,no,0,,,,motion_o_timeblind_default_random1.json
random,1,none,857,214,TimeBlind/videos/vid_00214_1.mp4,Does the sphere turn yellow immediately after it turns red?,no,No.,no,1,,,,motion_o_timeblind_default_random1.json
random,1,none,858,214,TimeBlind/videos/vid_00214_0.mp4,"After the sphere turns from yellow to red, does it pause before turning back to yellow?",no,No.,no,1,,,,motion_o_timeblind_default_random1.json
random,1,none,859,214,TimeBlind/videos/vid_00214_1.mp4,"After the sphere turns from yellow to red, does it pause before turning back to yellow?",yes,No.,no,0,,,,motion_o_timeblind_default_random1.json
random,1,none,860,215,TimeBlind/videos/vid_00215_0.mp4,Does the cylinder initially bend by about 30 degrees?,yes,No.,no,0,,,,motion_o_timeblind_default_random1.json
random,1,none,861,215,TimeBlind/videos/vid_00215_1.mp4,Does the cylinder initially bend by about 30 degrees?,no,No.,no,1,,,,motion_o_timeblind_default_random1.json
random,1,none,862,215,TimeBlind/videos/vid_00215_0.mp4,Does the cylinder bend to about 60 degrees the first time?,no,No.,no,1,,,,motion_o_timeblind_default_random1.json
random,1,none,863,215,TimeBlind/videos/vid_00215_1.mp4,Does the cylinder bend to about 60 degrees the first time?,yes,No.,no,0,,,,motion_o_timeblind_default_random1.json
random,1,none,864,216,TimeBlind/videos/vid_00216_0.mp4,Does the person keep the coffee cup steady while pouring milk into it?,yes,Yes.,yes,1,,,,motion_o_timeblind_default_random1.json
random,1,none,865,216,TimeBlind/videos/vid_00216_1.mp4,Does the person keep the coffee cup steady while pouring milk into it?,no,Yes.,yes,0,,,,motion_o_timeblind_default_random1.json
random,1,none,866,216,TimeBlind/videos/vid_00216_0.mp4,Does the person shake the cup while pouring milk into their coffee?,no,No.,no,1,,,,motion_o_timeblind_default_random1.json
random,1,none,867,216,TimeBlind/videos/vid_00216_1.mp4,Does the person shake the cup while pouring milk into their coffee?,yes,No.,no,0,,,,motion_o_timeblind_default_random1.json
random,1,none,868,217,TimeBlind/videos/vid_00217_0.mp4,Does the person lift the dumbbell three times?,yes,No.,no,0,,,,motion_o_timeblind_default_random1.json
random,1,none,869,217,TimeBlind/videos/vid_00217_1.mp4,Does the person lift the dumbbell three times?,no,No.,no,1,,,,motion_o_timeblind_default_random1.json
random,1,none,870,217,TimeBlind/videos/vid_00217_0.mp4,Does the person lift a dumbbell four times?,no,No.,no,1,,,,motion_o_timeblind_default_random1.json
random,1,none,871,217,TimeBlind/videos/vid_00217_1.mp4,Does the person lift a dumbbell four times?,yes,No.,no,0,,,,motion_o_timeblind_default_random1.json
random,1,none,872,218,TimeBlind/videos/vid_00218_0.mp4,Is the screen swiped to the right?,yes,No,no,0,,,,motion_o_timeblind_default_random1.json
random,1,none,873,218,TimeBlind/videos/vid_00218_1.mp4,Is the screen swiped to the right?,no,No,no,1,,,,motion_o_timeblind_default_random1.json
random,1,none,874,218,TimeBlind/videos/vid_00218_0.mp4,Is the screen swiped to the left?,no,No,no,1,,,,motion_o_timeblind_default_random1.json
random,1,none,875,218,TimeBlind/videos/vid_00218_1.mp4,Is the screen swiped to the left?,yes,No,no,0,,,,motion_o_timeblind_default_random1.json
random,1,none,876,219,TimeBlind/videos/vid_00219_0.mp4,Is the bottle cap being twisted clockwise?,yes,No.,no,0,,,,motion_o_timeblind_default_random1.json
random,1,none,877,219,TimeBlind/videos/vid_00219_1.mp4,Is the bottle cap being twisted clockwise?,no,Yes.,yes,0,,,,motion_o_timeblind_default_random1.json
random,1,none,878,219,TimeBlind/videos/vid_00219_0.mp4,Is the bottle cap being twisted counterclockwise?,no,No.,no,1,,,,motion_o_timeblind_default_random1.json
random,1,none,879,219,TimeBlind/videos/vid_00219_1.mp4,Is the bottle cap being twisted counterclockwise?,yes,No.,no,0,,,,motion_o_timeblind_default_random1.json
random,1,none,880,220,TimeBlind/videos/vid_00220_0.mp4,Is the man still preparing to take the free throw?,yes,No.,no,0,,,,motion_o_timeblind_default_random1.json
random,1,none,881,220,TimeBlind/videos/vid_00220_1.mp4,Is the man still preparing to take the free throw?,no,Yes.,yes,0,,,,motion_o_timeblind_default_random1.json
random,1,none,882,220,TimeBlind/videos/vid_00220_0.mp4,Has the man successfully made the free throw?,no,No.,no,1,,,,motion_o_timeblind_default_random1.json
random,1,none,883,220,TimeBlind/videos/vid_00220_1.mp4,Has the man successfully made the free throw?,yes,No.,no,0,,,,motion_o_timeblind_default_random1.json
random,1,none,884,221,TimeBlind/videos/vid_00221_0.mp4,Does the boy make the basket on his first try?,yes,No.,no,0,,,,motion_o_timeblind_default_random1.json
random,1,none,885,221,TimeBlind/videos/vid_00221_1.mp4,Does the boy make the basket on his first try?,no,No.,no,1,,,,motion_o_timeblind_default_random1.json
random,1,none,886,221,TimeBlind/videos/vid_00221_0.mp4,Does the boy miss the basket on his first try?,no,No.,no,1,,,,motion_o_timeblind_default_random1.json
random,1,none,887,221,TimeBlind/videos/vid_00221_1.mp4,Does the boy miss the basket on his first try?,yes,No.,no,0,,,,motion_o_timeblind_default_random1.json
random,1,none,888,222,TimeBlind/videos/vid_00222_0.mp4,Does this person walk forward slowly at first and then speed up?,yes,No.,no,0,,,,motion_o_timeblind_default_random1.json
random,1,none,889,222,TimeBlind/videos/vid_00222_1.mp4,Does this person walk forward slowly at first and then speed up?,no,No.,no,1,,,,motion_o_timeblind_default_random1.json
random,1,none,890,222,TimeBlind/videos/vid_00222_0.mp4,Does this person walk forward quickly at first and then slow down?,no,No.,no,1,,,,motion_o_timeblind_default_random1.json
random,1,none,891,222,TimeBlind/videos/vid_00222_1.mp4,Does this person walk forward quickly at first and then slow down?,yes,No.,no,0,,,,motion_o_timeblind_default_random1.json
random,1,none,892,223,TimeBlind/videos/vid_00223_0.mp4,Is the screen swiped up?,yes,No.,no,0,,,,motion_o_timeblind_default_random1.json
random,1,none,893,223,TimeBlind/videos/vid_00223_1.mp4,Is the screen swiped up?,no,No.,no,1,,,,motion_o_timeblind_default_random1.json
random,1,none,894,223,TimeBlind/videos/vid_00223_0.mp4,Is the screen swiped down?,no,Yes.,yes,0,,,,motion_o_timeblind_default_random1.json
random,1,none,895,223,TimeBlind/videos/vid_00223_1.mp4,Is the screen swiped down?,yes,No,no,0,,,,motion_o_timeblind_default_random1.json
random,1,none,896,224,TimeBlind/videos/vid_00224_0.mp4,Does the person in the video fully fold the T-shirt?,yes,No.,no,0,,,,motion_o_timeblind_default_random1.json
random,1,none,897,224,TimeBlind/videos/vid_00224_1.mp4,Does the person in the video fully fold the T-shirt?,no,No.,no,1,,,,motion_o_timeblind_default_random1.json
random,1,none,898,224,TimeBlind/videos/vid_00224_0.mp4,Does the person in the video leave the T-shirt not fully folded?,no,No.,no,1,,,,motion_o_timeblind_default_random1.json
random,1,none,899,224,TimeBlind/videos/vid_00224_1.mp4,Does the person in the video leave the T-shirt not fully folded?,yes,No.,no,0,,,,motion_o_timeblind_default_random1.json
random,1,none,900,225,TimeBlind/videos/vid_00225_0.mp4,Does the top strip turn off before the bottom strip turns on?,yes,No.,no,0,,,,motion_o_timeblind_default_random1.json
random,1,none,901,225,TimeBlind/videos/vid_00225_1.mp4,Does the top strip turn off before the bottom strip turns on?,no,No.,no,1,,,,motion_o_timeblind_default_random1.json
random,1,none,902,225,TimeBlind/videos/vid_00225_0.mp4,Are both strips on at the same time at any point?,no,No.,no,1,,,,motion_o_timeblind_default_random1.json
random,1,none,903,225,TimeBlind/videos/vid_00225_1.mp4,Are both strips on at the same time at any point?,yes,No.,no,0,,,,motion_o_timeblind_default_random1.json
random,1,none,904,226,TimeBlind/videos/vid_00226_0.mp4,Does the bottom strip turn on the exact moment the top strip turns off?,yes,No.,no,0,,,,motion_o_timeblind_default_random1.json
random,1,none,905,226,TimeBlind/videos/vid_00226_1.mp4,Does the bottom strip turn on the exact moment the top strip turns off?,no,No.,no,1,,,,motion_o_timeblind_default_random1.json
random,1,none,906,226,TimeBlind/videos/vid_00226_0.mp4,Is the bottom strip already lit when the top strip first turns on?,no,No.,no,1,,,,motion_o_timeblind_default_random1.json
random,1,none,907,226,TimeBlind/videos/vid_00226_1.mp4,Is the bottom strip already lit when the top strip first turns on?,yes,No.,no,0,,,,motion_o_timeblind_default_random1.json
random,1,none,908,227,TimeBlind/videos/vid_00227_0.mp4,Does the top strip turn on before the bottom strip?,yes,No.,no,0,,,,motion_o_timeblind_default_random1.json
random,1,none,909,227,TimeBlind/videos/vid_00227_1.mp4,Does the top strip turn on before the bottom strip?,no,No.,no,1,,,,motion_o_timeblind_default_random1.json
random,1,none,910,227,TimeBlind/videos/vid_00227_0.mp4,Does the bottom strip turn off before the top strip turns off?,no,No.,no,1,,,,motion_o_timeblind_default_random1.json
random,1,none,911,227,TimeBlind/videos/vid_00227_1.mp4,Does the bottom strip turn off before the top strip turns off?,yes,No.,no,0,,,,motion_o_timeblind_default_random1.json
random,1,none,912,228,TimeBlind/videos/vid_00228_0.mp4,Does the bottom strip stay lit longer than the top strip?,yes,No.,no,0,,,,motion_o_timeblind_default_random1.json
random,1,none,913,228,TimeBlind/videos/vid_00228_1.mp4,Does the bottom strip stay lit longer than the top strip?,no,No.,no,1,,,,motion_o_timeblind_default_random1.json
random,1,none,914,228,TimeBlind/videos/vid_00228_0.mp4,Does the top strip stay lit longer than the bottom strip?,no,No.,no,1,,,,motion_o_timeblind_default_random1.json
random,1,none,915,228,TimeBlind/videos/vid_00228_1.mp4,Does the top strip stay lit longer than the bottom strip?,yes,No.,no,0,,,,motion_o_timeblind_default_random1.json
random,1,none,916,229,TimeBlind/videos/vid_00229_0.mp4,Does the bottom strip turn on before the top strip?,yes,No.,no,0,,,,motion_o_timeblind_default_random1.json
random,1,none,917,229,TimeBlind/videos/vid_00229_1.mp4,Does the bottom strip turn on before the top strip?,no,No.,no,1,,,,motion_o_timeblind_default_random1.json
random,1,none,918,229,TimeBlind/videos/vid_00229_0.mp4,Does the top strip turn on before the bottom strip?,no,No.,no,1,,,,motion_o_timeblind_default_random1.json
random,1,none,919,229,TimeBlind/videos/vid_00229_1.mp4,Does the top strip turn on before the bottom strip?,yes,No.,no,0,,,,motion_o_timeblind_default_random1.json
random,1,none,920,230,TimeBlind/videos/vid_00230_0.mp4,Is the top strip’s lit interval entirely within the bottom strip’s lit interval?,yes,No.,no,0,,,,motion_o_timeblind_default_random1.json
random,1,none,921,230,TimeBlind/videos/vid_00230_1.mp4,Is the top strip’s lit interval entirely within the bottom strip’s lit interval?,no,No.,no,1,,,,motion_o_timeblind_default_random1.json
random,1,none,922,230,TimeBlind/videos/vid_00230_0.mp4,Is the bottom strip’s lit interval entirely within the top strip’s lit interval?,no,No.,no,1,,,,motion_o_timeblind_default_random1.json
random,1,none,923,230,TimeBlind/videos/vid_00230_1.mp4,Is the bottom strip’s lit interval entirely within the top strip’s lit interval?,yes,No.,no,0,,,,motion_o_timeblind_default_random1.json
random,1,none,924,231,TimeBlind/videos/vid_00231_0.mp4,Do the two strips start at the same moment?,yes,No.,no,0,,,,motion_o_timeblind_default_random1.json
random,1,none,925,231,TimeBlind/videos/vid_00231_1.mp4,Do the two strips start at the same moment?,no,No.,no,1,,,,motion_o_timeblind_default_random1.json
random,1,none,926,231,TimeBlind/videos/vid_00231_0.mp4,Does the top strip finish before the bottom strip turns on?,no,No.,no,1,,,,motion_o_timeblind_default_random1.json
random,1,none,927,231,TimeBlind/videos/vid_00231_1.mp4,Does the top strip finish before the bottom strip turns on?,yes,No.,no,0,,,,motion_o_timeblind_default_random1.json
random,1,none,928,232,TimeBlind/videos/vid_00232_0.mp4,Does the bottom strip turn off at the exact moment the top strip turns on?,yes,No.,no,0,,,,motion_o_timeblind_default_random1.json
random,1,none,929,232,TimeBlind/videos/vid_00232_1.mp4,Does the bottom strip turn off at the exact moment the top strip turns on?,no,No.,no,1,,,,motion_o_timeblind_default_random1.json
random,1,none,930,232,TimeBlind/videos/vid_00232_0.mp4,Is there a clear pause between the bottom turning off and the top turning on?,no,No.,no,1,,,,motion_o_timeblind_default_random1.json
random,1,none,931,232,TimeBlind/videos/vid_00232_1.mp4,Is there a clear pause between the bottom turning off and the top turning on?,yes,No.,no,0,,,,motion_o_timeblind_default_random1.json
random,1,none,932,233,TimeBlind/videos/vid_00233_0.mp4,Does the bottom strip start before the top strip starts?,yes,No.,no,0,,,,motion_o_timeblind_default_random1.json
random,1,none,933,233,TimeBlind/videos/vid_00233_1.mp4,Does the bottom strip start before the top strip starts?,no,No.,no,1,,,,motion_o_timeblind_default_random1.json
random,1,none,934,233,TimeBlind/videos/vid_00233_0.mp4,Does the bottom strip turn on immediately after the top strip turns off?,no,No.,no,1,,,,motion_o_timeblind_default_random1.json
random,1,none,935,233,TimeBlind/videos/vid_00233_1.mp4,Does the bottom strip turn on immediately after the top strip turns off?,yes,No.,no,0,,,,motion_o_timeblind_default_random1.json
random,1,none,936,234,TimeBlind/videos/vid_00234_0.mp4,Does the top strip remain on the whole time the bottom strip is on?,yes,No.,no,0,,,,motion_o_timeblind_default_random1.json
random,1,none,937,234,TimeBlind/videos/vid_00234_1.mp4,Does the top strip remain on the whole time the bottom strip is on?,no,No.,no,1,,,,motion_o_timeblind_default_random1.json
random,1,none,938,234,TimeBlind/videos/vid_00234_0.mp4,Does the bottom strip stay lit after the top strip turns off?,no,No.,no,1,,,,motion_o_timeblind_default_random1.json
random,1,none,939,234,TimeBlind/videos/vid_00234_1.mp4,Does the bottom strip stay lit after the top strip turns off?,yes,No.,no,0,,,,motion_o_timeblind_default_random1.json
random,1,none,940,235,TimeBlind/videos/vid_00235_0.mp4,Do the two strips turn on at the exact same time?,yes,No.,no,0,,,,motion_o_timeblind_default_random1.json
random,1,none,941,235,TimeBlind/videos/vid_00235_1.mp4,Do the two strips turn on at the exact same time?,no,No.,no,1,,,,motion_o_timeblind_default_random1.json
random,1,none,942,235,TimeBlind/videos/vid_00235_0.mp4,Is the top strip stay on only while the bottom strip is lit?,no,No.,no,1,,,,motion_o_timeblind_default_random1.json
random,1,none,943,235,TimeBlind/videos/vid_00235_1.mp4,Is the top strip stay on only while the bottom strip is lit?,yes,No.,no,0,,,,motion_o_timeblind_default_random1.json
random,1,none,944,236,TimeBlind/videos/vid_00236_0.mp4,Do both strips turn off at the same time?,yes,No.,no,0,,,,motion_o_timeblind_default_random1.json
random,1,none,945,236,TimeBlind/videos/vid_00236_1.mp4,Do both strips turn off at the same time?,no,No.,no,1,,,,motion_o_timeblind_default_random1.json
random,1,none,946,236,TimeBlind/videos/vid_00236_0.mp4,Does the bottom strip stay on after the top strip turns off?,no,No.,no,1,,,,motion_o_timeblind_default_random1.json
random,1,none,947,236,TimeBlind/videos/vid_00236_1.mp4,Does the bottom strip stay on after the top strip turns off?,yes,No.,no,0,,,,motion_o_timeblind_default_random1.json
random,1,none,948,237,TimeBlind/videos/vid_00237_0.mp4,Do both strips turn off at the same time?,yes,No.,no,0,,,,motion_o_timeblind_default_random1.json
random,1,none,949,237,TimeBlind/videos/vid_00237_1.mp4,Do both strips turn off at the same time?,no,No.,no,1,,,,motion_o_timeblind_default_random1.json
random,1,none,950,237,TimeBlind/videos/vid_00237_0.mp4,Is the top strip stay on only while the bottom strip is lit?,no,No.,no,1,,,,motion_o_timeblind_default_random1.json
random,1,none,951,237,TimeBlind/videos/vid_00237_1.mp4,Is the top strip stay on only while the bottom strip is lit?,yes,No.,no,0,,,,motion_o_timeblind_default_random1.json
random,1,none,952,238,TimeBlind/videos/vid_00238_0.mp4,Does the top strip turn on before the bottom strip?,yes,No.,no,0,,,,motion_o_timeblind_default_random1.json
random,1,none,953,238,TimeBlind/videos/vid_00238_1.mp4,Does the top strip turn on before the bottom strip?,no,No.,no,1,,,,motion_o_timeblind_default_random1.json
random,1,none,954,238,TimeBlind/videos/vid_00238_0.mp4,Is the bottom strip already lit when the top strip turns on?,no,No.,no,1,,,,motion_o_timeblind_default_random1.json
random,1,none,955,238,TimeBlind/videos/vid_00238_1.mp4,Is the bottom strip already lit when the top strip turns on?,yes,No.,no,0,,,,motion_o_timeblind_default_random1.json
random,1,none,956,239,TimeBlind/videos/vid_00239_0.mp4,Does the top strip finish before the bottom strip ever turns on?,yes,No.,no,0,,,,motion_o_timeblind_default_random1.json
random,1,none,957,239,TimeBlind/videos/vid_00239_1.mp4,Does the top strip finish before the bottom strip ever turns on?,no,No.,no,1,,,,motion_o_timeblind_default_random1.json
random,1,none,958,239,TimeBlind/videos/vid_00239_0.mp4,Does the bottom strip turn off exactly when the top strip turns on?,no,No.,no,1,,,,motion_o_timeblind_default_random1.json
random,1,none,959,239,TimeBlind/videos/vid_00239_1.mp4,Does the bottom strip turn off exactly when the top strip turns on?,yes,No.,no,0,,,,motion_o_timeblind_default_random1.json
random,1,none,960,240,TimeBlind/videos/vid_00240_0.mp4,Does one strip stay lit longer than the other?,yes,No.,no,0,,,,motion_o_timeblind_default_random1.json
random,1,none,961,240,TimeBlind/videos/vid_00240_1.mp4,Does one strip stay lit longer than the other?,no,No.,no,1,,,,motion_o_timeblind_default_random1.json
random,1,none,962,240,TimeBlind/videos/vid_00240_0.mp4,Do both strips stay lit for exactly the same length of time?,no,No.,no,1,,,,motion_o_timeblind_default_random1.json
random,1,none,963,240,TimeBlind/videos/vid_00240_1.mp4,Do both strips stay lit for exactly the same length of time?,yes,No.,no,0,,,,motion_o_timeblind_default_random1.json
random,1,none,964,241,TimeBlind/videos/vid_00241_0.mp4,Is the bottom strip already on when the top strip turns on?,yes,No.,no,0,,,,motion_o_timeblind_default_random1.json
random,1,none,965,241,TimeBlind/videos/vid_00241_1.mp4,Is the bottom strip already on when the top strip turns on?,no,No.,no,1,,,,motion_o_timeblind_default_random1.json
random,1,none,966,241,TimeBlind/videos/vid_00241_0.mp4,Does the bottom strip turn on right when the top strip turns off?,no,No.,no,1,,,,motion_o_timeblind_default_random1.json
random,1,none,967,241,TimeBlind/videos/vid_00241_1.mp4,Does the bottom strip turn on right when the top strip turns off?,yes,No.,no,0,,,,motion_o_timeblind_default_random1.json
random,1,none,968,242,TimeBlind/videos/vid_00242_0.mp4,Does the top strip stay on after the bottom strip turns off?,yes,No.,no,0,,,,motion_o_timeblind_default_random1.json
random,1,none,969,242,TimeBlind/videos/vid_00242_1.mp4,Does the top strip stay on after the bottom strip turns off?,no,No.,no,1,,,,motion_o_timeblind_default_random1.json
random,1,none,970,242,TimeBlind/videos/vid_00242_0.mp4,Do both strips turn off at the same time?,no,No.,no,1,,,,motion_o_timeblind_default_random1.json
random,1,none,971,242,TimeBlind/videos/vid_00242_1.mp4,Do both strips turn off at the same time?,yes,No.,no,0,,,,motion_o_timeblind_default_random1.json
random,1,none,972,243,TimeBlind/videos/vid_00243_0.mp4,Do the two strips overlap in time?,yes,No.,no,0,,,,motion_o_timeblind_default_random1.json
random,1,none,973,243,TimeBlind/videos/vid_00243_1.mp4,Do the two strips overlap in time?,no,No.,no,1,,,,motion_o_timeblind_default_random1.json
random,1,none,974,243,TimeBlind/videos/vid_00243_0.mp4,Does the top strip only turn on after the bottom strip has already turned off?,no,No.,no,1,,,,motion_o_timeblind_default_random1.json
random,1,none,975,243,TimeBlind/videos/vid_00243_1.mp4,Does the top strip only turn on after the bottom strip has already turned off?,yes,No.,no,0,,,,motion_o_timeblind_default_random1.json
random,1,none,976,244,TimeBlind/videos/vid_00244_0.mp4,Do both strips turn on at the exact same moment?,yes,No.,no,0,,,,motion_o_timeblind_default_random1.json
random,1,none,977,244,TimeBlind/videos/vid_00244_1.mp4,Do both strips turn on at the exact same moment?,no,No.,no,1,,,,motion_o_timeblind_default_random1.json
random,1,none,978,244,TimeBlind/videos/vid_00244_0.mp4,Does the top strip stay lit longer than the bottom strip?,no,No.,no,1,,,,motion_o_timeblind_default_random1.json
random,1,none,979,244,TimeBlind/videos/vid_00244_1.mp4,Does the top strip stay lit longer than the bottom strip?,yes,No.,no,0,,,,motion_o_timeblind_default_random1.json
random,1,none,980,245,TimeBlind/videos/vid_00245_0.mp4,Is there a clear gap between the top strip turning off and the bottom strip turning on?,yes,No.,no,0,,,,motion_o_timeblind_default_random1.json
random,1,none,981,245,TimeBlind/videos/vid_00245_1.mp4,Is there a clear gap between the top strip turning off and the bottom strip turning on?,no,No.,no,1,,,,motion_o_timeblind_default_random1.json
random,1,none,982,245,TimeBlind/videos/vid_00245_0.mp4,Does the bottom strip start at the exact moment the top strip turns off?,no,No.,no,1,,,,motion_o_timeblind_default_random1.json
random,1,none,983,245,TimeBlind/videos/vid_00245_1.mp4,Does the bottom strip start at the exact moment the top strip turns off?,yes,No.,no,0,,,,motion_o_timeblind_default_random1.json
random,1,none,984,246,TimeBlind/videos/vid_00246_0.mp4,Does the bottom strip remain lit after the top strip turns off?,yes,No.,no,0,,,,motion_o_timeblind_default_random1.json
random,1,none,985,246,TimeBlind/videos/vid_00246_1.mp4,Does the bottom strip remain lit after the top strip turns off?,no,No.,no,1,,,,motion_o_timeblind_default_random1.json
random,1,none,986,246,TimeBlind/videos/vid_00246_0.mp4,Does the top strip remain lit after the bottom strip turns off?,no,Yes.,yes,0,,,,motion_o_timeblind_default_random1.json
random,1,none,987,246,TimeBlind/videos/vid_00246_1.mp4,Does the top strip remain lit after the bottom strip turns off?,yes,No.,no,0,,,,motion_o_timeblind_default_random1.json
random,1,none,988,247,TimeBlind/videos/vid_00247_0.mp4,"After they turn on together, does the bottom strip stay lit longer?",yes,No.,no,0,,,,motion_o_timeblind_default_random1.json
random,1,none,989,247,TimeBlind/videos/vid_00247_1.mp4,"After they turn on together, does the bottom strip stay lit longer?",no,No.,no,1,,,,motion_o_timeblind_default_random1.json
random,1,none,990,247,TimeBlind/videos/vid_00247_0.mp4,"After they turn on together, does the top strip stay lit longer?",no,No.,no,1,,,,motion_o_timeblind_default_random1.json
random,1,none,991,247,TimeBlind/videos/vid_00247_1.mp4,"After they turn on together, does the top strip stay lit longer?",yes,No.,no,0,,,,motion_o_timeblind_default_random1.json
random,1,none,992,248,TimeBlind/videos/vid_00248_0.mp4,Is the top strip fully within the time the bottom strip is lit?,yes,No.,no,0,,,,motion_o_timeblind_default_random1.json
random,1,none,993,248,TimeBlind/videos/vid_00248_1.mp4,Is the top strip fully within the time the bottom strip is lit?,no,No.,no,1,,,,motion_o_timeblind_default_random1.json
random,1,none,994,248,TimeBlind/videos/vid_00248_0.mp4,Is the bottom strip fully within the time the top strip is lit?,no,No.,no,1,,,,motion_o_timeblind_default_random1.json
random,1,none,995,248,TimeBlind/videos/vid_00248_1.mp4,Is the bottom strip fully within the time the top strip is lit?,yes,No.,no,0,,,,motion_o_timeblind_default_random1.json
random,1,none,996,249,TimeBlind/videos/vid_00249_0.mp4,Does the bottom strip turn on before the top strip?,yes,No.,no,0,,,,motion_o_timeblind_default_random1.json
random,1,none,997,249,TimeBlind/videos/vid_00249_1.mp4,Does the bottom strip turn on before the top strip?,no,No.,no,1,,,,motion_o_timeblind_default_random1.json
random,1,none,998,249,TimeBlind/videos/vid_00249_0.mp4,Does the top strip turn on before the bottom strip?,no,No.,no,1,,,,motion_o_timeblind_default_random1.json
random,1,none,999,249,TimeBlind/videos/vid_00249_1.mp4,Does the top strip turn on before the bottom strip?,yes,No.,no,0,,,,motion_o_timeblind_default_random1.json
random,1,none,1000,250,TimeBlind/videos/vid_00250_0.mp4,Does the top strip start at the exact moment the bottom strip turns off?,yes,No.,no,0,,,,motion_o_timeblind_default_random1.json
random,1,none,1001,250,TimeBlind/videos/vid_00250_1.mp4,Does the top strip start at the exact moment the bottom strip turns off?,no,No.,no,1,,,,motion_o_timeblind_default_random1.json
random,1,none,1002,250,TimeBlind/videos/vid_00250_0.mp4,Is there a clear pause after the bottom strip turns off before the top strip starts?,no,No.,no,1,,,,motion_o_timeblind_default_random1.json
random,1,none,1003,250,TimeBlind/videos/vid_00250_1.mp4,Is there a clear pause after the bottom strip turns off before the top strip starts?,yes,No.,no,0,,,,motion_o_timeblind_default_random1.json
random,1,none,1004,251,TimeBlind/videos/vid_00251_0.mp4,Do the two strips turn off at the same time?,yes,No.,no,0,,,,motion_o_timeblind_default_random1.json
random,1,none,1005,251,TimeBlind/videos/vid_00251_1.mp4,Do the two strips turn off at the same time?,no,No.,no,1,,,,motion_o_timeblind_default_random1.json
random,1,none,1006,251,TimeBlind/videos/vid_00251_0.mp4,Does the bottom strip stay lit after the top strip turns off?,no,No.,no,1,,,,motion_o_timeblind_default_random1.json
random,1,none,1007,251,TimeBlind/videos/vid_00251_1.mp4,Does the bottom strip stay lit after the top strip turns off?,yes,No.,no,0,,,,motion_o_timeblind_default_random1.json
random,1,none,1008,252,TimeBlind/videos/vid_00252_0.mp4,Has the top strip already turned off by the time the bottom strip turns on?,yes,No.,no,0,,,,motion_o_timeblind_default_random1.json
random,1,none,1009,252,TimeBlind/videos/vid_00252_1.mp4,Has the top strip already turned off by the time the bottom strip turns on?,no,No.,no,1,,,,motion_o_timeblind_default_random1.json
random,1,none,1010,252,TimeBlind/videos/vid_00252_0.mp4,Do the two strips overlap in time at any point?,no,No.,no,1,,,,motion_o_timeblind_default_random1.json
random,1,none,1011,252,TimeBlind/videos/vid_00252_1.mp4,Do the two strips overlap in time at any point?,yes,No.,no,0,,,,motion_o_timeblind_default_random1.json
random,1,none,1012,253,TimeBlind/videos/vid_00253_0.mp4,Does the top strip stay on for the entire time the bottom strip is lit?,yes,No.,no,0,,,,motion_o_timeblind_default_random1.json
random,1,none,1013,253,TimeBlind/videos/vid_00253_1.mp4,Does the top strip stay on for the entire time the bottom strip is lit?,no,No.,no,1,,,,motion_o_timeblind_default_random1.json
random,1,none,1014,253,TimeBlind/videos/vid_00253_0.mp4,Does the bottom strip stay on for the entire time the top strip is lit?,no,No.,no,1,,,,motion_o_timeblind_default_random1.json
random,1,none,1015,253,TimeBlind/videos/vid_00253_1.mp4,Does the bottom strip stay on for the entire time the top strip is lit?,yes,No.,no,0,,,,motion_o_timeblind_default_random1.json
random,1,none,1016,254,TimeBlind/videos/vid_00254_0.mp4,Do the two strips turn off at the same time?,yes,No.,no,0,,,,motion_o_timeblind_default_random1.json
random,1,none,1017,254,TimeBlind/videos/vid_00254_1.mp4,Do the two strips turn off at the same time?,no,No.,no,1,,,,motion_o_timeblind_default_random1.json
random,1,none,1018,254,TimeBlind/videos/vid_00254_0.mp4,Does the bottom strip stay lit after the top strip turns off?,no,No.,no,1,,,,motion_o_timeblind_default_random1.json
random,1,none,1019,254,TimeBlind/videos/vid_00254_1.mp4,Does the bottom strip stay lit after the top strip turns off?,yes,No.,no,0,,,,motion_o_timeblind_default_random1.json
random,1,none,1020,255,TimeBlind/videos/vid_00255_0.mp4,Is the power strip being switched off the reason why the computer isn’t charging?,yes,No.,no,0,,,,motion_o_timeblind_default_random1.json
random,1,none,1021,255,TimeBlind/videos/vid_00255_1.mp4,Is the power strip being switched off the reason why the computer isn’t charging?,no,No.,no,1,,,,motion_o_timeblind_default_random1.json
random,1,none,1022,255,TimeBlind/videos/vid_00255_0.mp4,Is the charger being unplugged from the power strip the reason why the computer isn’t charging?,no,No.,no,1,,,,motion_o_timeblind_default_random1.json
random,1,none,1023,255,TimeBlind/videos/vid_00255_1.mp4,Is the charger being unplugged from the power strip the reason why the computer isn’t charging?,yes,No.,no,0,,,,motion_o_timeblind_default_random1.json
random,1,none,1024,256,TimeBlind/videos/vid_00256_0.mp4,"Was folder 'folder_2' moved into folder 'folder_1', causing it to disappear from the screen?",yes,No.,no,0,,,,motion_o_timeblind_default_random1.json
random,1,none,1025,256,TimeBlind/videos/vid_00256_1.mp4,"Was folder 'folder_2' moved into folder 'folder_1', causing it to disappear from the screen?",no,No.,no,1,,,,motion_o_timeblind_default_random1.json
random,1,none,1026,256,TimeBlind/videos/vid_00256_0.mp4,"Was folder 'folder_2' moved to the Trash, causing it to disappear from the screen?",no,No.,no,1,,,,motion_o_timeblind_default_random1.json
random,1,none,1027,256,TimeBlind/videos/vid_00256_1.mp4,"Was folder 'folder_2' moved to the Trash, causing it to disappear from the screen?",yes,No.,no,0,,,,motion_o_timeblind_default_random1.json
random,1,none,1028,257,TimeBlind/videos/vid_00257_0.mp4,Was clicking the Close button the reason the window disappeared from the screen?,yes,"No. The image shows that the window is still open, and there's no indication of it being closed by any action like clicking on its close button. Therefore, based solely on this visual information provided in the question, we cannot conclude whether closing was done as per your query; hence ""No"" would be an appropriate response if asked about what caused something to disappear (which isn't happening here). If you're asking why anything might have gone away at all without further context, then indeed nothing has visibly changed since the screenshot captures only one state - so again: ""No"". However, strictly speaking regarding just 'clicking' related actions within this frame alone yields ""No"", too.

Please note though for accuracy sake, I am interpreting the scenario under strict adherence to given facts presented visually rather than making assumptions beyond them!",no,0,,,,motion_o_timeblind_default_random1.json
random,1,none,1029,257,TimeBlind/videos/vid_00257_1.mp4,Was clicking the Close button the reason the window disappeared from the screen?,no,"No. The image shows that there is no close button visible on the open application, and it appears to be minimized rather than closed completely. Therefore, based solely on this observation without additional context about user actions before taking the photo, we cannot conclude whether closing an app would have caused its disappearance in such circumstances. However, if you're asking hypothetically under typical conditions where minimizing an app can hide its interface elements but not entirely remove them until explicitly closed: **Yes**, minimization could make parts of the app's content disappear off-screen temporarily; however, since ""closed"" implies complete removal which isn't shown here.

For clarity:
- Minimized = Hidden.
- Closed = Removed (entirely).

Given only what’s seen - minimized state - the answer leans towards 'no' for explicit closure as per your query format.",no,1,,,,motion_o_timeblind_default_random1.json
random,1,none,1030,257,TimeBlind/videos/vid_00257_0.mp4,Was clicking the Minimize (Hide) button the reason the window disappeared from the screen?,no,"No. The image shows that there is no visible minimize, maximize, or close buttons on the taskbar at the bottom of the screen where such actions would typically be performed to control windows like this one. Therefore, it's not possible for these specific buttons being clicked to have caused any change in visibility as depicted here.

If you're referring instead to some other action within an application itself causing the window to disappear—such as closing the app entirely—that cannot be determined just by observing what appears on-screen and without additional context about user interactions with applications. 

So based solely upon visual evidence provided: **No** - nothing suggests minimizing/hiding was done via standard OS controls shown; however, if we consider internal application behavior outside our view, then yes, something could conceivably hide/terminate the displayed content but that isn't evident visually alone.",no,1,,,,motion_o_timeblind_default_random1.json
random,1,none,1031,257,TimeBlind/videos/vid_00257_1.mp4,Was clicking the Minimize (Hide) button the reason the window disappeared from the screen?,yes,Yes.,yes,1,,,,motion_o_timeblind_default_random1.json
random,1,none,1032,258,TimeBlind/videos/vid_00258_0.mp4,"Was the close button clicked, causing the browser window to disappear from the screen?",yes,No,no,0,,,,motion_o_timeblind_default_random1.json
random,1,none,1033,258,TimeBlind/videos/vid_00258_1.mp4,"Was the close button clicked, causing the browser window to disappear from the screen?",no,No,no,1,,,,motion_o_timeblind_default_random1.json
random,1,none,1034,258,TimeBlind/videos/vid_00258_0.mp4,"Was the minimize button clicked, causing the browser window to disappear from the screen?",no,No,no,1,,,,motion_o_timeblind_default_random1.json
random,1,none,1035,258,TimeBlind/videos/vid_00258_1.mp4,"Was the minimize button clicked, causing the browser window to disappear from the screen?",yes,No,no,0,,,,motion_o_timeblind_default_random1.json
random,1,none,1036,259,TimeBlind/videos/vid_00259_0.mp4,Was the trackpad used to open the new browser window?,yes,"No. The image shows that the laptop is connected to an external monitor, and there's no visible indication of using the trackpad for any action on the screen at this moment. It appears as though someone might be typing with their fingers over the keyboard rather than interacting directly with the trackpad in the picture provided. Therefore, it cannot be determined if the trackpad was specifically used here based solely on what we see visually from this snapshot alone without additional context about user actions during those moments captured by the photo.",no,0,,,,motion_o_timeblind_default_random1.json
random,1,none,1037,259,TimeBlind/videos/vid_00259_1.mp4,Was the trackpad used to open the new browser window?,no,"No. The image shows that the laptop is in use, but there's no indication of any interaction with the trackpad specifically for opening a new browser window. Instead, it appears as though someone might be typing on the keyboard while looking at an existing document or webpage displayed on the screen. Therefore, based solely on this visual information and without additional context about specific actions taken by the user (which isn't provided), we cannot confirm whether the trackpad was involved in opening a new browser window. However, since such action wasn’t explicitly shown nor can be inferred from what’s visible here alone, I would say ""No"" if asked directly regarding its involvement under these conditions only.",no,1,,,,motion_o_timeblind_default_random1.json
random,1,none,1038,259,TimeBlind/videos/vid_00259_0.mp4,Was the mouse used to open the new browser window?,no,"No.

The image shows an open laptop with multiple windows, including what appears to be a web browser and possibly other applications like Google Maps. However, there is no visible indication that any specific action was taken on the keyboard or touchpad (if present) by using a mouse in this particular moment captured in the photo. The presence of a hand near the trackpad suggests interaction might have occurred at some point but not necessarily related directly to opening the current browser window shown. Therefore based solely upon visual evidence from one snapshot without additional context about timing cannot definitively conclude if it's yes or no regarding whether ""the mouse"" specifically opened said browser tab/window. Thus providing either 'Yes' or 'No', would require more information than just observing static images alone which isn't available here. Hence my answer remains neutral as per instructions asking for only 'yes'/'no'.",no,1,,,,motion_o_timeblind_default_random1.json
random,1,none,1039,259,TimeBlind/videos/vid_00259_1.mp4,Was the mouse used to open the new browser window?,yes,"No.

The image shows only part of an Apple Magic Keyboard and trackpad, with no visible mouse in use. The action described involves opening a new browser window using a mouse click on the taskbar icon for Google Chrome, which is not depicted here at all. Therefore, based solely on what's shown in this picture, it cannot be determined if a mouse was involved; however, since there isn't any evidence suggesting its presence either way within these bounds, we must conclude that ""no"" would be more appropriate given our current visual information alone without making assumptions about unseen actions outside frame boundaries.",no,0,,,,motion_o_timeblind_default_random1.json
random,1,none,1040,260,TimeBlind/videos/vid_00260_0.mp4,Was the mouse used to close the first app window?,yes,"No. The image shows an open laptop with multiple windows on display, but there is no visible indication that any specific action was taken by using a mouse to interact with these apps. Therefore, it cannot be determined if the mouse was used to close the first app window based solely on this image.",no,0,,,,motion_o_timeblind_default_random1.json
random,1,none,1041,260,TimeBlind/videos/vid_00260_1.mp4,Was the mouse used to close the first app window?,no,"No. The image shows an open laptop with multiple windows on its screen, but there is no visible mouse in use at this moment. Therefore, it cannot be determined if the mouse was used to close any specific app window based solely on what's shown here.",no,1,,,,motion_o_timeblind_default_random1.json
random,1,none,1042,260,TimeBlind/videos/vid_00260_0.mp4,Was the trackpad used to close the first app window?,no,"No. The image shows that an external monitor is connected, and there's no indication of any interaction with the laptop screen itself through its touchpad. Therefore, it cannot be determined if the trackpad was used to close the first app window in this context. However, based on visual evidence alone from the provided picture, we can only confirm what is visible: the presence of two monitors but not specific actions taken by the user like closing windows via their trackpad.

So, without further information about how the user interacted specifically within the operating system environment (e.g., using keyboard shortcuts), I must answer:

**No**, as per our current understanding derived solely from observing the setup shown here - which does *not* include direct observation of mouse/trackpad usage for interacting directly with applications displayed on either display.",no,1,,,,motion_o_timeblind_default_random1.json
random,1,none,1043,260,TimeBlind/videos/vid_00260_1.mp4,Was the trackpad used to close the first app window?,yes,"No. The image shows an open laptop with multiple windows on display, but there is no indication that any specific action was taken using the trackpad such as closing one of these apps. Therefore, it cannot be determined if the trackpad was used for this purpose based solely on visual information from the picture provided.",no,0,,,,motion_o_timeblind_default_random1.json
random,1,none,1044,261,TimeBlind/videos/vid_00261_0.mp4,"Was the desk pushed, causing the screen to shake?",yes,No.,no,0,,,,motion_o_timeblind_default_random1.json
random,1,none,1045,261,TimeBlind/videos/vid_00261_1.mp4,"Was the desk pushed, causing the screen to shake?",no,No.,no,1,,,,motion_o_timeblind_default_random1.json
random,1,none,1046,261,TimeBlind/videos/vid_00261_0.mp4,"Was the screen shaken directly, causing it to shake?",no,No.,no,1,,,,motion_o_timeblind_default_random1.json
random,1,none,1047,261,TimeBlind/videos/vid_00261_1.mp4,"Was the screen shaken directly, causing it to shake?",yes,No.,no,0,,,,motion_o_timeblind_default_random1.json
random,1,none,1048,262,TimeBlind/videos/vid_00262_0.mp4,"At the start of the video, is the small spray bottle pressed gently?",yes,No.,no,0,,,,motion_o_timeblind_default_random1.json
random,1,none,1049,262,TimeBlind/videos/vid_00262_1.mp4,"At the start of the video, is the small spray bottle pressed gently?",no,No.,no,1,,,,motion_o_timeblind_default_random1.json
random,1,none,1050,262,TimeBlind/videos/vid_00262_0.mp4,"At the start of the video, is the small spray bottle pressed forcefully?",no,No.,no,1,,,,motion_o_timeblind_default_random1.json
random,1,none,1051,262,TimeBlind/videos/vid_00262_1.mp4,"At the start of the video, is the small spray bottle pressed forcefully?",yes,No.,no,0,,,,motion_o_timeblind_default_random1.json
random,1,none,1052,263,TimeBlind/videos/vid_00263_0.mp4,Does the video transition from the hallway into the apartment?,yes,No.,no,0,,,,motion_o_timeblind_default_random1.json
random,1,none,1053,263,TimeBlind/videos/vid_00263_1.mp4,Does the video transition from the hallway into the apartment?,no,No.,no,1,,,,motion_o_timeblind_default_random1.json
random,1,none,1054,263,TimeBlind/videos/vid_00263_0.mp4,Does the video transition from the apartment into the hallway?,no,No.,no,1,,,,motion_o_timeblind_default_random1.json
random,1,none,1055,263,TimeBlind/videos/vid_00263_1.mp4,Does the video transition from the apartment into the hallway?,yes,No.,no,0,,,,motion_o_timeblind_default_random1.json
random,1,none,1056,264,TimeBlind/videos/vid_00264_0.mp4,"At the start of the video, do they press the door-close button first and then a floor button?",yes,No.,no,0,,,,motion_o_timeblind_default_random1.json
random,1,none,1057,264,TimeBlind/videos/vid_00264_1.mp4,"At the start of the video, do they press the door-close button first and then a floor button?",no,No.,no,1,,,,motion_o_timeblind_default_random1.json
random,1,none,1058,264,TimeBlind/videos/vid_00264_0.mp4,"At the start of the video, do they press a floor button first and then the door-close button?",no,No.,no,1,,,,motion_o_timeblind_default_random1.json
random,1,none,1059,264,TimeBlind/videos/vid_00264_1.mp4,"At the start of the video, do they press a floor button first and then the door-close button?",yes,No.,no,0,,,,motion_o_timeblind_default_random1.json
random,1,none,1060,265,TimeBlind/videos/vid_00265_0.mp4,Is the elevator button pressed twice?,yes,No.,no,0,,,,motion_o_timeblind_default_random1.json
random,1,none,1061,265,TimeBlind/videos/vid_00265_1.mp4,Is the elevator button pressed twice?,no,No.,no,1,,,,motion_o_timeblind_default_random1.json
random,1,none,1062,265,TimeBlind/videos/vid_00265_0.mp4,Is the elevator button pressed three times?,no,No.,no,1,,,,motion_o_timeblind_default_random1.json
random,1,none,1063,265,TimeBlind/videos/vid_00265_1.mp4,Is the elevator button pressed three times?,yes,No.,no,0,,,,motion_o_timeblind_default_random1.json
random,1,none,1064,266,TimeBlind/videos/vid_00266_0.mp4,Is the door opened because someone kicks it open with their foot?,yes,No.,no,0,,,,motion_o_timeblind_default_random1.json
random,1,none,1065,266,TimeBlind/videos/vid_00266_1.mp4,Is the door opened because someone kicks it open with their foot?,no,No.,no,1,,,,motion_o_timeblind_default_random1.json
random,1,none,1066,266,TimeBlind/videos/vid_00266_0.mp4,Is the door opened because someone pushes it open with their hand?,no,No.,no,1,,,,motion_o_timeblind_default_random1.json
random,1,none,1067,266,TimeBlind/videos/vid_00266_1.mp4,Is the door opened because someone pushes it open with their hand?,yes,No.,no,0,,,,motion_o_timeblind_default_random1.json
random,1,none,1068,267,TimeBlind/videos/vid_00267_0.mp4,Is the mouse rotated by a large amount?,yes,No.,no,0,,,,motion_o_timeblind_default_random1.json
random,1,none,1069,267,TimeBlind/videos/vid_00267_1.mp4,Is the mouse rotated by a large amount?,no,No.,no,1,,,,motion_o_timeblind_default_random1.json
random,1,none,1070,267,TimeBlind/videos/vid_00267_0.mp4,Is the mouse rotated by a small amount?,no,Yes.,yes,0,,,,motion_o_timeblind_default_random1.json
random,1,none,1071,267,TimeBlind/videos/vid_00267_1.mp4,Is the mouse rotated by a small amount?,yes,Yes.,yes,1,,,,motion_o_timeblind_default_random1.json
random,1,none,1072,268,TimeBlind/videos/vid_00268_0.mp4,Does the yellow cup move faster than the water bottle?,yes,No.,no,0,,,,motion_o_timeblind_default_random1.json
random,1,none,1073,268,TimeBlind/videos/vid_00268_1.mp4,Does the yellow cup move faster than the water bottle?,no,No.,no,1,,,,motion_o_timeblind_default_random1.json
random,1,none,1074,268,TimeBlind/videos/vid_00268_0.mp4,Does the yellow cup move more slowly than the water bottle?,no,No.,no,1,,,,motion_o_timeblind_default_random1.json
random,1,none,1075,268,TimeBlind/videos/vid_00268_1.mp4,Does the yellow cup move more slowly than the water bottle?,yes,No.,no,0,,,,motion_o_timeblind_default_random1.json
random,1,none,1076,269,TimeBlind/videos/vid_00269_0.mp4,Is the yellow cup tipped over from an upright position?,yes,No.,no,0,,,,motion_o_timeblind_default_random1.json
random,1,none,1077,269,TimeBlind/videos/vid_00269_1.mp4,Is the yellow cup tipped over from an upright position?,no,No.,no,1,,,,motion_o_timeblind_default_random1.json
random,1,none,1078,269,TimeBlind/videos/vid_00269_0.mp4,Is the yellow cup set upright from a tipped-over position?,no,Yes.,yes,0,,,,motion_o_timeblind_default_random1.json
random,1,none,1079,269,TimeBlind/videos/vid_00269_1.mp4,Is the yellow cup set upright from a tipped-over position?,yes,Yes.,yes,1,,,,motion_o_timeblind_default_random1.json
random,1,none,1080,270,TimeBlind/videos/vid_00270_0.mp4,Does the water bottle fall off the table because it isn’t placed securely?,yes,No.,no,0,,,,motion_o_timeblind_default_random1.json
random,1,none,1081,270,TimeBlind/videos/vid_00270_1.mp4,Does the water bottle fall off the table because it isn’t placed securely?,no,No.,no,1,,,,motion_o_timeblind_default_random1.json
random,1,none,1082,270,TimeBlind/videos/vid_00270_0.mp4,Does the water bottle fall off the table because someone pushes it off with their hand?,no,No.,no,1,,,,motion_o_timeblind_default_random1.json
random,1,none,1083,270,TimeBlind/videos/vid_00270_1.mp4,Does the water bottle fall off the table because someone pushes it off with their hand?,yes,No.,no,0,,,,motion_o_timeblind_default_random1.json
random,1,none,1084,271,TimeBlind/videos/vid_00271_0.mp4,Is the tissue pulled out gently?,yes,Yes.,yes,1,,,,motion_o_timeblind_default_random1.json
random,1,none,1085,271,TimeBlind/videos/vid_00271_1.mp4,Is the tissue pulled out gently?,no,No.,no,1,,,,motion_o_timeblind_default_random1.json
random,1,none,1086,271,TimeBlind/videos/vid_00271_0.mp4,Is the tissue pulled out forcefully?,no,No.,no,1,,,,motion_o_timeblind_default_random1.json
random,1,none,1087,271,TimeBlind/videos/vid_00271_1.mp4,Is the tissue pulled out forcefully?,yes,No.,no,0,,,,motion_o_timeblind_default_random1.json
random,1,none,1088,272,TimeBlind/videos/vid_00272_0.mp4,Does very little water come out of the first bottle because the cap isn’t open?,yes,No.,no,0,,,,motion_o_timeblind_default_random1.json
random,1,none,1089,272,TimeBlind/videos/vid_00272_1.mp4,Does very little water come out of the first bottle because the cap isn’t open?,no,No.,no,1,,,,motion_o_timeblind_default_random1.json
random,1,none,1090,272,TimeBlind/videos/vid_00272_0.mp4,Does very little water come out of the first bottle because there’s no water in it?,no,No.,no,1,,,,motion_o_timeblind_default_random1.json
random,1,none,1091,272,TimeBlind/videos/vid_00272_1.mp4,Does very little water come out of the first bottle because there’s no water in it?,yes,No,no,0,,,,motion_o_timeblind_default_random1.json
random,1,none,1092,273,TimeBlind/videos/vid_00273_0.mp4,Does very little water come out of the second bottle because there’s no water in it?,yes,No,no,0,,,,motion_o_timeblind_default_random1.json
random,1,none,1093,273,TimeBlind/videos/vid_00273_1.mp4,Does very little water come out of the second bottle because there’s no water in it?,no,No.,no,1,,,,motion_o_timeblind_default_random1.json
random,1,none,1094,273,TimeBlind/videos/vid_00273_0.mp4,Does very little water come out of the second bottle because the cap isn’t opened?,no,No.,no,1,,,,motion_o_timeblind_default_random1.json
random,1,none,1095,273,TimeBlind/videos/vid_00273_1.mp4,Does very little water come out of the second bottle because the cap isn’t opened?,yes,No.,no,0,,,,motion_o_timeblind_default_random1.json
random,1,none,1096,274,TimeBlind/videos/vid_00274_0.mp4,Is the yellow cup picked up three times and the water bottle picked up once?,yes,No.,no,0,,,,motion_o_timeblind_default_random1.json
random,1,none,1097,274,TimeBlind/videos/vid_00274_1.mp4,Is the yellow cup picked up three times and the water bottle picked up once?,no,No.,no,1,,,,motion_o_timeblind_default_random1.json
random,1,none,1098,274,TimeBlind/videos/vid_00274_0.mp4,Is the yellow cup picked up once and the water bottle picked up three times?,no,No.,no,1,,,,motion_o_timeblind_default_random1.json
random,1,none,1099,274,TimeBlind/videos/vid_00274_1.mp4,Is the yellow cup picked up once and the water bottle picked up three times?,yes,No.,no,0,,,,motion_o_timeblind_default_random1.json
random,1,none,1100,275,TimeBlind/videos/vid_00275_0.mp4,Is the phone stand unfolded from a folded position?,yes,Yes.,yes,1,,,,motion_o_timeblind_default_random1.json
random,1,none,1101,275,TimeBlind/videos/vid_00275_1.mp4,Is the phone stand unfolded from a folded position?,no,Yes.,yes,0,,,,motion_o_timeblind_default_random1.json
random,1,none,1102,275,TimeBlind/videos/vid_00275_0.mp4,Is the phone stand folded from an unfolded position?,no,Yes.,yes,0,,,,motion_o_timeblind_default_random1.json
random,1,none,1103,275,TimeBlind/videos/vid_00275_1.mp4,Is the phone stand folded from an unfolded position?,yes,Yes.,yes,1,,,,motion_o_timeblind_default_random1.json
random,1,none,1104,276,TimeBlind/videos/vid_00276_0.mp4,Does the light turn on on the second button press?,yes,No.,no,0,,,,motion_o_timeblind_default_random1.json
random,1,none,1105,276,TimeBlind/videos/vid_00276_1.mp4,Does the light turn on on the second button press?,no,No.,no,1,,,,motion_o_timeblind_default_random1.json
random,1,none,1106,276,TimeBlind/videos/vid_00276_0.mp4,Does the light turn on on the first button press?,no,No,no,1,,,,motion_o_timeblind_default_random1.json
random,1,none,1107,276,TimeBlind/videos/vid_00276_1.mp4,Does the light turn on on the first button press?,yes,No.,no,0,,,,motion_o_timeblind_default_random1.json
random,1,none,1108,277,TimeBlind/videos/vid_00277_0.mp4,Is the light turned on using the wall switch?,yes,"No. The image shows that it is dark in the room, indicating that no lights have been turned on with any switches visible (the ceiling fan and remote control do not provide illumination). Therefore, based solely on this visual information provided by the image, we cannot conclude whether there was an attempt to turn off lighting from another source like a wall switch; however, given what's shown here directly, the answer would be ""no"" as far as turning ON the light goes within these specific frames of evidence.",no,0,,,,motion_o_timeblind_default_random1.json
random,1,none,1109,277,TimeBlind/videos/vid_00277_1.mp4,Is the light turned on using the wall switch?,no,Yes.,yes,0,,,,motion_o_timeblind_default_random1.json
random,1,none,1110,277,TimeBlind/videos/vid_00277_0.mp4,Is the light turned on using the remote control?,no,No.,no,1,,,,motion_o_timeblind_default_random1.json
random,1,none,1111,277,TimeBlind/videos/vid_00277_1.mp4,Is the light turned on using the remote control?,yes,No,no,0,,,,motion_o_timeblind_default_random1.json
random,1,none,1112,278,TimeBlind/videos/vid_00278_0.mp4,Does the chair move backward because the person pushes it with their leg?,yes,No.,no,0,,,,motion_o_timeblind_default_random1.json
random,1,none,1113,278,TimeBlind/videos/vid_00278_1.mp4,Does the chair move backward because the person pushes it with their leg?,no,No.,no,1,,,,motion_o_timeblind_default_random1.json
random,1,none,1114,278,TimeBlind/videos/vid_00278_0.mp4,Does the chair move backward because the person pushes it with their hand?,no,No.,no,1,,,,motion_o_timeblind_default_random1.json
random,1,none,1115,278,TimeBlind/videos/vid_00278_1.mp4,Does the chair move backward because the person pushes it with their hand?,yes,No.,no,0,,,,motion_o_timeblind_default_random1.json
random,1,none,1116,279,TimeBlind/videos/vid_00279_0.mp4,Does the small box fall over because the chair shakes?,yes,No.,no,0,,,,motion_o_timeblind_default_random1.json
random,1,none,1117,279,TimeBlind/videos/vid_00279_1.mp4,Does the small box fall over because the chair shakes?,no,No.,no,1,,,,motion_o_timeblind_default_random1.json
random,1,none,1118,279,TimeBlind/videos/vid_00279_0.mp4,Does the small box fall over because someone pushes it with their hand?,no,No.,no,1,,,,motion_o_timeblind_default_random1.json
random,1,none,1119,279,TimeBlind/videos/vid_00279_1.mp4,Does the small box fall over because someone pushes it with their hand?,yes,No.,no,0,,,,motion_o_timeblind_default_random1.json
random,1,none,1120,280,TimeBlind/videos/vid_00280_0.mp4,Does the small box fall over because the chair shakes?,yes,No.,no,0,,,,motion_o_timeblind_default_random1.json
random,1,none,1121,280,TimeBlind/videos/vid_00280_1.mp4,Does the small box fall over because the chair shakes?,no,No.,no,1,,,,motion_o_timeblind_default_random1.json
random,1,none,1122,280,TimeBlind/videos/vid_00280_0.mp4,Does the small box fall over because someone pushes it with their hand?,no,No.,no,1,,,,motion_o_timeblind_default_random1.json
random,1,none,1123,280,TimeBlind/videos/vid_00280_1.mp4,Does the small box fall over because someone pushes it with their hand?,yes,No.,no,0,,,,motion_o_timeblind_default_random1.json
random,1,none,1124,281,TimeBlind/videos/vid_00281_0.mp4,Does the phone’s screen light up because someone taps the phone?,yes,No.,no,0,,,,motion_o_timeblind_default_random1.json
random,1,none,1125,281,TimeBlind/videos/vid_00281_1.mp4,Does the phone’s screen light up because someone taps the phone?,no,Yes.,yes,0,,,,motion_o_timeblind_default_random1.json
random,1,none,1126,281,TimeBlind/videos/vid_00281_0.mp4,Does the phone’s screen light up automatically when it is picked up?,no,No.,no,1,,,,motion_o_timeblind_default_random1.json
random,1,none,1127,281,TimeBlind/videos/vid_00281_1.mp4,Does the phone’s screen light up automatically when it is picked up?,yes,Yes.,yes,1,,,,motion_o_timeblind_default_random1.json
random,1,none,1128,282,TimeBlind/videos/vid_00282_0.mp4,Does the incoming call disappear because the person swipes on the screen to decline the call?,yes,"No.

The image shows an empty smartphone display with no visible indication of any calls, let alone one that has been declined by swiping. Therefore, it is not possible for there to be an incoming call in this context based solely on what can be seen here. The question assumes something about actions taken after taking the photo which cannot be verified from just looking at the phone's current state as shown. 

So: **No** - There isn't enough information provided within the frame of reference given (the picture) and external assumptions about user interaction aren’t supported visually either way; thus we must stick strictly only to observable facts presented directly before us without inferring beyond them.",no,0,,,,motion_o_timeblind_default_random1.json
random,1,none,1129,282,TimeBlind/videos/vid_00282_1.mp4,Does the incoming call disappear because the person swipes on the screen to decline the call?,no,No.,no,1,,,,motion_o_timeblind_default_random1.json
random,1,none,1130,282,TimeBlind/videos/vid_00282_0.mp4,Does the phone stop ringing because the person flips the silent switch on the side?,no,"No. The image shows an iPhone with its screen off, but it does not provide any information about whether there is a silent switch and if someone has flipped it to silence notifications. Therefore, we cannot determine from this image alone that the phone stops ringing due to such action.",no,1,,,,motion_o_timeblind_default_random1.json
random,1,none,1131,282,TimeBlind/videos/vid_00282_1.mp4,Does the phone stop ringing because the person flips the silent switch on the side?,yes,"No. The image shows an iPhone with its screen off, but there is no visible indication of any physical buttons like a ""silent"" switch that would be used to silence ringtones. Therefore, it's not possible to determine if flipping such a button could have stopped the phone from ringing based solely on this image.",no,0,,,,motion_o_timeblind_default_random1.json
random,1,none,1132,283,TimeBlind/videos/vid_00283_0.mp4,Does the orange juice carton fall over because it is bumped by an elbow?,yes,No.,no,0,,,,motion_o_timeblind_default_random1.json
random,1,none,1133,283,TimeBlind/videos/vid_00283_1.mp4,Does the orange juice carton fall over because it is bumped by an elbow?,no,No.,no,1,,,,motion_o_timeblind_default_random1.json
random,1,none,1134,283,TimeBlind/videos/vid_00283_0.mp4,Does the orange juice carton fall over because someone knocks it over with their hand?,no,No.,no,1,,,,motion_o_timeblind_default_random1.json
random,1,none,1135,283,TimeBlind/videos/vid_00283_1.mp4,Does the orange juice carton fall over because someone knocks it over with their hand?,yes,No.,no,0,,,,motion_o_timeblind_default_random1.json
random,1,none,1136,284,TimeBlind/videos/vid_00284_0.mp4,Does the water spill disappear because it is wiped away with a paper towel?,yes,"No.

The image shows an abstract pattern that resembles wood grain, but there's no visible evidence of any liquid (like water) being present on this surface to be wiped away by a paper towel. Therefore, we cannot conclude whether something was wiped off based solely on what’s shown in the picture. The question seems to assume conditions not depicted here. If you have more context about where and how such actions occurred outside these images, please provide details for further analysis!",no,0,,,,motion_o_timeblind_default_random1.json
random,1,none,1137,284,TimeBlind/videos/vid_00284_1.mp4,Does the water spill disappear because it is wiped away with a paper towel?,no,"No.

The image shows an object that appears to be a piece of white cloth, possibly a napkin or tissue, but there's no visible evidence of any liquid (like water) on its surface in this particular view. Therefore, we cannot determine if something was wiped off based solely on what’s shown here. If you're asking about wiping up moisture from another location not pictured, then ""no"" would apply as well since nothing specific has been addressed regarding such action within these frames provided by your query.",no,1,,,,motion_o_timeblind_default_random1.json
random,1,none,1138,284,TimeBlind/videos/vid_00284_0.mp4,Does the water spill disappear because it is wiped away with a bare hand?,no,"No.

The image shows an abstract pattern that resembles wood grain, but there is no visible water spill to be wiped away by a bare hand in this context. The question appears to be based on a misunderstanding of what is depicted in the image. If you have any other questions about the actual content of the image, feel free to ask!",no,1,,,,motion_o_timeblind_default_random1.json
random,1,none,1139,284,TimeBlind/videos/vid_00284_1.mp4,Does the water spill disappear because it is wiped away with a bare hand?,yes,"No.

The image shows an object that appears to be wet, but there's no visible evidence of a water spill being wiped by a bare hand in this particular frame. The presence of what looks like paper and part of someone’s hand suggests some interaction might have occurred earlier, possibly involving cleaning up something from the surface where they're resting their hand on top of them. However, without seeing any action taking place between these objects at all times captured here, we cannot confirm if wiping has happened just based off one snapshot alone. Therefore, I would say ""no"" as per your instruction - assuming only visual information provided within single momentary photo context.",no,0,,,,motion_o_timeblind_default_random1.json
random,1,none,1140,285,TimeBlind/videos/vid_00285_0.mp4,"At the start of the video, is the cup squeezed gently?",yes,No,no,0,,,,motion_o_timeblind_default_random1.json
random,1,none,1141,285,TimeBlind/videos/vid_00285_1.mp4,"At the start of the video, is the cup squeezed gently?",no,No.,no,1,,,,motion_o_timeblind_default_random1.json
random,1,none,1142,285,TimeBlind/videos/vid_00285_0.mp4,"At the start of the video, is the cup squeezed forcefully?",no,No,no,1,,,,motion_o_timeblind_default_random1.json
random,1,none,1143,285,TimeBlind/videos/vid_00285_1.mp4,"At the start of the video, is the cup squeezed forcefully?",yes,No.,no,0,,,,motion_o_timeblind_default_random1.json
random,1,none,1144,286,TimeBlind/videos/vid_00286_0.mp4,Does the person pull a tissue out of the tissue box four times in total?,yes,No.,no,0,,,,motion_o_timeblind_default_random1.json
random,1,none,1145,286,TimeBlind/videos/vid_00286_1.mp4,Does the person pull a tissue out of the tissue box four times in total?,no,No.,no,1,,,,motion_o_timeblind_default_random1.json
random,1,none,1146,286,TimeBlind/videos/vid_00286_0.mp4,Does the person pull a tissue out of the tissue box three times in total?,no,No.,no,1,,,,motion_o_timeblind_default_random1.json
random,1,none,1147,286,TimeBlind/videos/vid_00286_1.mp4,Does the person pull a tissue out of the tissue box three times in total?,yes,No.,no,0,,,,motion_o_timeblind_default_random1.json
random,1,none,1148,287,TimeBlind/videos/vid_00287_0.mp4,Does the swaying motion gradually get wider over time?,yes,No.,no,0,,,,motion_o_timeblind_default_random1.json
random,1,none,1149,287,TimeBlind/videos/vid_00287_1.mp4,Does the swaying motion gradually get wider over time?,no,No.,no,1,,,,motion_o_timeblind_default_random1.json
random,1,none,1150,287,TimeBlind/videos/vid_00287_0.mp4,Does the swaying motion gradually get smaller over time?,no,No.,no,1,,,,motion_o_timeblind_default_random1.json
random,1,none,1151,287,TimeBlind/videos/vid_00287_1.mp4,Does the swaying motion gradually get smaller over time?,yes,No.,no,0,,,,motion_o_timeblind_default_random1.json
random,1,none,1152,288,TimeBlind/videos/vid_00288_0.mp4,Does the swaying motion gradually get wider over time?,yes,No.,no,0,,,,motion_o_timeblind_default_random1.json
random,1,none,1153,288,TimeBlind/videos/vid_00288_1.mp4,Does the swaying motion gradually get wider over time?,no,No.,no,1,,,,motion_o_timeblind_default_random1.json
random,1,none,1154,288,TimeBlind/videos/vid_00288_0.mp4,Does the swaying motion gradually get smaller over time?,no,No.,no,1,,,,motion_o_timeblind_default_random1.json
random,1,none,1155,288,TimeBlind/videos/vid_00288_1.mp4,Does the swaying motion gradually get smaller over time?,yes,No.,no,0,,,,motion_o_timeblind_default_random1.json
random,1,none,1156,289,TimeBlind/videos/vid_00289_0.mp4,Is the black mouse picked up twice?,yes,No.,no,0,,,,motion_o_timeblind_default_random1.json
random,1,none,1157,289,TimeBlind/videos/vid_00289_1.mp4,Is the black mouse picked up twice?,no,No.,no,1,,,,motion_o_timeblind_default_random1.json
random,1,none,1158,289,TimeBlind/videos/vid_00289_0.mp4,Is the black mouse picked up three times?,no,No.,no,1,,,,motion_o_timeblind_default_random1.json
random,1,none,1159,289,TimeBlind/videos/vid_00289_1.mp4,Is the black mouse picked up three times?,yes,No.,no,0,,,,motion_o_timeblind_default_random1.json
random,1,none,1160,290,TimeBlind/videos/vid_00290_0.mp4,Does the object fall off the table because the person pushes it?,yes,"No. The image shows an object on the floor, but there is no indication that someone has pushed it from the table. It appears to have fallen naturally due to gravity after being placed near the edge of the table. Therefore, based solely on this visual information and without additional context about any action taken by a person, we cannot conclude with certainty whether pushing was involved in its movement. However, since the question asks for either ""Yes"" if the object fell as a result of human interaction (pushing) or ""No,"" I must choose:

**No**, assuming only natural causes like gravity were at play here.

If you need further clarification or more details, please provide them!",no,0,,,,motion_o_timeblind_default_random1.json
random,1,none,1161,290,TimeBlind/videos/vid_00290_1.mp4,Does the object fall off the table because the person pushes it?,no,"No. The image shows an empty Coca-Cola bottle on the floor, but there is no indication that anyone has pushed anything from the table to cause this situation. There's also nothing in motion suggesting any recent action like pushing something away. Therefore, based solely on what can be observed here, we cannot conclude whether someone pushed for sure; hence ""No"" would not necessarily mean they did push if other unseen factors were at play outside of our viewable scene.

However, since you asked specifically about being pushed and given only visual evidence within frame limits: **No**, as per visible actions shown - i.e., no one appears actively involved with moving objects around just now captured by camera angle & timing.",no,1,,,,motion_o_timeblind_default_random1.json
random,1,none,1162,290,TimeBlind/videos/vid_00290_0.mp4,Does the object fall off the table because it is placed on the edge of the table?,no,No.,no,1,,,,motion_o_timeblind_default_random1.json
random,1,none,1163,290,TimeBlind/videos/vid_00290_1.mp4,Does the object fall off the table because it is placed on the edge of the table?,yes,No.,no,0,,,,motion_o_timeblind_default_random1.json
random,1,none,1164,291,TimeBlind/videos/vid_00291_0.mp4,Is the snack no longer visible because a piece of paper is blocking it from view?,yes,Yes.,yes,1,,,,motion_o_timeblind_default_random1.json
random,1,none,1165,291,TimeBlind/videos/vid_00291_1.mp4,Is the snack no longer visible because a piece of paper is blocking it from view?,no,No.,no,1,,,,motion_o_timeblind_default_random1.json
random,1,none,1166,291,TimeBlind/videos/vid_00291_0.mp4,Is the snack no longer visible because the snack has been put into a drawer?,no,No.,no,1,,,,motion_o_timeblind_default_random1.json
random,1,none,1167,291,TimeBlind/videos/vid_00291_1.mp4,Is the snack no longer visible because the snack has been put into a drawer?,yes,No.,no,0,,,,motion_o_timeblind_default_random1.json
random,1,none,1168,292,TimeBlind/videos/vid_00292_0.mp4,Is the cup picked up four times in the video?,yes,No.,no,0,,,,motion_o_timeblind_default_random1.json
random,1,none,1169,292,TimeBlind/videos/vid_00292_1.mp4,Is the cup picked up four times in the video?,no,No.,no,1,,,,motion_o_timeblind_default_random1.json
random,1,none,1170,292,TimeBlind/videos/vid_00292_0.mp4,Is the cup picked up five times in the video?,no,No.,no,1,,,,motion_o_timeblind_default_random1.json
random,1,none,1171,292,TimeBlind/videos/vid_00292_1.mp4,Is the cup picked up five times in the video?,yes,No.,no,0,,,,motion_o_timeblind_default_random1.json
random,1,none,1172,293,TimeBlind/videos/vid_00293_0.mp4,Is the red BBQ sauce picked up gently in the video?,yes,No.,no,0,,,,motion_o_timeblind_default_random1.json
random,1,none,1173,293,TimeBlind/videos/vid_00293_1.mp4,Is the red BBQ sauce picked up gently in the video?,no,No.,no,1,,,,motion_o_timeblind_default_random1.json
random,1,none,1174,293,TimeBlind/videos/vid_00293_0.mp4,Is the red BBQ sauce picked up forcefully in the video?,no,No.,no,1,,,,motion_o_timeblind_default_random1.json
random,1,none,1175,293,TimeBlind/videos/vid_00293_1.mp4,Is the red BBQ sauce picked up forcefully in the video?,yes,No.,no,0,,,,motion_o_timeblind_default_random1.json
random,1,none,1176,294,TimeBlind/videos/vid_00294_0.mp4,Is the second object the person picks up red?,yes,No.,no,0,,,,motion_o_timeblind_default_random1.json
random,1,none,1177,294,TimeBlind/videos/vid_00294_1.mp4,Is the second object the person picks up red?,no,No.,no,1,,,,motion_o_timeblind_default_random1.json
random,1,none,1178,294,TimeBlind/videos/vid_00294_0.mp4,Is the second object the person picks up green and white?,no,No.,no,1,,,,motion_o_timeblind_default_random1.json
random,1,none,1179,294,TimeBlind/videos/vid_00294_1.mp4,Is the second object the person picks up green and white?,yes,No.,no,0,,,,motion_o_timeblind_default_random1.json
random,1,none,1180,295,TimeBlind/videos/vid_00295_0.mp4,Is the orange juice carton held for a longer duration than the milk carton?,yes,No.,no,0,,,,motion_o_timeblind_default_random1.json
random,1,none,1181,295,TimeBlind/videos/vid_00295_1.mp4,Is the orange juice carton held for a longer duration than the milk carton?,no,No.,no,1,,,,motion_o_timeblind_default_random1.json
random,1,none,1182,295,TimeBlind/videos/vid_00295_0.mp4,Is the milk carton held for a longer duration than the orange juice carton?,no,No.,no,1,,,,motion_o_timeblind_default_random1.json
random,1,none,1183,295,TimeBlind/videos/vid_00295_1.mp4,Is the milk carton held for a longer duration than the orange juice carton?,yes,No.,no,0,,,,motion_o_timeblind_default_random1.json
random,1,none,1184,296,TimeBlind/videos/vid_00296_0.mp4,Is the milk carton held for approximately 10 seconds?,yes,No.,no,0,,,,motion_o_timeblind_default_random1.json
random,1,none,1185,296,TimeBlind/videos/vid_00296_1.mp4,Is the milk carton held for approximately 10 seconds?,no,No.,no,1,,,,motion_o_timeblind_default_random1.json
random,1,none,1186,296,TimeBlind/videos/vid_00296_0.mp4,Is the milk carton held for approximately 3 seconds?,no,No.,no,1,,,,motion_o_timeblind_default_random1.json
random,1,none,1187,296,TimeBlind/videos/vid_00296_1.mp4,Is the milk carton held for approximately 3 seconds?,yes,No.,no,0,,,,motion_o_timeblind_default_random1.json
random,1,none,1188,297,TimeBlind/videos/vid_00297_0.mp4,Is the milk carton moved at a slow speed?,yes,No.,no,0,,,,motion_o_timeblind_default_random1.json
random,1,none,1189,297,TimeBlind/videos/vid_00297_1.mp4,Is the milk carton moved at a slow speed?,no,No.,no,1,,,,motion_o_timeblind_default_random1.json
random,1,none,1190,297,TimeBlind/videos/vid_00297_0.mp4,Is the milk carton moved at a fast speed?,no,"No. The image shows that both objects, including the milk carton and can of tuna, appear to be stationary on the table with no indication of movement from their positions relative to each other. Therefore, it is not possible for them to have been moved quickly in this still photograph.",no,1,,,,motion_o_timeblind_default_random1.json
random,1,none,1191,297,TimeBlind/videos/vid_00297_1.mp4,Is the milk carton moved at a fast speed?,yes,No.,no,0,,,,motion_o_timeblind_default_random1.json
random,1,none,1192,298,TimeBlind/videos/vid_00298_0.mp4,Is the toy box held for approximately 5 seconds?,yes,No.,no,0,,,,motion_o_timeblind_default_random1.json
random,1,none,1193,298,TimeBlind/videos/vid_00298_1.mp4,Is the toy box held for approximately 5 seconds?,no,No.,no,1,,,,motion_o_timeblind_default_random1.json
random,1,none,1194,298,TimeBlind/videos/vid_00298_0.mp4,Is the toy box held for approximately 10 seconds?,no,No.,no,1,,,,motion_o_timeblind_default_random1.json
random,1,none,1195,298,TimeBlind/videos/vid_00298_1.mp4,Is the toy box held for approximately 10 seconds?,yes,No.,no,0,,,,motion_o_timeblind_default_random1.json
random,1,none,1196,299,TimeBlind/videos/vid_00299_0.mp4,Does the person use the green pen to make marks slowly?,yes,No.,no,0,,,,motion_o_timeblind_default_random1.json
random,1,none,1197,299,TimeBlind/videos/vid_00299_1.mp4,Does the person use the green pen to make marks slowly?,no,No.,no,1,,,,motion_o_timeblind_default_random1.json
random,1,none,1198,299,TimeBlind/videos/vid_00299_0.mp4,Does the person use the green pen to make marks quickly?,no,"No. The image shows that the hand is in motion, but it does not provide enough detail about speed to determine if the writing was done quickly with this specific marker and technique. Therefore, based on visual information alone without additional context of time taken for each mark, we cannot confidently say ""Yes"" or ""No."" However, since no explicit indication suggests rapidity from the static frame provided: **No** would be an assumption made under limited data; actual observation requires video playback or more detailed analysis which isn't possible here due solely to still imagery.",no,1,,,,motion_o_timeblind_default_random1.json
random,1,none,1199,299,TimeBlind/videos/vid_00299_1.mp4,Does the person use the green pen to make marks quickly?,yes,No.,no,0,,,,motion_o_timeblind_default_random1.json
random,1,none,1200,300,TimeBlind/videos/mcq_vid_00000_0.mp4,"What is the timing between the girl putting down her cup and the boy starting to eat? Option A: The girl puts down her cup, and a moment later the boy starts eating. Option B: The boy starts eating as soon as the girl puts down her cup.",a,A,a,1,,,,motion_o_timeblind_default_random1.json
random,1,none,1201,300,TimeBlind/videos/mcq_vid_00000_1.mp4,"What is the timing between the girl putting down her cup and the boy starting to eat? Option A: The girl puts down her cup, and a moment later the boy starts eating. Option B: The boy starts eating as soon as the girl puts down her cup.",b,A,a,0,,,,motion_o_timeblind_default_random1.json
random,1,none,1202,300,TimeBlind/videos/mcq_vid_00000_0.mp4,"What is the timing between the girl putting down her cup and the boy starting to eat? Option A: The boy starts eating as soon as the girl puts down her cup. Option B: The girl puts down her cup, and a moment later the boy starts eating.",b,B,b,1,,,,motion_o_timeblind_default_random1.json
random,1,none,1203,300,TimeBlind/videos/mcq_vid_00000_1.mp4,"What is the timing between the girl putting down her cup and the boy starting to eat? Option A: The boy starts eating as soon as the girl puts down her cup. Option B: The girl puts down her cup, and a moment later the boy starts eating.",a,B,b,0,,,,motion_o_timeblind_default_random1.json
random,1,none,1204,301,TimeBlind/videos/mcq_vid_00001_0.mp4,On which attempt does the person in the video swing the racket faster? Option A: The second attempt. Option B: The first attempt.,a,B,b,0,,,,motion_o_timeblind_default_random1.json
random,1,none,1205,301,TimeBlind/videos/mcq_vid_00001_1.mp4,On which attempt does the person in the video swing the racket faster? Option A: The second attempt. Option B: The first attempt.,b,B,b,1,,,,motion_o_timeblind_default_random1.json
random,1,none,1206,301,TimeBlind/videos/mcq_vid_00001_0.mp4,On which attempt does the person in the video swing the racket faster? Option A: The first attempt. Option B: The second attempt.,b,B,b,1,,,,motion_o_timeblind_default_random1.json
random,1,none,1207,301,TimeBlind/videos/mcq_vid_00001_1.mp4,On which attempt does the person in the video swing the racket faster? Option A: The first attempt. Option B: The second attempt.,a,B,b,0,,,,motion_o_timeblind_default_random1.json
random,1,none,1208,302,TimeBlind/videos/mcq_vid_00002_0.mp4,What does the man do with his feet while hitting the shuttlecock? Option A: He does not move his feet. Option B: He moves his feet.,a,B,b,0,,,,motion_o_timeblind_default_random1.json
random,1,none,1209,302,TimeBlind/videos/mcq_vid_00002_1.mp4,What does the man do with his feet while hitting the shuttlecock? Option A: He does not move his feet. Option B: He moves his feet.,b,B,b,1,,,,motion_o_timeblind_default_random1.json
random,1,none,1210,302,TimeBlind/videos/mcq_vid_00002_0.mp4,What does the man do with his feet while hitting the shuttlecock? Option A: He moves his feet. Option B: He does not move his feet.,b,A,a,0,,,,motion_o_timeblind_default_random1.json
random,1,none,1211,302,TimeBlind/videos/mcq_vid_00002_1.mp4,What does the man do with his feet while hitting the shuttlecock? Option A: He moves his feet. Option B: He does not move his feet.,a,A,a,1,,,,motion_o_timeblind_default_random1.json
random,1,none,1212,303,TimeBlind/videos/mcq_vid_00003_0.mp4,How does the color at the left end of the cigarette change over time? Option A: It gradually changes from white to yellow. Option B: It gradually changes from yellow to white.,a,B,b,0,,,,motion_o_timeblind_default_random1.json
random,1,none,1213,303,TimeBlind/videos/mcq_vid_00003_1.mp4,How does the color at the left end of the cigarette change over time? Option A: It gradually changes from white to yellow. Option B: It gradually changes from yellow to white.,b,A,a,0,,,,motion_o_timeblind_default_random1.json
random,1,none,1214,303,TimeBlind/videos/mcq_vid_00003_0.mp4,How does the color at the left end of the cigarette change over time? Option A: It gradually changes from yellow to white. Option B: It gradually changes from white to yellow.,b,A,a,0,,,,motion_o_timeblind_default_random1.json
random,1,none,1215,303,TimeBlind/videos/mcq_vid_00003_1.mp4,How does the color at the left end of the cigarette change over time? Option A: It gradually changes from yellow to white. Option B: It gradually changes from white to yellow.,a,B,b,0,,,,motion_o_timeblind_default_random1.json
random,1,none,1216,304,TimeBlind/videos/mcq_vid_00004_0.mp4,How is the sprout's height changing? Option A: It's getting taller. Option B: It's getting shorter.,a,A,a,1,,,,motion_o_timeblind_default_random1.json
random,1,none,1217,304,TimeBlind/videos/mcq_vid_00004_1.mp4,How is the sprout's height changing? Option A: It's getting taller. Option B: It's getting shorter.,b,A,a,0,,,,motion_o_timeblind_default_random1.json
random,1,none,1218,304,TimeBlind/videos/mcq_vid_00004_0.mp4,How is the sprout's height changing? Option A: It's getting shorter. Option B: It's getting taller.,b,B,b,1,,,,motion_o_timeblind_default_random1.json
random,1,none,1219,304,TimeBlind/videos/mcq_vid_00004_1.mp4,How is the sprout's height changing? Option A: It's getting shorter. Option B: It's getting taller.,a,B,b,0,,,,motion_o_timeblind_default_random1.json
random,1,none,1220,305,TimeBlind/videos/mcq_vid_00005_0.mp4,Which of the following accurately describes the duration for which the milk carton is held? Option A: The milk carton is held for approximately 5 seconds. Option B: The milk carton is held for approximately 10 seconds.,a,B,b,0,,,,motion_o_timeblind_default_random1.json
random,1,none,1221,305,TimeBlind/videos/mcq_vid_00005_1.mp4,Which of the following accurately describes the duration for which the milk carton is held? Option A: The milk carton is held for approximately 5 seconds. Option B: The milk carton is held for approximately 10 seconds.,b,A,a,0,,,,motion_o_timeblind_default_random1.json
random,1,none,1222,305,TimeBlind/videos/mcq_vid_00005_0.mp4,Which of the following accurately describes the duration for which the milk carton is held? Option A: The milk carton is held for approximately 10 seconds. Option B: The milk carton is held for approximately 5 seconds.,b,B,b,1,,,,motion_o_timeblind_default_random1.json
random,1,none,1223,305,TimeBlind/videos/mcq_vid_00005_1.mp4,Which of the following accurately describes the duration for which the milk carton is held? Option A: The milk carton is held for approximately 10 seconds. Option B: The milk carton is held for approximately 5 seconds.,a,B,b,0,,,,motion_o_timeblind_default_random1.json
random,1,none,1224,306,TimeBlind/videos/mcq_vid_00006_0.mp4,How does the person change over time? Option A: A little girl turns into an old woman. Option B: An old woman turns into a little girl.,a,A,a,1,,,,motion_o_timeblind_default_random1.json
random,1,none,1225,306,TimeBlind/videos/mcq_vid_00006_1.mp4,How does the person change over time? Option A: A little girl turns into an old woman. Option B: An old woman turns into a little girl.,b,B,b,1,,,,motion_o_timeblind_default_random1.json
random,1,none,1226,306,TimeBlind/videos/mcq_vid_00006_0.mp4,How does the person change over time? Option A: An old woman turns into a little girl. Option B: A little girl turns into an old woman.,b,B,b,1,,,,motion_o_timeblind_default_random1.json
random,1,none,1227,306,TimeBlind/videos/mcq_vid_00006_1.mp4,How does the person change over time? Option A: An old woman turns into a little girl. Option B: A little girl turns into an old woman.,a,B,b,0,,,,motion_o_timeblind_default_random1.json
random,1,none,1228,307,TimeBlind/videos/mcq_vid_00007_0.mp4,How does the person's mood change? Option A: They go from happy to sad. Option B: They go from sad to happy.,a,B,b,0,,,,motion_o_timeblind_default_random1.json
random,1,none,1229,307,TimeBlind/videos/mcq_vid_00007_1.mp4,How does the person's mood change? Option A: They go from happy to sad. Option B: They go from sad to happy.,b,B,b,1,,,,motion_o_timeblind_default_random1.json
random,1,none,1230,307,TimeBlind/videos/mcq_vid_00007_0.mp4,How does the person's mood change? Option A: They go from sad to happy. Option B: They go from happy to sad.,b,A,a,0,,,,motion_o_timeblind_default_random1.json
random,1,none,1231,307,TimeBlind/videos/mcq_vid_00007_1.mp4,How does the person's mood change? Option A: They go from sad to happy. Option B: They go from happy to sad.,a,B,b,0,,,,motion_o_timeblind_default_random1.json
random,1,none,1232,308,TimeBlind/videos/mcq_vid_00008_0.mp4,What is happening to the whole onion? Option A: It is being cut into small pieces. Option B: The small pieces are coming together to form a whole onion.,a,A,a,1,,,,motion_o_timeblind_default_random1.json
random,1,none,1233,308,TimeBlind/videos/mcq_vid_00008_1.mp4,What is happening to the whole onion? Option A: It is being cut into small pieces. Option B: The small pieces are coming together to form a whole onion.,b,A,a,0,,,,motion_o_timeblind_default_random1.json
random,1,none,1234,308,TimeBlind/videos/mcq_vid_00008_0.mp4,What is happening to the whole onion? Option A: The small pieces are coming together to form a whole onion. Option B: It is being cut into small pieces.,b,B,b,1,,,,motion_o_timeblind_default_random1.json
random,1,none,1235,308,TimeBlind/videos/mcq_vid_00008_1.mp4,What is happening to the whole onion? Option A: The small pieces are coming together to form a whole onion. Option B: It is being cut into small pieces.,a,B,b,0,,,,motion_o_timeblind_default_random1.json
random,1,none,1236,309,TimeBlind/videos/mcq_vid_00009_0.mp4,How does the butter's physical state change over time? Option A: It changes from solid to liquid. Option B: It changes from liquid to solid.,a,A,a,1,,,,motion_o_timeblind_default_random1.json
random,1,none,1237,309,TimeBlind/videos/mcq_vid_00009_1.mp4,How does the butter's physical state change over time? Option A: It changes from solid to liquid. Option B: It changes from liquid to solid.,b,A,a,0,,,,motion_o_timeblind_default_random1.json
random,1,none,1238,309,TimeBlind/videos/mcq_vid_00009_0.mp4,How does the butter's physical state change over time? Option A: It changes from liquid to solid. Option B: It changes from solid to liquid.,b,B,b,1,,,,motion_o_timeblind_default_random1.json
random,1,none,1239,309,TimeBlind/videos/mcq_vid_00009_1.mp4,How does the butter's physical state change over time? Option A: It changes from liquid to solid. Option B: It changes from solid to liquid.,a,B,b,0,,,,motion_o_timeblind_default_random1.json
random,1,none,1240,310,TimeBlind/videos/mcq_vid_00010_0.mp4,"How does the clay's shape change? Option A: It goes from an irregular, elongated shape to a sphere. Option B: It goes from a sphere to an irregular, elongated shape.",a,A,a,1,,,,motion_o_timeblind_default_random1.json
random,1,none,1241,310,TimeBlind/videos/mcq_vid_00010_1.mp4,"How does the clay's shape change? Option A: It goes from an irregular, elongated shape to a sphere. Option B: It goes from a sphere to an irregular, elongated shape.",b,A,a,0,,,,motion_o_timeblind_default_random1.json
random,1,none,1242,310,TimeBlind/videos/mcq_vid_00010_0.mp4,"How does the clay's shape change? Option A: It goes from a sphere to an irregular, elongated shape. Option B: It goes from an irregular, elongated shape to a sphere.",b,A,a,0,,,,motion_o_timeblind_default_random1.json
random,1,none,1243,310,TimeBlind/videos/mcq_vid_00010_1.mp4,"How does the clay's shape change? Option A: It goes from a sphere to an irregular, elongated shape. Option B: It goes from an irregular, elongated shape to a sphere.",a,A,a,1,,,,motion_o_timeblind_default_random1.json
random,1,none,1244,311,TimeBlind/videos/mcq_vid_00011_0.mp4,"As seen from above, in which direction is the pine cone being rotated? Option A: Clockwise. Option B: Counterclockwise.",a,A,a,1,,,,motion_o_timeblind_default_random1.json
random,1,none,1245,311,TimeBlind/videos/mcq_vid_00011_1.mp4,"As seen from above, in which direction is the pine cone being rotated? Option A: Clockwise. Option B: Counterclockwise.",b,A,a,0,,,,motion_o_timeblind_default_random1.json
random,1,none,1246,311,TimeBlind/videos/mcq_vid_00011_0.mp4,"As seen from above, in which direction is the pine cone being rotated? Option A: Counterclockwise. Option B: Clockwise.",b,B,b,1,,,,motion_o_timeblind_default_random1.json
random,1,none,1247,311,TimeBlind/videos/mcq_vid_00011_1.mp4,"As seen from above, in which direction is the pine cone being rotated? Option A: Counterclockwise. Option B: Clockwise.",a,B,b,0,,,,motion_o_timeblind_default_random1.json
random,1,none,1248,312,TimeBlind/videos/mcq_vid_00012_0.mp4,How does the pine cone change? Option A: It goes from closed to open. Option B: It goes from open to closed.,a,A,a,1,,,,motion_o_timeblind_default_random1.json
random,1,none,1249,312,TimeBlind/videos/mcq_vid_00012_1.mp4,How does the pine cone change? Option A: It goes from closed to open. Option B: It goes from open to closed.,b,A,a,0,,,,motion_o_timeblind_default_random1.json
random,1,none,1250,312,TimeBlind/videos/mcq_vid_00012_0.mp4,How does the pine cone change? Option A: It goes from open to closed. Option B: It goes from closed to open.,b,B,b,1,,,,motion_o_timeblind_default_random1.json
random,1,none,1251,312,TimeBlind/videos/mcq_vid_00012_1.mp4,How does the pine cone change? Option A: It goes from open to closed. Option B: It goes from closed to open.,a,B,b,0,,,,motion_o_timeblind_default_random1.json
random,1,none,1252,313,TimeBlind/videos/mcq_vid_00013_0.mp4,How does the seed coat move relative to the soil? Option A: It moves away from the soil. Option B: It moves toward the soil.,a,A,a,1,,,,motion_o_timeblind_default_random1.json
random,1,none,1253,313,TimeBlind/videos/mcq_vid_00013_1.mp4,How does the seed coat move relative to the soil? Option A: It moves away from the soil. Option B: It moves toward the soil.,b,A,a,0,,,,motion_o_timeblind_default_random1.json
random,1,none,1254,313,TimeBlind/videos/mcq_vid_00013_0.mp4,How does the seed coat move relative to the soil? Option A: It moves toward the soil. Option B: It moves away from the soil.,b,B,b,1,,,,motion_o_timeblind_default_random1.json
random,1,none,1255,313,TimeBlind/videos/mcq_vid_00013_1.mp4,How does the seed coat move relative to the soil? Option A: It moves toward the soil. Option B: It moves away from the soil.,a,B,b,0,,,,motion_o_timeblind_default_random1.json
random,1,none,1256,314,TimeBlind/videos/mcq_vid_00014_0.mp4,How is the height of the pine tree changing? Option A: It is getting taller. Option B: It is getting shorter.,a,A,a,1,,,,motion_o_timeblind_default_random1.json
random,1,none,1257,314,TimeBlind/videos/mcq_vid_00014_1.mp4,How is the height of the pine tree changing? Option A: It is getting taller. Option B: It is getting shorter.,b,A,a,0,,,,motion_o_timeblind_default_random1.json
random,1,none,1258,314,TimeBlind/videos/mcq_vid_00014_0.mp4,How is the height of the pine tree changing? Option A: It is getting shorter. Option B: It is getting taller.,b,B,b,1,,,,motion_o_timeblind_default_random1.json
random,1,none,1259,314,TimeBlind/videos/mcq_vid_00014_1.mp4,How is the height of the pine tree changing? Option A: It is getting shorter. Option B: It is getting taller.,a,B,b,0,,,,motion_o_timeblind_default_random1.json
random,1,none,1260,315,TimeBlind/videos/mcq_vid_00015_0.mp4,How does the number of small black objects in the clear container change? Option A: It increases from one to five. Option B: It decreases from five to one.,a,B,b,0,,,,motion_o_timeblind_default_random1.json
random,1,none,1261,315,TimeBlind/videos/mcq_vid_00015_1.mp4,How does the number of small black objects in the clear container change? Option A: It increases from one to five. Option B: It decreases from five to one.,b,B,b,1,,,,motion_o_timeblind_default_random1.json
random,1,none,1262,315,TimeBlind/videos/mcq_vid_00015_0.mp4,How does the number of small black objects in the clear container change? Option A: It decreases from five to one. Option B: It increases from one to five.,b,B,b,1,,,,motion_o_timeblind_default_random1.json
random,1,none,1263,315,TimeBlind/videos/mcq_vid_00015_1.mp4,How does the number of small black objects in the clear container change? Option A: It decreases from five to one. Option B: It increases from one to five.,a,B,b,0,,,,motion_o_timeblind_default_random1.json
random,1,none,1264,316,TimeBlind/videos/mcq_vid_00016_0.mp4,How does a strawberry's color change over time? Option A: It gradually turns from light green to red. Option B: It gradually turns from red to light green.,a,A,a,1,,,,motion_o_timeblind_default_random1.json
random,1,none,1265,316,TimeBlind/videos/mcq_vid_00016_1.mp4,How does a strawberry's color change over time? Option A: It gradually turns from light green to red. Option B: It gradually turns from red to light green.,b,A,a,0,,,,motion_o_timeblind_default_random1.json
random,1,none,1266,316,TimeBlind/videos/mcq_vid_00016_0.mp4,How does a strawberry's color change over time? Option A: It gradually turns from red to light green. Option B: It gradually turns from light green to red.,b,B,b,1,,,,motion_o_timeblind_default_random1.json
random,1,none,1267,316,TimeBlind/videos/mcq_vid_00016_1.mp4,How does a strawberry's color change over time? Option A: It gradually turns from red to light green. Option B: It gradually turns from light green to red.,a,B,b,0,,,,motion_o_timeblind_default_random1.json
random,1,none,1268,317,TimeBlind/videos/mcq_vid_00017_0.mp4,"When viewed from above, which direction is the top sprout rotating? Option A: Counterclockwise. Option B: Clockwise.",a,B,b,0,,,,motion_o_timeblind_default_random1.json
random,1,none,1269,317,TimeBlind/videos/mcq_vid_00017_1.mp4,"When viewed from above, which direction is the top sprout rotating? Option A: Counterclockwise. Option B: Clockwise.",b,B,b,1,,,,motion_o_timeblind_default_random1.json
random,1,none,1270,317,TimeBlind/videos/mcq_vid_00017_0.mp4,"When viewed from above, which direction is the top sprout rotating? Option A: Clockwise. Option B: Counterclockwise.",b,A,a,0,,,,motion_o_timeblind_default_random1.json
random,1,none,1271,317,TimeBlind/videos/mcq_vid_00017_1.mp4,"When viewed from above, which direction is the top sprout rotating? Option A: Clockwise. Option B: Counterclockwise.",a,A,a,1,,,,motion_o_timeblind_default_random1.json
random,1,none,1272,318,TimeBlind/videos/mcq_vid_00018_0.mp4,Which of the following accurately describes the movement used to wipe the whiteboard? Option A: The person in the video wipes the whiteboard with small strokes. Option B: The person in the video wipes the whiteboard with large strokes.,a,B,b,0,,,,motion_o_timeblind_default_random1.json
random,1,none,1273,318,TimeBlind/videos/mcq_vid_00018_1.mp4,Which of the following accurately describes the movement used to wipe the whiteboard? Option A: The person in the video wipes the whiteboard with small strokes. Option B: The person in the video wipes the whiteboard with large strokes.,b,B,b,1,,,,motion_o_timeblind_default_random1.json
random,1,none,1274,318,TimeBlind/videos/mcq_vid_00018_0.mp4,Which of the following accurately describes the movement used to wipe the whiteboard? Option A: The person in the video wipes the whiteboard with large strokes. Option B: The person in the video wipes the whiteboard with small strokes.,b,B,b,1,,,,motion_o_timeblind_default_random1.json
random,1,none,1275,318,TimeBlind/videos/mcq_vid_00018_1.mp4,Which of the following accurately describes the movement used to wipe the whiteboard? Option A: The person in the video wipes the whiteboard with large strokes. Option B: The person in the video wipes the whiteboard with small strokes.,a,A,a,1,,,,motion_o_timeblind_default_random1.json
random,1,none,1276,319,TimeBlind/videos/mcq_vid_00019_0.mp4,How does the number of leaves change? Option A: It increases from one to three. Option B: It decreases from three to one.,a,A,a,1,,,,motion_o_timeblind_default_random1.json
random,1,none,1277,319,TimeBlind/videos/mcq_vid_00019_1.mp4,How does the number of leaves change? Option A: It increases from one to three. Option B: It decreases from three to one.,b,A,a,0,,,,motion_o_timeblind_default_random1.json
random,1,none,1278,319,TimeBlind/videos/mcq_vid_00019_0.mp4,How does the number of leaves change? Option A: It decreases from three to one. Option B: It increases from one to three.,b,B,b,1,,,,motion_o_timeblind_default_random1.json
random,1,none,1279,319,TimeBlind/videos/mcq_vid_00019_1.mp4,How does the number of leaves change? Option A: It decreases from three to one. Option B: It increases from one to three.,a,B,b,0,,,,motion_o_timeblind_default_random1.json
random,1,none,1280,320,TimeBlind/videos/mcq_vid_00020_0.mp4,What happens to the seed in the video? Option A: The seed comes into view. Option B: The seed goes out of view.,a,A,a,1,,,,motion_o_timeblind_default_random1.json
random,1,none,1281,320,TimeBlind/videos/mcq_vid_00020_1.mp4,What happens to the seed in the video? Option A: The seed comes into view. Option B: The seed goes out of view.,b,A,a,0,,,,motion_o_timeblind_default_random1.json
random,1,none,1282,320,TimeBlind/videos/mcq_vid_00020_0.mp4,What happens to the seed in the video? Option A: The seed goes out of view. Option B: The seed comes into view.,b,B,b,1,,,,motion_o_timeblind_default_random1.json
random,1,none,1283,320,TimeBlind/videos/mcq_vid_00020_1.mp4,What happens to the seed in the video? Option A: The seed goes out of view. Option B: The seed comes into view.,a,B,b,0,,,,motion_o_timeblind_default_random1.json
random,1,none,1284,321,TimeBlind/videos/mcq_vid_00021_0.mp4,How does the box's state change? Option A: It goes from open to closed. Option B: It goes from closed to open.,a,B,b,0,,,,motion_o_timeblind_default_random1.json
random,1,none,1285,321,TimeBlind/videos/mcq_vid_00021_1.mp4,How does the box's state change? Option A: It goes from open to closed. Option B: It goes from closed to open.,b,A,a,0,,,,motion_o_timeblind_default_random1.json
random,1,none,1286,321,TimeBlind/videos/mcq_vid_00021_0.mp4,How does the box's state change? Option A: It goes from closed to open. Option B: It goes from open to closed.,b,B,b,1,,,,motion_o_timeblind_default_random1.json
random,1,none,1287,321,TimeBlind/videos/mcq_vid_00021_1.mp4,How does the box's state change? Option A: It goes from closed to open. Option B: It goes from open to closed.,a,B,b,0,,,,motion_o_timeblind_default_random1.json
random,1,none,1288,322,TimeBlind/videos/mcq_vid_00022_0.mp4,How does the molten glass change shape? Option A: It changes from an oval to a rectangle. Option B: It changes from a rectangle to an oval.,a,B,b,0,,,,motion_o_timeblind_default_random1.json
random,1,none,1289,322,TimeBlind/videos/mcq_vid_00022_1.mp4,How does the molten glass change shape? Option A: It changes from an oval to a rectangle. Option B: It changes from a rectangle to an oval.,b,B,b,1,,,,motion_o_timeblind_default_random1.json
random,1,none,1290,322,TimeBlind/videos/mcq_vid_00022_0.mp4,How does the molten glass change shape? Option A: It changes from a rectangle to an oval. Option B: It changes from an oval to a rectangle.,b,B,b,1,,,,motion_o_timeblind_default_random1.json
random,1,none,1291,322,TimeBlind/videos/mcq_vid_00022_1.mp4,How does the molten glass change shape? Option A: It changes from a rectangle to an oval. Option B: It changes from an oval to a rectangle.,a,B,b,0,,,,motion_o_timeblind_default_random1.json
random,1,none,1292,323,TimeBlind/videos/mcq_vid_00023_0.mp4,How does the red object's shape change over time? Option A: It changes from teardrop-shaped to gourd-shaped. Option B: It changes from gourd-shaped to teardrop-shaped.,a,B,b,0,,,,motion_o_timeblind_default_random1.json
random,1,none,1293,323,TimeBlind/videos/mcq_vid_00023_1.mp4,How does the red object's shape change over time? Option A: It changes from teardrop-shaped to gourd-shaped. Option B: It changes from gourd-shaped to teardrop-shaped.,b,B,b,1,,,,motion_o_timeblind_default_random1.json
random,1,none,1294,323,TimeBlind/videos/mcq_vid_00023_0.mp4,How does the red object's shape change over time? Option A: It changes from gourd-shaped to teardrop-shaped. Option B: It changes from teardrop-shaped to gourd-shaped.,b,A,a,0,,,,motion_o_timeblind_default_random1.json
random,1,none,1295,323,TimeBlind/videos/mcq_vid_00023_1.mp4,How does the red object's shape change over time? Option A: It changes from gourd-shaped to teardrop-shaped. Option B: It changes from teardrop-shaped to gourd-shaped.,a,B,b,0,,,,motion_o_timeblind_default_random1.json
random,1,none,1296,324,TimeBlind/videos/mcq_vid_00024_0.mp4,How does the clay change shape? Option A: It changes from an irregular shape to a bowl. Option B: It changes from a bowl to an irregular shape.,a,A,a,1,,,,motion_o_timeblind_default_random1.json
random,1,none,1297,324,TimeBlind/videos/mcq_vid_00024_1.mp4,How does the clay change shape? Option A: It changes from an irregular shape to a bowl. Option B: It changes from a bowl to an irregular shape.,b,A,a,0,,,,motion_o_timeblind_default_random1.json
random,1,none,1298,324,TimeBlind/videos/mcq_vid_00024_0.mp4,How does the clay change shape? Option A: It changes from a bowl to an irregular shape. Option B: It changes from an irregular shape to a bowl.,b,B,b,1,,,,motion_o_timeblind_default_random1.json
random,1,none,1299,324,TimeBlind/videos/mcq_vid_00024_1.mp4,How does the clay change shape? Option A: It changes from a bowl to an irregular shape. Option B: It changes from an irregular shape to a bowl.,a,B,b,0,,,,motion_o_timeblind_default_random1.json
random,1,none,1300,325,TimeBlind/videos/mcq_vid_00025_0.mp4,How does the book's state change? Option A: It goes from closed to open. Option B: It goes from open to closed.,a,A,a,1,,,,motion_o_timeblind_default_random1.json
random,1,none,1301,325,TimeBlind/videos/mcq_vid_00025_1.mp4,How does the book's state change? Option A: It goes from closed to open. Option B: It goes from open to closed.,b,A,a,0,,,,motion_o_timeblind_default_random1.json
random,1,none,1302,325,TimeBlind/videos/mcq_vid_00025_0.mp4,How does the book's state change? Option A: It goes from open to closed. Option B: It goes from closed to open.,b,B,b,1,,,,motion_o_timeblind_default_random1.json
random,1,none,1303,325,TimeBlind/videos/mcq_vid_00025_1.mp4,How does the book's state change? Option A: It goes from open to closed. Option B: It goes from closed to open.,a,B,b,0,,,,motion_o_timeblind_default_random1.json
random,1,none,1304,326,TimeBlind/videos/mcq_vid_00026_0.mp4,How is the distance between the two cups changing? Option A: One cup is moving away from the other. Option B: One cup is moving closer to the other.,a,B,b,0,,,,motion_o_timeblind_default_random1.json
random,1,none,1305,326,TimeBlind/videos/mcq_vid_00026_1.mp4,How is the distance between the two cups changing? Option A: One cup is moving away from the other. Option B: One cup is moving closer to the other.,b,B,b,1,,,,motion_o_timeblind_default_random1.json
random,1,none,1306,326,TimeBlind/videos/mcq_vid_00026_0.mp4,How is the distance between the two cups changing? Option A: One cup is moving closer to the other. Option B: One cup is moving away from the other.,b,A,a,0,,,,motion_o_timeblind_default_random1.json
random,1,none,1307,326,TimeBlind/videos/mcq_vid_00026_1.mp4,How is the distance between the two cups changing? Option A: One cup is moving closer to the other. Option B: One cup is moving away from the other.,a,A,a,1,,,,motion_o_timeblind_default_random1.json
random,1,none,1308,327,TimeBlind/videos/mcq_vid_00027_0.mp4,"When the cup is moved, is it placed on a smaller or a larger coaster? Option A: The cup is moved to a smaller coaster. Option B: The cup is moved to a larger coaster.",a,A,a,1,,,,motion_o_timeblind_default_random1.json
random,1,none,1309,327,TimeBlind/videos/mcq_vid_00027_1.mp4,"When the cup is moved, is it placed on a smaller or a larger coaster? Option A: The cup is moved to a smaller coaster. Option B: The cup is moved to a larger coaster.",b,B,b,1,,,,motion_o_timeblind_default_random1.json
random,1,none,1310,327,TimeBlind/videos/mcq_vid_00027_0.mp4,"When the cup is moved, is it placed on a smaller or a larger coaster? Option A: The cup is moved to a larger coaster. Option B: The cup is moved to a smaller coaster.",b,B,b,1,,,,motion_o_timeblind_default_random1.json
random,1,none,1311,327,TimeBlind/videos/mcq_vid_00027_1.mp4,"When the cup is moved, is it placed on a smaller or a larger coaster? Option A: The cup is moved to a larger coaster. Option B: The cup is moved to a smaller coaster.",a,B,b,0,,,,motion_o_timeblind_default_random1.json
random,1,none,1312,328,TimeBlind/videos/mcq_vid_00028_0.mp4,"In the video, does the person put the bowl into the liquid in the bucket or take it out? Option A: The person puts the bowl into the liquid. Option B: The person takes the bowl out of the liquid.",a,A,a,1,,,,motion_o_timeblind_default_random1.json
random,1,none,1313,328,TimeBlind/videos/mcq_vid_00028_1.mp4,"In the video, does the person put the bowl into the liquid in the bucket or take it out? Option A: The person puts the bowl into the liquid. Option B: The person takes the bowl out of the liquid.",b,A,a,0,,,,motion_o_timeblind_default_random1.json
random,1,none,1314,328,TimeBlind/videos/mcq_vid_00028_0.mp4,"In the video, does the person put the bowl into the liquid in the bucket or take it out? Option A: The person takes the bowl out of the liquid. Option B: The person puts the bowl into the liquid.",b,B,b,1,,,,motion_o_timeblind_default_random1.json
random,1,none,1315,328,TimeBlind/videos/mcq_vid_00028_1.mp4,"In the video, does the person put the bowl into the liquid in the bucket or take it out? Option A: The person takes the bowl out of the liquid. Option B: The person puts the bowl into the liquid.",a,B,b,0,,,,motion_o_timeblind_default_random1.json
random,1,none,1316,329,TimeBlind/videos/mcq_vid_00029_0.mp4,How is the bowl's color changing? Option A: It goes from light to dark. Option B: It goes from dark to light.,a,B,b,0,,,,motion_o_timeblind_default_random1.json
random,1,none,1317,329,TimeBlind/videos/mcq_vid_00029_1.mp4,How is the bowl's color changing? Option A: It goes from light to dark. Option B: It goes from dark to light.,b,A,a,0,,,,motion_o_timeblind_default_random1.json
random,1,none,1318,329,TimeBlind/videos/mcq_vid_00029_0.mp4,How is the bowl's color changing? Option A: It goes from dark to light. Option B: It goes from light to dark.,b,B,b,1,,,,motion_o_timeblind_default_random1.json
random,1,none,1319,329,TimeBlind/videos/mcq_vid_00029_1.mp4,How is the bowl's color changing? Option A: It goes from dark to light. Option B: It goes from light to dark.,a,B,b,0,,,,motion_o_timeblind_default_random1.json
random,1,none,1320,330,TimeBlind/videos/mcq_vid_00030_0.mp4,What color does the bowl change to? Option A: It turns brown. Option B: It turns white.,a,A,a,1,,,,motion_o_timeblind_default_random1.json
random,1,none,1321,330,TimeBlind/videos/mcq_vid_00030_1.mp4,What color does the bowl change to? Option A: It turns brown. Option B: It turns white.,b,A,a,0,,,,motion_o_timeblind_default_random1.json
random,1,none,1322,330,TimeBlind/videos/mcq_vid_00030_0.mp4,What color does the bowl change to? Option A: It turns white. Option B: It turns brown.,b,B,b,1,,,,motion_o_timeblind_default_random1.json
random,1,none,1323,330,TimeBlind/videos/mcq_vid_00030_1.mp4,What color does the bowl change to? Option A: It turns white. Option B: It turns brown.,a,B,b,0,,,,motion_o_timeblind_default_random1.json
random,1,none,1324,331,TimeBlind/videos/mcq_vid_00031_0.mp4,"When viewed from below, which direction is the bowl rotating? Option A: Clockwise. Option B: Counterclockwise.",a,B,b,0,,,,motion_o_timeblind_default_random1.json
random,1,none,1325,331,TimeBlind/videos/mcq_vid_00031_1.mp4,"When viewed from below, which direction is the bowl rotating? Option A: Clockwise. Option B: Counterclockwise.",b,A,a,0,,,,motion_o_timeblind_default_random1.json
random,1,none,1326,331,TimeBlind/videos/mcq_vid_00031_0.mp4,"When viewed from below, which direction is the bowl rotating? Option A: Counterclockwise. Option B: Clockwise.",b,B,b,1,,,,motion_o_timeblind_default_random1.json
random,1,none,1327,331,TimeBlind/videos/mcq_vid_00031_1.mp4,"When viewed from below, which direction is the bowl rotating? Option A: Counterclockwise. Option B: Clockwise.",a,B,b,0,,,,motion_o_timeblind_default_random1.json
random,1,none,1328,332,TimeBlind/videos/mcq_vid_00032_0.mp4,"From the camera's perspective, which way is the woman walking? Option A: She's walking to the right. Option B: She's walking to the left.",a,B,b,0,,,,motion_o_timeblind_default_random1.json
random,1,none,1329,332,TimeBlind/videos/mcq_vid_00032_1.mp4,"From the camera's perspective, which way is the woman walking? Option A: She's walking to the right. Option B: She's walking to the left.",b,B,b,1,,,,motion_o_timeblind_default_random1.json
random,1,none,1330,332,TimeBlind/videos/mcq_vid_00032_0.mp4,"From the camera's perspective, which way is the woman walking? Option A: She's walking to the left. Option B: She's walking to the right.",b,B,b,1,,,,motion_o_timeblind_default_random1.json
random,1,none,1331,332,TimeBlind/videos/mcq_vid_00032_1.mp4,"From the camera's perspective, which way is the woman walking? Option A: She's walking to the left. Option B: She's walking to the right.",a,B,b,0,,,,motion_o_timeblind_default_random1.json
random,1,none,1332,333,TimeBlind/videos/mcq_vid_00033_0.mp4,How does the reaction of the liquid in the container change over time? Option A: The reaction in the container gradually intensifies. Option B: The reaction in the container gradually slows down.,a,"B

The image shows bubbles forming and rising to the surface, which suggests an ongoing chemical reaction is taking place within the liquid. As reactions proceed, they often slow down due to depletion of reactants or changes in conditions that reduce reactivity. Therefore, it's reasonable to infer that as more gas (bubbles) forms from the reaction, its rate might decrease rather than increase further.

However, without additional context about specific chemicals involved or any indication of external factors affecting this process beyond what can be seen visually at one moment, we cannot definitively conclude whether intensity increases or decreases solely based on visual observation alone during just one snapshot point in time. Thus, while option 'A' could potentially describe some scenarios where continuous addition of new substances into system keeps driving up pressure causing increased bubble formation; here given only single frame view - most likely scenario would lean towards gradual slowing down of observed phenomena since no fresh supply source appears evident inside vessel itself. Hence best answer remains B assuming typical behavior patterns for such setups unless otherwise stated explicitly elsewhere.",b,0,,,,motion_o_timeblind_default_random1.json
random,1,none,1333,333,TimeBlind/videos/mcq_vid_00033_1.mp4,How does the reaction of the liquid in the container change over time? Option A: The reaction in the container gradually intensifies. Option B: The reaction in the container gradually slows down.,b,B,b,1,,,,motion_o_timeblind_default_random1.json
random,1,none,1334,333,TimeBlind/videos/mcq_vid_00033_0.mp4,How does the reaction of the liquid in the container change over time? Option A: The reaction in the container gradually slows down. Option B: The reaction in the container gradually intensifies.,b,"B

The image shows that there is still some bubbling and steam, indicating an ongoing chemical process within the container. This suggests that while it may not be as vigorous at this moment compared to earlier stages (which could have been more intense), the reaction has likely not yet slowed significantly enough for option A (""gradually slows down"") to apply accurately based on what we can see here.

Therefore, considering visible evidence such as continued bubbling/steam production implies intensity rather than slowing down immediately after initial activity starts dying off. Hence, **Option B** seems most appropriate given current visual cues from provided imagery.",a,0,,,,motion_o_timeblind_default_random1.json
random,1,none,1335,333,TimeBlind/videos/mcq_vid_00033_1.mp4,How does the reaction of the liquid in the container change over time? Option A: The reaction in the container gradually slows down. Option B: The reaction in the container gradually intensifies.,a,B,b,0,,,,motion_o_timeblind_default_random1.json
random,1,none,1336,334,TimeBlind/videos/mcq_vid_00034_0.mp4,How does the liquid's color change over time? Option A: It goes from white to brown. Option B: It goes from brown to white.,a,A,a,1,,,,motion_o_timeblind_default_random1.json
random,1,none,1337,334,TimeBlind/videos/mcq_vid_00034_1.mp4,How does the liquid's color change over time? Option A: It goes from white to brown. Option B: It goes from brown to white.,b,A,a,0,,,,motion_o_timeblind_default_random1.json
random,1,none,1338,334,TimeBlind/videos/mcq_vid_00034_0.mp4,How does the liquid's color change over time? Option A: It goes from brown to white. Option B: It goes from white to brown.,b,B,b,1,,,,motion_o_timeblind_default_random1.json
random,1,none,1339,334,TimeBlind/videos/mcq_vid_00034_1.mp4,How does the liquid's color change over time? Option A: It goes from brown to white. Option B: It goes from white to brown.,a,B,b,0,,,,motion_o_timeblind_default_random1.json
random,1,none,1340,335,TimeBlind/videos/mcq_vid_00035_0.mp4,How does the liquid's color change over time? Option A: It goes from light to dark. Option B: It goes from dark to light.,a,B,b,0,,,,motion_o_timeblind_default_random1.json
random,1,none,1341,335,TimeBlind/videos/mcq_vid_00035_1.mp4,How does the liquid's color change over time? Option A: It goes from light to dark. Option B: It goes from dark to light.,b,B,b,1,,,,motion_o_timeblind_default_random1.json
random,1,none,1342,335,TimeBlind/videos/mcq_vid_00035_0.mp4,How does the liquid's color change over time? Option A: It goes from dark to light. Option B: It goes from light to dark.,b,B,b,1,,,,motion_o_timeblind_default_random1.json
random,1,none,1343,335,TimeBlind/videos/mcq_vid_00035_1.mp4,How does the liquid's color change over time? Option A: It goes from dark to light. Option B: It goes from light to dark.,a,B,b,0,,,,motion_o_timeblind_default_random1.json
random,1,none,1344,336,TimeBlind/videos/mcq_vid_00036_0.mp4,How does the liquid's appearance change? Option A: It goes from transparent to opaque. Option B: It goes from opaque to transparent.,a,B,b,0,,,,motion_o_timeblind_default_random1.json
random,1,none,1345,336,TimeBlind/videos/mcq_vid_00036_1.mp4,How does the liquid's appearance change? Option A: It goes from transparent to opaque. Option B: It goes from opaque to transparent.,b,A,a,0,,,,motion_o_timeblind_default_random1.json
random,1,none,1346,336,TimeBlind/videos/mcq_vid_00036_0.mp4,How does the liquid's appearance change? Option A: It goes from opaque to transparent. Option B: It goes from transparent to opaque.,b,B,b,1,,,,motion_o_timeblind_default_random1.json
random,1,none,1347,336,TimeBlind/videos/mcq_vid_00036_1.mp4,How does the liquid's appearance change? Option A: It goes from opaque to transparent. Option B: It goes from transparent to opaque.,a,B,b,0,,,,motion_o_timeblind_default_random1.json
random,1,none,1348,337,TimeBlind/videos/mcq_vid_00037_0.mp4,"Viewed from above, which direction does the man turn? Option A: He turns counterclockwise. Option B: He turns clockwise.",a,B,b,0,,,,motion_o_timeblind_default_random1.json
random,1,none,1349,337,TimeBlind/videos/mcq_vid_00037_1.mp4,"Viewed from above, which direction does the man turn? Option A: He turns counterclockwise. Option B: He turns clockwise.",b,B,b,1,,,,motion_o_timeblind_default_random1.json
random,1,none,1350,337,TimeBlind/videos/mcq_vid_00037_0.mp4,"Viewed from above, which direction does the man turn? Option A: He turns clockwise. Option B: He turns counterclockwise.",b,B,b,1,,,,motion_o_timeblind_default_random1.json
random,1,none,1351,337,TimeBlind/videos/mcq_vid_00037_1.mp4,"Viewed from above, which direction does the man turn? Option A: He turns clockwise. Option B: He turns counterclockwise.",a,B,b,0,,,,motion_o_timeblind_default_random1.json
random,1,none,1352,338,TimeBlind/videos/mcq_vid_00038_0.mp4,Which way are the woman's hands moving? Option A: She raises her hands from her sides to overhead. Option B: She lowers her hands from overhead to her sides.,a,B,b,0,,,,motion_o_timeblind_default_random1.json
random,1,none,1353,338,TimeBlind/videos/mcq_vid_00038_1.mp4,Which way are the woman's hands moving? Option A: She raises her hands from her sides to overhead. Option B: She lowers her hands from overhead to her sides.,b,B,b,1,,,,motion_o_timeblind_default_random1.json
random,1,none,1354,338,TimeBlind/videos/mcq_vid_00038_0.mp4,Which way are the woman's hands moving? Option A: She lowers her hands from overhead to her sides. Option B: She raises her hands from her sides to overhead.,b,B,b,1,,,,motion_o_timeblind_default_random1.json
random,1,none,1355,338,TimeBlind/videos/mcq_vid_00038_1.mp4,Which way are the woman's hands moving? Option A: She lowers her hands from overhead to her sides. Option B: She raises her hands from her sides to overhead.,a,B,b,0,,,,motion_o_timeblind_default_random1.json
random,1,none,1356,339,TimeBlind/videos/mcq_vid_00039_0.mp4,"What order does the woman stretch in? Option A: She stretches to the left, then to the right. Option B: She stretches to the right, then to the left.",a,B,b,0,,,,motion_o_timeblind_default_random1.json
random,1,none,1357,339,TimeBlind/videos/mcq_vid_00039_1.mp4,"What order does the woman stretch in? Option A: She stretches to the left, then to the right. Option B: She stretches to the right, then to the left.",b,B,b,1,,,,motion_o_timeblind_default_random1.json
random,1,none,1358,339,TimeBlind/videos/mcq_vid_00039_0.mp4,"What order does the woman stretch in? Option A: She stretches to the right, then to the left. Option B: She stretches to the left, then to the right.",b,B,b,1,,,,motion_o_timeblind_default_random1.json
random,1,none,1359,339,TimeBlind/videos/mcq_vid_00039_1.mp4,"What order does the woman stretch in? Option A: She stretches to the right, then to the left. Option B: She stretches to the left, then to the right.",a,B,b,0,,,,motion_o_timeblind_default_random1.json
random,1,none,1360,340,TimeBlind/videos/mcq_vid_00040_0.mp4,In which direction does the girl move across the frame while squatting? Option A: From right to left. Option B: From left to right.,a,B,b,0,,,,motion_o_timeblind_default_random1.json
random,1,none,1361,340,TimeBlind/videos/mcq_vid_00040_1.mp4,In which direction does the girl move across the frame while squatting? Option A: From right to left. Option B: From left to right.,b,B,b,1,,,,motion_o_timeblind_default_random1.json
random,1,none,1362,340,TimeBlind/videos/mcq_vid_00040_0.mp4,In which direction does the girl move across the frame while squatting? Option A: From left to right. Option B: From right to left.,b,A,a,0,,,,motion_o_timeblind_default_random1.json
random,1,none,1363,340,TimeBlind/videos/mcq_vid_00040_1.mp4,In which direction does the girl move across the frame while squatting? Option A: From left to right. Option B: From right to left.,a,A,a,1,,,,motion_o_timeblind_default_random1.json
random,1,none,1364,341,TimeBlind/videos/mcq_vid_00041_0.mp4,How does the girl's position change? Option A: She goes from standing to lying face down. Option B: She goes from lying face down to standing.,a,A,a,1,,,,motion_o_timeblind_default_random1.json
random,1,none,1365,341,TimeBlind/videos/mcq_vid_00041_1.mp4,How does the girl's position change? Option A: She goes from standing to lying face down. Option B: She goes from lying face down to standing.,b,A,a,0,,,,motion_o_timeblind_default_random1.json
random,1,none,1366,341,TimeBlind/videos/mcq_vid_00041_0.mp4,How does the girl's position change? Option A: She goes from lying face down to standing. Option B: She goes from standing to lying face down.,b,B,b,1,,,,motion_o_timeblind_default_random1.json
random,1,none,1367,341,TimeBlind/videos/mcq_vid_00041_1.mp4,How does the girl's position change? Option A: She goes from lying face down to standing. Option B: She goes from standing to lying face down.,a,B,b,0,,,,motion_o_timeblind_default_random1.json
random,1,none,1368,342,TimeBlind/videos/mcq_vid_00042_0.mp4,"How does the liquid in the cup change in appearance? Option A: The clear liquid turns cloudy and foamy. Option B: The cloudy, foamy liquid turns clear.",a,A,a,1,,,,motion_o_timeblind_default_random1.json
random,1,none,1369,342,TimeBlind/videos/mcq_vid_00042_1.mp4,"How does the liquid in the cup change in appearance? Option A: The clear liquid turns cloudy and foamy. Option B: The cloudy, foamy liquid turns clear.",b,B,b,1,,,,motion_o_timeblind_default_random1.json
random,1,none,1370,342,TimeBlind/videos/mcq_vid_00042_0.mp4,"How does the liquid in the cup change in appearance? Option A: The cloudy, foamy liquid turns clear. Option B: The clear liquid turns cloudy and foamy.",b,B,b,1,,,,motion_o_timeblind_default_random1.json
random,1,none,1371,342,TimeBlind/videos/mcq_vid_00042_1.mp4,"How does the liquid in the cup change in appearance? Option A: The cloudy, foamy liquid turns clear. Option B: The clear liquid turns cloudy and foamy.",a,B,b,0,,,,motion_o_timeblind_default_random1.json
random,1,none,1372,343,TimeBlind/videos/mcq_vid_00043_0.mp4,How is the amount of liquid in the beaker changing? Option A: It decreases from half a cup to a thin layer on the bottom. Option B: It increases from a thin layer on the bottom to half a cup.,a,B,b,0,,,,motion_o_timeblind_default_random1.json
random,1,none,1373,343,TimeBlind/videos/mcq_vid_00043_1.mp4,How is the amount of liquid in the beaker changing? Option A: It decreases from half a cup to a thin layer on the bottom. Option B: It increases from a thin layer on the bottom to half a cup.,b,A,a,0,,,,motion_o_timeblind_default_random1.json
random,1,none,1374,343,TimeBlind/videos/mcq_vid_00043_0.mp4,How is the amount of liquid in the beaker changing? Option A: It increases from a thin layer on the bottom to half a cup. Option B: It decreases from half a cup to a thin layer on the bottom.,b,A,a,0,,,,motion_o_timeblind_default_random1.json
random,1,none,1375,343,TimeBlind/videos/mcq_vid_00043_1.mp4,How is the amount of liquid in the beaker changing? Option A: It increases from a thin layer on the bottom to half a cup. Option B: It decreases from half a cup to a thin layer on the bottom.,a,B,b,0,,,,motion_o_timeblind_default_random1.json
random,1,none,1376,344,TimeBlind/videos/mcq_vid_00044_0.mp4,"In which direction does the man put branches into the water, one by one? Option A: From right to left across the frame. Option B: From left to right across the frame.",a,B,b,0,,,,motion_o_timeblind_default_random1.json
random,1,none,1377,344,TimeBlind/videos/mcq_vid_00044_1.mp4,"In which direction does the man put branches into the water, one by one? Option A: From right to left across the frame. Option B: From left to right across the frame.",b,B,b,1,,,,motion_o_timeblind_default_random1.json
random,1,none,1378,344,TimeBlind/videos/mcq_vid_00044_0.mp4,"In which direction does the man put branches into the water, one by one? Option A: From left to right across the frame. Option B: From right to left across the frame.",b,A,a,0,,,,motion_o_timeblind_default_random1.json
random,1,none,1379,344,TimeBlind/videos/mcq_vid_00044_1.mp4,"In which direction does the man put branches into the water, one by one? Option A: From left to right across the frame. Option B: From right to left across the frame.",a,A,a,1,,,,motion_o_timeblind_default_random1.json
random,1,none,1380,345,TimeBlind/videos/mcq_vid_00045_0.mp4,Are the plant's white roots getting longer or shorter? Option A: They are getting longer. Option B: They are getting shorter.,a,A,a,1,,,,motion_o_timeblind_default_random1.json
random,1,none,1381,345,TimeBlind/videos/mcq_vid_00045_1.mp4,Are the plant's white roots getting longer or shorter? Option A: They are getting longer. Option B: They are getting shorter.,b,A,a,0,,,,motion_o_timeblind_default_random1.json
random,1,none,1382,345,TimeBlind/videos/mcq_vid_00045_0.mp4,Are the plant's white roots getting longer or shorter? Option A: They are getting shorter. Option B: They are getting longer.,b,B,b,1,,,,motion_o_timeblind_default_random1.json
random,1,none,1383,345,TimeBlind/videos/mcq_vid_00045_1.mp4,Are the plant's white roots getting longer or shorter? Option A: They are getting shorter. Option B: They are getting longer.,a,B,b,0,,,,motion_o_timeblind_default_random1.json
random,1,none,1384,346,TimeBlind/videos/mcq_vid_00046_0.mp4,"In the video, where is the green plant moved to? Option A: It is moved from a hand into the soil in the pot. Option B: It is moved from the soil in the pot into a hand.",a,A,a,1,,,,motion_o_timeblind_default_random1.json
random,1,none,1385,346,TimeBlind/videos/mcq_vid_00046_1.mp4,"In the video, where is the green plant moved to? Option A: It is moved from a hand into the soil in the pot. Option B: It is moved from the soil in the pot into a hand.",b,A,a,0,,,,motion_o_timeblind_default_random1.json
random,1,none,1386,346,TimeBlind/videos/mcq_vid_00046_0.mp4,"In the video, where is the green plant moved to? Option A: It is moved from the soil in the pot into a hand. Option B: It is moved from a hand into the soil in the pot.",b,B,b,1,,,,motion_o_timeblind_default_random1.json
random,1,none,1387,346,TimeBlind/videos/mcq_vid_00046_1.mp4,"In the video, where is the green plant moved to? Option A: It is moved from the soil in the pot into a hand. Option B: It is moved from a hand into the soil in the pot.",a,B,b,0,,,,motion_o_timeblind_default_random1.json
random,1,none,1388,347,TimeBlind/videos/mcq_vid_00047_0.mp4,Where are the three flower seedlings being transplanted to? Option A: From the tray into the soil. Option B: From the soil into the tray.,a,A,a,1,,,,motion_o_timeblind_default_random1.json
random,1,none,1389,347,TimeBlind/videos/mcq_vid_00047_1.mp4,Where are the three flower seedlings being transplanted to? Option A: From the tray into the soil. Option B: From the soil into the tray.,b,A,a,0,,,,motion_o_timeblind_default_random1.json
random,1,none,1390,347,TimeBlind/videos/mcq_vid_00047_0.mp4,Where are the three flower seedlings being transplanted to? Option A: From the soil into the tray. Option B: From the tray into the soil.,b,B,b,1,,,,motion_o_timeblind_default_random1.json
random,1,none,1391,347,TimeBlind/videos/mcq_vid_00047_1.mp4,Where are the three flower seedlings being transplanted to? Option A: From the soil into the tray. Option B: From the tray into the soil.,a,B,b,0,,,,motion_o_timeblind_default_random1.json
random,1,none,1392,348,TimeBlind/videos/mcq_vid_00048_0.mp4,What is happening to the flowers over time? Option A: They are gradually blooming. Option B: They are gradually wilting.,a,B,b,0,,,,motion_o_timeblind_default_random1.json
random,1,none,1393,348,TimeBlind/videos/mcq_vid_00048_1.mp4,What is happening to the flowers over time? Option A: They are gradually blooming. Option B: They are gradually wilting.,b,B,b,1,,,,motion_o_timeblind_default_random1.json
random,1,none,1394,348,TimeBlind/videos/mcq_vid_00048_0.mp4,What is happening to the flowers over time? Option A: They are gradually wilting. Option B: They are gradually blooming.,b,A,a,0,,,,motion_o_timeblind_default_random1.json
random,1,none,1395,348,TimeBlind/videos/mcq_vid_00048_1.mp4,What is happening to the flowers over time? Option A: They are gradually wilting. Option B: They are gradually blooming.,a,A,a,1,,,,motion_o_timeblind_default_random1.json
random,1,none,1396,349,TimeBlind/videos/mcq_vid_00049_0.mp4,How is the size of the mushroom cluster changing? Option A: It's increasing. Option B: It's decreasing.,a,A,a,1,,,,motion_o_timeblind_default_random1.json
random,1,none,1397,349,TimeBlind/videos/mcq_vid_00049_1.mp4,How is the size of the mushroom cluster changing? Option A: It's increasing. Option B: It's decreasing.,b,A,a,0,,,,motion_o_timeblind_default_random1.json
random,1,none,1398,349,TimeBlind/videos/mcq_vid_00049_0.mp4,How is the size of the mushroom cluster changing? Option A: It's decreasing. Option B: It's increasing.,b,B,b,1,,,,motion_o_timeblind_default_random1.json
random,1,none,1399,349,TimeBlind/videos/mcq_vid_00049_1.mp4,How is the size of the mushroom cluster changing? Option A: It's decreasing. Option B: It's increasing.,a,B,b,0,,,,motion_o_timeblind_default_random1.json
random,1,none,1400,350,TimeBlind/videos/mcq_vid_00050_0.mp4,How does the color of a layer of soil change? Option A: From red to brown. Option B: From brown to red.,a,A,a,1,,,,motion_o_timeblind_default_random1.json
random,1,none,1401,350,TimeBlind/videos/mcq_vid_00050_1.mp4,How does the color of a layer of soil change? Option A: From red to brown. Option B: From brown to red.,b,B,b,1,,,,motion_o_timeblind_default_random1.json
random,1,none,1402,350,TimeBlind/videos/mcq_vid_00050_0.mp4,How does the color of a layer of soil change? Option A: From brown to red. Option B: From red to brown.,b,B,b,1,,,,motion_o_timeblind_default_random1.json
random,1,none,1403,350,TimeBlind/videos/mcq_vid_00050_1.mp4,How does the color of a layer of soil change? Option A: From brown to red. Option B: From red to brown.,a,B,b,0,,,,motion_o_timeblind_default_random1.json
random,1,none,1404,351,TimeBlind/videos/mcq_vid_00051_0.mp4,"In the video, what does the person do with the orange-shaped pastry and the large white box? Option A: The person takes the pastry out of the large white box. Option B: The person puts the pastry into the large white box.",a,A,a,1,,,,motion_o_timeblind_default_random1.json
random,1,none,1405,351,TimeBlind/videos/mcq_vid_00051_1.mp4,"In the video, what does the person do with the orange-shaped pastry and the large white box? Option A: The person takes the pastry out of the large white box. Option B: The person puts the pastry into the large white box.",b,A,a,0,,,,motion_o_timeblind_default_random1.json
random,1,none,1406,351,TimeBlind/videos/mcq_vid_00051_0.mp4,"In the video, what does the person do with the orange-shaped pastry and the large white box? Option A: The person puts the pastry into the large white box. Option B: The person takes the pastry out of the large white box.",b,A,a,0,,,,motion_o_timeblind_default_random1.json
random,1,none,1407,351,TimeBlind/videos/mcq_vid_00051_1.mp4,"In the video, what does the person do with the orange-shaped pastry and the large white box? Option A: The person puts the pastry into the large white box. Option B: The person takes the pastry out of the large white box.",a,A,a,1,,,,motion_o_timeblind_default_random1.json
random,1,none,1408,352,TimeBlind/videos/mcq_vid_00052_0.mp4,"In the video, how does the man move his finger relative to the oven button? Option A: He moves his finger toward the oven button. Option B: He moves his finger away from the oven button.",a,A,a,1,,,,motion_o_timeblind_default_random1.json
random,1,none,1409,352,TimeBlind/videos/mcq_vid_00052_1.mp4,"In the video, how does the man move his finger relative to the oven button? Option A: He moves his finger toward the oven button. Option B: He moves his finger away from the oven button.",b,A,a,0,,,,motion_o_timeblind_default_random1.json
random,1,none,1410,352,TimeBlind/videos/mcq_vid_00052_0.mp4,"In the video, how does the man move his finger relative to the oven button? Option A: He moves his finger away from the oven button. Option B: He moves his finger toward the oven button.",b,B,b,1,,,,motion_o_timeblind_default_random1.json
random,1,none,1411,352,TimeBlind/videos/mcq_vid_00052_1.mp4,"In the video, how does the man move his finger relative to the oven button? Option A: He moves his finger away from the oven button. Option B: He moves his finger toward the oven button.",a,B,b,0,,,,motion_o_timeblind_default_random1.json
random,1,none,1412,353,TimeBlind/videos/mcq_vid_00053_0.mp4,"In the video, does the man fall? Option A: He falls. Option B: He doesn’t fall.",a,B,b,0,,,,motion_o_timeblind_default_random1.json
random,1,none,1413,353,TimeBlind/videos/mcq_vid_00053_1.mp4,"In the video, does the man fall? Option A: He falls. Option B: He doesn’t fall.",b,B,b,1,,,,motion_o_timeblind_default_random1.json
random,1,none,1414,353,TimeBlind/videos/mcq_vid_00053_0.mp4,"In the video, does the man fall? Option A: He doesn’t fall. Option B: He falls.",b,B,b,1,,,,motion_o_timeblind_default_random1.json
random,1,none,1415,353,TimeBlind/videos/mcq_vid_00053_1.mp4,"In the video, does the man fall? Option A: He doesn’t fall. Option B: He falls.",a,B,b,0,,,,motion_o_timeblind_default_random1.json
random,1,none,1416,354,TimeBlind/videos/mcq_vid_00054_0.mp4,In which direction is the man spray-painting the roof? Option A: He spray-paints from his right to his left. Option B: He spray-paints from his left to his right.,a,B,b,0,,,,motion_o_timeblind_default_random1.json
random,1,none,1417,354,TimeBlind/videos/mcq_vid_00054_1.mp4,In which direction is the man spray-painting the roof? Option A: He spray-paints from his right to his left. Option B: He spray-paints from his left to his right.,b,B,b,1,,,,motion_o_timeblind_default_random1.json
random,1,none,1418,354,TimeBlind/videos/mcq_vid_00054_0.mp4,In which direction is the man spray-painting the roof? Option A: He spray-paints from his left to his right. Option B: He spray-paints from his right to his left.,b,A,a,0,,,,motion_o_timeblind_default_random1.json
random,1,none,1419,354,TimeBlind/videos/mcq_vid_00054_1.mp4,In which direction is the man spray-painting the roof? Option A: He spray-paints from his left to his right. Option B: He spray-paints from his right to his left.,a,A,a,1,,,,motion_o_timeblind_default_random1.json
random,1,none,1420,355,TimeBlind/videos/mcq_vid_00055_0.mp4,How does the number of blue darts on the dartboard change? Option A: The number increases. Option B: The number decreases.,a,B,b,0,,,,motion_o_timeblind_default_random1.json
random,1,none,1421,355,TimeBlind/videos/mcq_vid_00055_1.mp4,How does the number of blue darts on the dartboard change? Option A: The number increases. Option B: The number decreases.,b,"B

The image shows that there is one red dart and no visible blue darts in this particular shot, indicating an increase from zero to at least one (the red dart). However, since we cannot see all possible positions for other darts, it's not certain if any additional blue ones have been thrown but missed their target area shown here.

Given only what can be seen clearly:
- There’s 1 red dart.
- No blue darts appear within view yet.

Therefore based strictly upon visual evidence provided:

**Answer:** B",b,1,,,,motion_o_timeblind_default_random1.json
random,1,none,1422,355,TimeBlind/videos/mcq_vid_00055_0.mp4,How does the number of blue darts on the dartboard change? Option A: The number decreases. Option B: The number increases.,b,A,a,0,,,,motion_o_timeblind_default_random1.json
random,1,none,1423,355,TimeBlind/videos/mcq_vid_00055_1.mp4,How does the number of blue darts on the dartboard change? Option A: The number decreases. Option B: The number increases.,a,B,b,0,,,,motion_o_timeblind_default_random1.json
random,1,none,1424,356,TimeBlind/videos/mcq_vid_00056_0.mp4,Which direction is the vacuum cleaner moving? Option A: Forward. Option B: Backward.,a,A,a,1,,,,motion_o_timeblind_default_random1.json
random,1,none,1425,356,TimeBlind/videos/mcq_vid_00056_1.mp4,Which direction is the vacuum cleaner moving? Option A: Forward. Option B: Backward.,b,A,a,0,,,,motion_o_timeblind_default_random1.json
random,1,none,1426,356,TimeBlind/videos/mcq_vid_00056_0.mp4,Which direction is the vacuum cleaner moving? Option A: Backward. Option B: Forward.,b,B,b,1,,,,motion_o_timeblind_default_random1.json
random,1,none,1427,356,TimeBlind/videos/mcq_vid_00056_1.mp4,Which direction is the vacuum cleaner moving? Option A: Backward. Option B: Forward.,a,B,b,0,,,,motion_o_timeblind_default_random1.json
random,1,none,1428,357,TimeBlind/videos/mcq_vid_00057_0.mp4,How are the man and woman moving in relation to each other? Option A: They move toward each other. Option B: They move away from each other.,a,A,a,1,,,,motion_o_timeblind_default_random1.json
random,1,none,1429,357,TimeBlind/videos/mcq_vid_00057_1.mp4,How are the man and woman moving in relation to each other? Option A: They move toward each other. Option B: They move away from each other.,b,A,a,0,,,,motion_o_timeblind_default_random1.json
random,1,none,1430,357,TimeBlind/videos/mcq_vid_00057_0.mp4,How are the man and woman moving in relation to each other? Option A: They move away from each other. Option B: They move toward each other.,b,B,b,1,,,,motion_o_timeblind_default_random1.json
random,1,none,1431,357,TimeBlind/videos/mcq_vid_00057_1.mp4,How are the man and woman moving in relation to each other? Option A: They move away from each other. Option B: They move toward each other.,a,B,b,0,,,,motion_o_timeblind_default_random1.json
random,1,none,1432,358,TimeBlind/videos/mcq_vid_00058_0.mp4,In which direction is the woman brushing the horse's coat? Option A: From top to bottom. Option B: From bottom to top.,a,B,b,0,,,,motion_o_timeblind_default_random1.json
random,1,none,1433,358,TimeBlind/videos/mcq_vid_00058_1.mp4,In which direction is the woman brushing the horse's coat? Option A: From top to bottom. Option B: From bottom to top.,b,A,a,0,,,,motion_o_timeblind_default_random1.json
random,1,none,1434,358,TimeBlind/videos/mcq_vid_00058_0.mp4,In which direction is the woman brushing the horse's coat? Option A: From bottom to top. Option B: From top to bottom.,b,B,b,1,,,,motion_o_timeblind_default_random1.json
random,1,none,1435,358,TimeBlind/videos/mcq_vid_00058_1.mp4,In which direction is the woman brushing the horse's coat? Option A: From bottom to top. Option B: From top to bottom.,a,B,b,0,,,,motion_o_timeblind_default_random1.json
random,1,none,1436,359,TimeBlind/videos/mcq_vid_00059_0.mp4,How does the bottle's position change? Option A: The bottle moves from the countertop to above the sink. Option B: The bottle moves from above the sink back to the countertop.,a,B,b,0,,,,motion_o_timeblind_default_random1.json
random,1,none,1437,359,TimeBlind/videos/mcq_vid_00059_1.mp4,How does the bottle's position change? Option A: The bottle moves from the countertop to above the sink. Option B: The bottle moves from above the sink back to the countertop.,b,B,b,1,,,,motion_o_timeblind_default_random1.json
random,1,none,1438,359,TimeBlind/videos/mcq_vid_00059_0.mp4,How does the bottle's position change? Option A: The bottle moves from above the sink back to the countertop. Option B: The bottle moves from the countertop to above the sink.,b,B,b,1,,,,motion_o_timeblind_default_random1.json
random,1,none,1439,359,TimeBlind/videos/mcq_vid_00059_1.mp4,How does the bottle's position change? Option A: The bottle moves from above the sink back to the countertop. Option B: The bottle moves from the countertop to above the sink.,a,B,b,0,,,,motion_o_timeblind_default_random1.json
random,1,none,1440,360,TimeBlind/videos/mcq_vid_00060_0.mp4,What happens to the bubbles near the diver’s face in the video? Option A: They gradually appear. Option B: They gradually disappear.,a,B,b,0,,,,motion_o_timeblind_default_random1.json
random,1,none,1441,360,TimeBlind/videos/mcq_vid_00060_1.mp4,What happens to the bubbles near the diver’s face in the video? Option A: They gradually appear. Option B: They gradually disappear.,b,B,b,1,,,,motion_o_timeblind_default_random1.json
random,1,none,1442,360,TimeBlind/videos/mcq_vid_00060_0.mp4,What happens to the bubbles near the diver’s face in the video? Option A: They gradually disappear. Option B: They gradually appear.,b,A,a,0,,,,motion_o_timeblind_default_random1.json
random,1,none,1443,360,TimeBlind/videos/mcq_vid_00060_1.mp4,What happens to the bubbles near the diver’s face in the video? Option A: They gradually disappear. Option B: They gradually appear.,a,A,a,1,,,,motion_o_timeblind_default_random1.json
random,1,none,1444,361,TimeBlind/videos/mcq_vid_00061_0.mp4,What happens to the surfer wearing a blue shirt on the right side of the frame? Option A: The surfer enters the frame from the right side. Option B: The surfer exits the frame off the right side.,a,B,b,0,,,,motion_o_timeblind_default_random1.json
random,1,none,1445,361,TimeBlind/videos/mcq_vid_00061_1.mp4,What happens to the surfer wearing a blue shirt on the right side of the frame? Option A: The surfer enters the frame from the right side. Option B: The surfer exits the frame off the right side.,b,B,b,1,,,,motion_o_timeblind_default_random1.json
random,1,none,1446,361,TimeBlind/videos/mcq_vid_00061_0.mp4,What happens to the surfer wearing a blue shirt on the right side of the frame? Option A: The surfer exits the frame off the right side. Option B: The surfer enters the frame from the right side.,b,A,a,0,,,,motion_o_timeblind_default_random1.json
random,1,none,1447,361,TimeBlind/videos/mcq_vid_00061_1.mp4,What happens to the surfer wearing a blue shirt on the right side of the frame? Option A: The surfer exits the frame off the right side. Option B: The surfer enters the frame from the right side.,a,A,a,1,,,,motion_o_timeblind_default_random1.json
random,1,none,1448,362,TimeBlind/videos/mcq_vid_00062_0.mp4,How does the man's posture change as he surfs? Option A: He goes from standing to squatting. Option B: He goes from squatting to standing.,a,A,a,1,,,,motion_o_timeblind_default_random1.json
random,1,none,1449,362,TimeBlind/videos/mcq_vid_00062_1.mp4,How does the man's posture change as he surfs? Option A: He goes from standing to squatting. Option B: He goes from squatting to standing.,b,A,a,0,,,,motion_o_timeblind_default_random1.json
random,1,none,1450,362,TimeBlind/videos/mcq_vid_00062_0.mp4,How does the man's posture change as he surfs? Option A: He goes from squatting to standing. Option B: He goes from standing to squatting.,b,B,b,1,,,,motion_o_timeblind_default_random1.json
random,1,none,1451,362,TimeBlind/videos/mcq_vid_00062_1.mp4,How does the man's posture change as he surfs? Option A: He goes from squatting to standing. Option B: He goes from standing to squatting.,a,B,b,0,,,,motion_o_timeblind_default_random1.json
random,1,none,1452,363,TimeBlind/videos/mcq_vid_00063_0.mp4,How does the hairpin's state change? Option A: It changes from closed to open. Option B: It changes from open to closed.,a,B,b,0,,,,motion_o_timeblind_default_random1.json
random,1,none,1453,363,TimeBlind/videos/mcq_vid_00063_1.mp4,How does the hairpin's state change? Option A: It changes from closed to open. Option B: It changes from open to closed.,b,B,b,1,,,,motion_o_timeblind_default_random1.json
random,1,none,1454,363,TimeBlind/videos/mcq_vid_00063_0.mp4,How does the hairpin's state change? Option A: It changes from open to closed. Option B: It changes from closed to open.,b,B,b,1,,,,motion_o_timeblind_default_random1.json
random,1,none,1455,363,TimeBlind/videos/mcq_vid_00063_1.mp4,How does the hairpin's state change? Option A: It changes from open to closed. Option B: It changes from closed to open.,a,B,b,0,,,,motion_o_timeblind_default_random1.json
random,1,none,1456,364,TimeBlind/videos/mcq_vid_00064_0.mp4,How does the laptop's state change? Option A: It changes from closed to open. Option B: It changes from open to closed.,a,A,a,1,,,,motion_o_timeblind_default_random1.json
random,1,none,1457,364,TimeBlind/videos/mcq_vid_00064_1.mp4,How does the laptop's state change? Option A: It changes from closed to open. Option B: It changes from open to closed.,b,A,a,0,,,,motion_o_timeblind_default_random1.json
random,1,none,1458,364,TimeBlind/videos/mcq_vid_00064_0.mp4,How does the laptop's state change? Option A: It changes from open to closed. Option B: It changes from closed to open.,b,B,b,1,,,,motion_o_timeblind_default_random1.json
random,1,none,1459,364,TimeBlind/videos/mcq_vid_00064_1.mp4,How does the laptop's state change? Option A: It changes from open to closed. Option B: It changes from closed to open.,a,A,a,1,,,,motion_o_timeblind_default_random1.json
random,1,none,1460,365,TimeBlind/videos/mcq_vid_00065_0.mp4,"From the camera's perspective, which way is the person pulling the shower curtain? Option A: Left. Option B: Right.",a,B,b,0,,,,motion_o_timeblind_default_random1.json
random,1,none,1461,365,TimeBlind/videos/mcq_vid_00065_1.mp4,"From the camera's perspective, which way is the person pulling the shower curtain? Option A: Left. Option B: Right.",b,B,b,1,,,,motion_o_timeblind_default_random1.json
random,1,none,1462,365,TimeBlind/videos/mcq_vid_00065_0.mp4,"From the camera's perspective, which way is the person pulling the shower curtain? Option A: Right. Option B: Left.",b,B,b,1,,,,motion_o_timeblind_default_random1.json
random,1,none,1463,365,TimeBlind/videos/mcq_vid_00065_1.mp4,"From the camera's perspective, which way is the person pulling the shower curtain? Option A: Right. Option B: Left.",a,B,b,0,,,,motion_o_timeblind_default_random1.json
random,1,none,1464,366,TimeBlind/videos/mcq_vid_00066_0.mp4,"In the video, does the person raise the showerhead or lower it? Option A: The person lowers the showerhead. Option B: The person raises the showerhead.",a,B,b,0,,,,motion_o_timeblind_default_random1.json
random,1,none,1465,366,TimeBlind/videos/mcq_vid_00066_1.mp4,"In the video, does the person raise the showerhead or lower it? Option A: The person lowers the showerhead. Option B: The person raises the showerhead.",b,B,b,1,,,,motion_o_timeblind_default_random1.json
random,1,none,1466,366,TimeBlind/videos/mcq_vid_00066_0.mp4,"In the video, does the person raise the showerhead or lower it? Option A: The person raises the showerhead. Option B: The person lowers the showerhead.",b,B,b,1,,,,motion_o_timeblind_default_random1.json
random,1,none,1467,366,TimeBlind/videos/mcq_vid_00066_1.mp4,"In the video, does the person raise the showerhead or lower it? Option A: The person raises the showerhead. Option B: The person lowers the showerhead.",a,B,b,0,,,,motion_o_timeblind_default_random1.json
random,1,none,1468,367,TimeBlind/videos/mcq_vid_00067_0.mp4,How does the color of the light change? Option A: It changes from white to yellow. Option B: It changes from yellow to white.,a,A,a,1,,,,motion_o_timeblind_default_random1.json
random,1,none,1469,367,TimeBlind/videos/mcq_vid_00067_1.mp4,How does the color of the light change? Option A: It changes from white to yellow. Option B: It changes from yellow to white.,b,A,a,0,,,,motion_o_timeblind_default_random1.json
random,1,none,1470,367,TimeBlind/videos/mcq_vid_00067_0.mp4,How does the color of the light change? Option A: It changes from yellow to white. Option B: It changes from white to yellow.,b,B,b,1,,,,motion_o_timeblind_default_random1.json
random,1,none,1471,367,TimeBlind/videos/mcq_vid_00067_1.mp4,How does the color of the light change? Option A: It changes from yellow to white. Option B: It changes from white to yellow.,a,B,b,0,,,,motion_o_timeblind_default_random1.json
random,1,none,1472,368,TimeBlind/videos/mcq_vid_00068_0.mp4,Which direction does the cat move between the chair and the table? Option A: From the chair to the table. Option B: From the table to the chair.,a,B,b,0,,,,motion_o_timeblind_default_random1.json
random,1,none,1473,368,TimeBlind/videos/mcq_vid_00068_1.mp4,Which direction does the cat move between the chair and the table? Option A: From the chair to the table. Option B: From the table to the chair.,b,A,a,0,,,,motion_o_timeblind_default_random1.json
random,1,none,1474,368,TimeBlind/videos/mcq_vid_00068_0.mp4,Which direction does the cat move between the chair and the table? Option A: From the table to the chair. Option B: From the chair to the table.,b,B,b,1,,,,motion_o_timeblind_default_random1.json
random,1,none,1475,368,TimeBlind/videos/mcq_vid_00068_1.mp4,Which direction does the cat move between the chair and the table? Option A: From the table to the chair. Option B: From the chair to the table.,a,B,b,0,,,,motion_o_timeblind_default_random1.json
random,1,none,1476,369,TimeBlind/videos/mcq_vid_00069_0.mp4,What is being done with the oil dispenser nozzle? Option A: Removing the oil dispenser nozzle from the dispenser. Option B: Putting the oil dispenser nozzle back into the dispenser.,a,B,b,0,,,,motion_o_timeblind_default_random1.json
random,1,none,1477,369,TimeBlind/videos/mcq_vid_00069_1.mp4,What is being done with the oil dispenser nozzle? Option A: Removing the oil dispenser nozzle from the dispenser. Option B: Putting the oil dispenser nozzle back into the dispenser.,b,A,a,0,,,,motion_o_timeblind_default_random1.json
random,1,none,1478,369,TimeBlind/videos/mcq_vid_00069_0.mp4,What is being done with the oil dispenser nozzle? Option A: Putting the oil dispenser nozzle back into the dispenser. Option B: Removing the oil dispenser nozzle from the dispenser.,b,B,b,1,,,,motion_o_timeblind_default_random1.json
random,1,none,1479,369,TimeBlind/videos/mcq_vid_00069_1.mp4,What is being done with the oil dispenser nozzle? Option A: Putting the oil dispenser nozzle back into the dispenser. Option B: Removing the oil dispenser nozzle from the dispenser.,a,B,b,0,,,,motion_o_timeblind_default_random1.json
random,1,none,1480,370,TimeBlind/videos/mcq_vid_00070_0.mp4,What is being done with the fuel nozzle and the car's fuel tank? Option A: The nozzle is being inserted into the car's fuel tank. Option B: The nozzle is being removed from the car's fuel tank.,a,A,a,1,,,,motion_o_timeblind_default_random1.json
random,1,none,1481,370,TimeBlind/videos/mcq_vid_00070_1.mp4,What is being done with the fuel nozzle and the car's fuel tank? Option A: The nozzle is being inserted into the car's fuel tank. Option B: The nozzle is being removed from the car's fuel tank.,b,B,b,1,,,,motion_o_timeblind_default_random1.json
random,1,none,1482,370,TimeBlind/videos/mcq_vid_00070_0.mp4,What is being done with the fuel nozzle and the car's fuel tank? Option A: The nozzle is being removed from the car's fuel tank. Option B: The nozzle is being inserted into the car's fuel tank.,b,B,b,1,,,,motion_o_timeblind_default_random1.json
random,1,none,1483,370,TimeBlind/videos/mcq_vid_00070_1.mp4,What is being done with the fuel nozzle and the car's fuel tank? Option A: The nozzle is being removed from the car's fuel tank. Option B: The nozzle is being inserted into the car's fuel tank.,a,B,b,0,,,,motion_o_timeblind_default_random1.json
random,1,none,1484,371,TimeBlind/videos/mcq_vid_00071_0.mp4,Which direction is the car's fuel tank valve being turned? Option A: Counterclockwise. Option B: Clockwise.,a,B,b,0,,,,motion_o_timeblind_default_random1.json
random,1,none,1485,371,TimeBlind/videos/mcq_vid_00071_1.mp4,Which direction is the car's fuel tank valve being turned? Option A: Counterclockwise. Option B: Clockwise.,b,B,b,1,,,,motion_o_timeblind_default_random1.json
random,1,none,1486,371,TimeBlind/videos/mcq_vid_00071_0.mp4,Which direction is the car's fuel tank valve being turned? Option A: Clockwise. Option B: Counterclockwise.,b,A,a,0,,,,motion_o_timeblind_default_random1.json
random,1,none,1487,371,TimeBlind/videos/mcq_vid_00071_1.mp4,Which direction is the car's fuel tank valve being turned? Option A: Clockwise. Option B: Counterclockwise.,a,A,a,1,,,,motion_o_timeblind_default_random1.json
random,1,none,1488,372,TimeBlind/videos/mcq_vid_00072_0.mp4,What is the person doing with the ingredients and the oven? Option A: The person is putting the ingredients into the oven. Option B: The person is taking the ingredients out of the oven.,a,A,a,1,,,,motion_o_timeblind_default_random1.json
random,1,none,1489,372,TimeBlind/videos/mcq_vid_00072_1.mp4,What is the person doing with the ingredients and the oven? Option A: The person is putting the ingredients into the oven. Option B: The person is taking the ingredients out of the oven.,b,A,a,0,,,,motion_o_timeblind_default_random1.json
random,1,none,1490,372,TimeBlind/videos/mcq_vid_00072_0.mp4,What is the person doing with the ingredients and the oven? Option A: The person is taking the ingredients out of the oven. Option B: The person is putting the ingredients into the oven.,b,B,b,1,,,,motion_o_timeblind_default_random1.json
random,1,none,1491,372,TimeBlind/videos/mcq_vid_00072_1.mp4,What is the person doing with the ingredients and the oven? Option A: The person is taking the ingredients out of the oven. Option B: The person is putting the ingredients into the oven.,a,B,b,0,,,,motion_o_timeblind_default_random1.json
random,1,none,1492,373,TimeBlind/videos/mcq_vid_00073_0.mp4,Which way does the dog go through the window? Option A: From outside to inside. Option B: From inside to outside.,a,"B

The image shows an open window with no visible sign of any animal, including a dog, entering from the outside into this room. The presence and condition of items like blankets suggest that someone is in control of what goes where within their space at night.

Therefore:
- **Option A**: ""From outside to inside"" - There's no evidence for this.
- **Option B**: ""From inside to outside"" – This seems plausible as there’s nothing indicating entry from outdoors; it looks more likely they went out first before coming back indoors later on when things were set up again (like placing down the blanket). 

So based purely off visual cues provided by your question & options presented here:

**Answer:** B",a,1,,,,motion_o_timeblind_default_random1.json
random,1,none,1493,373,TimeBlind/videos/mcq_vid_00073_1.mp4,Which way does the dog go through the window? Option A: From outside to inside. Option B: From inside to outside.,b,B,b,1,,,,motion_o_timeblind_default_random1.json
random,1,none,1494,373,TimeBlind/videos/mcq_vid_00073_0.mp4,Which way does the dog go through the window? Option A: From inside to outside. Option B: From outside to inside.,b,"B

The image shows that there is no visible sign of any animal, including a dog, going through the window from either side. The scene appears static with objects and furniture in place without any indication of movement by an animal. Therefore, based on what can be observed visually:

- There's nothing suggesting animals entering (Option A).
- Similarly, there’s also nothing indicating they exit.

However, if we consider typical behavior for dogs interacting with windows:
1) Dogs often jump onto surfaces like beds.
2) They might try to look out but don't typically enter through glass unless forced.

Given these points along with visual evidence showing no signs of activity at all within this frame, it seems more plausible that whatever happened has already occurred before capturing this photo rather than something happening right now as per options provided here. 

Therefore, considering only observable facts presented directly in front us - i.e., absence of motion/animals around - I'd lean towards option **B** being closer aligned since no clear directionality exists otherwise. But please note this interpretation relies heavily upon assumptions not explicitly stated nor fully supported solely via imagery alone!",a,0,,,,motion_o_timeblind_default_random1.json
random,1,none,1495,373,TimeBlind/videos/mcq_vid_00073_1.mp4,Which way does the dog go through the window? Option A: From inside to outside. Option B: From outside to inside.,a,B,b,0,,,,motion_o_timeblind_default_random1.json
random,1,none,1496,374,TimeBlind/videos/mcq_vid_00074_0.mp4,Which way does the kitten turn its head in the video? Option A: To its left. Option B: To its right.,a,A,a,1,,,,motion_o_timeblind_default_random1.json
random,1,none,1497,374,TimeBlind/videos/mcq_vid_00074_1.mp4,Which way does the kitten turn its head in the video? Option A: To its left. Option B: To its right.,b,B,b,1,,,,motion_o_timeblind_default_random1.json
random,1,none,1498,374,TimeBlind/videos/mcq_vid_00074_0.mp4,Which way does the kitten turn its head in the video? Option A: To its right. Option B: To its left.,b,A,a,0,,,,motion_o_timeblind_default_random1.json
random,1,none,1499,374,TimeBlind/videos/mcq_vid_00074_1.mp4,Which way does the kitten turn its head in the video? Option A: To its right. Option B: To its left.,a,B,b,0,,,,motion_o_timeblind_default_random1.json
random,1,none,1500,375,TimeBlind/videos/mcq_vid_00075_0.mp4,What does the dog do in the video? Option A: The dog puts its paws on the bed. Option B: The dog moves its paws away from the bed.,a,A,a,1,,,,motion_o_timeblind_default_random1.json
random,1,none,1501,375,TimeBlind/videos/mcq_vid_00075_1.mp4,What does the dog do in the video? Option A: The dog puts its paws on the bed. Option B: The dog moves its paws away from the bed.,b,A,a,0,,,,motion_o_timeblind_default_random1.json
random,1,none,1502,375,TimeBlind/videos/mcq_vid_00075_0.mp4,What does the dog do in the video? Option A: The dog moves its paws away from the bed. Option B: The dog puts its paws on the bed.,b,B,b,1,,,,motion_o_timeblind_default_random1.json
random,1,none,1503,375,TimeBlind/videos/mcq_vid_00075_1.mp4,What does the dog do in the video? Option A: The dog moves its paws away from the bed. Option B: The dog puts its paws on the bed.,a,B,b,0,,,,motion_o_timeblind_default_random1.json
random,1,none,1504,376,TimeBlind/videos/mcq_vid_00076_0.mp4,How does the puppy's position change in the frame? Option A: It moves from left to right. Option B: It moves from right to left.,a,A,a,1,,,,motion_o_timeblind_default_random1.json
random,1,none,1505,376,TimeBlind/videos/mcq_vid_00076_1.mp4,How does the puppy's position change in the frame? Option A: It moves from left to right. Option B: It moves from right to left.,b,B,b,1,,,,motion_o_timeblind_default_random1.json
random,1,none,1506,376,TimeBlind/videos/mcq_vid_00076_0.mp4,How does the puppy's position change in the frame? Option A: It moves from right to left. Option B: It moves from left to right.,b,B,b,1,,,,motion_o_timeblind_default_random1.json
random,1,none,1507,376,TimeBlind/videos/mcq_vid_00076_1.mp4,How does the puppy's position change in the frame? Option A: It moves from right to left. Option B: It moves from left to right.,a,A,a,1,,,,motion_o_timeblind_default_random1.json
random,1,none,1508,377,TimeBlind/videos/mcq_vid_00077_0.mp4,How does the size of the cat in the frame change over time? Option A: The cat gradually occupies more of the frame. Option B: The cat gradually occupies less of the frame.,a,A,a,1,,,,motion_o_timeblind_default_random1.json
random,1,none,1509,377,TimeBlind/videos/mcq_vid_00077_1.mp4,How does the size of the cat in the frame change over time? Option A: The cat gradually occupies more of the frame. Option B: The cat gradually occupies less of the frame.,b,B,b,1,,,,motion_o_timeblind_default_random1.json
random,1,none,1510,377,TimeBlind/videos/mcq_vid_00077_0.mp4,How does the size of the cat in the frame change over time? Option A: The cat gradually occupies less of the frame. Option B: The cat gradually occupies more of the frame.,b,B,b,1,,,,motion_o_timeblind_default_random1.json
random,1,none,1511,377,TimeBlind/videos/mcq_vid_00077_1.mp4,How does the size of the cat in the frame change over time? Option A: The cat gradually occupies less of the frame. Option B: The cat gradually occupies more of the frame.,a,A,a,1,,,,motion_o_timeblind_default_random1.json
random,1,none,1512,378,TimeBlind/videos/mcq_vid_00078_0.mp4,How does the moon's appearance change? Option A: It gradually becomes blurrier. Option B: It gradually becomes clearer.,a,B,b,0,,,,motion_o_timeblind_default_random1.json
random,1,none,1513,378,TimeBlind/videos/mcq_vid_00078_1.mp4,How does the moon's appearance change? Option A: It gradually becomes blurrier. Option B: It gradually becomes clearer.,b,A,a,0,,,,motion_o_timeblind_default_random1.json
random,1,none,1514,378,TimeBlind/videos/mcq_vid_00078_0.mp4,How does the moon's appearance change? Option A: It gradually becomes clearer. Option B: It gradually becomes blurrier.,b,B,b,1,,,,motion_o_timeblind_default_random1.json
random,1,none,1515,378,TimeBlind/videos/mcq_vid_00078_1.mp4,How does the moon's appearance change? Option A: It gradually becomes clearer. Option B: It gradually becomes blurrier.,a,B,b,0,,,,motion_o_timeblind_default_random1.json
random,1,none,1516,379,TimeBlind/videos/mcq_vid_00079_0.mp4,How do the animals in the video change over time? Option A: They go from two cats and a dog to just two cats. Option B: They go from two cats to two cats and a dog.,a,B,b,0,,,,motion_o_timeblind_default_random1.json
random,1,none,1517,379,TimeBlind/videos/mcq_vid_00079_1.mp4,How do the animals in the video change over time? Option A: They go from two cats and a dog to just two cats. Option B: They go from two cats to two cats and a dog.,b,B,b,1,,,,motion_o_timeblind_default_random1.json
random,1,none,1518,379,TimeBlind/videos/mcq_vid_00079_0.mp4,How do the animals in the video change over time? Option A: They go from two cats to two cats and a dog. Option B: They go from two cats and a dog to just two cats.,b,B,b,1,,,,motion_o_timeblind_default_random1.json
random,1,none,1519,379,TimeBlind/videos/mcq_vid_00079_1.mp4,How do the animals in the video change over time? Option A: They go from two cats to two cats and a dog. Option B: They go from two cats and a dog to just two cats.,a,A,a,1,,,,motion_o_timeblind_default_random1.json
random,1,none,1520,380,TimeBlind/videos/mcq_vid_00080_0.mp4,How does the kitten's position change relative to the box? Option A: The kitten moves from inside the box to outside the box. Option B: The kitten moves from outside the box to inside the box.,a,B,b,0,,,,motion_o_timeblind_default_random1.json
random,1,none,1521,380,TimeBlind/videos/mcq_vid_00080_1.mp4,How does the kitten's position change relative to the box? Option A: The kitten moves from inside the box to outside the box. Option B: The kitten moves from outside the box to inside the box.,b,B,b,1,,,,motion_o_timeblind_default_random1.json
random,1,none,1522,380,TimeBlind/videos/mcq_vid_00080_0.mp4,How does the kitten's position change relative to the box? Option A: The kitten moves from outside the box to inside the box. Option B: The kitten moves from inside the box to outside the box.,b,A,a,0,,,,motion_o_timeblind_default_random1.json
random,1,none,1523,380,TimeBlind/videos/mcq_vid_00080_1.mp4,How does the kitten's position change relative to the box? Option A: The kitten moves from outside the box to inside the box. Option B: The kitten moves from inside the box to outside the box.,a,B,b,0,,,,motion_o_timeblind_default_random1.json
random,1,none,1524,381,TimeBlind/videos/mcq_vid_00081_0.mp4,How does the number of dogs in the video change over time? Option A: It increases from two to four. Option B: It decreases from four to two.,a,B,b,0,,,,motion_o_timeblind_default_random1.json
random,1,none,1525,381,TimeBlind/videos/mcq_vid_00081_1.mp4,How does the number of dogs in the video change over time? Option A: It increases from two to four. Option B: It decreases from four to two.,b,B,b,1,,,,motion_o_timeblind_default_random1.json
random,1,none,1526,381,TimeBlind/videos/mcq_vid_00081_0.mp4,How does the number of dogs in the video change over time? Option A: It decreases from four to two. Option B: It increases from two to four.,b,B,b,1,,,,motion_o_timeblind_default_random1.json
random,1,none,1527,381,TimeBlind/videos/mcq_vid_00081_1.mp4,How does the number of dogs in the video change over time? Option A: It decreases from four to two. Option B: It increases from two to four.,a,B,b,0,,,,motion_o_timeblind_default_random1.json
random,1,none,1528,382,TimeBlind/videos/mcq_vid_00082_0.mp4,How does the room's lighting change? Option A: The lighting changes from dark to light. Option B: The lighting changes from light to dark.,a,B,b,0,,,,motion_o_timeblind_default_random1.json
random,1,none,1529,382,TimeBlind/videos/mcq_vid_00082_1.mp4,How does the room's lighting change? Option A: The lighting changes from dark to light. Option B: The lighting changes from light to dark.,b,B,b,1,,,,motion_o_timeblind_default_random1.json
random,1,none,1530,382,TimeBlind/videos/mcq_vid_00082_0.mp4,How does the room's lighting change? Option A: The lighting changes from light to dark. Option B: The lighting changes from dark to light.,b,B,b,1,,,,motion_o_timeblind_default_random1.json
random,1,none,1531,382,TimeBlind/videos/mcq_vid_00082_1.mp4,How does the room's lighting change? Option A: The lighting changes from light to dark. Option B: The lighting changes from dark to light.,a,A,a,1,,,,motion_o_timeblind_default_random1.json
random,1,none,1532,383,TimeBlind/videos/mcq_vid_00083_0.mp4,How does the charging status of the battery icon in the top-right corner of the phone screen change? Option A: It changes from charging to not charging. Option B: It changes from not charging to charging.,a,A,a,1,,,,motion_o_timeblind_default_random1.json
random,1,none,1533,383,TimeBlind/videos/mcq_vid_00083_1.mp4,How does the charging status of the battery icon in the top-right corner of the phone screen change? Option A: It changes from charging to not charging. Option B: It changes from not charging to charging.,b,A,a,0,,,,motion_o_timeblind_default_random1.json
random,1,none,1534,383,TimeBlind/videos/mcq_vid_00083_0.mp4,How does the charging status of the battery icon in the top-right corner of the phone screen change? Option A: It changes from not charging to charging. Option B: It changes from charging to not charging.,b,B,b,1,,,,motion_o_timeblind_default_random1.json
random,1,none,1535,383,TimeBlind/videos/mcq_vid_00083_1.mp4,How does the charging status of the battery icon in the top-right corner of the phone screen change? Option A: It changes from not charging to charging. Option B: It changes from charging to not charging.,a,B,b,0,,,,motion_o_timeblind_default_random1.json
random,1,none,1536,384,TimeBlind/videos/mcq_vid_00084_0.mp4,How does the color of the battery icon in the top-right corner of the screen change? Option A: It changes from green to white. Option B: It changes from white to green.,a,A,a,1,,,,motion_o_timeblind_default_random1.json
random,1,none,1537,384,TimeBlind/videos/mcq_vid_00084_1.mp4,How does the color of the battery icon in the top-right corner of the screen change? Option A: It changes from green to white. Option B: It changes from white to green.,b,A,a,0,,,,motion_o_timeblind_default_random1.json
random,1,none,1538,384,TimeBlind/videos/mcq_vid_00084_0.mp4,How does the color of the battery icon in the top-right corner of the screen change? Option A: It changes from white to green. Option B: It changes from green to white.,b,B,b,1,,,,motion_o_timeblind_default_random1.json
random,1,none,1539,384,TimeBlind/videos/mcq_vid_00084_1.mp4,How does the color of the battery icon in the top-right corner of the screen change? Option A: It changes from white to green. Option B: It changes from green to white.,a,B,b,0,,,,motion_o_timeblind_default_random1.json
random,1,none,1540,385,TimeBlind/videos/mcq_vid_00085_0.mp4,What happens when they try to stand the egg upright in the video? Option A: It doesn't stay upright. Option B: It stays upright.,a,A,a,1,,,,motion_o_timeblind_default_random1.json
random,1,none,1541,385,TimeBlind/videos/mcq_vid_00085_1.mp4,What happens when they try to stand the egg upright in the video? Option A: It doesn't stay upright. Option B: It stays upright.,b,A,a,0,,,,motion_o_timeblind_default_random1.json
random,1,none,1542,385,TimeBlind/videos/mcq_vid_00085_0.mp4,What happens when they try to stand the egg upright in the video? Option A: It stays upright. Option B: It doesn't stay upright.,b,B,b,1,,,,motion_o_timeblind_default_random1.json
random,1,none,1543,385,TimeBlind/videos/mcq_vid_00085_1.mp4,What happens when they try to stand the egg upright in the video? Option A: It stays upright. Option B: It doesn't stay upright.,a,B,b,0,,,,motion_o_timeblind_default_random1.json
random,1,none,1544,386,TimeBlind/videos/mcq_vid_00086_0.mp4,Which of the following correctly describes the duration each object is held in the video? Option A: The blue and yellow can is held for about 3 seconds. Option B: The blue and yellow can is held for about 10 seconds.,a,A,a,1,,,,motion_o_timeblind_default_random1.json
random,1,none,1545,386,TimeBlind/videos/mcq_vid_00086_1.mp4,Which of the following correctly describes the duration each object is held in the video? Option A: The blue and yellow can is held for about 3 seconds. Option B: The blue and yellow can is held for about 10 seconds.,b,A,a,0,,,,motion_o_timeblind_default_random1.json
random,1,none,1546,386,TimeBlind/videos/mcq_vid_00086_0.mp4,Which of the following correctly describes the duration each object is held in the video? Option A: The blue and yellow can is held for about 10 seconds. Option B: The blue and yellow can is held for about 3 seconds.,b,A,a,0,,,,motion_o_timeblind_default_random1.json
random,1,none,1547,386,TimeBlind/videos/mcq_vid_00086_1.mp4,Which of the following correctly describes the duration each object is held in the video? Option A: The blue and yellow can is held for about 10 seconds. Option B: The blue and yellow can is held for about 3 seconds.,a,B,b,0,,,,motion_o_timeblind_default_random1.json
random,1,none,1548,387,TimeBlind/videos/mcq_vid_00087_0.mp4,How does the number of fingers the man is holding up change in the video? Option A: It goes from two to three. Option B: It goes from three to two.,a,B,b,0,,,,motion_o_timeblind_default_random1.json
random,1,none,1549,387,TimeBlind/videos/mcq_vid_00087_1.mp4,How does the number of fingers the man is holding up change in the video? Option A: It goes from two to three. Option B: It goes from three to two.,b,B,b,1,,,,motion_o_timeblind_default_random1.json
random,1,none,1550,387,TimeBlind/videos/mcq_vid_00087_0.mp4,How does the number of fingers the man is holding up change in the video? Option A: It goes from three to two. Option B: It goes from two to three.,b,B,b,1,,,,motion_o_timeblind_default_random1.json
random,1,none,1551,387,TimeBlind/videos/mcq_vid_00087_1.mp4,How does the number of fingers the man is holding up change in the video? Option A: It goes from three to two. Option B: It goes from two to three.,a,B,b,0,,,,motion_o_timeblind_default_random1.json
random,1,none,1552,388,TimeBlind/videos/mcq_vid_00088_0.mp4,"As the video progresses, how does the visibility of the ceiling with strip lights change? Option A: It gradually comes into view. Option B: It gradually disappears from view.",a,B,b,0,,,,motion_o_timeblind_default_random1.json
random,1,none,1553,388,TimeBlind/videos/mcq_vid_00088_1.mp4,"As the video progresses, how does the visibility of the ceiling with strip lights change? Option A: It gradually comes into view. Option B: It gradually disappears from view.",b,A,a,0,,,,motion_o_timeblind_default_random1.json
random,1,none,1554,388,TimeBlind/videos/mcq_vid_00088_0.mp4,"As the video progresses, how does the visibility of the ceiling with strip lights change? Option A: It gradually disappears from view. Option B: It gradually comes into view.",b,B,b,1,,,,motion_o_timeblind_default_random1.json
random,1,none,1555,388,TimeBlind/videos/mcq_vid_00088_1.mp4,"As the video progresses, how does the visibility of the ceiling with strip lights change? Option A: It gradually disappears from view. Option B: It gradually comes into view.",a,B,b,0,,,,motion_o_timeblind_default_random1.json
random,1,none,1556,389,TimeBlind/videos/mcq_vid_00089_0.mp4,Which of the following describes how the person turns the door handle? Option A: The person turns the door handle gently. Option B: The person turns the door handle forcefully.,a,A,a,1,,,,motion_o_timeblind_default_random1.json
random,1,none,1557,389,TimeBlind/videos/mcq_vid_00089_1.mp4,Which of the following describes how the person turns the door handle? Option A: The person turns the door handle gently. Option B: The person turns the door handle forcefully.,b,A,a,0,,,,motion_o_timeblind_default_random1.json
random,1,none,1558,389,TimeBlind/videos/mcq_vid_00089_0.mp4,Which of the following describes how the person turns the door handle? Option A: The person turns the door handle forcefully. Option B: The person turns the door handle gently.,b,B,b,1,,,,motion_o_timeblind_default_random1.json
random,1,none,1559,389,TimeBlind/videos/mcq_vid_00089_1.mp4,Which of the following describes how the person turns the door handle? Option A: The person turns the door handle forcefully. Option B: The person turns the door handle gently.,a,B,b,0,,,,motion_o_timeblind_default_random1.json
random,1,none,1560,390,TimeBlind/videos/mcq_vid_00090_0.mp4,Which of the following accurately describes how the wiping motion changes in the video? Option A: The person wipes the whiteboard with strokes that gradually become larger. Option B: The person wipes the whiteboard with strokes that gradually become smaller.,a,B,b,0,,,,motion_o_timeblind_default_random1.json
random,1,none,1561,390,TimeBlind/videos/mcq_vid_00090_1.mp4,Which of the following accurately describes how the wiping motion changes in the video? Option A: The person wipes the whiteboard with strokes that gradually become larger. Option B: The person wipes the whiteboard with strokes that gradually become smaller.,b,B,b,1,,,,motion_o_timeblind_default_random1.json
random,1,none,1562,390,TimeBlind/videos/mcq_vid_00090_0.mp4,Which of the following accurately describes how the wiping motion changes in the video? Option A: The person wipes the whiteboard with strokes that gradually become smaller. Option B: The person wipes the whiteboard with strokes that gradually become larger.,b,B,b,1,,,,motion_o_timeblind_default_random1.json
random,1,none,1563,390,TimeBlind/videos/mcq_vid_00090_1.mp4,Which of the following accurately describes how the wiping motion changes in the video? Option A: The person wipes the whiteboard with strokes that gradually become smaller. Option B: The person wipes the whiteboard with strokes that gradually become larger.,a,B,b,0,,,,motion_o_timeblind_default_random1.json
random,1,none,1564,391,TimeBlind/videos/mcq_vid_00091_0.mp4,"After looking straight ahead, where does he look while standing on the snowboard? Option A: He turns his head and looks to his left. Option B: He turns his head to his left, then looks forward again.",a,A,a,1,,,,motion_o_timeblind_default_random1.json
random,1,none,1565,391,TimeBlind/videos/mcq_vid_00091_1.mp4,"After looking straight ahead, where does he look while standing on the snowboard? Option A: He turns his head and looks to his left. Option B: He turns his head to his left, then looks forward again.",b,A,a,0,,,,motion_o_timeblind_default_random1.json
random,1,none,1566,391,TimeBlind/videos/mcq_vid_00091_0.mp4,"After looking straight ahead, where does he look while standing on the snowboard? Option A: He turns his head to his left, then looks forward again. Option B: He turns his head and looks to his left.",b,B,b,1,,,,motion_o_timeblind_default_random1.json
random,1,none,1567,391,TimeBlind/videos/mcq_vid_00091_1.mp4,"After looking straight ahead, where does he look while standing on the snowboard? Option A: He turns his head to his left, then looks forward again. Option B: He turns his head and looks to his left.",a,B,b,0,,,,motion_o_timeblind_default_random1.json
random,1,none,1568,392,TimeBlind/videos/mcq_vid_00092_0.mp4,How does the man's posture change over time? Option A: He goes from standing upright to bending over. Option B: He goes from bending over to standing upright.,a,B,b,0,,,,motion_o_timeblind_default_random1.json
random,1,none,1569,392,TimeBlind/videos/mcq_vid_00092_1.mp4,How does the man's posture change over time? Option A: He goes from standing upright to bending over. Option B: He goes from bending over to standing upright.,b,A,a,0,,,,motion_o_timeblind_default_random1.json
random,1,none,1570,392,TimeBlind/videos/mcq_vid_00092_0.mp4,How does the man's posture change over time? Option A: He goes from bending over to standing upright. Option B: He goes from standing upright to bending over.,b,B,b,1,,,,motion_o_timeblind_default_random1.json
random,1,none,1571,392,TimeBlind/videos/mcq_vid_00092_1.mp4,How does the man's posture change over time? Option A: He goes from bending over to standing upright. Option B: He goes from standing upright to bending over.,a,B,b,0,,,,motion_o_timeblind_default_random1.json
random,1,none,1572,393,TimeBlind/videos/mcq_vid_00093_0.mp4,How does the person's posture change? Option A: From upright to leaning. Option B: From leaning to upright.,a,B,b,0,,,,motion_o_timeblind_default_random1.json
random,1,none,1573,393,TimeBlind/videos/mcq_vid_00093_1.mp4,How does the person's posture change? Option A: From upright to leaning. Option B: From leaning to upright.,b,B,b,1,,,,motion_o_timeblind_default_random1.json
random,1,none,1574,393,TimeBlind/videos/mcq_vid_00093_0.mp4,How does the person's posture change? Option A: From leaning to upright. Option B: From upright to leaning.,b,B,b,1,,,,motion_o_timeblind_default_random1.json
random,1,none,1575,393,TimeBlind/videos/mcq_vid_00093_1.mp4,How does the person's posture change? Option A: From leaning to upright. Option B: From upright to leaning.,a,B,b,0,,,,motion_o_timeblind_default_random1.json
random,1,none,1576,394,TimeBlind/videos/mcq_vid_00094_0.mp4,"In the video, which direction does the person glide across the frame? Option A: From left to right. Option B: From right to left.",a,B,b,0,,,,motion_o_timeblind_default_random1.json
random,1,none,1577,394,TimeBlind/videos/mcq_vid_00094_1.mp4,"In the video, which direction does the person glide across the frame? Option A: From left to right. Option B: From right to left.",b,B,b,1,,,,motion_o_timeblind_default_random1.json
random,1,none,1578,394,TimeBlind/videos/mcq_vid_00094_0.mp4,"In the video, which direction does the person glide across the frame? Option A: From right to left. Option B: From left to right.",b,B,b,1,,,,motion_o_timeblind_default_random1.json
random,1,none,1579,394,TimeBlind/videos/mcq_vid_00094_1.mp4,"In the video, which direction does the person glide across the frame? Option A: From right to left. Option B: From left to right.",a,B,b,0,,,,motion_o_timeblind_default_random1.json
random,1,none,1580,395,TimeBlind/videos/mcq_vid_00095_0.mp4,How does the robot's posture change? Option A: It goes from standing to squatting. Option B: It goes from squatting to standing.,a,B,b,0,,,,motion_o_timeblind_default_random1.json
random,1,none,1581,395,TimeBlind/videos/mcq_vid_00095_1.mp4,How does the robot's posture change? Option A: It goes from standing to squatting. Option B: It goes from squatting to standing.,b,B,b,1,,,,motion_o_timeblind_default_random1.json
random,1,none,1582,395,TimeBlind/videos/mcq_vid_00095_0.mp4,How does the robot's posture change? Option A: It goes from squatting to standing. Option B: It goes from standing to squatting.,b,B,b,1,,,,motion_o_timeblind_default_random1.json
random,1,none,1583,395,TimeBlind/videos/mcq_vid_00095_1.mp4,How does the robot's posture change? Option A: It goes from squatting to standing. Option B: It goes from standing to squatting.,a,B,b,0,,,,motion_o_timeblind_default_random1.json
random,1,none,1584,396,TimeBlind/videos/mcq_vid_00096_0.mp4,What is the humanoid robot doing with its body and arms? Option A: It squats down and extends its arms. Option B: It stands up and pulls its arms in.,a,A,a,1,,,,motion_o_timeblind_default_random1.json
random,1,none,1585,396,TimeBlind/videos/mcq_vid_00096_1.mp4,What is the humanoid robot doing with its body and arms? Option A: It squats down and extends its arms. Option B: It stands up and pulls its arms in.,b,A,a,0,,,,motion_o_timeblind_default_random1.json
random,1,none,1586,396,TimeBlind/videos/mcq_vid_00096_0.mp4,What is the humanoid robot doing with its body and arms? Option A: It stands up and pulls its arms in. Option B: It squats down and extends its arms.,b,B,b,1,,,,motion_o_timeblind_default_random1.json
random,1,none,1587,396,TimeBlind/videos/mcq_vid_00096_1.mp4,What is the humanoid robot doing with its body and arms? Option A: It stands up and pulls its arms in. Option B: It squats down and extends its arms.,a,B,b,0,,,,motion_o_timeblind_default_random1.json
random,1,none,1588,397,TimeBlind/videos/mcq_vid_00097_0.mp4,"In what order does the person press the pump on the skincare bottle in the video? Option A: First quickly, then slowly. Option B: First slowly, then quickly.",a,B,b,0,,,,motion_o_timeblind_default_random1.json
random,1,none,1589,397,TimeBlind/videos/mcq_vid_00097_1.mp4,"In what order does the person press the pump on the skincare bottle in the video? Option A: First quickly, then slowly. Option B: First slowly, then quickly.",b,B,b,1,,,,motion_o_timeblind_default_random1.json
random,1,none,1590,397,TimeBlind/videos/mcq_vid_00097_0.mp4,"In what order does the person press the pump on the skincare bottle in the video? Option A: First slowly, then quickly. Option B: First quickly, then slowly.",b,A,a,0,,,,motion_o_timeblind_default_random1.json
random,1,none,1591,397,TimeBlind/videos/mcq_vid_00097_1.mp4,"In what order does the person press the pump on the skincare bottle in the video? Option A: First slowly, then quickly. Option B: First quickly, then slowly.",a,A,a,1,,,,motion_o_timeblind_default_random1.json
random,1,none,1592,398,TimeBlind/videos/mcq_vid_00098_0.mp4,"At the beginning of the video, how does the person press the pump? Option A: He presses it firmly. Option B: He presses it gently.",a,B,b,0,,,,motion_o_timeblind_default_random1.json
random,1,none,1593,398,TimeBlind/videos/mcq_vid_00098_1.mp4,"At the beginning of the video, how does the person press the pump? Option A: He presses it firmly. Option B: He presses it gently.",b,B,b,1,,,,motion_o_timeblind_default_random1.json
random,1,none,1594,398,TimeBlind/videos/mcq_vid_00098_0.mp4,"At the beginning of the video, how does the person press the pump? Option A: He presses it gently. Option B: He presses it firmly.",b,B,b,1,,,,motion_o_timeblind_default_random1.json
random,1,none,1595,398,TimeBlind/videos/mcq_vid_00098_1.mp4,"At the beginning of the video, how does the person press the pump? Option A: He presses it gently. Option B: He presses it firmly.",a,A,a,1,,,,motion_o_timeblind_default_random1.json
random,1,none,1596,399,TimeBlind/videos/mcq_vid_00099_0.mp4,How many white cars appear in total in the video? Option A: One white car appears. Option B: Two white cars appear.,a,A,a,1,,,,motion_o_timeblind_default_random1.json
random,1,none,1597,399,TimeBlind/videos/mcq_vid_00099_1.mp4,How many white cars appear in total in the video? Option A: One white car appears. Option B: Two white cars appear.,b,B,b,1,,,,motion_o_timeblind_default_random1.json
random,1,none,1598,399,TimeBlind/videos/mcq_vid_00099_0.mp4,How many white cars appear in total in the video? Option A: Two white cars appear. Option B: One white car appears.,b,B,b,1,,,,motion_o_timeblind_default_random1.json
random,1,none,1599,399,TimeBlind/videos/mcq_vid_00099_1.mp4,How many white cars appear in total in the video? Option A: Two white cars appear. Option B: One white car appears.,a,A,a,1,,,,motion_o_timeblind_default_random1.json
random,1,none,1600,400,TimeBlind/videos/mcq_vid_00100_0.mp4,"How does the speed of the leg shaking change over the course of the video? Option A: They shake slowly at first, then rapidly. Option B: They shake rapidly at first, then slowly.",a,A,a,1,,,,motion_o_timeblind_default_random1.json
random,1,none,1601,400,TimeBlind/videos/mcq_vid_00100_1.mp4,"How does the speed of the leg shaking change over the course of the video? Option A: They shake slowly at first, then rapidly. Option B: They shake rapidly at first, then slowly.",b,A,a,0,,,,motion_o_timeblind_default_random1.json
random,1,none,1602,400,TimeBlind/videos/mcq_vid_00100_0.mp4,"How does the speed of the leg shaking change over the course of the video? Option A: They shake rapidly at first, then slowly. Option B: They shake slowly at first, then rapidly.",b,B,b,1,,,,motion_o_timeblind_default_random1.json
random,1,none,1603,400,TimeBlind/videos/mcq_vid_00100_1.mp4,"How does the speed of the leg shaking change over the course of the video? Option A: They shake rapidly at first, then slowly. Option B: They shake slowly at first, then rapidly.",a,B,b,0,,,,motion_o_timeblind_default_random1.json
random,1,none,1604,401,TimeBlind/videos/mcq_vid_00101_0.mp4,"At the beginning of the video, how much does the person swing their leg? Option A: They swings his leg with small movements. Option B: They swings his leg with large movements.",a,A,a,1,,,,motion_o_timeblind_default_random1.json
random,1,none,1605,401,TimeBlind/videos/mcq_vid_00101_1.mp4,"At the beginning of the video, how much does the person swing their leg? Option A: They swings his leg with small movements. Option B: They swings his leg with large movements.",b,B,b,1,,,,motion_o_timeblind_default_random1.json
random,1,none,1606,401,TimeBlind/videos/mcq_vid_00101_0.mp4,"At the beginning of the video, how much does the person swing their leg? Option A: They swings his leg with large movements. Option B: They swings his leg with small movements.",b,B,b,1,,,,motion_o_timeblind_default_random1.json
random,1,none,1607,401,TimeBlind/videos/mcq_vid_00101_1.mp4,"At the beginning of the video, how much does the person swing their leg? Option A: They swings his leg with large movements. Option B: They swings his leg with small movements.",a,B,b,0,,,,motion_o_timeblind_default_random1.json
random,1,none,1608,402,TimeBlind/videos/mcq_vid_00102_0.mp4,"In the video, how does the height of the tennis ball’s bounce on the racket change over time? Option A: At first, he bounces the ball high; later, he bounces it lower. Option B: At first, he bounces the ball low; later, he bounces it higher.",a,A,a,1,,,,motion_o_timeblind_default_random1.json
random,1,none,1609,402,TimeBlind/videos/mcq_vid_00102_1.mp4,"In the video, how does the height of the tennis ball’s bounce on the racket change over time? Option A: At first, he bounces the ball high; later, he bounces it lower. Option B: At first, he bounces the ball low; later, he bounces it higher.",b,A,a,0,,,,motion_o_timeblind_default_random1.json
random,1,none,1610,402,TimeBlind/videos/mcq_vid_00102_0.mp4,"In the video, how does the height of the tennis ball’s bounce on the racket change over time? Option A: At first, he bounces the ball low; later, he bounces it higher. Option B: At first, he bounces the ball high; later, he bounces it lower.",b,B,b,1,,,,motion_o_timeblind_default_random1.json
random,1,none,1611,402,TimeBlind/videos/mcq_vid_00102_1.mp4,"In the video, how does the height of the tennis ball’s bounce on the racket change over time? Option A: At first, he bounces the ball low; later, he bounces it higher. Option B: At first, he bounces the ball high; later, he bounces it lower.",a,B,b,0,,,,motion_o_timeblind_default_random1.json
random,1,none,1612,403,TimeBlind/videos/mcq_vid_00103_0.mp4,"In the video, how many times does the person hit the ball with the tennis racket? Option A: 8 times. Option B: 12 times.",a,B,b,0,,,,motion_o_timeblind_default_random1.json
random,1,none,1613,403,TimeBlind/videos/mcq_vid_00103_1.mp4,"In the video, how many times does the person hit the ball with the tennis racket? Option A: 8 times. Option B: 12 times.",b,B,b,1,,,,motion_o_timeblind_default_random1.json
random,1,none,1614,403,TimeBlind/videos/mcq_vid_00103_0.mp4,"In the video, how many times does the person hit the ball with the tennis racket? Option A: 12 times. Option B: 8 times.",b,B,b,1,,,,motion_o_timeblind_default_random1.json
random,1,none,1615,403,TimeBlind/videos/mcq_vid_00103_1.mp4,"In the video, how many times does the person hit the ball with the tennis racket? Option A: 12 times. Option B: 8 times.",a,B,b,0,,,,motion_o_timeblind_default_random1.json
random,1,none,1616,404,TimeBlind/videos/mcq_vid_00104_0.mp4,"In the video, how does the size of the person’s tennis-racket swings change over time? Option A: At the beginning, the swings are small; later, the swings are larger. Option B: At the beginning, the swings are large; later, the swings are smaller.",a,A,a,1,,,,motion_o_timeblind_default_random1.json
random,1,none,1617,404,TimeBlind/videos/mcq_vid_00104_1.mp4,"In the video, how does the size of the person’s tennis-racket swings change over time? Option A: At the beginning, the swings are small; later, the swings are larger. Option B: At the beginning, the swings are large; later, the swings are smaller.",b,A,a,0,,,,motion_o_timeblind_default_random1.json
random,1,none,1618,404,TimeBlind/videos/mcq_vid_00104_0.mp4,"In the video, how does the size of the person’s tennis-racket swings change over time? Option A: At the beginning, the swings are large; later, the swings are smaller. Option B: At the beginning, the swings are small; later, the swings are larger.",b,B,b,1,,,,motion_o_timeblind_default_random1.json
random,1,none,1619,404,TimeBlind/videos/mcq_vid_00104_1.mp4,"In the video, how does the size of the person’s tennis-racket swings change over time? Option A: At the beginning, the swings are large; later, the swings are smaller. Option B: At the beginning, the swings are small; later, the swings are larger.",a,B,b,0,,,,motion_o_timeblind_default_random1.json
random,1,none,1620,405,TimeBlind/videos/mcq_vid_00105_0.mp4,"In the video, how many times does the boy swing the racket forward? Option A: Five times. Option B: Six times.",a,B,b,0,,,,motion_o_timeblind_default_random1.json
random,1,none,1621,405,TimeBlind/videos/mcq_vid_00105_1.mp4,"In the video, how many times does the boy swing the racket forward? Option A: Five times. Option B: Six times.",b,B,b,1,,,,motion_o_timeblind_default_random1.json
random,1,none,1622,405,TimeBlind/videos/mcq_vid_00105_0.mp4,"In the video, how many times does the boy swing the racket forward? Option A: Six times. Option B: Five times.",b,B,b,1,,,,motion_o_timeblind_default_random1.json
random,1,none,1623,405,TimeBlind/videos/mcq_vid_00105_1.mp4,"In the video, how many times does the boy swing the racket forward? Option A: Six times. Option B: Five times.",a,B,b,0,,,,motion_o_timeblind_default_random1.json
random,1,none,1624,406,TimeBlind/videos/mcq_vid_00106_0.mp4,"How does the boy’s long-jump distance change over time? Option A: He starts with longer jumps, then they get shorter. Option B: He starts with shorter jumps, then they get longer.",a,B,b,0,,,,motion_o_timeblind_default_random1.json
random,1,none,1625,406,TimeBlind/videos/mcq_vid_00106_1.mp4,"How does the boy’s long-jump distance change over time? Option A: He starts with longer jumps, then they get shorter. Option B: He starts with shorter jumps, then they get longer.",b,B,b,1,,,,motion_o_timeblind_default_random1.json
random,1,none,1626,406,TimeBlind/videos/mcq_vid_00106_0.mp4,"How does the boy’s long-jump distance change over time? Option A: He starts with shorter jumps, then they get longer. Option B: He starts with longer jumps, then they get shorter.",b,A,a,0,,,,motion_o_timeblind_default_random1.json
random,1,none,1627,406,TimeBlind/videos/mcq_vid_00106_1.mp4,"How does the boy’s long-jump distance change over time? Option A: He starts with shorter jumps, then they get longer. Option B: He starts with longer jumps, then they get shorter.",a,A,a,1,,,,motion_o_timeblind_default_random1.json
random,1,none,1628,407,TimeBlind/videos/mcq_vid_00107_0.mp4,How much does the boy bend his knees when landing his first long jump compared to his last long jump? Option A: He bends his knees more when landing his first long jump than when landing his last long jump. Option B: He bends his knees less when landing his first long jump than when landing his last long jump.,a,B,b,0,,,,motion_o_timeblind_default_random1.json
random,1,none,1629,407,TimeBlind/videos/mcq_vid_00107_1.mp4,How much does the boy bend his knees when landing his first long jump compared to his last long jump? Option A: He bends his knees more when landing his first long jump than when landing his last long jump. Option B: He bends his knees less when landing his first long jump than when landing his last long jump.,b,B,b,1,,,,motion_o_timeblind_default_random1.json
random,1,none,1630,407,TimeBlind/videos/mcq_vid_00107_0.mp4,How much does the boy bend his knees when landing his first long jump compared to his last long jump? Option A: He bends his knees less when landing his first long jump than when landing his last long jump. Option B: He bends his knees more when landing his first long jump than when landing his last long jump.,b,B,b,1,,,,motion_o_timeblind_default_random1.json
random,1,none,1631,407,TimeBlind/videos/mcq_vid_00107_1.mp4,How much does the boy bend his knees when landing his first long jump compared to his last long jump? Option A: He bends his knees less when landing his first long jump than when landing his last long jump. Option B: He bends his knees more when landing his first long jump than when landing his last long jump.,a,B,b,0,,,,motion_o_timeblind_default_random1.json
random,1,none,1632,408,TimeBlind/videos/mcq_vid_00108_0.mp4,"In the video, how does the range of the person’s hip-and-torso twisting change over time? Option A: The twisting is larger at the beginning and smaller later. Option B: The twisting is smaller at the beginning and larger later.",a,B,b,0,,,,motion_o_timeblind_default_random1.json
random,1,none,1633,408,TimeBlind/videos/mcq_vid_00108_1.mp4,"In the video, how does the range of the person’s hip-and-torso twisting change over time? Option A: The twisting is larger at the beginning and smaller later. Option B: The twisting is smaller at the beginning and larger later.",b,B,b,1,,,,motion_o_timeblind_default_random1.json
random,1,none,1634,408,TimeBlind/videos/mcq_vid_00108_0.mp4,"In the video, how does the range of the person’s hip-and-torso twisting change over time? Option A: The twisting is smaller at the beginning and larger later. Option B: The twisting is larger at the beginning and smaller later.",b,B,b,1,,,,motion_o_timeblind_default_random1.json
random,1,none,1635,408,TimeBlind/videos/mcq_vid_00108_1.mp4,"In the video, how does the range of the person’s hip-and-torso twisting change over time? Option A: The twisting is smaller at the beginning and larger later. Option B: The twisting is larger at the beginning and smaller later.",a,B,b,0,,,,motion_o_timeblind_default_random1.json
random,1,none,1636,409,TimeBlind/videos/mcq_vid_00109_0.mp4,"How does the shaking of the branches change over time? Option A: The branches shake vigorously at first, then gently. Option B: The branches shake gently at first, then vigorously.",a,B,b,0,,,,motion_o_timeblind_default_random1.json
random,1,none,1637,409,TimeBlind/videos/mcq_vid_00109_1.mp4,"How does the shaking of the branches change over time? Option A: The branches shake vigorously at first, then gently. Option B: The branches shake gently at first, then vigorously.",b,B,b,1,,,,motion_o_timeblind_default_random1.json
random,1,none,1638,409,TimeBlind/videos/mcq_vid_00109_0.mp4,"How does the shaking of the branches change over time? Option A: The branches shake gently at first, then vigorously. Option B: The branches shake vigorously at first, then gently.",b,A,a,0,,,,motion_o_timeblind_default_random1.json
random,1,none,1639,409,TimeBlind/videos/mcq_vid_00109_1.mp4,"How does the shaking of the branches change over time? Option A: The branches shake gently at first, then vigorously. Option B: The branches shake vigorously at first, then gently.",a,A,a,1,,,,motion_o_timeblind_default_random1.json
random,1,none,1640,410,TimeBlind/videos/mcq_vid_00110_0.mp4,"At the beginning of the video, how do the branches shake? Option A: The branches shake vigorously at first. Option B: The branches shake gently at first.",a,B,b,0,,,,motion_o_timeblind_default_random1.json
random,1,none,1641,410,TimeBlind/videos/mcq_vid_00110_1.mp4,"At the beginning of the video, how do the branches shake? Option A: The branches shake vigorously at first. Option B: The branches shake gently at first.",b,B,b,1,,,,motion_o_timeblind_default_random1.json
random,1,none,1642,410,TimeBlind/videos/mcq_vid_00110_0.mp4,"At the beginning of the video, how do the branches shake? Option A: The branches shake gently at first. Option B: The branches shake vigorously at first.",b,A,a,0,,,,motion_o_timeblind_default_random1.json
random,1,none,1643,410,TimeBlind/videos/mcq_vid_00110_1.mp4,"At the beginning of the video, how do the branches shake? Option A: The branches shake gently at first. Option B: The branches shake vigorously at first.",a,A,a,1,,,,motion_o_timeblind_default_random1.json
random,1,none,1644,411,TimeBlind/videos/mcq_vid_00111_0.mp4,How does the height of the girl's high kicks change over time? Option A: She starts with high kicks and then kicks lower. Option B: She starts with low kicks and then kicks higher.,a,B,b,0,,,,motion_o_timeblind_default_random1.json
random,1,none,1645,411,TimeBlind/videos/mcq_vid_00111_1.mp4,How does the height of the girl's high kicks change over time? Option A: She starts with high kicks and then kicks lower. Option B: She starts with low kicks and then kicks higher.,b,B,b,1,,,,motion_o_timeblind_default_random1.json
random,1,none,1646,411,TimeBlind/videos/mcq_vid_00111_0.mp4,How does the height of the girl's high kicks change over time? Option A: She starts with low kicks and then kicks higher. Option B: She starts with high kicks and then kicks lower.,b,A,a,0,,,,motion_o_timeblind_default_random1.json
random,1,none,1647,411,TimeBlind/videos/mcq_vid_00111_1.mp4,How does the height of the girl's high kicks change over time? Option A: She starts with low kicks and then kicks higher. Option B: She starts with high kicks and then kicks lower.,a,A,a,1,,,,motion_o_timeblind_default_random1.json
random,1,none,1648,412,TimeBlind/videos/mcq_vid_00112_0.mp4,"How does the spin rate of an upright tennis racket change over time? Option A: It spins quickly at first, then slows down. Option B: It spins slowly at first, then speeds up.",a,A,a,1,,,,motion_o_timeblind_default_random1.json
random,1,none,1649,412,TimeBlind/videos/mcq_vid_00112_1.mp4,"How does the spin rate of an upright tennis racket change over time? Option A: It spins quickly at first, then slows down. Option B: It spins slowly at first, then speeds up.",b,A,a,0,,,,motion_o_timeblind_default_random1.json
random,1,none,1650,412,TimeBlind/videos/mcq_vid_00112_0.mp4,"How does the spin rate of an upright tennis racket change over time? Option A: It spins slowly at first, then speeds up. Option B: It spins quickly at first, then slows down.",b,B,b,1,,,,motion_o_timeblind_default_random1.json
random,1,none,1651,412,TimeBlind/videos/mcq_vid_00112_1.mp4,"How does the spin rate of an upright tennis racket change over time? Option A: It spins slowly at first, then speeds up. Option B: It spins quickly at first, then slows down.",a,B,b,0,,,,motion_o_timeblind_default_random1.json
random,1,none,1652,413,TimeBlind/videos/mcq_vid_00113_0.mp4,"At the start of the video, how does the girl wave her hand? Option A: She starts by waving with large, sweeping motions. Option B: She starts by waving with small, subtle motions.",a,B,b,0,,,,motion_o_timeblind_default_random1.json
random,1,none,1653,413,TimeBlind/videos/mcq_vid_00113_1.mp4,"At the start of the video, how does the girl wave her hand? Option A: She starts by waving with large, sweeping motions. Option B: She starts by waving with small, subtle motions.",b,B,b,1,,,,motion_o_timeblind_default_random1.json
random,1,none,1654,413,TimeBlind/videos/mcq_vid_00113_0.mp4,"At the start of the video, how does the girl wave her hand? Option A: She starts by waving with small, subtle motions. Option B: She starts by waving with large, sweeping motions.",b,B,b,1,,,,motion_o_timeblind_default_random1.json
random,1,none,1655,413,TimeBlind/videos/mcq_vid_00113_1.mp4,"At the start of the video, how does the girl wave her hand? Option A: She starts by waving with small, subtle motions. Option B: She starts by waving with large, sweeping motions.",a,A,a,1,,,,motion_o_timeblind_default_random1.json
random,1,none,1656,414,TimeBlind/videos/mcq_vid_00114_0.mp4,"How does the rate at which the girl pulls the car door handle change? Option A: She pulls it rapidly at first, then more slowly. Option B: She pulls it slowly at first, then more quickly.",a,B,b,0,,,,motion_o_timeblind_default_random1.json
random,1,none,1657,414,TimeBlind/videos/mcq_vid_00114_1.mp4,"How does the rate at which the girl pulls the car door handle change? Option A: She pulls it rapidly at first, then more slowly. Option B: She pulls it slowly at first, then more quickly.",b,B,b,1,,,,motion_o_timeblind_default_random1.json
random,1,none,1658,414,TimeBlind/videos/mcq_vid_00114_0.mp4,"How does the rate at which the girl pulls the car door handle change? Option A: She pulls it slowly at first, then more quickly. Option B: She pulls it rapidly at first, then more slowly.",b,A,a,0,,,,motion_o_timeblind_default_random1.json
random,1,none,1659,414,TimeBlind/videos/mcq_vid_00114_1.mp4,"How does the rate at which the girl pulls the car door handle change? Option A: She pulls it slowly at first, then more quickly. Option B: She pulls it rapidly at first, then more slowly.",a,A,a,1,,,,motion_o_timeblind_default_random1.json
random,1,none,1660,415,TimeBlind/videos/mcq_vid_00115_0.mp4,"Early on, how frequently does the girl pull the car door handle? Option A: She pulls it repeatedly at a high rate at first. Option B: She pulls it repeatedly at a low rate at first.",a,B,b,0,,,,motion_o_timeblind_default_random1.json
random,1,none,1661,415,TimeBlind/videos/mcq_vid_00115_1.mp4,"Early on, how frequently does the girl pull the car door handle? Option A: She pulls it repeatedly at a high rate at first. Option B: She pulls it repeatedly at a low rate at first.",b,B,b,1,,,,motion_o_timeblind_default_random1.json
random,1,none,1662,415,TimeBlind/videos/mcq_vid_00115_0.mp4,"Early on, how frequently does the girl pull the car door handle? Option A: She pulls it repeatedly at a low rate at first. Option B: She pulls it repeatedly at a high rate at first.",b,A,a,0,,,,motion_o_timeblind_default_random1.json
random,1,none,1663,415,TimeBlind/videos/mcq_vid_00115_1.mp4,"Early on, how frequently does the girl pull the car door handle? Option A: She pulls it repeatedly at a low rate at first. Option B: She pulls it repeatedly at a high rate at first.",a,A,a,1,,,,motion_o_timeblind_default_random1.json
random,1,none,1664,416,TimeBlind/videos/mcq_vid_00116_0.mp4,"How does the pace of rubbing the kitten's head change in the video? Option A: The person rubs the kitten's head quickly at first, then more slowly. Option B: The person rubs the kitten's head slowly at first, then faster.",a,B,b,0,,,,motion_o_timeblind_default_random1.json
random,1,none,1665,416,TimeBlind/videos/mcq_vid_00116_1.mp4,"How does the pace of rubbing the kitten's head change in the video? Option A: The person rubs the kitten's head quickly at first, then more slowly. Option B: The person rubs the kitten's head slowly at first, then faster.",b,B,b,1,,,,motion_o_timeblind_default_random1.json
random,1,none,1666,416,TimeBlind/videos/mcq_vid_00116_0.mp4,"How does the pace of rubbing the kitten's head change in the video? Option A: The person rubs the kitten's head slowly at first, then faster. Option B: The person rubs the kitten's head quickly at first, then more slowly.",b,A,a,0,,,,motion_o_timeblind_default_random1.json
random,1,none,1667,416,TimeBlind/videos/mcq_vid_00116_1.mp4,"How does the pace of rubbing the kitten's head change in the video? Option A: The person rubs the kitten's head slowly at first, then faster. Option B: The person rubs the kitten's head quickly at first, then more slowly.",a,A,a,1,,,,motion_o_timeblind_default_random1.json
random,1,none,1668,417,TimeBlind/videos/mcq_vid_00117_0.mp4,"At the beginning, how does the person rub the kitten’s head? Option A: The person rubs the kitten’s head quickly. Option B: The person rubs the kitten’s head slowly.",a,B,b,0,,,,motion_o_timeblind_default_random1.json
random,1,none,1669,417,TimeBlind/videos/mcq_vid_00117_1.mp4,"At the beginning, how does the person rub the kitten’s head? Option A: The person rubs the kitten’s head quickly. Option B: The person rubs the kitten’s head slowly.",b,B,b,1,,,,motion_o_timeblind_default_random1.json
random,1,none,1670,417,TimeBlind/videos/mcq_vid_00117_0.mp4,"At the beginning, how does the person rub the kitten’s head? Option A: The person rubs the kitten’s head slowly. Option B: The person rubs the kitten’s head quickly.",b,A,a,0,,,,motion_o_timeblind_default_random1.json
random,1,none,1671,417,TimeBlind/videos/mcq_vid_00117_1.mp4,"At the beginning, how does the person rub the kitten’s head? Option A: The person rubs the kitten’s head slowly. Option B: The person rubs the kitten’s head quickly.",a,A,a,1,,,,motion_o_timeblind_default_random1.json
random,1,none,1672,418,TimeBlind/videos/mcq_vid_00118_0.mp4,"In the video, how does the range of motion change as the person moves the cat’s front paws in and out? Option A: The movements start small and become larger later. Option B: The movements start large and become smaller later.",a,A,a,1,,,,motion_o_timeblind_default_random1.json
random,1,none,1673,418,TimeBlind/videos/mcq_vid_00118_1.mp4,"In the video, how does the range of motion change as the person moves the cat’s front paws in and out? Option A: The movements start small and become larger later. Option B: The movements start large and become smaller later.",b,A,a,0,,,,motion_o_timeblind_default_random1.json
random,1,none,1674,418,TimeBlind/videos/mcq_vid_00118_0.mp4,"In the video, how does the range of motion change as the person moves the cat’s front paws in and out? Option A: The movements start large and become smaller later. Option B: The movements start small and become larger later.",b,A,a,0,,,,motion_o_timeblind_default_random1.json
random,1,none,1675,418,TimeBlind/videos/mcq_vid_00118_1.mp4,"In the video, how does the range of motion change as the person moves the cat’s front paws in and out? Option A: The movements start large and become smaller later. Option B: The movements start small and become larger later.",a,B,b,0,,,,motion_o_timeblind_default_random1.json
random,1,none,1676,419,TimeBlind/videos/mcq_vid_00119_0.mp4,What do the puppy's eyes do as the girl kisses it? Option A: The puppy closes its eyes for a moment. Option B: The puppy keeps its eyes open the whole time.,a,A,a,1,,,,motion_o_timeblind_default_random1.json
random,1,none,1677,419,TimeBlind/videos/mcq_vid_00119_1.mp4,What do the puppy's eyes do as the girl kisses it? Option A: The puppy closes its eyes for a moment. Option B: The puppy keeps its eyes open the whole time.,b,A,a,0,,,,motion_o_timeblind_default_random1.json
random,1,none,1678,419,TimeBlind/videos/mcq_vid_00119_0.mp4,What do the puppy's eyes do as the girl kisses it? Option A: The puppy keeps its eyes open the whole time. Option B: The puppy closes its eyes for a moment.,b,B,b,1,,,,motion_o_timeblind_default_random1.json
random,1,none,1679,419,TimeBlind/videos/mcq_vid_00119_1.mp4,What do the puppy's eyes do as the girl kisses it? Option A: The puppy keeps its eyes open the whole time. Option B: The puppy closes its eyes for a moment.,a,B,b,0,,,,motion_o_timeblind_default_random1.json
random,1,none,1680,420,TimeBlind/videos/mcq_vid_00120_0.mp4,How quickly is this person rubbing their hands at first? Option A: They are rubbing their hands quickly. Option B: They are rubbing their hands slowly.,a,B,b,0,,,,motion_o_timeblind_default_random1.json
random,1,none,1681,420,TimeBlind/videos/mcq_vid_00120_1.mp4,How quickly is this person rubbing their hands at first? Option A: They are rubbing their hands quickly. Option B: They are rubbing their hands slowly.,b,B,b,1,,,,motion_o_timeblind_default_random1.json
random,1,none,1682,420,TimeBlind/videos/mcq_vid_00120_0.mp4,How quickly is this person rubbing their hands at first? Option A: They are rubbing their hands slowly. Option B: They are rubbing their hands quickly.,b,A,a,0,,,,motion_o_timeblind_default_random1.json
random,1,none,1683,420,TimeBlind/videos/mcq_vid_00120_1.mp4,How quickly is this person rubbing their hands at first? Option A: They are rubbing their hands slowly. Option B: They are rubbing their hands quickly.,a,A,a,1,,,,motion_o_timeblind_default_random1.json
random,1,none,1684,421,TimeBlind/videos/mcq_vid_00121_0.mp4,How does the boy clap at first? Option A: He claps slowly at first. Option B: He claps quickly at first.,a,A,a,1,,,,motion_o_timeblind_default_random1.json
random,1,none,1685,421,TimeBlind/videos/mcq_vid_00121_1.mp4,How does the boy clap at first? Option A: He claps slowly at first. Option B: He claps quickly at first.,b,A,a,0,,,,motion_o_timeblind_default_random1.json
random,1,none,1686,421,TimeBlind/videos/mcq_vid_00121_0.mp4,How does the boy clap at first? Option A: He claps quickly at first. Option B: He claps slowly at first.,b,B,b,1,,,,motion_o_timeblind_default_random1.json
random,1,none,1687,421,TimeBlind/videos/mcq_vid_00121_1.mp4,How does the boy clap at first? Option A: He claps quickly at first. Option B: He claps slowly at first.,a,B,b,0,,,,motion_o_timeblind_default_random1.json
random,1,none,1688,422,TimeBlind/videos/mcq_vid_00122_0.mp4,"At the beginning of the video, how fast does the vacuum cleaner move across the floor? Option A: It starts out moving slowly. Option B: It starts out moving quickly.",a,A,a,1,,,,motion_o_timeblind_default_random1.json
random,1,none,1689,422,TimeBlind/videos/mcq_vid_00122_1.mp4,"At the beginning of the video, how fast does the vacuum cleaner move across the floor? Option A: It starts out moving slowly. Option B: It starts out moving quickly.",b,A,a,0,,,,motion_o_timeblind_default_random1.json
random,1,none,1690,422,TimeBlind/videos/mcq_vid_00122_0.mp4,"At the beginning of the video, how fast does the vacuum cleaner move across the floor? Option A: It starts out moving quickly. Option B: It starts out moving slowly.",b,B,b,1,,,,motion_o_timeblind_default_random1.json
random,1,none,1691,422,TimeBlind/videos/mcq_vid_00122_1.mp4,"At the beginning of the video, how fast does the vacuum cleaner move across the floor? Option A: It starts out moving quickly. Option B: It starts out moving slowly.",a,B,b,0,,,,motion_o_timeblind_default_random1.json
random,1,none,1692,423,TimeBlind/videos/mcq_vid_00123_0.mp4,"How does the massage gun's speed change as it moves along the leg? Option A: It starts slowly, then speeds up. Option B: It starts quickly, then slows down.",a,A,a,1,,,,motion_o_timeblind_default_random1.json
random,1,none,1693,423,TimeBlind/videos/mcq_vid_00123_1.mp4,"How does the massage gun's speed change as it moves along the leg? Option A: It starts slowly, then speeds up. Option B: It starts quickly, then slows down.",b,B,b,1,,,,motion_o_timeblind_default_random1.json
random,1,none,1694,423,TimeBlind/videos/mcq_vid_00123_0.mp4,"How does the massage gun's speed change as it moves along the leg? Option A: It starts quickly, then slows down. Option B: It starts slowly, then speeds up.",b,B,b,1,,,,motion_o_timeblind_default_random1.json
random,1,none,1695,423,TimeBlind/videos/mcq_vid_00123_1.mp4,"How does the massage gun's speed change as it moves along the leg? Option A: It starts quickly, then slows down. Option B: It starts slowly, then speeds up.",a,B,b,0,,,,motion_o_timeblind_default_random1.json
random,1,none,1696,424,TimeBlind/videos/mcq_vid_00124_0.mp4,"In the video, how does the girl change her shirt? Option A: She changes from a red plaid shirt to a blue plaid shirt. Option B: She changes from a blue plaid shirt to a red plaid shirt.",a,B,b,0,,,,motion_o_timeblind_default_random1.json
random,1,none,1697,424,TimeBlind/videos/mcq_vid_00124_1.mp4,"In the video, how does the girl change her shirt? Option A: She changes from a red plaid shirt to a blue plaid shirt. Option B: She changes from a blue plaid shirt to a red plaid shirt.",b,B,b,1,,,,motion_o_timeblind_default_random1.json
random,1,none,1698,424,TimeBlind/videos/mcq_vid_00124_0.mp4,"In the video, how does the girl change her shirt? Option A: She changes from a blue plaid shirt to a red plaid shirt. Option B: She changes from a red plaid shirt to a blue plaid shirt.",b,B,b,1,,,,motion_o_timeblind_default_random1.json
random,1,none,1699,424,TimeBlind/videos/mcq_vid_00124_1.mp4,"In the video, how does the girl change her shirt? Option A: She changes from a blue plaid shirt to a red plaid shirt. Option B: She changes from a red plaid shirt to a blue plaid shirt.",a,B,b,0,,,,motion_o_timeblind_default_random1.json
random,1,none,1700,425,TimeBlind/videos/mcq_vid_00125_0.mp4,How does the girl's shirt change? Option A: She switches from a short-sleeved shirt to a long-sleeved shirt. Option B: She switches from a long-sleeved shirt to a short-sleeved shirt.,a,B,b,0,,,,motion_o_timeblind_default_random1.json
random,1,none,1701,425,TimeBlind/videos/mcq_vid_00125_1.mp4,How does the girl's shirt change? Option A: She switches from a short-sleeved shirt to a long-sleeved shirt. Option B: She switches from a long-sleeved shirt to a short-sleeved shirt.,b,A,a,0,,,,motion_o_timeblind_default_random1.json
random,1,none,1702,425,TimeBlind/videos/mcq_vid_00125_0.mp4,How does the girl's shirt change? Option A: She switches from a long-sleeved shirt to a short-sleeved shirt. Option B: She switches from a short-sleeved shirt to a long-sleeved shirt.,b,B,b,1,,,,motion_o_timeblind_default_random1.json
random,1,none,1703,425,TimeBlind/videos/mcq_vid_00125_1.mp4,How does the girl's shirt change? Option A: She switches from a long-sleeved shirt to a short-sleeved shirt. Option B: She switches from a short-sleeved shirt to a long-sleeved shirt.,a,B,b,0,,,,motion_o_timeblind_default_random1.json
random,1,none,1704,426,TimeBlind/videos/mcq_vid_00126_0.mp4,How does the girl's outfit change? Option A: She goes from wearing shorts to wearing pants. Option B: She goes from wearing pants to wearing shorts.,a,B,b,0,,,,motion_o_timeblind_default_random1.json
random,1,none,1705,426,TimeBlind/videos/mcq_vid_00126_1.mp4,How does the girl's outfit change? Option A: She goes from wearing shorts to wearing pants. Option B: She goes from wearing pants to wearing shorts.,b,B,b,1,,,,motion_o_timeblind_default_random1.json
random,1,none,1706,426,TimeBlind/videos/mcq_vid_00126_0.mp4,How does the girl's outfit change? Option A: She goes from wearing pants to wearing shorts. Option B: She goes from wearing shorts to wearing pants.,b,B,b,1,,,,motion_o_timeblind_default_random1.json
random,1,none,1707,426,TimeBlind/videos/mcq_vid_00126_1.mp4,How does the girl's outfit change? Option A: She goes from wearing pants to wearing shorts. Option B: She goes from wearing shorts to wearing pants.,a,B,b,0,,,,motion_o_timeblind_default_random1.json
random,1,none,1708,427,TimeBlind/videos/mcq_vid_00127_0.mp4,What is happening to the makeup on the hand? Option A: One hand applies makeup to the other hand. Option B: One hand wipes off the makeup from the other hand.,a,B,b,0,,,,motion_o_timeblind_default_random1.json
random,1,none,1709,427,TimeBlind/videos/mcq_vid_00127_1.mp4,What is happening to the makeup on the hand? Option A: One hand applies makeup to the other hand. Option B: One hand wipes off the makeup from the other hand.,b,B,b,1,,,,motion_o_timeblind_default_random1.json
random,1,none,1710,427,TimeBlind/videos/mcq_vid_00127_0.mp4,What is happening to the makeup on the hand? Option A: One hand wipes off the makeup from the other hand. Option B: One hand applies makeup to the other hand.,b,B,b,1,,,,motion_o_timeblind_default_random1.json
random,1,none,1711,427,TimeBlind/videos/mcq_vid_00127_1.mp4,What is happening to the makeup on the hand? Option A: One hand wipes off the makeup from the other hand. Option B: One hand applies makeup to the other hand.,a,B,b,0,,,,motion_o_timeblind_default_random1.json
random,1,none,1712,428,TimeBlind/videos/mcq_vid_00128_0.mp4,"How does the speed change as the hands scrub and rotate the small bottle under running water? Option A: The hands scrub the bottle slowly, then rotate it quickly. Option B: The hands scrub the bottle quickly, then rotate it slowly.",a,A,a,1,,,,motion_o_timeblind_default_random1.json
random,1,none,1713,428,TimeBlind/videos/mcq_vid_00128_1.mp4,"How does the speed change as the hands scrub and rotate the small bottle under running water? Option A: The hands scrub the bottle slowly, then rotate it quickly. Option B: The hands scrub the bottle quickly, then rotate it slowly.",b,A,a,0,,,,motion_o_timeblind_default_random1.json
random,1,none,1714,428,TimeBlind/videos/mcq_vid_00128_0.mp4,"How does the speed change as the hands scrub and rotate the small bottle under running water? Option A: The hands scrub the bottle quickly, then rotate it slowly. Option B: The hands scrub the bottle slowly, then rotate it quickly.",b,B,b,1,,,,motion_o_timeblind_default_random1.json
random,1,none,1715,428,TimeBlind/videos/mcq_vid_00128_1.mp4,"How does the speed change as the hands scrub and rotate the small bottle under running water? Option A: The hands scrub the bottle quickly, then rotate it slowly. Option B: The hands scrub the bottle slowly, then rotate it quickly.",a,B,b,0,,,,motion_o_timeblind_default_random1.json
random,1,none,1716,429,TimeBlind/videos/mcq_vid_00129_0.mp4,"At the beginning of the video, how do the hands scrub and rotate the small bottle? Option A: They start out gently. Option B: They start out vigorously.",a,A,a,1,,,,motion_o_timeblind_default_random1.json
random,1,none,1717,429,TimeBlind/videos/mcq_vid_00129_1.mp4,"At the beginning of the video, how do the hands scrub and rotate the small bottle? Option A: They start out gently. Option B: They start out vigorously.",b,A,a,0,,,,motion_o_timeblind_default_random1.json
random,1,none,1718,429,TimeBlind/videos/mcq_vid_00129_0.mp4,"At the beginning of the video, how do the hands scrub and rotate the small bottle? Option A: They start out vigorously. Option B: They start out gently.",b,B,b,1,,,,motion_o_timeblind_default_random1.json
random,1,none,1719,429,TimeBlind/videos/mcq_vid_00129_1.mp4,"At the beginning of the video, how do the hands scrub and rotate the small bottle? Option A: They start out vigorously. Option B: They start out gently.",a,B,b,0,,,,motion_o_timeblind_default_random1.json
random,1,none,1720,430,TimeBlind/videos/mcq_vid_00130_0.mp4,"At the beginning of the video, how does the girl rub her face? Option A: She rubs her face gently at first. Option B: She rubs her face vigorously at first.",a,A,a,1,,,,motion_o_timeblind_default_random1.json
random,1,none,1721,430,TimeBlind/videos/mcq_vid_00130_1.mp4,"At the beginning of the video, how does the girl rub her face? Option A: She rubs her face gently at first. Option B: She rubs her face vigorously at first.",b,A,a,0,,,,motion_o_timeblind_default_random1.json
random,1,none,1722,430,TimeBlind/videos/mcq_vid_00130_0.mp4,"At the beginning of the video, how does the girl rub her face? Option A: She rubs her face vigorously at first. Option B: She rubs her face gently at first.",b,B,b,1,,,,motion_o_timeblind_default_random1.json
random,1,none,1723,430,TimeBlind/videos/mcq_vid_00130_1.mp4,"At the beginning of the video, how does the girl rub her face? Option A: She rubs her face vigorously at first. Option B: She rubs her face gently at first.",a,B,b,0,,,,motion_o_timeblind_default_random1.json
random,1,none,1724,431,TimeBlind/videos/mcq_vid_00131_0.mp4,How do the clouds change shape in the video? Option A: They are constantly changing. Option B: They stay the same.,a,A,a,1,,,,motion_o_timeblind_default_random1.json
random,1,none,1725,431,TimeBlind/videos/mcq_vid_00131_1.mp4,How do the clouds change shape in the video? Option A: They are constantly changing. Option B: They stay the same.,b,A,a,0,,,,motion_o_timeblind_default_random1.json
random,1,none,1726,431,TimeBlind/videos/mcq_vid_00131_0.mp4,How do the clouds change shape in the video? Option A: They stay the same. Option B: They are constantly changing.,b,B,b,1,,,,motion_o_timeblind_default_random1.json
random,1,none,1727,431,TimeBlind/videos/mcq_vid_00131_1.mp4,How do the clouds change shape in the video? Option A: They stay the same. Option B: They are constantly changing.,a,B,b,0,,,,motion_o_timeblind_default_random1.json
random,1,none,1728,432,TimeBlind/videos/mcq_vid_00132_0.mp4,How does the number of animals on the sofa change? Option A: It increases from 0 to 3. Option B: It decreases from 3 to 0.,a,B,b,0,,,,motion_o_timeblind_default_random1.json
random,1,none,1729,432,TimeBlind/videos/mcq_vid_00132_1.mp4,How does the number of animals on the sofa change? Option A: It increases from 0 to 3. Option B: It decreases from 3 to 0.,b,B,b,1,,,,motion_o_timeblind_default_random1.json
random,1,none,1730,432,TimeBlind/videos/mcq_vid_00132_0.mp4,How does the number of animals on the sofa change? Option A: It decreases from 3 to 0. Option B: It increases from 0 to 3.,b,B,b,1,,,,motion_o_timeblind_default_random1.json
random,1,none,1731,432,TimeBlind/videos/mcq_vid_00132_1.mp4,How does the number of animals on the sofa change? Option A: It decreases from 3 to 0. Option B: It increases from 0 to 3.,a,B,b,0,,,,motion_o_timeblind_default_random1.json
random,1,none,1732,433,TimeBlind/videos/mcq_vid_00133_0.mp4,How does the number of oranges on the plate change? Option A: It increases from 2 to 4. Option B: It decreases from 4 to 2.,a,B,b,0,,,,motion_o_timeblind_default_random1.json
random,1,none,1733,433,TimeBlind/videos/mcq_vid_00133_1.mp4,How does the number of oranges on the plate change? Option A: It increases from 2 to 4. Option B: It decreases from 4 to 2.,b,B,b,1,,,,motion_o_timeblind_default_random1.json
random,1,none,1734,433,TimeBlind/videos/mcq_vid_00133_0.mp4,How does the number of oranges on the plate change? Option A: It decreases from 4 to 2. Option B: It increases from 2 to 4.,b,B,b,1,,,,motion_o_timeblind_default_random1.json
random,1,none,1735,433,TimeBlind/videos/mcq_vid_00133_1.mp4,How does the number of oranges on the plate change? Option A: It decreases from 4 to 2. Option B: It increases from 2 to 4.,a,A,a,1,,,,motion_o_timeblind_default_random1.json
random,1,none,1736,434,TimeBlind/videos/mcq_vid_00134_0.mp4,How does the person's position on the chair change? Option A: The person goes from sitting in the chair to standing on the chair. Option B: The person goes from standing on the chair to sitting in the chair.,a,A,a,1,,,,motion_o_timeblind_default_random1.json
random,1,none,1737,434,TimeBlind/videos/mcq_vid_00134_1.mp4,How does the person's position on the chair change? Option A: The person goes from sitting in the chair to standing on the chair. Option B: The person goes from standing on the chair to sitting in the chair.,b,B,b,1,,,,motion_o_timeblind_default_random1.json
random,1,none,1738,434,TimeBlind/videos/mcq_vid_00134_0.mp4,How does the person's position on the chair change? Option A: The person goes from standing on the chair to sitting in the chair. Option B: The person goes from sitting in the chair to standing on the chair.,b,B,b,1,,,,motion_o_timeblind_default_random1.json
random,1,none,1739,434,TimeBlind/videos/mcq_vid_00134_1.mp4,How does the person's position on the chair change? Option A: The person goes from standing on the chair to sitting in the chair. Option B: The person goes from sitting in the chair to standing on the chair.,a,B,b,0,,,,motion_o_timeblind_default_random1.json
random,1,none,1740,435,TimeBlind/videos/mcq_vid_00135_0.mp4,How does the way the person handles the cup change? Option A: They go from holding the cup to resting it on their palm. Option B: They go from resting the cup on their palm to holding it.,a,B,b,0,,,,motion_o_timeblind_default_random1.json
random,1,none,1741,435,TimeBlind/videos/mcq_vid_00135_1.mp4,How does the way the person handles the cup change? Option A: They go from holding the cup to resting it on their palm. Option B: They go from resting the cup on their palm to holding it.,b,B,b,1,,,,motion_o_timeblind_default_random1.json
random,1,none,1742,435,TimeBlind/videos/mcq_vid_00135_0.mp4,How does the way the person handles the cup change? Option A: They go from resting the cup on their palm to holding it. Option B: They go from holding the cup to resting it on their palm.,b,B,b,1,,,,motion_o_timeblind_default_random1.json
random,1,none,1743,435,TimeBlind/videos/mcq_vid_00135_1.mp4,How does the way the person handles the cup change? Option A: They go from resting the cup on their palm to holding it. Option B: They go from holding the cup to resting it on their palm.,a,B,b,0,,,,motion_o_timeblind_default_random1.json
random,1,none,1744,436,TimeBlind/videos/mcq_vid_00136_0.mp4,How does the person's interaction with the clothes change? Option A: The person goes from holding the clothes to wearing them. Option B: The person goes from wearing the clothes to holding them.,a,A,a,1,,,,motion_o_timeblind_default_random1.json
random,1,none,1745,436,TimeBlind/videos/mcq_vid_00136_1.mp4,How does the person's interaction with the clothes change? Option A: The person goes from holding the clothes to wearing them. Option B: The person goes from wearing the clothes to holding them.,b,A,a,0,,,,motion_o_timeblind_default_random1.json
random,1,none,1746,436,TimeBlind/videos/mcq_vid_00136_0.mp4,How does the person's interaction with the clothes change? Option A: The person goes from wearing the clothes to holding them. Option B: The person goes from holding the clothes to wearing them.,b,B,b,1,,,,motion_o_timeblind_default_random1.json
random,1,none,1747,436,TimeBlind/videos/mcq_vid_00136_1.mp4,How does the person's interaction with the clothes change? Option A: The person goes from wearing the clothes to holding them. Option B: The person goes from holding the clothes to wearing them.,a,B,b,0,,,,motion_o_timeblind_default_random1.json
random,1,none,1748,437,TimeBlind/videos/mcq_vid_00137_0.mp4,"In the video, how does the person interact with the door? Option A: They switch from pushing the door to pulling it. Option B: They switch from pulling the door to pushing it.",a,B,b,0,,,,motion_o_timeblind_default_random1.json
random,1,none,1749,437,TimeBlind/videos/mcq_vid_00137_1.mp4,"In the video, how does the person interact with the door? Option A: They switch from pushing the door to pulling it. Option B: They switch from pulling the door to pushing it.",b,A,a,0,,,,motion_o_timeblind_default_random1.json
random,1,none,1750,437,TimeBlind/videos/mcq_vid_00137_0.mp4,"In the video, how does the person interact with the door? Option A: They switch from pulling the door to pushing it. Option B: They switch from pushing the door to pulling it.",b,B,b,1,,,,motion_o_timeblind_default_random1.json
random,1,none,1751,437,TimeBlind/videos/mcq_vid_00137_1.mp4,"In the video, how does the person interact with the door? Option A: They switch from pulling the door to pushing it. Option B: They switch from pushing the door to pulling it.",a,B,b,0,,,,motion_o_timeblind_default_random1.json
random,1,none,1752,438,TimeBlind/videos/mcq_vid_00138_0.mp4,How does the puppy's posture change? Option A: The puppy goes from standing to sitting. Option B: The puppy goes from sitting to standing.,a,B,b,0,,,,motion_o_timeblind_default_random1.json
random,1,none,1753,438,TimeBlind/videos/mcq_vid_00138_1.mp4,How does the puppy's posture change? Option A: The puppy goes from standing to sitting. Option B: The puppy goes from sitting to standing.,b,B,b,1,,,,motion_o_timeblind_default_random1.json
random,1,none,1754,438,TimeBlind/videos/mcq_vid_00138_0.mp4,How does the puppy's posture change? Option A: The puppy goes from sitting to standing. Option B: The puppy goes from standing to sitting.,b,B,b,1,,,,motion_o_timeblind_default_random1.json
random,1,none,1755,438,TimeBlind/videos/mcq_vid_00138_1.mp4,How does the puppy's posture change? Option A: The puppy goes from sitting to standing. Option B: The puppy goes from standing to sitting.,a,B,b,0,,,,motion_o_timeblind_default_random1.json
random,1,none,1756,439,TimeBlind/videos/mcq_vid_00139_0.mp4,"What is the order of actions the person takes with the box? Option A: First opens the box, then closes it. Option B: First closes the box, then opens it.",a,A,a,1,,,,motion_o_timeblind_default_random1.json
random,1,none,1757,439,TimeBlind/videos/mcq_vid_00139_1.mp4,"What is the order of actions the person takes with the box? Option A: First opens the box, then closes it. Option B: First closes the box, then opens it.",b,B,b,1,,,,motion_o_timeblind_default_random1.json
random,1,none,1758,439,TimeBlind/videos/mcq_vid_00139_0.mp4,"What is the order of actions the person takes with the box? Option A: First closes the box, then opens it. Option B: First opens the box, then closes it.",b,B,b,1,,,,motion_o_timeblind_default_random1.json
random,1,none,1759,439,TimeBlind/videos/mcq_vid_00139_1.mp4,"What is the order of actions the person takes with the box? Option A: First closes the box, then opens it. Option B: First opens the box, then closes it.",a,B,b,0,,,,motion_o_timeblind_default_random1.json
random,1,none,1760,440,TimeBlind/videos/mcq_vid_00140_0.mp4,"In the video, what is the order of the person’s actions with the key? Option A: First, the person puts the key on the table, then picks it up. Option B: First, the person picks up the key, then puts it on the table.",a,B,b,0,,,,motion_o_timeblind_default_random1.json
random,1,none,1761,440,TimeBlind/videos/mcq_vid_00140_1.mp4,"In the video, what is the order of the person’s actions with the key? Option A: First, the person puts the key on the table, then picks it up. Option B: First, the person picks up the key, then puts it on the table.",b,B,b,1,,,,motion_o_timeblind_default_random1.json
random,1,none,1762,440,TimeBlind/videos/mcq_vid_00140_0.mp4,"In the video, what is the order of the person’s actions with the key? Option A: First, the person picks up the key, then puts it on the table. Option B: First, the person puts the key on the table, then picks it up.",b,B,b,1,,,,motion_o_timeblind_default_random1.json
random,1,none,1763,440,TimeBlind/videos/mcq_vid_00140_1.mp4,"In the video, what is the order of the person’s actions with the key? Option A: First, the person picks up the key, then puts it on the table. Option B: First, the person puts the key on the table, then picks it up.",a,B,b,0,,,,motion_o_timeblind_default_random1.json
random,1,none,1764,441,TimeBlind/videos/mcq_vid_00141_0.mp4,"In the video, what does the person do with the light? Option A: They turn the light on first, then turn it off. Option B: They turn the light off first, then turn it on.",a,A,a,1,,,,motion_o_timeblind_default_random1.json
random,1,none,1765,441,TimeBlind/videos/mcq_vid_00141_1.mp4,"In the video, what does the person do with the light? Option A: They turn the light on first, then turn it off. Option B: They turn the light off first, then turn it on.",b,A,a,0,,,,motion_o_timeblind_default_random1.json
random,1,none,1766,441,TimeBlind/videos/mcq_vid_00141_0.mp4,"In the video, what does the person do with the light? Option A: They turn the light off first, then turn it on. Option B: They turn the light on first, then turn it off.",b,A,a,0,,,,motion_o_timeblind_default_random1.json
random,1,none,1767,441,TimeBlind/videos/mcq_vid_00141_1.mp4,"In the video, what does the person do with the light? Option A: They turn the light off first, then turn it on. Option B: They turn the light on first, then turn it off.",a,A,a,1,,,,motion_o_timeblind_default_random1.json
random,1,none,1768,442,TimeBlind/videos/mcq_vid_00142_0.mp4,"In the video, what does the person do first? Option A: They pour water into the cup first, then drink the water in the cup. Option B: They drink the water in the cup first, then pour more water into the cup.",a,B,b,0,,,,motion_o_timeblind_default_random1.json
random,1,none,1769,442,TimeBlind/videos/mcq_vid_00142_1.mp4,"In the video, what does the person do first? Option A: They pour water into the cup first, then drink the water in the cup. Option B: They drink the water in the cup first, then pour more water into the cup.",b,A,a,0,,,,motion_o_timeblind_default_random1.json
random,1,none,1770,442,TimeBlind/videos/mcq_vid_00142_0.mp4,"In the video, what does the person do first? Option A: They drink the water in the cup first, then pour more water into the cup. Option B: They pour water into the cup first, then drink the water in the cup.",b,B,b,1,,,,motion_o_timeblind_default_random1.json
random,1,none,1771,442,TimeBlind/videos/mcq_vid_00142_1.mp4,"In the video, what does the person do first? Option A: They drink the water in the cup first, then pour more water into the cup. Option B: They pour water into the cup first, then drink the water in the cup.",a,B,b,0,,,,motion_o_timeblind_default_random1.json
random,1,none,1772,443,TimeBlind/videos/mcq_vid_00143_0.mp4,When does the girl sit on the sofa? Option A: She sits on the sofa while the boy drinks water. Option B: She sits on the sofa after the boy finishes drinking water.,a,B,b,0,,,,motion_o_timeblind_default_random1.json
random,1,none,1773,443,TimeBlind/videos/mcq_vid_00143_1.mp4,When does the girl sit on the sofa? Option A: She sits on the sofa while the boy drinks water. Option B: She sits on the sofa after the boy finishes drinking water.,b,B,b,1,,,,motion_o_timeblind_default_random1.json
random,1,none,1774,443,TimeBlind/videos/mcq_vid_00143_0.mp4,When does the girl sit on the sofa? Option A: She sits on the sofa after the boy finishes drinking water. Option B: She sits on the sofa while the boy drinks water.,b,B,b,1,,,,motion_o_timeblind_default_random1.json
random,1,none,1775,443,TimeBlind/videos/mcq_vid_00143_1.mp4,When does the girl sit on the sofa? Option A: She sits on the sofa after the boy finishes drinking water. Option B: She sits on the sofa while the boy drinks water.,a,B,b,0,,,,motion_o_timeblind_default_random1.json
random,1,none,1776,444,TimeBlind/videos/mcq_vid_00144_0.mp4,When do the boy and girl start chatting? Option A: They start chatting as soon as the girl sits on the sofa. Option B: They start chatting sometime after the girl sits on the sofa.,a,B,b,0,,,,motion_o_timeblind_default_random1.json
random,1,none,1777,444,TimeBlind/videos/mcq_vid_00144_1.mp4,When do the boy and girl start chatting? Option A: They start chatting as soon as the girl sits on the sofa. Option B: They start chatting sometime after the girl sits on the sofa.,b,B,b,1,,,,motion_o_timeblind_default_random1.json
random,1,none,1778,444,TimeBlind/videos/mcq_vid_00144_0.mp4,When do the boy and girl start chatting? Option A: They start chatting sometime after the girl sits on the sofa. Option B: They start chatting as soon as the girl sits on the sofa.,b,B,b,1,,,,motion_o_timeblind_default_random1.json
random,1,none,1779,444,TimeBlind/videos/mcq_vid_00144_1.mp4,When do the boy and girl start chatting? Option A: They start chatting sometime after the girl sits on the sofa. Option B: They start chatting as soon as the girl sits on the sofa.,a,B,b,0,,,,motion_o_timeblind_default_random1.json
random,1,none,1780,445,TimeBlind/videos/mcq_vid_00145_0.mp4,What is the timing of the girl talking to the boy in relation to her phone use? Option A: The girl talks to the boy while using her phone. Option B: The girl talks to the boy after using her phone.,a,A,a,1,,,,motion_o_timeblind_default_random1.json
random,1,none,1781,445,TimeBlind/videos/mcq_vid_00145_1.mp4,What is the timing of the girl talking to the boy in relation to her phone use? Option A: The girl talks to the boy while using her phone. Option B: The girl talks to the boy after using her phone.,b,B,b,1,,,,motion_o_timeblind_default_random1.json
random,1,none,1782,445,TimeBlind/videos/mcq_vid_00145_0.mp4,What is the timing of the girl talking to the boy in relation to her phone use? Option A: The girl talks to the boy after using her phone. Option B: The girl talks to the boy while using her phone.,b,B,b,1,,,,motion_o_timeblind_default_random1.json
random,1,none,1783,445,TimeBlind/videos/mcq_vid_00145_1.mp4,What is the timing of the girl talking to the boy in relation to her phone use? Option A: The girl talks to the boy after using her phone. Option B: The girl talks to the boy while using her phone.,a,B,b,0,,,,motion_o_timeblind_default_random1.json
random,1,none,1784,446,TimeBlind/videos/mcq_vid_00146_0.mp4,"Who spends more time on their phone, the boy or the girl? Option A: The boy spends more time on his phone. Option B: The girl spends more time on her phone.",a,B,b,0,,,,motion_o_timeblind_default_random1.json
random,1,none,1785,446,TimeBlind/videos/mcq_vid_00146_1.mp4,"Who spends more time on their phone, the boy or the girl? Option A: The boy spends more time on his phone. Option B: The girl spends more time on her phone.",b,B,b,1,,,,motion_o_timeblind_default_random1.json
random,1,none,1786,446,TimeBlind/videos/mcq_vid_00146_0.mp4,"Who spends more time on their phone, the boy or the girl? Option A: The girl spends more time on her phone. Option B: The boy spends more time on his phone.",b,B,b,1,,,,motion_o_timeblind_default_random1.json
random,1,none,1787,446,TimeBlind/videos/mcq_vid_00146_1.mp4,"Who spends more time on their phone, the boy or the girl? Option A: The girl spends more time on her phone. Option B: The boy spends more time on his phone.",a,A,a,1,,,,motion_o_timeblind_default_random1.json
random,1,none,1788,447,TimeBlind/videos/mcq_vid_00147_0.mp4,"In the video, how long does the girl hold the cat and the dog? Option A: She holds the cat for a long time and the dog for a short time. Option B: She holds the cat for a short time and the dog for a long time.",a,B,b,0,,,,motion_o_timeblind_default_random1.json
random,1,none,1789,447,TimeBlind/videos/mcq_vid_00147_1.mp4,"In the video, how long does the girl hold the cat and the dog? Option A: She holds the cat for a long time and the dog for a short time. Option B: She holds the cat for a short time and the dog for a long time.",b,B,b,1,,,,motion_o_timeblind_default_random1.json
random,1,none,1790,447,TimeBlind/videos/mcq_vid_00147_0.mp4,"In the video, how long does the girl hold the cat and the dog? Option A: She holds the cat for a short time and the dog for a long time. Option B: She holds the cat for a long time and the dog for a short time.",b,B,b,1,,,,motion_o_timeblind_default_random1.json
random,1,none,1791,447,TimeBlind/videos/mcq_vid_00147_1.mp4,"In the video, how long does the girl hold the cat and the dog? Option A: She holds the cat for a short time and the dog for a long time. Option B: She holds the cat for a long time and the dog for a short time.",a,B,b,0,,,,motion_o_timeblind_default_random1.json
random,1,none,1792,448,TimeBlind/videos/mcq_vid_00148_0.mp4,How many people pick up the remote in the video? Option A: Both people pick up the remote. Option B: Only one person picks up the remote.,a,B,b,0,,,,motion_o_timeblind_default_random1.json
random,1,none,1793,448,TimeBlind/videos/mcq_vid_00148_1.mp4,How many people pick up the remote in the video? Option A: Both people pick up the remote. Option B: Only one person picks up the remote.,b,B,b,1,,,,motion_o_timeblind_default_random1.json
random,1,none,1794,448,TimeBlind/videos/mcq_vid_00148_0.mp4,How many people pick up the remote in the video? Option A: Only one person picks up the remote. Option B: Both people pick up the remote.,b,A,a,0,,,,motion_o_timeblind_default_random1.json
random,1,none,1795,448,TimeBlind/videos/mcq_vid_00148_1.mp4,How many people pick up the remote in the video? Option A: Only one person picks up the remote. Option B: Both people pick up the remote.,a,A,a,1,,,,motion_o_timeblind_default_random1.json
random,1,none,1796,449,TimeBlind/videos/mcq_vid_00149_0.mp4,"In the video, do the girl and the boy pick up the same book or different books? Option A: They both pick up the same book. Option B: They pick up different books.",a,B,b,0,,,,motion_o_timeblind_default_random1.json
random,1,none,1797,449,TimeBlind/videos/mcq_vid_00149_1.mp4,"In the video, do the girl and the boy pick up the same book or different books? Option A: They both pick up the same book. Option B: They pick up different books.",b,B,b,1,,,,motion_o_timeblind_default_random1.json
random,1,none,1798,449,TimeBlind/videos/mcq_vid_00149_0.mp4,"In the video, do the girl and the boy pick up the same book or different books? Option A: They pick up different books. Option B: They both pick up the same book.",b,B,b,1,,,,motion_o_timeblind_default_random1.json
random,1,none,1799,449,TimeBlind/videos/mcq_vid_00149_1.mp4,"In the video, do the girl and the boy pick up the same book or different books? Option A: They pick up different books. Option B: They both pick up the same book.",a,B,b,0,,,,motion_o_timeblind_default_random1.json
random,1,none,1800,450,TimeBlind/videos/mcq_vid_00150_0.mp4,"In the video, how does the first person's jump distance compare to the second person's? Option A: The first person jumps farther than the second person. Option B: The first person doesn't jump as far as the second person.",a,B,b,0,,,,motion_o_timeblind_default_random1.json
random,1,none,1801,450,TimeBlind/videos/mcq_vid_00150_1.mp4,"In the video, how does the first person's jump distance compare to the second person's? Option A: The first person jumps farther than the second person. Option B: The first person doesn't jump as far as the second person.",b,B,b,1,,,,motion_o_timeblind_default_random1.json
random,1,none,1802,450,TimeBlind/videos/mcq_vid_00150_0.mp4,"In the video, how does the first person's jump distance compare to the second person's? Option A: The first person doesn't jump as far as the second person. Option B: The first person jumps farther than the second person.",b,B,b,1,,,,motion_o_timeblind_default_random1.json
random,1,none,1803,450,TimeBlind/videos/mcq_vid_00150_1.mp4,"In the video, how does the first person's jump distance compare to the second person's? Option A: The first person doesn't jump as far as the second person. Option B: The first person jumps farther than the second person.",a,B,b,0,,,,motion_o_timeblind_default_random1.json
random,1,none,1804,451,TimeBlind/videos/mcq_vid_00151_0.mp4,"In the video, does the boy pick up the cup more times or fewer times than the girl does? Option A: The boy picks up the cup more times than the girl does. Option B: The boy picks up the cup fewer times than the girl does.",a,B,b,0,,,,motion_o_timeblind_default_random1.json
random,1,none,1805,451,TimeBlind/videos/mcq_vid_00151_1.mp4,"In the video, does the boy pick up the cup more times or fewer times than the girl does? Option A: The boy picks up the cup more times than the girl does. Option B: The boy picks up the cup fewer times than the girl does.",b,B,b,1,,,,motion_o_timeblind_default_random1.json
random,1,none,1806,451,TimeBlind/videos/mcq_vid_00151_0.mp4,"In the video, does the boy pick up the cup more times or fewer times than the girl does? Option A: The boy picks up the cup fewer times than the girl does. Option B: The boy picks up the cup more times than the girl does.",b,A,a,0,,,,motion_o_timeblind_default_random1.json
random,1,none,1807,451,TimeBlind/videos/mcq_vid_00151_1.mp4,"In the video, does the boy pick up the cup more times or fewer times than the girl does? Option A: The boy picks up the cup fewer times than the girl does. Option B: The boy picks up the cup more times than the girl does.",a,A,a,1,,,,motion_o_timeblind_default_random1.json
random,1,none,1808,452,TimeBlind/videos/mcq_vid_00152_0.mp4,"In the video, what is the person doing with the cup? Option A: Picking up the cup. Option B: Pretending to pick up the cup.",a,A,a,1,,,,motion_o_timeblind_default_random1.json
random,1,none,1809,452,TimeBlind/videos/mcq_vid_00152_1.mp4,"In the video, what is the person doing with the cup? Option A: Picking up the cup. Option B: Pretending to pick up the cup.",b,B,b,1,,,,motion_o_timeblind_default_random1.json
random,1,none,1810,452,TimeBlind/videos/mcq_vid_00152_0.mp4,"In the video, what is the person doing with the cup? Option A: Pretending to pick up the cup. Option B: Picking up the cup.",b,B,b,1,,,,motion_o_timeblind_default_random1.json
random,1,none,1811,452,TimeBlind/videos/mcq_vid_00152_1.mp4,"In the video, what is the person doing with the cup? Option A: Pretending to pick up the cup. Option B: Picking up the cup.",a,A,a,1,,,,motion_o_timeblind_default_random1.json
random,1,none,1812,453,TimeBlind/videos/mcq_vid_00153_0.mp4,What is being done with the hair dryer and the power outlet? Option A: Plugging the hair dryer into the power outlet. Option B: Unplugging the hair dryer from the power outlet.,a,A,a,1,,,,motion_o_timeblind_default_random1.json
random,1,none,1813,453,TimeBlind/videos/mcq_vid_00153_1.mp4,What is being done with the hair dryer and the power outlet? Option A: Plugging the hair dryer into the power outlet. Option B: Unplugging the hair dryer from the power outlet.,b,A,a,0,,,,motion_o_timeblind_default_random1.json
random,1,none,1814,453,TimeBlind/videos/mcq_vid_00153_0.mp4,What is being done with the hair dryer and the power outlet? Option A: Unplugging the hair dryer from the power outlet. Option B: Plugging the hair dryer into the power outlet.,b,B,b,1,,,,motion_o_timeblind_default_random1.json
random,1,none,1815,453,TimeBlind/videos/mcq_vid_00153_1.mp4,What is being done with the hair dryer and the power outlet? Option A: Unplugging the hair dryer from the power outlet. Option B: Plugging the hair dryer into the power outlet.,a,B,b,0,,,,motion_o_timeblind_default_random1.json
random,1,none,1816,454,TimeBlind/videos/mcq_vid_00154_0.mp4,"In the video, what is the person doing with the ball? Option A: Throwing the ball. Option B: Catching the ball.",a,B,b,0,,,,motion_o_timeblind_default_random1.json
random,1,none,1817,454,TimeBlind/videos/mcq_vid_00154_1.mp4,"In the video, what is the person doing with the ball? Option A: Throwing the ball. Option B: Catching the ball.",b,B,b,1,,,,motion_o_timeblind_default_random1.json
random,1,none,1818,454,TimeBlind/videos/mcq_vid_00154_0.mp4,"In the video, what is the person doing with the ball? Option A: Catching the ball. Option B: Throwing the ball.",b,A,a,0,,,,motion_o_timeblind_default_random1.json
random,1,none,1819,454,TimeBlind/videos/mcq_vid_00154_1.mp4,"In the video, what is the person doing with the ball? Option A: Catching the ball. Option B: Throwing the ball.",a,A,a,1,,,,motion_o_timeblind_default_random1.json
random,1,none,1820,455,TimeBlind/videos/mcq_vid_00155_0.mp4,How many times does the light turn on and off in the video? Option A: Twice. Option B: Three times.,a,A,a,1,,,,motion_o_timeblind_default_random1.json
random,1,none,1821,455,TimeBlind/videos/mcq_vid_00155_1.mp4,How many times does the light turn on and off in the video? Option A: Twice. Option B: Three times.,b,A,a,0,,,,motion_o_timeblind_default_random1.json
random,1,none,1822,455,TimeBlind/videos/mcq_vid_00155_0.mp4,How many times does the light turn on and off in the video? Option A: Three times. Option B: Twice.,b,B,b,1,,,,motion_o_timeblind_default_random1.json
random,1,none,1823,455,TimeBlind/videos/mcq_vid_00155_1.mp4,How many times does the light turn on and off in the video? Option A: Three times. Option B: Twice.,a,B,b,0,,,,motion_o_timeblind_default_random1.json
random,1,none,1824,456,TimeBlind/videos/mcq_vid_00156_0.mp4,"In the video, how many books does the person flip through? Option A: Two books. Option B: Three books.",a,A,a,1,,,,motion_o_timeblind_default_random1.json
random,1,none,1825,456,TimeBlind/videos/mcq_vid_00156_1.mp4,"In the video, how many books does the person flip through? Option A: Two books. Option B: Three books.",b,A,a,0,,,,motion_o_timeblind_default_random1.json
random,1,none,1826,456,TimeBlind/videos/mcq_vid_00156_0.mp4,"In the video, how many books does the person flip through? Option A: Three books. Option B: Two books.",b,B,b,1,,,,motion_o_timeblind_default_random1.json
random,1,none,1827,456,TimeBlind/videos/mcq_vid_00156_1.mp4,"In the video, how many books does the person flip through? Option A: Three books. Option B: Two books.",a,B,b,0,,,,motion_o_timeblind_default_random1.json
random,1,none,1828,457,TimeBlind/videos/mcq_vid_00157_0.mp4,"In what order does the person draw the shapes on the paper in the video? Option A: A square first, then a circle. Option B: A circle first, then a square.",a,B,b,0,,,,motion_o_timeblind_default_random1.json
random,1,none,1829,457,TimeBlind/videos/mcq_vid_00157_1.mp4,"In what order does the person draw the shapes on the paper in the video? Option A: A square first, then a circle. Option B: A circle first, then a square.",b,B,b,1,,,,motion_o_timeblind_default_random1.json
random,1,none,1830,457,TimeBlind/videos/mcq_vid_00157_0.mp4,"In what order does the person draw the shapes on the paper in the video? Option A: A circle first, then a square. Option B: A square first, then a circle.",b,B,b,1,,,,motion_o_timeblind_default_random1.json
random,1,none,1831,457,TimeBlind/videos/mcq_vid_00157_1.mp4,"In what order does the person draw the shapes on the paper in the video? Option A: A circle first, then a square. Option B: A square first, then a circle.",a,A,a,1,,,,motion_o_timeblind_default_random1.json
random,1,none,1832,458,TimeBlind/videos/mcq_vid_00158_0.mp4,"In the video, which word does the person type first? Option A: The person types ""food"" first, then ""apple"". Option B: The person types ""apple"" first, then ""food"".",a,B,b,0,,,,motion_o_timeblind_default_random1.json
random,1,none,1833,458,TimeBlind/videos/mcq_vid_00158_1.mp4,"In the video, which word does the person type first? Option A: The person types ""food"" first, then ""apple"". Option B: The person types ""apple"" first, then ""food"".",b,B,b,1,,,,motion_o_timeblind_default_random1.json
random,1,none,1834,458,TimeBlind/videos/mcq_vid_00158_0.mp4,"In the video, which word does the person type first? Option A: The person types ""apple"" first, then ""food"". Option B: The person types ""food"" first, then ""apple"".",b,A,a,0,,,,motion_o_timeblind_default_random1.json
random,1,none,1835,458,TimeBlind/videos/mcq_vid_00158_1.mp4,"In the video, which word does the person type first? Option A: The person types ""apple"" first, then ""food"". Option B: The person types ""food"" first, then ""apple"".",a,B,b,0,,,,motion_o_timeblind_default_random1.json
random,1,none,1836,459,TimeBlind/videos/mcq_vid_00159_0.mp4,"From the camera's perspective, which way is the ball spinning? Option A: To the left. Option B: To the right.",a,B,b,0,,,,motion_o_timeblind_default_random1.json
random,1,none,1837,459,TimeBlind/videos/mcq_vid_00159_1.mp4,"From the camera's perspective, which way is the ball spinning? Option A: To the left. Option B: To the right.",b,A,a,0,,,,motion_o_timeblind_default_random1.json
random,1,none,1838,459,TimeBlind/videos/mcq_vid_00159_0.mp4,"From the camera's perspective, which way is the ball spinning? Option A: To the right. Option B: To the left.",b,A,a,0,,,,motion_o_timeblind_default_random1.json
random,1,none,1839,459,TimeBlind/videos/mcq_vid_00159_1.mp4,"From the camera's perspective, which way is the ball spinning? Option A: To the right. Option B: To the left.",a,A,a,1,,,,motion_o_timeblind_default_random1.json
random,1,none,1840,460,TimeBlind/videos/mcq_vid_00160_0.mp4,"At the beginning of the video, how fast is the person jumping rope? Option A: They jump rope quickly. Option B: They jump rope slowly.",a,B,b,0,,,,motion_o_timeblind_default_random1.json
random,1,none,1841,460,TimeBlind/videos/mcq_vid_00160_1.mp4,"At the beginning of the video, how fast is the person jumping rope? Option A: They jump rope quickly. Option B: They jump rope slowly.",b,B,b,1,,,,motion_o_timeblind_default_random1.json
random,1,none,1842,460,TimeBlind/videos/mcq_vid_00160_0.mp4,"At the beginning of the video, how fast is the person jumping rope? Option A: They jump rope slowly. Option B: They jump rope quickly.",b,A,a,0,,,,motion_o_timeblind_default_random1.json
random,1,none,1843,460,TimeBlind/videos/mcq_vid_00160_1.mp4,"At the beginning of the video, how fast is the person jumping rope? Option A: They jump rope slowly. Option B: They jump rope quickly.",a,A,a,1,,,,motion_o_timeblind_default_random1.json
random,1,none,1844,461,TimeBlind/videos/mcq_vid_00161_0.mp4,"While the man is holding it, how much does the wine glass rotate? Option A: It rotates about halfway around. Option B: It rotates at least one full turn.",a,B,b,0,,,,motion_o_timeblind_default_random1.json
random,1,none,1845,461,TimeBlind/videos/mcq_vid_00161_1.mp4,"While the man is holding it, how much does the wine glass rotate? Option A: It rotates about halfway around. Option B: It rotates at least one full turn.",b,B,b,1,,,,motion_o_timeblind_default_random1.json
random,1,none,1846,461,TimeBlind/videos/mcq_vid_00161_0.mp4,"While the man is holding it, how much does the wine glass rotate? Option A: It rotates at least one full turn. Option B: It rotates about halfway around.",b,B,b,1,,,,motion_o_timeblind_default_random1.json
random,1,none,1847,461,TimeBlind/videos/mcq_vid_00161_1.mp4,"While the man is holding it, how much does the wine glass rotate? Option A: It rotates at least one full turn. Option B: It rotates about halfway around.",a,B,b,0,,,,motion_o_timeblind_default_random1.json
random,1,none,1848,462,TimeBlind/videos/mcq_vid_00162_0.mp4,"In the video, does the person fold the clothes into a square? Option A: They don’t finish folding the clothes into a square. Option B: They successfully fold the clothes into a square.",a,A,a,1,,,,motion_o_timeblind_default_random1.json
random,1,none,1849,462,TimeBlind/videos/mcq_vid_00162_1.mp4,"In the video, does the person fold the clothes into a square? Option A: They don’t finish folding the clothes into a square. Option B: They successfully fold the clothes into a square.",b,A,a,0,,,,motion_o_timeblind_default_random1.json
random,1,none,1850,462,TimeBlind/videos/mcq_vid_00162_0.mp4,"In the video, does the person fold the clothes into a square? Option A: They successfully fold the clothes into a square. Option B: They don’t finish folding the clothes into a square.",b,B,b,1,,,,motion_o_timeblind_default_random1.json
random,1,none,1851,462,TimeBlind/videos/mcq_vid_00162_1.mp4,"In the video, does the person fold the clothes into a square? Option A: They successfully fold the clothes into a square. Option B: They don’t finish folding the clothes into a square.",a,B,b,0,,,,motion_o_timeblind_default_random1.json
random,1,none,1852,463,TimeBlind/videos/mcq_vid_00163_0.mp4,How completely does the person in the video close the door? Option A: The person in the video fails to close the door. Option B: The person in the video fully closes the door.,a,B,b,0,,,,motion_o_timeblind_default_random1.json
random,1,none,1853,463,TimeBlind/videos/mcq_vid_00163_1.mp4,How completely does the person in the video close the door? Option A: The person in the video fails to close the door. Option B: The person in the video fully closes the door.,b,B,b,1,,,,motion_o_timeblind_default_random1.json
random,1,none,1854,463,TimeBlind/videos/mcq_vid_00163_0.mp4,How completely does the person in the video close the door? Option A: The person in the video fully closes the door. Option B: The person in the video fails to close the door.,b,A,a,0,,,,motion_o_timeblind_default_random1.json
random,1,none,1855,463,TimeBlind/videos/mcq_vid_00163_1.mp4,How completely does the person in the video close the door? Option A: The person in the video fully closes the door. Option B: The person in the video fails to close the door.,a,A,a,1,,,,motion_o_timeblind_default_random1.json
random,1,none,1856,464,TimeBlind/videos/mcq_vid_00164_0.mp4,"Between these two portrait photos, which one has the darker portrait? Option A: The portrait in the first photo is darker than the one in the second. Option B: The portrait in the second photo is darker than the one in the first.",a,A,a,1,,,,motion_o_timeblind_default_random1.json
random,1,none,1857,464,TimeBlind/videos/mcq_vid_00164_1.mp4,"Between these two portrait photos, which one has the darker portrait? Option A: The portrait in the first photo is darker than the one in the second. Option B: The portrait in the second photo is darker than the one in the first.",b,B,b,1,,,,motion_o_timeblind_default_random1.json
random,1,none,1858,464,TimeBlind/videos/mcq_vid_00164_0.mp4,"Between these two portrait photos, which one has the darker portrait? Option A: The portrait in the second photo is darker than the one in the first. Option B: The portrait in the first photo is darker than the one in the second.",b,B,b,1,,,,motion_o_timeblind_default_random1.json
random,1,none,1859,464,TimeBlind/videos/mcq_vid_00164_1.mp4,"Between these two portrait photos, which one has the darker portrait? Option A: The portrait in the second photo is darker than the one in the first. Option B: The portrait in the first photo is darker than the one in the second.",a,B,b,0,,,,motion_o_timeblind_default_random1.json
random,1,none,1860,465,TimeBlind/videos/mcq_vid_00165_0.mp4,Which person jumps higher when they take turns? Option A: The person in white. Option B: The person in black.,a,B,b,0,,,,motion_o_timeblind_default_random1.json
random,1,none,1861,465,TimeBlind/videos/mcq_vid_00165_1.mp4,Which person jumps higher when they take turns? Option A: The person in white. Option B: The person in black.,b,B,b,1,,,,motion_o_timeblind_default_random1.json
random,1,none,1862,465,TimeBlind/videos/mcq_vid_00165_0.mp4,Which person jumps higher when they take turns? Option A: The person in black. Option B: The person in white.,b,B,b,1,,,,motion_o_timeblind_default_random1.json
random,1,none,1863,465,TimeBlind/videos/mcq_vid_00165_1.mp4,Which person jumps higher when they take turns? Option A: The person in black. Option B: The person in white.,a,"To determine which person jumps higher, we need to analyze the image carefully.

1. **Identify the individuals**: 
   - There is one individual wearing a black shirt and another wearing a white jacket.
   
2. **Analyze their posture**:
   - Both individuals appear to be standing on the ground with no visible signs of jumping action at this moment.
   - Since there's no indication that either has jumped recently (e.g., raised legs), it seems both have just finished any potential jump动作s.

3. **Consider possible actions before taking photos**:
   - If someone had jumped earlier but not been captured mid-jump by the camera settings used for this photo, neither would show evidence here as they stand still now.

4. **Conclusion based on visual data alone**:
   - Without seeing them actively jumping during capture time, comparing heights isn't feasible from static images showing only postures after an event might've occurred elsewhere outside frame view.

Given these points:

- Neither can definitively be said to ""jump"" more than each other since none shows active jump motion within current frames provided.

Therefore, without additional context about prior events or specific conditions under which such comparisons could occur accurately through video analysis rather than still photography, I cannot confidently choose between options given solely what’s visually presented here.

Final answer: No definitive choice can be made using available information.",a,1,,,,motion_o_timeblind_default_random1.json
random,1,none,1864,466,TimeBlind/videos/mcq_vid_00166_0.mp4,"In the video, how does the person react when the camera is pointed at them? Option A: They greet the camera. Option B: They don't greet the camera.",a,B,b,0,,,,motion_o_timeblind_default_random1.json
random,1,none,1865,466,TimeBlind/videos/mcq_vid_00166_1.mp4,"In the video, how does the person react when the camera is pointed at them? Option A: They greet the camera. Option B: They don't greet the camera.",b,B,b,1,,,,motion_o_timeblind_default_random1.json
random,1,none,1866,466,TimeBlind/videos/mcq_vid_00166_0.mp4,"In the video, how does the person react when the camera is pointed at them? Option A: They don't greet the camera. Option B: They greet the camera.",b,A,a,0,,,,motion_o_timeblind_default_random1.json
random,1,none,1867,466,TimeBlind/videos/mcq_vid_00166_1.mp4,"In the video, how does the person react when the camera is pointed at them? Option A: They don't greet the camera. Option B: They greet the camera.",a,B,b,0,,,,motion_o_timeblind_default_random1.json
random,1,none,1868,467,TimeBlind/videos/mcq_vid_00167_0.mp4,How is the door closing? Option A: Gently. Option B: Forcefully.,a,A,a,1,,,,motion_o_timeblind_default_random1.json
random,1,none,1869,467,TimeBlind/videos/mcq_vid_00167_1.mp4,How is the door closing? Option A: Gently. Option B: Forcefully.,b,A,a,0,,,,motion_o_timeblind_default_random1.json
random,1,none,1870,467,TimeBlind/videos/mcq_vid_00167_0.mp4,How is the door closing? Option A: Forcefully. Option B: Gently.,b,B,b,1,,,,motion_o_timeblind_default_random1.json
random,1,none,1871,467,TimeBlind/videos/mcq_vid_00167_1.mp4,How is the door closing? Option A: Forcefully. Option B: Gently.,a,B,b,0,,,,motion_o_timeblind_default_random1.json
random,1,none,1872,468,TimeBlind/videos/mcq_vid_00168_0.mp4,Which action is performed with the lychees and the plastic bag three times? Option A: The lychees are taken out of the plastic bag three times. Option B: The lychees are put into the plastic bag three times.,a,B,b,0,,,,motion_o_timeblind_default_random1.json
random,1,none,1873,468,TimeBlind/videos/mcq_vid_00168_1.mp4,Which action is performed with the lychees and the plastic bag three times? Option A: The lychees are taken out of the plastic bag three times. Option B: The lychees are put into the plastic bag three times.,b,B,b,1,,,,motion_o_timeblind_default_random1.json
random,1,none,1874,468,TimeBlind/videos/mcq_vid_00168_0.mp4,Which action is performed with the lychees and the plastic bag three times? Option A: The lychees are put into the plastic bag three times. Option B: The lychees are taken out of the plastic bag three times.,b,A,a,0,,,,motion_o_timeblind_default_random1.json
random,1,none,1875,468,TimeBlind/videos/mcq_vid_00168_1.mp4,Which action is performed with the lychees and the plastic bag three times? Option A: The lychees are put into the plastic bag three times. Option B: The lychees are taken out of the plastic bag three times.,a,A,a,1,,,,motion_o_timeblind_default_random1.json
random,1,none,1876,469,TimeBlind/videos/mcq_vid_00169_0.mp4,How many times are the lychees put in the plastic bag? Option A: Once. Option B: Three times.,a,A,a,1,,,,motion_o_timeblind_default_random1.json
random,1,none,1877,469,TimeBlind/videos/mcq_vid_00169_1.mp4,How many times are the lychees put in the plastic bag? Option A: Once. Option B: Three times.,b,A,a,0,,,,motion_o_timeblind_default_random1.json
random,1,none,1878,469,TimeBlind/videos/mcq_vid_00169_0.mp4,How many times are the lychees put in the plastic bag? Option A: Three times. Option B: Once.,b,B,b,1,,,,motion_o_timeblind_default_random1.json
random,1,none,1879,469,TimeBlind/videos/mcq_vid_00169_1.mp4,How many times are the lychees put in the plastic bag? Option A: Three times. Option B: Once.,a,B,b,0,,,,motion_o_timeblind_default_random1.json
random,1,none,1880,470,TimeBlind/videos/mcq_vid_00170_0.mp4,How does the number of eggplants in the person's left hand change over time? Option A: It gradually increases from 0 to 3. Option B: It gradually decreases from 3 to 0.,a,B,b,0,,,,motion_o_timeblind_default_random1.json
random,1,none,1881,470,TimeBlind/videos/mcq_vid_00170_1.mp4,How does the number of eggplants in the person's left hand change over time? Option A: It gradually increases from 0 to 3. Option B: It gradually decreases from 3 to 0.,b,B,b,1,,,,motion_o_timeblind_default_random1.json
random,1,none,1882,470,TimeBlind/videos/mcq_vid_00170_0.mp4,How does the number of eggplants in the person's left hand change over time? Option A: It gradually decreases from 3 to 0. Option B: It gradually increases from 0 to 3.,b,A,a,0,,,,motion_o_timeblind_default_random1.json
random,1,none,1883,470,TimeBlind/videos/mcq_vid_00170_1.mp4,How does the number of eggplants in the person's left hand change over time? Option A: It gradually decreases from 3 to 0. Option B: It gradually increases from 0 to 3.,a,A,a,1,,,,motion_o_timeblind_default_random1.json
random,1,none,1884,471,TimeBlind/videos/mcq_vid_00171_0.mp4,"Is this person touching the screen? Option A: Yes, this person is touching the screen. Option B: No, this person is not touching the screen.",a,B,b,0,,,,motion_o_timeblind_default_random1.json
random,1,none,1885,471,TimeBlind/videos/mcq_vid_00171_1.mp4,"Is this person touching the screen? Option A: Yes, this person is touching the screen. Option B: No, this person is not touching the screen.",b,B,b,1,,,,motion_o_timeblind_default_random1.json
random,1,none,1886,471,TimeBlind/videos/mcq_vid_00171_0.mp4,"Is this person touching the screen? Option A: No, this person is not touching the screen. Option B: Yes, this person is touching the screen.",b,A,a,0,,,,motion_o_timeblind_default_random1.json
random,1,none,1887,471,TimeBlind/videos/mcq_vid_00171_1.mp4,"Is this person touching the screen? Option A: No, this person is not touching the screen. Option B: Yes, this person is touching the screen.",a,A,a,1,,,,motion_o_timeblind_default_random1.json
random,1,none,1888,472,TimeBlind/videos/mcq_vid_00172_0.mp4,"Over the course of the video, how many new items are added to the self-checkout screen? Option A: Two new items. Option B: Three new items.",a,B,b,0,,,,motion_o_timeblind_default_random1.json
random,1,none,1889,472,TimeBlind/videos/mcq_vid_00172_1.mp4,"Over the course of the video, how many new items are added to the self-checkout screen? Option A: Two new items. Option B: Three new items.",b,B,b,1,,,,motion_o_timeblind_default_random1.json
random,1,none,1890,472,TimeBlind/videos/mcq_vid_00172_0.mp4,"Over the course of the video, how many new items are added to the self-checkout screen? Option A: Three new items. Option B: Two new items.",b,B,b,1,,,,motion_o_timeblind_default_random1.json
random,1,none,1891,472,TimeBlind/videos/mcq_vid_00172_1.mp4,"Over the course of the video, how many new items are added to the self-checkout screen? Option A: Three new items. Option B: Two new items.",a,B,b,0,,,,motion_o_timeblind_default_random1.json
random,1,none,1892,473,TimeBlind/videos/mcq_vid_00173_0.mp4,"What happens to the racket, and in what order? Option A: It is nearly still at first, then it is shaken. Option B: It is shaken at first, then it is nearly still.",a,A,a,1,,,,motion_o_timeblind_default_random1.json
random,1,none,1893,473,TimeBlind/videos/mcq_vid_00173_1.mp4,"What happens to the racket, and in what order? Option A: It is nearly still at first, then it is shaken. Option B: It is shaken at first, then it is nearly still.",b,A,a,0,,,,motion_o_timeblind_default_random1.json
random,1,none,1894,473,TimeBlind/videos/mcq_vid_00173_0.mp4,"What happens to the racket, and in what order? Option A: It is shaken at first, then it is nearly still. Option B: It is nearly still at first, then it is shaken.",b,B,b,1,,,,motion_o_timeblind_default_random1.json
random,1,none,1895,473,TimeBlind/videos/mcq_vid_00173_1.mp4,"What happens to the racket, and in what order? Option A: It is shaken at first, then it is nearly still. Option B: It is nearly still at first, then it is shaken.",a,B,b,0,,,,motion_o_timeblind_default_random1.json
random,1,none,1896,474,TimeBlind/videos/mcq_vid_00174_0.mp4,"Does the person flip the racket while walking in the video? Option A: No, the person does not flip the racket. Option B: Yes, the person flips the racket.",a,A,a,1,,,,motion_o_timeblind_default_random1.json
random,1,none,1897,474,TimeBlind/videos/mcq_vid_00174_1.mp4,"Does the person flip the racket while walking in the video? Option A: No, the person does not flip the racket. Option B: Yes, the person flips the racket.",b,A,a,0,,,,motion_o_timeblind_default_random1.json
random,1,none,1898,474,TimeBlind/videos/mcq_vid_00174_0.mp4,"Does the person flip the racket while walking in the video? Option A: Yes, the person flips the racket. Option B: No, the person does not flip the racket.",b,B,b,1,,,,motion_o_timeblind_default_random1.json
random,1,none,1899,474,TimeBlind/videos/mcq_vid_00174_1.mp4,"Does the person flip the racket while walking in the video? Option A: Yes, the person flips the racket. Option B: No, the person does not flip the racket.",a,B,b,0,,,,motion_o_timeblind_default_random1.json
random,1,none,1900,475,TimeBlind/videos/mcq_vid_00175_0.mp4,What is the person doing as they flip the racket in the video? Option A: Standing still. Option B: Walking.,a,A,a,1,,,,motion_o_timeblind_default_random1.json
random,1,none,1901,475,TimeBlind/videos/mcq_vid_00175_1.mp4,What is the person doing as they flip the racket in the video? Option A: Standing still. Option B: Walking.,b,B,b,1,,,,motion_o_timeblind_default_random1.json
random,1,none,1902,475,TimeBlind/videos/mcq_vid_00175_0.mp4,What is the person doing as they flip the racket in the video? Option A: Walking. Option B: Standing still.,b,B,b,1,,,,motion_o_timeblind_default_random1.json
random,1,none,1903,475,TimeBlind/videos/mcq_vid_00175_1.mp4,What is the person doing as they flip the racket in the video? Option A: Walking. Option B: Standing still.,a,B,b,0,,,,motion_o_timeblind_default_random1.json
random,1,none,1904,476,TimeBlind/videos/mcq_vid_00176_0.mp4,"In total, how many shuttlecocks appear in the video? Option A: 4. Option B: 5.",a,A,a,1,,,,motion_o_timeblind_default_random1.json
random,1,none,1905,476,TimeBlind/videos/mcq_vid_00176_1.mp4,"In total, how many shuttlecocks appear in the video? Option A: 4. Option B: 5.",b,A,a,0,,,,motion_o_timeblind_default_random1.json
random,1,none,1906,476,TimeBlind/videos/mcq_vid_00176_0.mp4,"In total, how many shuttlecocks appear in the video? Option A: 5. Option B: 4.",b,B,b,1,,,,motion_o_timeblind_default_random1.json
random,1,none,1907,476,TimeBlind/videos/mcq_vid_00176_1.mp4,"In total, how many shuttlecocks appear in the video? Option A: 5. Option B: 4.",a,B,b,0,,,,motion_o_timeblind_default_random1.json
random,1,none,1908,477,TimeBlind/videos/mcq_vid_00177_0.mp4,How many times does the racket get flipped to the left? Option A: Twice. Option B: Three times.,a,A,a,1,,,,motion_o_timeblind_default_random1.json
random,1,none,1909,477,TimeBlind/videos/mcq_vid_00177_1.mp4,How many times does the racket get flipped to the left? Option A: Twice. Option B: Three times.,b,A,a,0,,,,motion_o_timeblind_default_random1.json
random,1,none,1910,477,TimeBlind/videos/mcq_vid_00177_0.mp4,How many times does the racket get flipped to the left? Option A: Three times. Option B: Twice.,b,B,b,1,,,,motion_o_timeblind_default_random1.json
random,1,none,1911,477,TimeBlind/videos/mcq_vid_00177_1.mp4,How many times does the racket get flipped to the left? Option A: Three times. Option B: Twice.,a,B,b,0,,,,motion_o_timeblind_default_random1.json
random,1,none,1912,478,TimeBlind/videos/mcq_vid_00178_0.mp4,How far does the racket rotate to the left before returning to its original position? Option A: It rotates about 90° to the left. Option B: It rotates about 180° to the left.,a,B,b,0,,,,motion_o_timeblind_default_random1.json
random,1,none,1913,478,TimeBlind/videos/mcq_vid_00178_1.mp4,How far does the racket rotate to the left before returning to its original position? Option A: It rotates about 90° to the left. Option B: It rotates about 180° to the left.,b,B,b,1,,,,motion_o_timeblind_default_random1.json
random,1,none,1914,478,TimeBlind/videos/mcq_vid_00178_0.mp4,How far does the racket rotate to the left before returning to its original position? Option A: It rotates about 180° to the left. Option B: It rotates about 90° to the left.,b,B,b,1,,,,motion_o_timeblind_default_random1.json
random,1,none,1915,478,TimeBlind/videos/mcq_vid_00178_1.mp4,How far does the racket rotate to the left before returning to its original position? Option A: It rotates about 180° to the left. Option B: It rotates about 90° to the left.,a,B,b,0,,,,motion_o_timeblind_default_random1.json
random,1,none,1916,479,TimeBlind/videos/mcq_vid_00179_0.mp4,Does the racket wobble noticeably? Option A: The racket does not wobble noticeably. Option B: The racket wobbles noticeably.,a,A,a,1,,,,motion_o_timeblind_default_random1.json
random,1,none,1917,479,TimeBlind/videos/mcq_vid_00179_1.mp4,Does the racket wobble noticeably? Option A: The racket does not wobble noticeably. Option B: The racket wobbles noticeably.,b,A,a,0,,,,motion_o_timeblind_default_random1.json
random,1,none,1918,479,TimeBlind/videos/mcq_vid_00179_0.mp4,Does the racket wobble noticeably? Option A: The racket wobbles noticeably. Option B: The racket does not wobble noticeably.,b,B,b,1,,,,motion_o_timeblind_default_random1.json
random,1,none,1919,479,TimeBlind/videos/mcq_vid_00179_1.mp4,Does the racket wobble noticeably? Option A: The racket wobbles noticeably. Option B: The racket does not wobble noticeably.,a,B,b,0,,,,motion_o_timeblind_default_random1.json
random,1,none,1920,480,TimeBlind/videos/mcq_vid_00180_0.mp4,What is the person doing as they turn the racket? Option A: Standing still. Option B: Walking.,a,A,a,1,,,,motion_o_timeblind_default_random1.json
random,1,none,1921,480,TimeBlind/videos/mcq_vid_00180_1.mp4,What is the person doing as they turn the racket? Option A: Standing still. Option B: Walking.,b,B,b,1,,,,motion_o_timeblind_default_random1.json
random,1,none,1922,480,TimeBlind/videos/mcq_vid_00180_0.mp4,What is the person doing as they turn the racket? Option A: Walking. Option B: Standing still.,b,B,b,1,,,,motion_o_timeblind_default_random1.json
random,1,none,1923,480,TimeBlind/videos/mcq_vid_00180_1.mp4,What is the person doing as they turn the racket? Option A: Walking. Option B: Standing still.,a,B,b,0,,,,motion_o_timeblind_default_random1.json
random,1,none,1924,481,TimeBlind/videos/mcq_vid_00181_0.mp4,"What does the person do first? Option A: They rotate the racket first, then move forward. Option B: They move forward first, then rotate the racket.",a,B,b,0,,,,motion_o_timeblind_default_random1.json
random,1,none,1925,481,TimeBlind/videos/mcq_vid_00181_1.mp4,"What does the person do first? Option A: They rotate the racket first, then move forward. Option B: They move forward first, then rotate the racket.",b,B,b,1,,,,motion_o_timeblind_default_random1.json
random,1,none,1926,481,TimeBlind/videos/mcq_vid_00181_0.mp4,"What does the person do first? Option A: They move forward first, then rotate the racket. Option B: They rotate the racket first, then move forward.",b,B,b,1,,,,motion_o_timeblind_default_random1.json
random,1,none,1927,481,TimeBlind/videos/mcq_vid_00181_1.mp4,"What does the person do first? Option A: They move forward first, then rotate the racket. Option B: They rotate the racket first, then move forward.",a,B,b,0,,,,motion_o_timeblind_default_random1.json
random,1,none,1928,482,TimeBlind/videos/mcq_vid_00182_0.mp4,Is the player's badminton racket touching the net? Option A: The racket does not appear to be touching the net. Option B: The racket is clearly touching the net.,a,A,a,1,,,,motion_o_timeblind_default_random1.json
random,1,none,1929,482,TimeBlind/videos/mcq_vid_00182_1.mp4,Is the player's badminton racket touching the net? Option A: The racket does not appear to be touching the net. Option B: The racket is clearly touching the net.,b,A,a,0,,,,motion_o_timeblind_default_random1.json
random,1,none,1930,482,TimeBlind/videos/mcq_vid_00182_0.mp4,Is the player's badminton racket touching the net? Option A: The racket is clearly touching the net. Option B: The racket does not appear to be touching the net.,b,B,b,1,,,,motion_o_timeblind_default_random1.json
random,1,none,1931,482,TimeBlind/videos/mcq_vid_00182_1.mp4,Is the player's badminton racket touching the net? Option A: The racket is clearly touching the net. Option B: The racket does not appear to be touching the net.,a,B,b,0,,,,motion_o_timeblind_default_random1.json
random,1,none,1932,483,TimeBlind/videos/mcq_vid_00183_0.mp4,How many times does the person swing the racket in the video? Option A: Three times. Option B: Four times.,a,A,a,1,,,,motion_o_timeblind_default_random1.json
random,1,none,1933,483,TimeBlind/videos/mcq_vid_00183_1.mp4,How many times does the person swing the racket in the video? Option A: Three times. Option B: Four times.,b,B,b,1,,,,motion_o_timeblind_default_random1.json
random,1,none,1934,483,TimeBlind/videos/mcq_vid_00183_0.mp4,How many times does the person swing the racket in the video? Option A: Four times. Option B: Three times.,b,B,b,1,,,,motion_o_timeblind_default_random1.json
random,1,none,1935,483,TimeBlind/videos/mcq_vid_00183_1.mp4,How many times does the person swing the racket in the video? Option A: Four times. Option B: Three times.,a,B,b,0,,,,motion_o_timeblind_default_random1.json
random,1,none,1936,484,TimeBlind/videos/mcq_vid_00184_0.mp4,How far does the ball travel on the first hit compared with the second? Option A: The ball travels a shorter distance on the first hit than on the second. Option B: The ball travels a longer distance on the first hit than on the second.,a,B,b,0,,,,motion_o_timeblind_default_random1.json
random,1,none,1937,484,TimeBlind/videos/mcq_vid_00184_1.mp4,How far does the ball travel on the first hit compared with the second? Option A: The ball travels a shorter distance on the first hit than on the second. Option B: The ball travels a longer distance on the first hit than on the second.,b,B,b,1,,,,motion_o_timeblind_default_random1.json
random,1,none,1938,484,TimeBlind/videos/mcq_vid_00184_0.mp4,How far does the ball travel on the first hit compared with the second? Option A: The ball travels a longer distance on the first hit than on the second. Option B: The ball travels a shorter distance on the first hit than on the second.,b,B,b,1,,,,motion_o_timeblind_default_random1.json
random,1,none,1939,484,TimeBlind/videos/mcq_vid_00184_1.mp4,How far does the ball travel on the first hit compared with the second? Option A: The ball travels a longer distance on the first hit than on the second. Option B: The ball travels a shorter distance on the first hit than on the second.,a,B,b,0,,,,motion_o_timeblind_default_random1.json
random,1,none,1940,485,TimeBlind/videos/mcq_vid_00185_0.mp4,"In the video, how does the height of the second shot compare to the distance of the first shot? Option A: The height of the second shot is less than the distance of the first shot. Option B: The height of the second shot is greater than the distance of the first shot.",a,A,a,1,,,,motion_o_timeblind_default_random1.json
random,1,none,1941,485,TimeBlind/videos/mcq_vid_00185_1.mp4,"In the video, how does the height of the second shot compare to the distance of the first shot? Option A: The height of the second shot is less than the distance of the first shot. Option B: The height of the second shot is greater than the distance of the first shot.",b,B,b,1,,,,motion_o_timeblind_default_random1.json
random,1,none,1942,485,TimeBlind/videos/mcq_vid_00185_0.mp4,"In the video, how does the height of the second shot compare to the distance of the first shot? Option A: The height of the second shot is greater than the distance of the first shot. Option B: The height of the second shot is less than the distance of the first shot.",b,B,b,1,,,,motion_o_timeblind_default_random1.json
random,1,none,1943,485,TimeBlind/videos/mcq_vid_00185_1.mp4,"In the video, how does the height of the second shot compare to the distance of the first shot? Option A: The height of the second shot is greater than the distance of the first shot. Option B: The height of the second shot is less than the distance of the first shot.",a,B,b,0,,,,motion_o_timeblind_default_random1.json
random,1,none,1944,486,TimeBlind/videos/mcq_vid_00186_0.mp4,What happens on the man’s first and second swings? Option A: He hits the ball on his first swing but misses on his second. Option B: He misses on his first swing but hits the ball on his second.,a,B,b,0,,,,motion_o_timeblind_default_random1.json
random,1,none,1945,486,TimeBlind/videos/mcq_vid_00186_1.mp4,What happens on the man’s first and second swings? Option A: He hits the ball on his first swing but misses on his second. Option B: He misses on his first swing but hits the ball on his second.,b,B,b,1,,,,motion_o_timeblind_default_random1.json
random,1,none,1946,486,TimeBlind/videos/mcq_vid_00186_0.mp4,What happens on the man’s first and second swings? Option A: He misses on his first swing but hits the ball on his second. Option B: He hits the ball on his first swing but misses on his second.,b,A,a,0,,,,motion_o_timeblind_default_random1.json
random,1,none,1947,486,TimeBlind/videos/mcq_vid_00186_1.mp4,What happens on the man’s first and second swings? Option A: He misses on his first swing but hits the ball on his second. Option B: He hits the ball on his first swing but misses on his second.,a,A,a,1,,,,motion_o_timeblind_default_random1.json
random,1,none,1948,487,TimeBlind/videos/mcq_vid_00187_0.mp4,"In the video, how many times does the player hit the ball with the racket? Option A: He hits the ball four times. Option B: He hits the ball five times.",a,B,b,0,,,,motion_o_timeblind_default_random1.json
random,1,none,1949,487,TimeBlind/videos/mcq_vid_00187_1.mp4,"In the video, how many times does the player hit the ball with the racket? Option A: He hits the ball four times. Option B: He hits the ball five times.",b,B,b,1,,,,motion_o_timeblind_default_random1.json
random,1,none,1950,487,TimeBlind/videos/mcq_vid_00187_0.mp4,"In the video, how many times does the player hit the ball with the racket? Option A: He hits the ball five times. Option B: He hits the ball four times.",b,B,b,1,,,,motion_o_timeblind_default_random1.json
random,1,none,1951,487,TimeBlind/videos/mcq_vid_00187_1.mp4,"In the video, how many times does the player hit the ball with the racket? Option A: He hits the ball five times. Option B: He hits the ball four times.",a,B,b,0,,,,motion_o_timeblind_default_random1.json
random,1,none,1952,488,TimeBlind/videos/mcq_vid_00188_0.mp4,Does the person catch the falling shuttlecock with their hand? Option A: The person successfully catches the falling shuttlecock with their hand. Option B: The person does not catch the falling shuttlecock with their hand.,a,B,b,0,,,,motion_o_timeblind_default_random1.json
random,1,none,1953,488,TimeBlind/videos/mcq_vid_00188_1.mp4,Does the person catch the falling shuttlecock with their hand? Option A: The person successfully catches the falling shuttlecock with their hand. Option B: The person does not catch the falling shuttlecock with their hand.,b,B,b,1,,,,motion_o_timeblind_default_random1.json
random,1,none,1954,488,TimeBlind/videos/mcq_vid_00188_0.mp4,Does the person catch the falling shuttlecock with their hand? Option A: The person does not catch the falling shuttlecock with their hand. Option B: The person successfully catches the falling shuttlecock with their hand.,b,A,a,0,,,,motion_o_timeblind_default_random1.json
random,1,none,1955,488,TimeBlind/videos/mcq_vid_00188_1.mp4,Does the person catch the falling shuttlecock with their hand? Option A: The person does not catch the falling shuttlecock with their hand. Option B: The person successfully catches the falling shuttlecock with their hand.,a,A,a,1,,,,motion_o_timeblind_default_random1.json
random,1,none,1956,489,TimeBlind/videos/mcq_vid_00189_0.mp4,How many shuttlecocks does the person end up holding? Option A: 4. Option B: 3.,a,B,b,0,,,,motion_o_timeblind_default_random1.json
random,1,none,1957,489,TimeBlind/videos/mcq_vid_00189_1.mp4,How many shuttlecocks does the person end up holding? Option A: 4. Option B: 3.,b,B,b,1,,,,motion_o_timeblind_default_random1.json
random,1,none,1958,489,TimeBlind/videos/mcq_vid_00189_0.mp4,How many shuttlecocks does the person end up holding? Option A: 3. Option B: 4.,b,A,a,0,,,,motion_o_timeblind_default_random1.json
random,1,none,1959,489,TimeBlind/videos/mcq_vid_00189_1.mp4,How many shuttlecocks does the person end up holding? Option A: 3. Option B: 4.,a,A,a,1,,,,motion_o_timeblind_default_random1.json
random,1,none,1960,490,TimeBlind/videos/mcq_vid_00190_0.mp4,"While the person is picking up the shuttlecocks, does any shuttlecock slip out of his hand and fall? Option A: None of the shuttlecocks fall from his hand while he’s picking them up. Option B: One shuttlecock slips from his hand and falls while he’s picking them up.",a,A,a,1,,,,motion_o_timeblind_default_random1.json
random,1,none,1961,490,TimeBlind/videos/mcq_vid_00190_1.mp4,"While the person is picking up the shuttlecocks, does any shuttlecock slip out of his hand and fall? Option A: None of the shuttlecocks fall from his hand while he’s picking them up. Option B: One shuttlecock slips from his hand and falls while he’s picking them up.",b,A,a,0,,,,motion_o_timeblind_default_random1.json
random,1,none,1962,490,TimeBlind/videos/mcq_vid_00190_0.mp4,"While the person is picking up the shuttlecocks, does any shuttlecock slip out of his hand and fall? Option A: One shuttlecock slips from his hand and falls while he’s picking them up. Option B: None of the shuttlecocks fall from his hand while he’s picking them up.",b,B,b,1,,,,motion_o_timeblind_default_random1.json
random,1,none,1963,490,TimeBlind/videos/mcq_vid_00190_1.mp4,"While the person is picking up the shuttlecocks, does any shuttlecock slip out of his hand and fall? Option A: One shuttlecock slips from his hand and falls while he’s picking them up. Option B: None of the shuttlecocks fall from his hand while he’s picking them up.",a,B,b,0,,,,motion_o_timeblind_default_random1.json
random,1,none,1964,491,TimeBlind/videos/mcq_vid_00191_0.mp4,Which color does the sphere stay for longer? Option A: It stays red longer than it stays yellow. Option B: It stays yellow longer than it stays red.,a,B,b,0,,,,motion_o_timeblind_default_random1.json
random,1,none,1965,491,TimeBlind/videos/mcq_vid_00191_1.mp4,Which color does the sphere stay for longer? Option A: It stays red longer than it stays yellow. Option B: It stays yellow longer than it stays red.,b,B,b,1,,,,motion_o_timeblind_default_random1.json
random,1,none,1966,491,TimeBlind/videos/mcq_vid_00191_0.mp4,Which color does the sphere stay for longer? Option A: It stays yellow longer than it stays red. Option B: It stays red longer than it stays yellow.,b,A,a,0,,,,motion_o_timeblind_default_random1.json
random,1,none,1967,491,TimeBlind/videos/mcq_vid_00191_1.mp4,Which color does the sphere stay for longer? Option A: It stays yellow longer than it stays red. Option B: It stays red longer than it stays yellow.,a,A,a,1,,,,motion_o_timeblind_default_random1.json
random,1,none,1968,492,TimeBlind/videos/mcq_vid_00192_0.mp4,How do the two 3D shapes change color? Option A: Suddenly. Option B: Gradually.,a,"B

The colors of the cube and cone in the image appear to transition smoothly from one shade to another, indicating that they have changed gradually rather than suddenly.",b,0,,,,motion_o_timeblind_default_random1.json
random,1,none,1969,492,TimeBlind/videos/mcq_vid_00192_1.mp4,How do the two 3D shapes change color? Option A: Suddenly. Option B: Gradually.,b,"B

The colors of the cube and cone in the image appear to transition smoothly from one shade to another, indicating that they have changed gradually rather than suddenly.",b,1,,,,motion_o_timeblind_default_random1.json
random,1,none,1970,492,TimeBlind/videos/mcq_vid_00192_0.mp4,How do the two 3D shapes change color? Option A: Gradually. Option B: Suddenly.,b,A,a,0,,,,motion_o_timeblind_default_random1.json
random,1,none,1971,492,TimeBlind/videos/mcq_vid_00192_1.mp4,How do the two 3D shapes change color? Option A: Gradually. Option B: Suddenly.,a,A,a,1,,,,motion_o_timeblind_default_random1.json
random,1,none,1972,493,TimeBlind/videos/mcq_vid_00193_0.mp4,How do the cube and the sphere compare in how long they take to change color? Option A: The cube and the sphere take the same amount of time to change color. Option B: The cube takes longer to change color than the sphere.,a,"B

The image shows two objects, one is an orange cube on the left side and another object that appears yellowish-green but could be interpreted as either spherical due to its shape (right). Without specific information about their materials or conditions under which this transformation occurs, it's not possible to determine if there would inherently be any difference between them regarding changing colors.

However, based purely visually without additional context suggesting otherwise:

- If we assume standard lighting and no special effects involved:
  - Both shapes appear static at first glance.
  
Given these assumptions, both might seem equally likely for undergoing changes over similar times unless specified differently by external factors like temperature differences affecting material properties or other environmental influences.

Therefore, considering typical scenarios where such transformations occur uniformly across different geometric forms within controlled environments, **Option B** seems more plausible since no inherent reason suggests one should visibly alter faster than others given equal starting states and identical surroundings. 

Thus, my answer aligns with option B assuming uniformity among objects exposed similarly.",b,0,,,,motion_o_timeblind_default_random1.json
random,1,none,1973,493,TimeBlind/videos/mcq_vid_00193_1.mp4,How do the cube and the sphere compare in how long they take to change color? Option A: The cube and the sphere take the same amount of time to change color. Option B: The cube takes longer to change color than the sphere.,b,"B

The image shows two objects, one is a red cube on the left side and another object that appears orange but could be interpreted as either an orange sphere (right) due to lighting effects or possibly a different shape altogether like a cylinder with similar coloring. Without specific information about their materials or conditions under which changes occur, it's not possible to definitively determine if there would be any difference between them regarding changing colors.

However, based purely visually without additional context:

- If we assume both have identical properties for this comparison,
  - Typically, spheres can appear more uniform across all surfaces compared to cubes where light reflection might vary depending upon its orientation.
  
Given these assumptions:
1. **Cube:** Light may reflect differently from each face leading potentially varied appearances even when uniformly colored initially.
2. **Sphere/Similar Shape:** Likely presents consistent surface appearance regardless of viewing angle because spherical symmetry minimizes such variations.

Thus, considering typical behavior patterns among geometric shapes exposed similarly to light sources, the sphere likely exhibits less variation over time relative to the cube’s faces' varying reflections. Therefore, assuming no external factors intervene, the sphere might seem to ""change"" color faster or at least consistently throughout its surface area compared to the cube whose individual facets might show differences before overall transformation occurs equally.

Therefore, option B seems plausible given standard visual interpretations unless otherwise specified.",b,1,,,,motion_o_timeblind_default_random1.json
random,1,none,1974,493,TimeBlind/videos/mcq_vid_00193_0.mp4,How do the cube and the sphere compare in how long they take to change color? Option A: The cube takes longer to change color than the sphere. Option B: The cube and the sphere take the same amount of time to change color.,b,"B

The image shows two objects, one is an orange cube on the left side and another object that appears yellowish-green but could be interpreted as either spherical due to its shape (right). Without additional context about their materials or conditions under which this comparison was made, it's not possible to determine if there would inherently be any difference between them regarding changing colors over time based solely upon visual appearance.

However, typically when discussing such scenarios within physics experiments involving light absorption by different shapes at varying temperatures or exposure times - assuming no external factors affecting these specific objects differently – both cubes and spheres might theoretically exhibit similar behavior since neither has inherent properties making one react faster than others just because of geometric form alone without further specified experimental setup details provided here.
Therefore option 'A' stating ""the cube takes longer"" cannot be concluded accurately from given information; hence we select answer **B** indicating equal reaction rates for simplicity unless otherwise stated explicitly elsewhere.",b,1,,,,motion_o_timeblind_default_random1.json
random,1,none,1975,493,TimeBlind/videos/mcq_vid_00193_1.mp4,How do the cube and the sphere compare in how long they take to change color? Option A: The cube takes longer to change color than the sphere. Option B: The cube and the sphere take the same amount of time to change color.,a,"B

The image shows both objects with their initial colors, but without any indication that one is changing its color faster or slower than the other based on this still frame alone. Therefore, it's not possible from just observing these static images to determine which object changes color more quickly.

However, if we assume no external factors (like lighting conditions) affect them differently, then typically cubes can appear to change color at similar rates as spheres under consistent lighting because there isn't inherently anything about shape affecting such processes unless specified otherwise by context like materials used for rendering. 

Given only visual information provided here:

- **Option** A suggests ""the cube takes longer,"" 
- **Option** B states “they take the same amount.”

Since neither option provides evidence suggesting different behavior due solely to shape, assuming equal treatment visually leads us towards choosing:
  
Answer = B",b,0,,,,motion_o_timeblind_default_random1.json
random,1,none,1976,494,TimeBlind/videos/mcq_vid_00194_0.mp4,How do the cube and the sphere change color in relation to each other? Option A: The sphere starts changing color right after the cube finishes. Option B: Their color changes overlap for a while.,a,B,b,0,,,,motion_o_timeblind_default_random1.json
random,1,none,1977,494,TimeBlind/videos/mcq_vid_00194_1.mp4,How do the cube and the sphere change color in relation to each other? Option A: The sphere starts changing color right after the cube finishes. Option B: Their color changes overlap for a while.,b,B,b,1,,,,motion_o_timeblind_default_random1.json
random,1,none,1978,494,TimeBlind/videos/mcq_vid_00194_0.mp4,How do the cube and the sphere change color in relation to each other? Option A: Their color changes overlap for a while. Option B: The sphere starts changing color right after the cube finishes.,b,B,b,1,,,,motion_o_timeblind_default_random1.json
random,1,none,1979,494,TimeBlind/videos/mcq_vid_00194_1.mp4,How do the cube and the sphere change color in relation to each other? Option A: Their color changes overlap for a while. Option B: The sphere starts changing color right after the cube finishes.,a,B,b,0,,,,motion_o_timeblind_default_random1.json
random,1,none,1980,495,TimeBlind/videos/mcq_vid_00195_0.mp4,How does the timing of the color change compare between the left and right objects? Option A: The left and right objects change color at the same time. Option B: The left object starts changing color before the right object.,a,B,b,0,,,,motion_o_timeblind_default_random1.json
random,1,none,1981,495,TimeBlind/videos/mcq_vid_00195_1.mp4,How does the timing of the color change compare between the left and right objects? Option A: The left and right objects change color at the same time. Option B: The left object starts changing color before the right object.,b,B,b,1,,,,motion_o_timeblind_default_random1.json
random,1,none,1982,495,TimeBlind/videos/mcq_vid_00195_0.mp4,How does the timing of the color change compare between the left and right objects? Option A: The left object starts changing color before the right object. Option B: The left and right objects change color at the same time.,b,B,b,1,,,,motion_o_timeblind_default_random1.json
random,1,none,1983,495,TimeBlind/videos/mcq_vid_00195_1.mp4,How does the timing of the color change compare between the left and right objects? Option A: The left object starts changing color before the right object. Option B: The left and right objects change color at the same time.,a,B,b,0,,,,motion_o_timeblind_default_random1.json
random,1,none,1984,496,TimeBlind/videos/mcq_vid_00196_0.mp4,Which object finishes changing color first? Option A: The cube finishes changing color before the sphere does. Option B: The cube finishes changing color after the sphere does.,a,B,b,0,,,,motion_o_timeblind_default_random1.json
random,1,none,1985,496,TimeBlind/videos/mcq_vid_00196_1.mp4,Which object finishes changing color first? Option A: The cube finishes changing color before the sphere does. Option B: The cube finishes changing color after the sphere does.,b,B,b,1,,,,motion_o_timeblind_default_random1.json
random,1,none,1986,496,TimeBlind/videos/mcq_vid_00196_0.mp4,Which object finishes changing color first? Option A: The cube finishes changing color after the sphere does. Option B: The cube finishes changing color before the sphere does.,b,B,b,1,,,,motion_o_timeblind_default_random1.json
random,1,none,1987,496,TimeBlind/videos/mcq_vid_00196_1.mp4,Which object finishes changing color first? Option A: The cube finishes changing color after the sphere does. Option B: The cube finishes changing color before the sphere does.,a,B,b,0,,,,motion_o_timeblind_default_random1.json
random,1,none,1988,497,TimeBlind/videos/mcq_vid_00197_0.mp4,How does the timing of the color change compare between the left object and the right object? Option A: The right object starts changing color immediately after the left object finishes. Option B: There is a delay after the left object finishes changing color before the right object starts.,a,B,b,0,,,,motion_o_timeblind_default_random1.json
random,1,none,1989,497,TimeBlind/videos/mcq_vid_00197_1.mp4,How does the timing of the color change compare between the left object and the right object? Option A: The right object starts changing color immediately after the left object finishes. Option B: There is a delay after the left object finishes changing color before the right object starts.,b,B,b,1,,,,motion_o_timeblind_default_random1.json
random,1,none,1990,497,TimeBlind/videos/mcq_vid_00197_0.mp4,How does the timing of the color change compare between the left object and the right object? Option A: There is a delay after the left object finishes changing color before the right object starts. Option B: The right object starts changing color immediately after the left object finishes.,b,B,b,1,,,,motion_o_timeblind_default_random1.json
random,1,none,1991,497,TimeBlind/videos/mcq_vid_00197_1.mp4,How does the timing of the color change compare between the left object and the right object? Option A: There is a delay after the left object finishes changing color before the right object starts. Option B: The right object starts changing color immediately after the left object finishes.,a,B,b,0,,,,motion_o_timeblind_default_random1.json
random,1,none,1992,498,TimeBlind/videos/mcq_vid_00198_0.mp4,How does the sphere's color change over time? Option A: It gradually shifts from pink to yellow. Option B: It gradually shifts from yellow to pink.,a,A,a,1,,,,motion_o_timeblind_default_random1.json
random,1,none,1993,498,TimeBlind/videos/mcq_vid_00198_1.mp4,How does the sphere's color change over time? Option A: It gradually shifts from pink to yellow. Option B: It gradually shifts from yellow to pink.,b,A,a,0,,,,motion_o_timeblind_default_random1.json
random,1,none,1994,498,TimeBlind/videos/mcq_vid_00198_0.mp4,How does the sphere's color change over time? Option A: It gradually shifts from yellow to pink. Option B: It gradually shifts from pink to yellow.,b,B,b,1,,,,motion_o_timeblind_default_random1.json
random,1,none,1995,498,TimeBlind/videos/mcq_vid_00198_1.mp4,How does the sphere's color change over time? Option A: It gradually shifts from yellow to pink. Option B: It gradually shifts from pink to yellow.,a,B,b,0,,,,motion_o_timeblind_default_random1.json
random,1,none,1996,499,TimeBlind/videos/mcq_vid_00199_0.mp4,How does the sphere's color change from pink to yellow? Option A: It changes gradually. Option B: It changes suddenly.,a,A,a,1,,,,motion_o_timeblind_default_random1.json
random,1,none,1997,499,TimeBlind/videos/mcq_vid_00199_1.mp4,How does the sphere's color change from pink to yellow? Option A: It changes gradually. Option B: It changes suddenly.,b,A,a,0,,,,motion_o_timeblind_default_random1.json
random,1,none,1998,499,TimeBlind/videos/mcq_vid_00199_0.mp4,How does the sphere's color change from pink to yellow? Option A: It changes suddenly. Option B: It changes gradually.,b,"B

The image shows that there is no visible transition between colors, suggesting it might be an abrupt change if we consider only this single frame without context of how the sphere was lit before and after being photographed in its current state.

However, based on typical lighting conditions where objects can appear different due to varying light sources (like sunlight changing as day progresses), one could infer gradual changes over time rather than sudden ones within just one snapshot unless otherwise specified by additional information about the scene setup. 

Given these considerations:

- If asked purely for visual analysis with limited data points like here - **A** would seem more plausible.
  
But considering real-world scenarios involving continuous exposure to natural light – **B**, indicating gradation, seems likely too since most environmental factors affecting object appearance tend towards smooth transitions rather than sharp shifts under normal circumstances absent specific artificial effects applied post-capture.  

Therefore, while both options have merit depending upon assumptions made outside what’s explicitly shown visually alone; given standard expectations regarding physical phenomena occurring outdoors, option B appears slightly better aligned with common sense reasoning when not provided explicit contrary evidence pointing toward instantaneous transformation.",b,1,,,,motion_o_timeblind_default_random1.json
random,1,none,1999,499,TimeBlind/videos/mcq_vid_00199_1.mp4,How does the sphere's color change from pink to yellow? Option A: It changes suddenly. Option B: It changes gradually.,a,"B

The image shows that there is no visible transition between the colors of the sphere, indicating it has not changed its appearance in this context. However, if we consider an idealized scenario where such transitions could occur (like during sunrise/sunset), then option B would be more appropriate as gradual changes typically happen over time rather than instantly.

In reality though, without additional information about how and when these colors were applied or observed, one cannot definitively determine whether they changed ""suddenly"" or ""gradually."" If you're referring specifically to what can be seen here:

**Answer:** B",b,0,,,,motion_o_timeblind_default_random1.json
random,1,none,2000,500,TimeBlind/videos/mcq_vid_00200_0.mp4,How does the cube’s volume change throughout the video? Option A: The cube’s volume varies. Option B: The cube’s volume stays the same throughout the video.,a,B,b,0,,,,motion_o_timeblind_default_random1.json
random,1,none,2001,500,TimeBlind/videos/mcq_vid_00200_1.mp4,How does the cube’s volume change throughout the video? Option A: The cube’s volume varies. Option B: The cube’s volume stays the same throughout the video.,b,B,b,1,,,,motion_o_timeblind_default_random1.json
random,1,none,2002,500,TimeBlind/videos/mcq_vid_00200_0.mp4,How does the cube’s volume change throughout the video? Option A: The cube’s volume stays the same throughout the video. Option B: The cube’s volume varies.,b,A,a,0,,,,motion_o_timeblind_default_random1.json
random,1,none,2003,500,TimeBlind/videos/mcq_vid_00200_1.mp4,How does the cube’s volume change throughout the video? Option A: The cube’s volume stays the same throughout the video. Option B: The cube’s volume varies.,a,A,a,1,,,,motion_o_timeblind_default_random1.json
random,1,none,2004,501,TimeBlind/videos/mcq_vid_00201_0.mp4,How does the volume of the object on the left change over the course of the video? Option A: Its volume decreases. Option B: Its volume increases.,a,B,b,0,,,,motion_o_timeblind_default_random1.json
random,1,none,2005,501,TimeBlind/videos/mcq_vid_00201_1.mp4,How does the volume of the object on the left change over the course of the video? Option A: Its volume decreases. Option B: Its volume increases.,b,"A

The image shows two objects, one is a sphere and the other is a cube. The question asks about how the volume of the spherical object changes throughout the video.

In this case:
- There's no indication that any external forces (like water being added to it) affect its shape.
- No text in the image suggests an increase or decrease in size.
- Since there’s nothing altering the physical properties shown here, we can assume the volume remains constant unless otherwise stated by context not provided within these frames alone.

Therefore based solely upon what visually presented without additional information, option **B** would imply something changing which isn't evident from just observing static images like those given above. Hence, considering only visual evidence:

Answer should be `A`.",a,0,,,,motion_o_timeblind_default_random1.json
random,1,none,2006,501,TimeBlind/videos/mcq_vid_00201_0.mp4,How does the volume of the object on the left change over the course of the video? Option A: Its volume increases. Option B: Its volume decreases.,b,A,a,0,,,,motion_o_timeblind_default_random1.json
random,1,none,2007,501,TimeBlind/videos/mcq_vid_00201_1.mp4,How does the volume of the object on the left change over the course of the video? Option A: Its volume increases. Option B: Its volume decreases.,a,A,a,1,,,,motion_o_timeblind_default_random1.json
random,1,none,2008,502,TimeBlind/videos/mcq_vid_00202_0.mp4,Which sphere changes size in the video? Option A: The sphere on the left. Option B: The sphere on the right.,a,A,a,1,,,,motion_o_timeblind_default_random1.json
random,1,none,2009,502,TimeBlind/videos/mcq_vid_00202_1.mp4,Which sphere changes size in the video? Option A: The sphere on the left. Option B: The sphere on the right.,b,A,a,0,,,,motion_o_timeblind_default_random1.json
random,1,none,2010,502,TimeBlind/videos/mcq_vid_00202_0.mp4,Which sphere changes size in the video? Option A: The sphere on the right. Option B: The sphere on the left.,b,B,b,1,,,,motion_o_timeblind_default_random1.json
random,1,none,2011,502,TimeBlind/videos/mcq_vid_00202_1.mp4,Which sphere changes size in the video? Option A: The sphere on the right. Option B: The sphere on the left.,a,B,b,0,,,,motion_o_timeblind_default_random1.json
random,1,none,2012,503,TimeBlind/videos/mcq_vid_00203_0.mp4,"How do the cube's and sphere's blink rates compare? Option A: The cube blinks faster, and the sphere blinks slower. Option B: The cube blinks slower, and the sphere blinks faster.",a,B,b,0,,,,motion_o_timeblind_default_random1.json
random,1,none,2013,503,TimeBlind/videos/mcq_vid_00203_1.mp4,"How do the cube's and sphere's blink rates compare? Option A: The cube blinks faster, and the sphere blinks slower. Option B: The cube blinks slower, and the sphere blinks faster.",b,B,b,1,,,,motion_o_timeblind_default_random1.json
random,1,none,2014,503,TimeBlind/videos/mcq_vid_00203_0.mp4,"How do the cube's and sphere's blink rates compare? Option A: The cube blinks slower, and the sphere blinks faster. Option B: The cube blinks faster, and the sphere blinks slower.",b,A,a,0,,,,motion_o_timeblind_default_random1.json
random,1,none,2015,503,TimeBlind/videos/mcq_vid_00203_1.mp4,"How do the cube's and sphere's blink rates compare? Option A: The cube blinks slower, and the sphere blinks faster. Option B: The cube blinks faster, and the sphere blinks slower.",a,A,a,1,,,,motion_o_timeblind_default_random1.json
random,1,none,2016,504,TimeBlind/videos/mcq_vid_00204_0.mp4,How do the yellow cube's and yellow sphere's color changes relate in time? Option A: The sphere starts and finishes its color change while the cube is changing color. Option B: The cube and the sphere change color at different times with no overlap.,a,B,b,0,,,,motion_o_timeblind_default_random1.json
random,1,none,2017,504,TimeBlind/videos/mcq_vid_00204_1.mp4,How do the yellow cube's and yellow sphere's color changes relate in time? Option A: The sphere starts and finishes its color change while the cube is changing color. Option B: The cube and the sphere change color at different times with no overlap.,b,"B

The image shows two objects, one orange (a cube) on the left side of the screen and another object that appears to be greenish-yellow but not distinctly spherical due to perspective distortion towards the right edge of the frame.

Since there’s only an initial snapshot provided without any indication of motion or sequence over time within this single still image:

- We cannot determine if either has undergone a color transformation.
  
Therefore based solely upon what we see here:
Option **A** suggests overlapping periods where both might start and finish their respective transformations simultaneously which isn't possible given just static images; 
and option **B**, stating they don’t share these moments, aligns more logically as it implies each could potentially have independent timing for such hypothetical transformations.

However since neither can actually transform colors from our current view alone - hence no definitive answer about relative timings between them exists beyond visual perception limitations inherent when observing still photos. 

Thus, considering options presented purely visually without additional context regarding potential animations etc., I'd lean toward selecting **B**: ""the cube and the sphere change color at different times with no overlap."" This choice assumes independence unless otherwise specified by external factors outside visible frames.",b,1,,,,motion_o_timeblind_default_random1.json
random,1,none,2018,504,TimeBlind/videos/mcq_vid_00204_0.mp4,How do the yellow cube's and yellow sphere's color changes relate in time? Option A: The cube and the sphere change color at different times with no overlap. Option B: The sphere starts and finishes its color change while the cube is changing color.,b,B,b,1,,,,motion_o_timeblind_default_random1.json
random,1,none,2019,504,TimeBlind/videos/mcq_vid_00204_1.mp4,How do the yellow cube's and yellow sphere's color changes relate in time? Option A: The cube and the sphere change color at different times with no overlap. Option B: The sphere starts and finishes its color change while the cube is changing color.,a,B,b,0,,,,motion_o_timeblind_default_random1.json
random,1,none,2020,505,TimeBlind/videos/mcq_vid_00205_0.mp4,"How do the blinking speeds of the top and bottom lights in the video differ? Option A: The top light blinks quickly, and the bottom light blinks slowly. Option B: The top light blinks slowly, and the bottom light blinks quickly.",a,B,b,0,,,,motion_o_timeblind_default_random1.json
random,1,none,2021,505,TimeBlind/videos/mcq_vid_00205_1.mp4,"How do the blinking speeds of the top and bottom lights in the video differ? Option A: The top light blinks quickly, and the bottom light blinks slowly. Option B: The top light blinks slowly, and the bottom light blinks quickly.",b,B,b,1,,,,motion_o_timeblind_default_random1.json
random,1,none,2022,505,TimeBlind/videos/mcq_vid_00205_0.mp4,"How do the blinking speeds of the top and bottom lights in the video differ? Option A: The top light blinks slowly, and the bottom light blinks quickly. Option B: The top light blinks quickly, and the bottom light blinks slowly.",b,B,b,1,,,,motion_o_timeblind_default_random1.json
random,1,none,2023,505,TimeBlind/videos/mcq_vid_00205_1.mp4,"How do the blinking speeds of the top and bottom lights in the video differ? Option A: The top light blinks slowly, and the bottom light blinks quickly. Option B: The top light blinks quickly, and the bottom light blinks slowly.",a,B,b,0,,,,motion_o_timeblind_default_random1.json
random,1,none,2024,506,TimeBlind/videos/mcq_vid_00206_0.mp4,"How do the cone and the sphere's blink rates compare? Option A: The cone blinks at a higher rate, while the sphere blinks at a lower rate. Option B: The cone blinks at a lower rate, while the sphere blinks at a higher rate.",a,B,b,0,,,,motion_o_timeblind_default_random1.json
random,1,none,2025,506,TimeBlind/videos/mcq_vid_00206_1.mp4,"How do the cone and the sphere's blink rates compare? Option A: The cone blinks at a higher rate, while the sphere blinks at a lower rate. Option B: The cone blinks at a lower rate, while the sphere blinks at a higher rate.",b,B,b,1,,,,motion_o_timeblind_default_random1.json
random,1,none,2026,506,TimeBlind/videos/mcq_vid_00206_0.mp4,"How do the cone and the sphere's blink rates compare? Option A: The cone blinks at a lower rate, while the sphere blinks at a higher rate. Option B: The cone blinks at a higher rate, while the sphere blinks at a lower rate.",b,A,a,0,,,,motion_o_timeblind_default_random1.json
random,1,none,2027,506,TimeBlind/videos/mcq_vid_00206_1.mp4,"How do the cone and the sphere's blink rates compare? Option A: The cone blinks at a lower rate, while the sphere blinks at a higher rate. Option B: The cone blinks at a higher rate, while the sphere blinks at a lower rate.",a,A,a,1,,,,motion_o_timeblind_default_random1.json
random,1,none,2028,507,TimeBlind/videos/mcq_vid_00207_0.mp4,"How does the sphere’s color change over time? Option A: It gradually changes from green to yellow, then suddenly changes back to green. Option B: It suddenly changes from green to yellow, then gradually changes back to green.",a,B,b,0,,,,motion_o_timeblind_default_random1.json
random,1,none,2029,507,TimeBlind/videos/mcq_vid_00207_1.mp4,"How does the sphere’s color change over time? Option A: It gradually changes from green to yellow, then suddenly changes back to green. Option B: It suddenly changes from green to yellow, then gradually changes back to green.",b,B,b,1,,,,motion_o_timeblind_default_random1.json
random,1,none,2030,507,TimeBlind/videos/mcq_vid_00207_0.mp4,"How does the sphere’s color change over time? Option A: It suddenly changes from green to yellow, then gradually changes back to green. Option B: It gradually changes from green to yellow, then suddenly changes back to green.",b,B,b,1,,,,motion_o_timeblind_default_random1.json
random,1,none,2031,507,TimeBlind/videos/mcq_vid_00207_1.mp4,"How does the sphere’s color change over time? Option A: It suddenly changes from green to yellow, then gradually changes back to green. Option B: It gradually changes from green to yellow, then suddenly changes back to green.",a,B,b,0,,,,motion_o_timeblind_default_random1.json
random,1,none,2032,508,TimeBlind/videos/mcq_vid_00208_0.mp4,"How long does each object take to change its volume? Option A: The cube changes its volume over a long time, and the cylinder changes its volume in a short time. Option B: The cube changes its volume in a short time, and the cylinder changes its volume over a long time.",a,B,b,0,,,,motion_o_timeblind_default_random1.json
random,1,none,2033,508,TimeBlind/videos/mcq_vid_00208_1.mp4,"How long does each object take to change its volume? Option A: The cube changes its volume over a long time, and the cylinder changes its volume in a short time. Option B: The cube changes its volume in a short time, and the cylinder changes its volume over a long time.",b,A,a,0,,,,motion_o_timeblind_default_random1.json
random,1,none,2034,508,TimeBlind/videos/mcq_vid_00208_0.mp4,"How long does each object take to change its volume? Option A: The cube changes its volume in a short time, and the cylinder changes its volume over a long time. Option B: The cube changes its volume over a long time, and the cylinder changes its volume in a short time.",b,A,a,0,,,,motion_o_timeblind_default_random1.json
random,1,none,2035,508,TimeBlind/videos/mcq_vid_00208_1.mp4,"How long does each object take to change its volume? Option A: The cube changes its volume in a short time, and the cylinder changes its volume over a long time. Option B: The cube changes its volume over a long time, and the cylinder changes its volume in a short time.",a,A,a,1,,,,motion_o_timeblind_default_random1.json
random,1,none,2036,509,TimeBlind/videos/mcq_vid_00209_0.mp4,"Compared to the cylinder, how quickly is the cube's height increasing? Option A: The cube's height is increasing more slowly than the cylinder's. Option B: The cube's height is increasing more quickly than the cylinder's.",a,"A

The image shows two objects with different shapes but similar heights and widths when compared side by side on a black background for visual comparison purposes only (as there’s no indication of actual physical dimensions). However, based solely on their appearance in this context:

- Both appear to have equal heights.
  
Since both objects seem identical except one has an additional dimension that makes it look like they could be cylinders if viewed from certain angles:
  - One object looks rectangular/cubical,
  - Another appears cylindrical.

Given these observations without any scale reference, we can infer visually which shape might grow faster under hypothetical conditions where volume increases over time while maintaining proportions consistent within each form type.

In reality though, neither grows at all since static images don't show motion; thus options about speed aren’t applicable here unless stated otherwise! 

Therefore, considering purely aesthetic perception rather than scientific measurement, **Option** A seems plausible as per initial observation.",a,1,,,,motion_o_timeblind_default_random1.json
random,1,none,2037,509,TimeBlind/videos/mcq_vid_00209_1.mp4,"Compared to the cylinder, how quickly is the cube's height increasing? Option A: The cube's height is increasing more slowly than the cylinder's. Option B: The cube's height is increasing more quickly than the cylinder's.",b,"A

The image shows two objects with no indication of their heights changing over time; they appear static in this frame. However, based on typical geometric properties and without any motion depicted:

- If we consider that both shapes have constant dimensions (as shown), neither would be ""increasing"" at all.
  
Given these observations:
1) Both figures do not show signs of change in size or shape within one snapshot.

Therefore, since there’s nothing indicating an increase for either object from what can be observed here,
the correct answer aligns logically as option **A** where it states 'more slowly'. 

Final Answer: A",a,0,,,,motion_o_timeblind_default_random1.json
random,1,none,2038,509,TimeBlind/videos/mcq_vid_00209_0.mp4,"Compared to the cylinder, how quickly is the cube's height increasing? Option A: The cube's height is increasing more quickly than the cylinder's. Option B: The cube's height is increasing more slowly than the cylinder's.",b,"B

The image shows two objects with no indication of their heights changing over time; they appear static in this context. However, if we were to consider hypothetical scenarios where both shapes could change size:

- If either object was growing taller at all (which isn't depicted), it would depend on whether its growth rate per unit volume matches that of the other.
  
Given only visual information and without any dynamic changes shown:
1) Both have constant dimensions as presented,
2) There’s nothing suggesting one grows faster relative to another.

Thus, based purely on what can be observed here—no growth rates implied—the answer leans towards option **B** since there seems little basis for comparing speeds between them visually. 

If you're looking into real-world physics or math problems involving volumes and scaling factors related specifically to these shapes' properties like surface area vs internal space expansion, further analysis might apply but not from just observing an image alone!",b,1,,,,motion_o_timeblind_default_random1.json
random,1,none,2039,509,TimeBlind/videos/mcq_vid_00209_1.mp4,"Compared to the cylinder, how quickly is the cube's height increasing? Option A: The cube's height is increasing more quickly than the cylinder's. Option B: The cube's height is increasing more slowly than the cylinder's.",a,"B

The image shows two objects with no indication of movement; they appear stationary on a black background. Since there is no motion depicted and both shapes have constant dimensions in this static view, we cannot determine their rates of change from visual inspection alone.

However, if one were asked about hypothetical scenarios where these shapes could be growing at different speeds (which isn't shown here), it would depend entirely on external factors not present within the given context—such as time intervals for growth over which measurements might be taken. Without such information provided by an animation showing changes occurring through time steps, any assertion regarding relative speed increases between them remains speculative based solely upon what can be observed visually without additional data points indicating temporal progression. 

Given that neither object appears dynamic nor does anything suggest varying sizes across frames, option ""A"" stating 'the cube’s height is increasing more quickly' doesn’t align logically since nothing indicates growth happening either way. Therefore, considering only visible attributes like shape size and form stability against each other under identical conditions implies equal rate zero increase per frame - thus making option “B” correct when comparing non-moving entities side-by-side.",b,0,,,,motion_o_timeblind_default_random1.json
random,1,none,2040,510,TimeBlind/videos/mcq_vid_00210_0.mp4,"In the video, the cube bends twice with a brief pause in between. How does the speed of the first bend compare to the second? Option A: The first bend is slower than the second. Option B: The first bend is faster than the second.",a,B,b,0,,,,motion_o_timeblind_default_random1.json
random,1,none,2041,510,TimeBlind/videos/mcq_vid_00210_1.mp4,"In the video, the cube bends twice with a brief pause in between. How does the speed of the first bend compare to the second? Option A: The first bend is slower than the second. Option B: The first bend is faster than the second.",b,B,b,1,,,,motion_o_timeblind_default_random1.json
random,1,none,2042,510,TimeBlind/videos/mcq_vid_00210_0.mp4,"In the video, the cube bends twice with a brief pause in between. How does the speed of the first bend compare to the second? Option A: The first bend is faster than the second. Option B: The first bend is slower than the second.",b,B,b,1,,,,motion_o_timeblind_default_random1.json
random,1,none,2043,510,TimeBlind/videos/mcq_vid_00210_1.mp4,"In the video, the cube bends twice with a brief pause in between. How does the speed of the first bend compare to the second? Option A: The first bend is faster than the second. Option B: The first bend is slower than the second.",a,"A

The description indicates that there was ""a brief pause"" after one bending action and before another occurred. This suggests that the first bend happened more quickly compared to the time it took for both actions (bend-pause-bend) combined.

Therefore:
- If we assume each bend takes some amount \( t \), then having two bends separated by a pause implies at least three intervals where something happens.
  
Let's denote these as follows:

1st Bend: Time taken = \( T_1 \)
Pause 2nd Bend: Time taken + Pause duration = \( P_{pause}+T_2\)

Given this sequence, if they were equal speeds but had different durations due only to pauses, the shorter interval would be quicker overall because less total time elapsed during its occurrence relative to other events happening simultaneously within those timespans.

Thus based on provided information about timing differences, option **B** seems incorrect since no explicit mention exists regarding any slowing down post initial event; hence, the natural assumption aligns better towards option **A**, indicating the first bend being faster considering fewer delays involved initially.",a,1,,,,motion_o_timeblind_default_random1.json
random,1,none,2044,511,TimeBlind/videos/mcq_vid_00211_0.mp4,How does the cylinder's color transition from pink to red in the video? Option A: It changes gradually. Option B: It changes abruptly.,a,A,a,1,,,,motion_o_timeblind_default_random1.json
random,1,none,2045,511,TimeBlind/videos/mcq_vid_00211_1.mp4,How does the cylinder's color transition from pink to red in the video? Option A: It changes gradually. Option B: It changes abruptly.,b,A,a,0,,,,motion_o_timeblind_default_random1.json
random,1,none,2046,511,TimeBlind/videos/mcq_vid_00211_0.mp4,How does the cylinder's color transition from pink to red in the video? Option A: It changes abruptly. Option B: It changes gradually.,b,B,b,1,,,,motion_o_timeblind_default_random1.json
random,1,none,2047,511,TimeBlind/videos/mcq_vid_00211_1.mp4,How does the cylinder's color transition from pink to red in the video? Option A: It changes abruptly. Option B: It changes gradually.,a,B,b,0,,,,motion_o_timeblind_default_random1.json
random,1,none,2048,512,TimeBlind/videos/mcq_vid_00212_0.mp4,How does the color of the left sphere change? Option A: It changes from yellow to white. Option B: It changes from white to yellow.,a,B,b,0,,,,motion_o_timeblind_default_random1.json
random,1,none,2049,512,TimeBlind/videos/mcq_vid_00212_1.mp4,How does the color of the left sphere change? Option A: It changes from yellow to white. Option B: It changes from white to yellow.,b,A,a,0,,,,motion_o_timeblind_default_random1.json
random,1,none,2050,512,TimeBlind/videos/mcq_vid_00212_0.mp4,How does the color of the left sphere change? Option A: It changes from white to yellow. Option B: It changes from yellow to white.,b,B,b,1,,,,motion_o_timeblind_default_random1.json
random,1,none,2051,512,TimeBlind/videos/mcq_vid_00212_1.mp4,How does the color of the left sphere change? Option A: It changes from white to yellow. Option B: It changes from yellow to white.,a,A,a,1,,,,motion_o_timeblind_default_random1.json
random,1,none,2052,513,TimeBlind/videos/mcq_vid_00213_0.mp4,What happens to the color of the object on the right in the video? Option A: The object's color changes. Option B: The object's color does not change.,a,B,b,0,,,,motion_o_timeblind_default_random1.json
random,1,none,2053,513,TimeBlind/videos/mcq_vid_00213_1.mp4,What happens to the color of the object on the right in the video? Option A: The object's color changes. Option B: The object's color does not change.,b,B,b,1,,,,motion_o_timeblind_default_random1.json
random,1,none,2054,513,TimeBlind/videos/mcq_vid_00213_0.mp4,What happens to the color of the object on the right in the video? Option A: The object's color does not change. Option B: The object's color changes.,b,B,b,1,,,,motion_o_timeblind_default_random1.json
random,1,none,2055,513,TimeBlind/videos/mcq_vid_00213_1.mp4,What happens to the color of the object on the right in the video? Option A: The object's color does not change. Option B: The object's color changes.,a,B,b,0,,,,motion_o_timeblind_default_random1.json
random,1,none,2056,514,TimeBlind/videos/mcq_vid_00214_0.mp4,What happens after the sphere gradually changes from yellow to red? Option A: It immediately changes back to yellow. Option B: It stays red for a while before changing back to yellow.,a,B,b,0,,,,motion_o_timeblind_default_random1.json
random,1,none,2057,514,TimeBlind/videos/mcq_vid_00214_1.mp4,What happens after the sphere gradually changes from yellow to red? Option A: It immediately changes back to yellow. Option B: It stays red for a while before changing back to yellow.,b,B,b,1,,,,motion_o_timeblind_default_random1.json
random,1,none,2058,514,TimeBlind/videos/mcq_vid_00214_0.mp4,What happens after the sphere gradually changes from yellow to red? Option A: It stays red for a while before changing back to yellow. Option B: It immediately changes back to yellow.,b,B,b,1,,,,motion_o_timeblind_default_random1.json
random,1,none,2059,514,TimeBlind/videos/mcq_vid_00214_1.mp4,What happens after the sphere gradually changes from yellow to red? Option A: It stays red for a while before changing back to yellow. Option B: It immediately changes back to yellow.,a,B,b,0,,,,motion_o_timeblind_default_random1.json
random,1,none,2060,515,TimeBlind/videos/mcq_vid_00215_0.mp4,"The first time it bends, about how many degrees does the cylinder bend? Option A: About 30 degrees. Option B: About 60 degrees.",a,B,b,0,,,,motion_o_timeblind_default_random1.json
random,1,none,2061,515,TimeBlind/videos/mcq_vid_00215_1.mp4,"The first time it bends, about how many degrees does the cylinder bend? Option A: About 30 degrees. Option B: About 60 degrees.",b,B,b,1,,,,motion_o_timeblind_default_random1.json
random,1,none,2062,515,TimeBlind/videos/mcq_vid_00215_0.mp4,"The first time it bends, about how many degrees does the cylinder bend? Option A: About 60 degrees. Option B: About 30 degrees.",b,B,b,1,,,,motion_o_timeblind_default_random1.json
random,1,none,2063,515,TimeBlind/videos/mcq_vid_00215_1.mp4,"The first time it bends, about how many degrees does the cylinder bend? Option A: About 60 degrees. Option B: About 30 degrees.",a,A,a,1,,,,motion_o_timeblind_default_random1.json
random,1,none,2064,516,TimeBlind/videos/mcq_vid_00216_0.mp4,What does the person do with the cup while pouring milk into the coffee? Option A: The person doesn't shake the cup. Option B: The person keeps shaking the cup.,a,A,a,1,,,,motion_o_timeblind_default_random1.json
random,1,none,2065,516,TimeBlind/videos/mcq_vid_00216_1.mp4,What does the person do with the cup while pouring milk into the coffee? Option A: The person doesn't shake the cup. Option B: The person keeps shaking the cup.,b,A,a,0,,,,motion_o_timeblind_default_random1.json
random,1,none,2066,516,TimeBlind/videos/mcq_vid_00216_0.mp4,What does the person do with the cup while pouring milk into the coffee? Option A: The person keeps shaking the cup. Option B: The person doesn't shake the cup.,b,B,b,1,,,,motion_o_timeblind_default_random1.json
random,1,none,2067,516,TimeBlind/videos/mcq_vid_00216_1.mp4,What does the person do with the cup while pouring milk into the coffee? Option A: The person keeps shaking the cup. Option B: The person doesn't shake the cup.,a,B,b,0,,,,motion_o_timeblind_default_random1.json
random,1,none,2068,517,TimeBlind/videos/mcq_vid_00217_0.mp4,How many times does the person lift the dumbbell in the video? Option A: Three times. Option B: Four times.,a,A,a,1,,,,motion_o_timeblind_default_random1.json
random,1,none,2069,517,TimeBlind/videos/mcq_vid_00217_1.mp4,How many times does the person lift the dumbbell in the video? Option A: Three times. Option B: Four times.,b,A,a,0,,,,motion_o_timeblind_default_random1.json
random,1,none,2070,517,TimeBlind/videos/mcq_vid_00217_0.mp4,How many times does the person lift the dumbbell in the video? Option A: Four times. Option B: Three times.,b,B,b,1,,,,motion_o_timeblind_default_random1.json
random,1,none,2071,517,TimeBlind/videos/mcq_vid_00217_1.mp4,How many times does the person lift the dumbbell in the video? Option A: Four times. Option B: Three times.,a,B,b,0,,,,motion_o_timeblind_default_random1.json
random,1,none,2072,518,TimeBlind/videos/mcq_vid_00218_0.mp4,Which way is the screen swiped? Option A: To the right. Option B: To the left.,a,A,a,1,,,,motion_o_timeblind_default_random1.json
random,1,none,2073,518,TimeBlind/videos/mcq_vid_00218_1.mp4,Which way is the screen swiped? Option A: To the right. Option B: To the left.,b,B,b,1,,,,motion_o_timeblind_default_random1.json
random,1,none,2074,518,TimeBlind/videos/mcq_vid_00218_0.mp4,Which way is the screen swiped? Option A: To the left. Option B: To the right.,b,A,a,0,,,,motion_o_timeblind_default_random1.json
random,1,none,2075,518,TimeBlind/videos/mcq_vid_00218_1.mp4,Which way is the screen swiped? Option A: To the left. Option B: To the right.,a,A,a,1,,,,motion_o_timeblind_default_random1.json
random,1,none,2076,519,TimeBlind/videos/mcq_vid_00219_0.mp4,Which direction is the bottle cap being twisted? Option A: Clockwise. Option B: Counterclockwise.,a,A,a,1,,,,motion_o_timeblind_default_random1.json
random,1,none,2077,519,TimeBlind/videos/mcq_vid_00219_1.mp4,Which direction is the bottle cap being twisted? Option A: Clockwise. Option B: Counterclockwise.,b,A,a,0,,,,motion_o_timeblind_default_random1.json
random,1,none,2078,519,TimeBlind/videos/mcq_vid_00219_0.mp4,Which direction is the bottle cap being twisted? Option A: Counterclockwise. Option B: Clockwise.,b,B,b,1,,,,motion_o_timeblind_default_random1.json
random,1,none,2079,519,TimeBlind/videos/mcq_vid_00219_1.mp4,Which direction is the bottle cap being twisted? Option A: Counterclockwise. Option B: Clockwise.,a,B,b,0,,,,motion_o_timeblind_default_random1.json
random,1,none,2080,520,TimeBlind/videos/mcq_vid_00220_0.mp4,What stage of the free throw is the man in? Option A: He is still preparing to shoot. Option B: He has successfully made the shot.,a,A,a,1,,,,motion_o_timeblind_default_random1.json
random,1,none,2081,520,TimeBlind/videos/mcq_vid_00220_1.mp4,What stage of the free throw is the man in? Option A: He is still preparing to shoot. Option B: He has successfully made the shot.,b,A,a,0,,,,motion_o_timeblind_default_random1.json
random,1,none,2082,520,TimeBlind/videos/mcq_vid_00220_0.mp4,What stage of the free throw is the man in? Option A: He has successfully made the shot. Option B: He is still preparing to shoot.,b,B,b,1,,,,motion_o_timeblind_default_random1.json
random,1,none,2083,520,TimeBlind/videos/mcq_vid_00220_1.mp4,What stage of the free throw is the man in? Option A: He has successfully made the shot. Option B: He is still preparing to shoot.,a,B,b,0,,,,motion_o_timeblind_default_random1.json
random,1,none,2084,521,TimeBlind/videos/mcq_vid_00221_0.mp4,What happens on the boy’s first attempt in the video? Option A: The boy makes the basket on the first try. Option B: The boy misses the basket on the first try.,a,B,b,0,,,,motion_o_timeblind_default_random1.json
random,1,none,2085,521,TimeBlind/videos/mcq_vid_00221_1.mp4,What happens on the boy’s first attempt in the video? Option A: The boy makes the basket on the first try. Option B: The boy misses the basket on the first try.,b,B,b,1,,,,motion_o_timeblind_default_random1.json
random,1,none,2086,521,TimeBlind/videos/mcq_vid_00221_0.mp4,What happens on the boy’s first attempt in the video? Option A: The boy misses the basket on the first try. Option B: The boy makes the basket on the first try.,b,A,a,0,,,,motion_o_timeblind_default_random1.json
random,1,none,2087,521,TimeBlind/videos/mcq_vid_00221_1.mp4,What happens on the boy’s first attempt in the video? Option A: The boy misses the basket on the first try. Option B: The boy makes the basket on the first try.,a,A,a,1,,,,motion_o_timeblind_default_random1.json
random,1,none,2088,522,TimeBlind/videos/mcq_vid_00222_0.mp4,"How does the person walk forward in the video? Option A: The person walks forward slowly at first, then speeds up. Option B: The person walks forward quickly at first, then slows down.",a,A,a,1,,,,motion_o_timeblind_default_random1.json
random,1,none,2089,522,TimeBlind/videos/mcq_vid_00222_1.mp4,"How does the person walk forward in the video? Option A: The person walks forward slowly at first, then speeds up. Option B: The person walks forward quickly at first, then slows down.",b,A,a,0,,,,motion_o_timeblind_default_random1.json
random,1,none,2090,522,TimeBlind/videos/mcq_vid_00222_0.mp4,"How does the person walk forward in the video? Option A: The person walks forward quickly at first, then slows down. Option B: The person walks forward slowly at first, then speeds up.",b,B,b,1,,,,motion_o_timeblind_default_random1.json
random,1,none,2091,522,TimeBlind/videos/mcq_vid_00222_1.mp4,"How does the person walk forward in the video? Option A: The person walks forward quickly at first, then slows down. Option B: The person walks forward slowly at first, then speeds up.",a,B,b,0,,,,motion_o_timeblind_default_random1.json
random,1,none,2092,523,TimeBlind/videos/mcq_vid_00223_0.mp4,Which direction is the screen swiped? Option A: The screen is swiped up. Option B: The screen is swiped down.,a,B,b,0,,,,motion_o_timeblind_default_random1.json
random,1,none,2093,523,TimeBlind/videos/mcq_vid_00223_1.mp4,Which direction is the screen swiped? Option A: The screen is swiped up. Option B: The screen is swiped down.,b,B,b,1,,,,motion_o_timeblind_default_random1.json
random,1,none,2094,523,TimeBlind/videos/mcq_vid_00223_0.mp4,Which direction is the screen swiped? Option A: The screen is swiped down. Option B: The screen is swiped up.,b,A,a,0,,,,motion_o_timeblind_default_random1.json
random,1,none,2095,523,TimeBlind/videos/mcq_vid_00223_1.mp4,Which direction is the screen swiped? Option A: The screen is swiped down. Option B: The screen is swiped up.,a,A,a,1,,,,motion_o_timeblind_default_random1.json
random,1,none,2096,524,TimeBlind/videos/mcq_vid_00224_0.mp4,What does the person in the video do with the T-shirt? Option A: The person fully folds the T-shirt. Option B: The person does not fully fold the T-shirt.,a,B,b,0,,,,motion_o_timeblind_default_random1.json
random,1,none,2097,524,TimeBlind/videos/mcq_vid_00224_1.mp4,What does the person in the video do with the T-shirt? Option A: The person fully folds the T-shirt. Option B: The person does not fully fold the T-shirt.,b,B,b,1,,,,motion_o_timeblind_default_random1.json
random,1,none,2098,524,TimeBlind/videos/mcq_vid_00224_0.mp4,What does the person in the video do with the T-shirt? Option A: The person does not fully fold the T-shirt. Option B: The person fully folds the T-shirt.,b,B,b,1,,,,motion_o_timeblind_default_random1.json
random,1,none,2099,524,TimeBlind/videos/mcq_vid_00224_1.mp4,What does the person in the video do with the T-shirt? Option A: The person does not fully fold the T-shirt. Option B: The person fully folds the T-shirt.,a,A,a,1,,,,motion_o_timeblind_default_random1.json
random,1,none,2100,525,TimeBlind/videos/mcq_vid_00225_0.mp4,Which timing description matches what you see? Option A: The top strip finishes before the bottom strip turns on. Option B: The bottom strip turns on while the top strip is still lit.,a,B,b,0,,,,motion_o_timeblind_default_random1.json
random,1,none,2101,525,TimeBlind/videos/mcq_vid_00225_1.mp4,Which timing description matches what you see? Option A: The top strip finishes before the bottom strip turns on. Option B: The bottom strip turns on while the top strip is still lit.,b,B,b,1,,,,motion_o_timeblind_default_random1.json
random,1,none,2102,525,TimeBlind/videos/mcq_vid_00225_0.mp4,Which timing description matches what you see? Option A: The bottom strip turns on while the top strip is still lit. Option B: The top strip finishes before the bottom strip turns on.,b,B,b,1,,,,motion_o_timeblind_default_random1.json
random,1,none,2103,525,TimeBlind/videos/mcq_vid_00225_1.mp4,Which timing description matches what you see? Option A: The bottom strip turns on while the top strip is still lit. Option B: The top strip finishes before the bottom strip turns on.,a,B,b,0,,,,motion_o_timeblind_default_random1.json
random,1,none,2104,526,TimeBlind/videos/mcq_vid_00226_0.mp4,What’s true about the moment the top strip turns off? Option A: The bottom strip turns on at that exact moment. Option B: The bottom strip is already on before that moment.,a,B,b,0,,,,motion_o_timeblind_default_random1.json
random,1,none,2105,526,TimeBlind/videos/mcq_vid_00226_1.mp4,What’s true about the moment the top strip turns off? Option A: The bottom strip turns on at that exact moment. Option B: The bottom strip is already on before that moment.,b,B,b,1,,,,motion_o_timeblind_default_random1.json
random,1,none,2106,526,TimeBlind/videos/mcq_vid_00226_0.mp4,What’s true about the moment the top strip turns off? Option A: The bottom strip is already on before that moment. Option B: The bottom strip turns on at that exact moment.,b,B,b,1,,,,motion_o_timeblind_default_random1.json
random,1,none,2107,526,TimeBlind/videos/mcq_vid_00226_1.mp4,What’s true about the moment the top strip turns off? Option A: The bottom strip is already on before that moment. Option B: The bottom strip turns on at that exact moment.,a,B,b,0,,,,motion_o_timeblind_default_random1.json
random,1,none,2108,527,TimeBlind/videos/mcq_vid_00227_0.mp4,"Which start-and-end pattern matches the video? Option A: The top strip starts first, but the bottom strip ends last. Option B: The bottom strip starts first, but the top strip ends last.",a,B,b,0,,,,motion_o_timeblind_default_random1.json
random,1,none,2109,527,TimeBlind/videos/mcq_vid_00227_1.mp4,"Which start-and-end pattern matches the video? Option A: The top strip starts first, but the bottom strip ends last. Option B: The bottom strip starts first, but the top strip ends last.",b,B,b,1,,,,motion_o_timeblind_default_random1.json
random,1,none,2110,527,TimeBlind/videos/mcq_vid_00227_0.mp4,"Which start-and-end pattern matches the video? Option A: The bottom strip starts first, but the top strip ends last. Option B: The top strip starts first, but the bottom strip ends last.",b,B,b,1,,,,motion_o_timeblind_default_random1.json
random,1,none,2111,527,TimeBlind/videos/mcq_vid_00227_1.mp4,"Which start-and-end pattern matches the video? Option A: The bottom strip starts first, but the top strip ends last. Option B: The top strip starts first, but the bottom strip ends last.",a,B,b,0,,,,motion_o_timeblind_default_random1.json
random,1,none,2112,528,TimeBlind/videos/mcq_vid_00228_0.mp4,"After both strips turn on together, what happens next? Option A: The bottom strip stays lit longer than the top strip. Option B: The top strip stays lit longer than the bottom strip.",a,B,b,0,,,,motion_o_timeblind_default_random1.json
random,1,none,2113,528,TimeBlind/videos/mcq_vid_00228_1.mp4,"After both strips turn on together, what happens next? Option A: The bottom strip stays lit longer than the top strip. Option B: The top strip stays lit longer than the bottom strip.",b,B,b,1,,,,motion_o_timeblind_default_random1.json
random,1,none,2114,528,TimeBlind/videos/mcq_vid_00228_0.mp4,"After both strips turn on together, what happens next? Option A: The top strip stays lit longer than the bottom strip. Option B: The bottom strip stays lit longer than the top strip.",b,B,b,1,,,,motion_o_timeblind_default_random1.json
random,1,none,2115,528,TimeBlind/videos/mcq_vid_00228_1.mp4,"After both strips turn on together, what happens next? Option A: The top strip stays lit longer than the bottom strip. Option B: The bottom strip stays lit longer than the top strip.",a,B,b,0,,,,motion_o_timeblind_default_random1.json
random,1,none,2116,529,TimeBlind/videos/mcq_vid_00229_0.mp4,"They turn off at the same time. Which description fits the beginning? Option A: The bottom strip turns on first, then the top strip joins later. Option B: The top strip turns on first, then the bottom strip joins later.",a,B,b,0,,,,motion_o_timeblind_default_random1.json
random,1,none,2117,529,TimeBlind/videos/mcq_vid_00229_1.mp4,"They turn off at the same time. Which description fits the beginning? Option A: The bottom strip turns on first, then the top strip joins later. Option B: The top strip turns on first, then the bottom strip joins later.",b,B,b,1,,,,motion_o_timeblind_default_random1.json
random,1,none,2118,529,TimeBlind/videos/mcq_vid_00229_0.mp4,"They turn off at the same time. Which description fits the beginning? Option A: The top strip turns on first, then the bottom strip joins later. Option B: The bottom strip turns on first, then the top strip joins later.",b,B,b,1,,,,motion_o_timeblind_default_random1.json
random,1,none,2119,529,TimeBlind/videos/mcq_vid_00229_1.mp4,"They turn off at the same time. Which description fits the beginning? Option A: The top strip turns on first, then the bottom strip joins later. Option B: The bottom strip turns on first, then the top strip joins later.",a,B,b,0,,,,motion_o_timeblind_default_random1.json
random,1,none,2120,530,TimeBlind/videos/mcq_vid_00230_0.mp4,Which strip’s on-time fully covers the other strip’s on-time? Option A: The bottom strip covers the entire time the top strip is lit. Option B: The top strip covers the entire time the bottom strip is lit.,a,B,b,0,,,,motion_o_timeblind_default_random1.json
random,1,none,2121,530,TimeBlind/videos/mcq_vid_00230_1.mp4,Which strip’s on-time fully covers the other strip’s on-time? Option A: The bottom strip covers the entire time the top strip is lit. Option B: The top strip covers the entire time the bottom strip is lit.,b,B,b,1,,,,motion_o_timeblind_default_random1.json
random,1,none,2122,530,TimeBlind/videos/mcq_vid_00230_0.mp4,Which strip’s on-time fully covers the other strip’s on-time? Option A: The top strip covers the entire time the bottom strip is lit. Option B: The bottom strip covers the entire time the top strip is lit.,b,B,b,1,,,,motion_o_timeblind_default_random1.json
random,1,none,2123,530,TimeBlind/videos/mcq_vid_00230_1.mp4,Which strip’s on-time fully covers the other strip’s on-time? Option A: The top strip covers the entire time the bottom strip is lit. Option B: The bottom strip covers the entire time the top strip is lit.,a,B,b,0,,,,motion_o_timeblind_default_random1.json
random,1,none,2124,531,TimeBlind/videos/mcq_vid_00231_0.mp4,Which overall timing pattern matches the video? Option A: The two strips are perfectly synchronized from start to finish. Option B: The top strip finishes before the bottom strip starts.,a,A,a,1,,,,motion_o_timeblind_default_random1.json
random,1,none,2125,531,TimeBlind/videos/mcq_vid_00231_1.mp4,Which overall timing pattern matches the video? Option A: The two strips are perfectly synchronized from start to finish. Option B: The top strip finishes before the bottom strip starts.,b,B,b,1,,,,motion_o_timeblind_default_random1.json
random,1,none,2126,531,TimeBlind/videos/mcq_vid_00231_0.mp4,Which overall timing pattern matches the video? Option A: The top strip finishes before the bottom strip starts. Option B: The two strips are perfectly synchronized from start to finish.,b,B,b,1,,,,motion_o_timeblind_default_random1.json
random,1,none,2127,531,TimeBlind/videos/mcq_vid_00231_1.mp4,Which overall timing pattern matches the video? Option A: The top strip finishes before the bottom strip starts. Option B: The two strips are perfectly synchronized from start to finish.,a,B,b,0,,,,motion_o_timeblind_default_random1.json
random,1,none,2128,532,TimeBlind/videos/mcq_vid_00232_0.mp4,"What best describes the handoff from bottom to top? Option A: The top strip turns on the instant the bottom strip turns off. Option B: The bottom strip ends, and the top strip turns on after a noticeable gap.",a,B,b,0,,,,motion_o_timeblind_default_random1.json
random,1,none,2129,532,TimeBlind/videos/mcq_vid_00232_1.mp4,"What best describes the handoff from bottom to top? Option A: The top strip turns on the instant the bottom strip turns off. Option B: The bottom strip ends, and the top strip turns on after a noticeable gap.",b,B,b,1,,,,motion_o_timeblind_default_random1.json
random,1,none,2130,532,TimeBlind/videos/mcq_vid_00232_0.mp4,"What best describes the handoff from bottom to top? Option A: The bottom strip ends, and the top strip turns on after a noticeable gap. Option B: The top strip turns on the instant the bottom strip turns off.",b,B,b,1,,,,motion_o_timeblind_default_random1.json
random,1,none,2131,532,TimeBlind/videos/mcq_vid_00232_1.mp4,"What best describes the handoff from bottom to top? Option A: The bottom strip ends, and the top strip turns on after a noticeable gap. Option B: The top strip turns on the instant the bottom strip turns off.",a,B,b,0,,,,motion_o_timeblind_default_random1.json
random,1,none,2132,533,TimeBlind/videos/mcq_vid_00233_0.mp4,"Which description matches the transition between the two strips? Option A: The bottom strip finishes, then the top strip turns on later. Option B: The bottom strip turns on immediately as the top strip turns off.",a,B,b,0,,,,motion_o_timeblind_default_random1.json
random,1,none,2133,533,TimeBlind/videos/mcq_vid_00233_1.mp4,"Which description matches the transition between the two strips? Option A: The bottom strip finishes, then the top strip turns on later. Option B: The bottom strip turns on immediately as the top strip turns off.",b,B,b,1,,,,motion_o_timeblind_default_random1.json
random,1,none,2134,533,TimeBlind/videos/mcq_vid_00233_0.mp4,"Which description matches the transition between the two strips? Option A: The bottom strip turns on immediately as the top strip turns off. Option B: The bottom strip finishes, then the top strip turns on later.",b,B,b,1,,,,motion_o_timeblind_default_random1.json
random,1,none,2135,533,TimeBlind/videos/mcq_vid_00233_1.mp4,"Which description matches the transition between the two strips? Option A: The bottom strip turns on immediately as the top strip turns off. Option B: The bottom strip finishes, then the top strip turns on later.",a,B,b,0,,,,motion_o_timeblind_default_random1.json
random,1,none,2136,534,TimeBlind/videos/mcq_vid_00234_0.mp4,How does the top strip relate to the bottom strip’s on-time? Option A: The top strip stays on for the entire time the bottom strip is lit. Option B: The top strip turns off before the bottom strip is done.,a,B,b,0,,,,motion_o_timeblind_default_random1.json
random,1,none,2137,534,TimeBlind/videos/mcq_vid_00234_1.mp4,How does the top strip relate to the bottom strip’s on-time? Option A: The top strip stays on for the entire time the bottom strip is lit. Option B: The top strip turns off before the bottom strip is done.,b,B,b,1,,,,motion_o_timeblind_default_random1.json
random,1,none,2138,534,TimeBlind/videos/mcq_vid_00234_0.mp4,How does the top strip relate to the bottom strip’s on-time? Option A: The top strip turns off before the bottom strip is done. Option B: The top strip stays on for the entire time the bottom strip is lit.,b,A,a,0,,,,motion_o_timeblind_default_random1.json
random,1,none,2139,534,TimeBlind/videos/mcq_vid_00234_1.mp4,How does the top strip relate to the bottom strip’s on-time? Option A: The top strip turns off before the bottom strip is done. Option B: The top strip stays on for the entire time the bottom strip is lit.,a,A,a,1,,,,motion_o_timeblind_default_random1.json
random,1,none,2140,535,TimeBlind/videos/mcq_vid_00235_0.mp4,Which description best matches the start of the top strip? Option A: The top and bottom strips turn on together. Option B: The bottom strip is already on before the top strip turns on.,a,B,b,0,,,,motion_o_timeblind_default_random1.json
random,1,none,2141,535,TimeBlind/videos/mcq_vid_00235_1.mp4,Which description best matches the start of the top strip? Option A: The top and bottom strips turn on together. Option B: The bottom strip is already on before the top strip turns on.,b,B,b,1,,,,motion_o_timeblind_default_random1.json
random,1,none,2142,535,TimeBlind/videos/mcq_vid_00235_0.mp4,Which description best matches the start of the top strip? Option A: The bottom strip is already on before the top strip turns on. Option B: The top and bottom strips turn on together.,b,B,b,1,,,,motion_o_timeblind_default_random1.json
random,1,none,2143,535,TimeBlind/videos/mcq_vid_00235_1.mp4,Which description best matches the start of the top strip? Option A: The bottom strip is already on before the top strip turns on. Option B: The top and bottom strips turn on together.,a,A,a,1,,,,motion_o_timeblind_default_random1.json
random,1,none,2144,536,TimeBlind/videos/mcq_vid_00236_0.mp4,Which ending pattern matches the video? Option A: Both strips turn off at the same time. Option B: The bottom strip stays on after the top strip turns off.,a,B,b,0,,,,motion_o_timeblind_default_random1.json
random,1,none,2145,536,TimeBlind/videos/mcq_vid_00236_1.mp4,Which ending pattern matches the video? Option A: Both strips turn off at the same time. Option B: The bottom strip stays on after the top strip turns off.,b,B,b,1,,,,motion_o_timeblind_default_random1.json
random,1,none,2146,536,TimeBlind/videos/mcq_vid_00236_0.mp4,Which ending pattern matches the video? Option A: The bottom strip stays on after the top strip turns off. Option B: Both strips turn off at the same time.,b,B,b,1,,,,motion_o_timeblind_default_random1.json
random,1,none,2147,536,TimeBlind/videos/mcq_vid_00236_1.mp4,Which ending pattern matches the video? Option A: The bottom strip stays on after the top strip turns off. Option B: Both strips turn off at the same time.,a,B,b,0,,,,motion_o_timeblind_default_random1.json
random,1,none,2148,537,TimeBlind/videos/mcq_vid_00237_0.mp4,What happens when the top strip turns off? Option A: The bottom strip turns off at the same moment. Option B: The bottom strip stays on after the top strip turns off.,a,B,b,0,,,,motion_o_timeblind_default_random1.json
random,1,none,2149,537,TimeBlind/videos/mcq_vid_00237_1.mp4,What happens when the top strip turns off? Option A: The bottom strip turns off at the same moment. Option B: The bottom strip stays on after the top strip turns off.,b,B,b,1,,,,motion_o_timeblind_default_random1.json
random,1,none,2150,537,TimeBlind/videos/mcq_vid_00237_0.mp4,What happens when the top strip turns off? Option A: The bottom strip stays on after the top strip turns off. Option B: The bottom strip turns off at the same moment.,b,B,b,1,,,,motion_o_timeblind_default_random1.json
random,1,none,2151,537,TimeBlind/videos/mcq_vid_00237_1.mp4,What happens when the top strip turns off? Option A: The bottom strip stays on after the top strip turns off. Option B: The bottom strip turns off at the same moment.,a,B,b,0,,,,motion_o_timeblind_default_random1.json
random,1,none,2152,538,TimeBlind/videos/mcq_vid_00238_0.mp4,"Which timing description matches the video? Option A: The bottom strip turns on exactly when the top strip turns off. Option B: The bottom strip starts first, overlaps the top, and the top continues afterward.",a,B,b,0,,,,motion_o_timeblind_default_random1.json
random,1,none,2153,538,TimeBlind/videos/mcq_vid_00238_1.mp4,"Which timing description matches the video? Option A: The bottom strip turns on exactly when the top strip turns off. Option B: The bottom strip starts first, overlaps the top, and the top continues afterward.",b,B,b,1,,,,motion_o_timeblind_default_random1.json
random,1,none,2154,538,TimeBlind/videos/mcq_vid_00238_0.mp4,"Which timing description matches the video? Option A: The bottom strip starts first, overlaps the top, and the top continues afterward. Option B: The bottom strip turns on exactly when the top strip turns off.",b,A,a,0,,,,motion_o_timeblind_default_random1.json
random,1,none,2155,538,TimeBlind/videos/mcq_vid_00238_1.mp4,"Which timing description matches the video? Option A: The bottom strip starts first, overlaps the top, and the top continues afterward. Option B: The bottom strip turns on exactly when the top strip turns off.",a,A,a,1,,,,motion_o_timeblind_default_random1.json
random,1,none,2156,539,TimeBlind/videos/mcq_vid_00239_0.mp4,"Which description best matches the gap (or lack of one) between the strips? Option A: The top strip ends, then the bottom strip turns on later after a pause. Option B: The bottom strip ends at the exact moment the top strip turns on.",a,B,b,0,,,,motion_o_timeblind_default_random1.json
random,1,none,2157,539,TimeBlind/videos/mcq_vid_00239_1.mp4,"Which description best matches the gap (or lack of one) between the strips? Option A: The top strip ends, then the bottom strip turns on later after a pause. Option B: The bottom strip ends at the exact moment the top strip turns on.",b,B,b,1,,,,motion_o_timeblind_default_random1.json
random,1,none,2158,539,TimeBlind/videos/mcq_vid_00239_0.mp4,"Which description best matches the gap (or lack of one) between the strips? Option A: The bottom strip ends at the exact moment the top strip turns on. Option B: The top strip ends, then the bottom strip turns on later after a pause.",b,B,b,1,,,,motion_o_timeblind_default_random1.json
random,1,none,2159,539,TimeBlind/videos/mcq_vid_00239_1.mp4,"Which description best matches the gap (or lack of one) between the strips? Option A: The bottom strip ends at the exact moment the top strip turns on. Option B: The top strip ends, then the bottom strip turns on later after a pause.",a,B,b,0,,,,motion_o_timeblind_default_random1.json
random,1,none,2160,540,TimeBlind/videos/mcq_vid_00240_0.mp4,"Which description best matches how closely the strips are synchronized? Option A: They start together, but the bottom strip stays on longer. Option B: They turn on and off together for the entire sequence.",a,B,b,0,,,,motion_o_timeblind_default_random1.json
random,1,none,2161,540,TimeBlind/videos/mcq_vid_00240_1.mp4,"Which description best matches how closely the strips are synchronized? Option A: They start together, but the bottom strip stays on longer. Option B: They turn on and off together for the entire sequence.",b,B,b,1,,,,motion_o_timeblind_default_random1.json
random,1,none,2162,540,TimeBlind/videos/mcq_vid_00240_0.mp4,"Which description best matches how closely the strips are synchronized? Option A: They turn on and off together for the entire sequence. Option B: They start together, but the bottom strip stays on longer.",b,B,b,1,,,,motion_o_timeblind_default_random1.json
random,1,none,2163,540,TimeBlind/videos/mcq_vid_00240_1.mp4,"Which description best matches how closely the strips are synchronized? Option A: They turn on and off together for the entire sequence. Option B: They start together, but the bottom strip stays on longer.",a,B,b,0,,,,motion_o_timeblind_default_random1.json
random,1,none,2164,541,TimeBlind/videos/mcq_vid_00241_0.mp4,How does the bottom strip relate to the top strip’s on-time? Option A: The bottom strip is already on when the top strip turns on. Option B: The bottom strip turns on right when the top strip turns off.,a,B,b,0,,,,motion_o_timeblind_default_random1.json
random,1,none,2165,541,TimeBlind/videos/mcq_vid_00241_1.mp4,How does the bottom strip relate to the top strip’s on-time? Option A: The bottom strip is already on when the top strip turns on. Option B: The bottom strip turns on right when the top strip turns off.,b,B,b,1,,,,motion_o_timeblind_default_random1.json
random,1,none,2166,541,TimeBlind/videos/mcq_vid_00241_0.mp4,How does the bottom strip relate to the top strip’s on-time? Option A: The bottom strip turns on right when the top strip turns off. Option B: The bottom strip is already on when the top strip turns on.,b,B,b,1,,,,motion_o_timeblind_default_random1.json
random,1,none,2167,541,TimeBlind/videos/mcq_vid_00241_1.mp4,How does the bottom strip relate to the top strip’s on-time? Option A: The bottom strip turns on right when the top strip turns off. Option B: The bottom strip is already on when the top strip turns on.,a,B,b,0,,,,motion_o_timeblind_default_random1.json
random,1,none,2168,542,TimeBlind/videos/mcq_vid_00242_0.mp4,"Which ending description matches the video? Option A: The bottom strip turns off while the top strip stays on afterward. Option B: The strips turn off together, and the bottom strip started later.",a,B,b,0,,,,motion_o_timeblind_default_random1.json
random,1,none,2169,542,TimeBlind/videos/mcq_vid_00242_1.mp4,"Which ending description matches the video? Option A: The bottom strip turns off while the top strip stays on afterward. Option B: The strips turn off together, and the bottom strip started later.",b,B,b,1,,,,motion_o_timeblind_default_random1.json
random,1,none,2170,542,TimeBlind/videos/mcq_vid_00242_0.mp4,"Which ending description matches the video? Option A: The strips turn off together, and the bottom strip started later. Option B: The bottom strip turns off while the top strip stays on afterward.",b,B,b,1,,,,motion_o_timeblind_default_random1.json
random,1,none,2171,542,TimeBlind/videos/mcq_vid_00242_1.mp4,"Which ending description matches the video? Option A: The strips turn off together, and the bottom strip started later. Option B: The bottom strip turns off while the top strip stays on afterward.",a,B,b,0,,,,motion_o_timeblind_default_random1.json
random,1,none,2172,543,TimeBlind/videos/mcq_vid_00243_0.mp4,"Which description best matches when the top strip turns on? Option A: The top strip turns on while the bottom strip is already lit, and the top stays on after the bottom ends. Option B: The top strip turns on only after the bottom strip has completely finished.",a,B,b,0,,,,motion_o_timeblind_default_random1.json
random,1,none,2173,543,TimeBlind/videos/mcq_vid_00243_1.mp4,"Which description best matches when the top strip turns on? Option A: The top strip turns on while the bottom strip is already lit, and the top stays on after the bottom ends. Option B: The top strip turns on only after the bottom strip has completely finished.",b,B,b,1,,,,motion_o_timeblind_default_random1.json
random,1,none,2174,543,TimeBlind/videos/mcq_vid_00243_0.mp4,"Which description best matches when the top strip turns on? Option A: The top strip turns on only after the bottom strip has completely finished. Option B: The top strip turns on while the bottom strip is already lit, and the top stays on after the bottom ends.",b,B,b,1,,,,motion_o_timeblind_default_random1.json
random,1,none,2175,543,TimeBlind/videos/mcq_vid_00243_1.mp4,"Which description best matches when the top strip turns on? Option A: The top strip turns on only after the bottom strip has completely finished. Option B: The top strip turns on while the bottom strip is already lit, and the top stays on after the bottom ends.",a,B,b,0,,,,motion_o_timeblind_default_random1.json
random,1,none,2176,544,TimeBlind/videos/mcq_vid_00244_0.mp4,"Which description matches the overall timing between the strips? Option A: The two strips turn on and off together, perfectly in sync. Option B: The top strip stays on longer and fully covers the bottom strip’s on-time.",a,B,b,0,,,,motion_o_timeblind_default_random1.json
random,1,none,2177,544,TimeBlind/videos/mcq_vid_00244_1.mp4,"Which description matches the overall timing between the strips? Option A: The two strips turn on and off together, perfectly in sync. Option B: The top strip stays on longer and fully covers the bottom strip’s on-time.",b,B,b,1,,,,motion_o_timeblind_default_random1.json
random,1,none,2178,544,TimeBlind/videos/mcq_vid_00244_0.mp4,"Which description matches the overall timing between the strips? Option A: The top strip stays on longer and fully covers the bottom strip’s on-time. Option B: The two strips turn on and off together, perfectly in sync.",b,B,b,1,,,,motion_o_timeblind_default_random1.json
random,1,none,2179,544,TimeBlind/videos/mcq_vid_00244_1.mp4,"Which description matches the overall timing between the strips? Option A: The top strip stays on longer and fully covers the bottom strip’s on-time. Option B: The two strips turn on and off together, perfectly in sync.",a,B,b,0,,,,motion_o_timeblind_default_random1.json
random,1,none,2180,545,TimeBlind/videos/mcq_vid_00245_0.mp4,Which description matches the handoff between the two strips? Option A: The bottom strip starts only after a noticeable pause once the top strip is already off. Option B: The bottom strip starts the instant the top strip turns off.,a,B,b,0,,,,motion_o_timeblind_default_random1.json
random,1,none,2181,545,TimeBlind/videos/mcq_vid_00245_1.mp4,Which description matches the handoff between the two strips? Option A: The bottom strip starts only after a noticeable pause once the top strip is already off. Option B: The bottom strip starts the instant the top strip turns off.,b,B,b,1,,,,motion_o_timeblind_default_random1.json
random,1,none,2182,545,TimeBlind/videos/mcq_vid_00245_0.mp4,Which description matches the handoff between the two strips? Option A: The bottom strip starts the instant the top strip turns off. Option B: The bottom strip starts only after a noticeable pause once the top strip is already off.,b,B,b,1,,,,motion_o_timeblind_default_random1.json
random,1,none,2183,545,TimeBlind/videos/mcq_vid_00245_1.mp4,Which description matches the handoff between the two strips? Option A: The bottom strip starts the instant the top strip turns off. Option B: The bottom strip starts only after a noticeable pause once the top strip is already off.,a,B,b,0,,,,motion_o_timeblind_default_random1.json
random,1,none,2184,546,TimeBlind/videos/mcq_vid_00246_0.mp4,Which strip is still lit after the other one turns off? Option A: The bottom strip stays on after the top strip turns off. Option B: The top strip stays on after the bottom strip turns off.,a,B,b,0,,,,motion_o_timeblind_default_random1.json
random,1,none,2185,546,TimeBlind/videos/mcq_vid_00246_1.mp4,Which strip is still lit after the other one turns off? Option A: The bottom strip stays on after the top strip turns off. Option B: The top strip stays on after the bottom strip turns off.,b,B,b,1,,,,motion_o_timeblind_default_random1.json
random,1,none,2186,546,TimeBlind/videos/mcq_vid_00246_0.mp4,Which strip is still lit after the other one turns off? Option A: The top strip stays on after the bottom strip turns off. Option B: The bottom strip stays on after the top strip turns off.,b,B,b,1,,,,motion_o_timeblind_default_random1.json
random,1,none,2187,546,TimeBlind/videos/mcq_vid_00246_1.mp4,Which strip is still lit after the other one turns off? Option A: The top strip stays on after the bottom strip turns off. Option B: The bottom strip stays on after the top strip turns off.,a,B,b,0,,,,motion_o_timeblind_default_random1.json
random,1,none,2188,547,TimeBlind/videos/mcq_vid_00247_0.mp4,They start at the same moment. What happens at the end? Option A: The bottom strip stays lit after the top strip turns off. Option B: The top strip stays lit after the bottom strip turns off.,a,A,a,1,,,,motion_o_timeblind_default_random1.json
random,1,none,2189,547,TimeBlind/videos/mcq_vid_00247_1.mp4,They start at the same moment. What happens at the end? Option A: The bottom strip stays lit after the top strip turns off. Option B: The top strip stays lit after the bottom strip turns off.,b,B,b,1,,,,motion_o_timeblind_default_random1.json
random,1,none,2190,547,TimeBlind/videos/mcq_vid_00247_0.mp4,They start at the same moment. What happens at the end? Option A: The top strip stays lit after the bottom strip turns off. Option B: The bottom strip stays lit after the top strip turns off.,b,B,b,1,,,,motion_o_timeblind_default_random1.json
random,1,none,2191,547,TimeBlind/videos/mcq_vid_00247_1.mp4,They start at the same moment. What happens at the end? Option A: The top strip stays lit after the bottom strip turns off. Option B: The bottom strip stays lit after the top strip turns off.,a,B,b,0,,,,motion_o_timeblind_default_random1.json
random,1,none,2192,548,TimeBlind/videos/mcq_vid_00248_0.mp4,Which description matches how one strip fits inside the other? Option A: The top strip is completely contained within the bottom strip’s on-time. Option B: The bottom strip is completely contained within the top strip’s on-time.,a,B,b,0,,,,motion_o_timeblind_default_random1.json
random,1,none,2193,548,TimeBlind/videos/mcq_vid_00248_1.mp4,Which description matches how one strip fits inside the other? Option A: The top strip is completely contained within the bottom strip’s on-time. Option B: The bottom strip is completely contained within the top strip’s on-time.,b,B,b,1,,,,motion_o_timeblind_default_random1.json
random,1,none,2194,548,TimeBlind/videos/mcq_vid_00248_0.mp4,Which description matches how one strip fits inside the other? Option A: The bottom strip is completely contained within the top strip’s on-time. Option B: The top strip is completely contained within the bottom strip’s on-time.,b,B,b,1,,,,motion_o_timeblind_default_random1.json
random,1,none,2195,548,TimeBlind/videos/mcq_vid_00248_1.mp4,Which description matches how one strip fits inside the other? Option A: The bottom strip is completely contained within the top strip’s on-time. Option B: The top strip is completely contained within the bottom strip’s on-time.,a,B,b,0,,,,motion_o_timeblind_default_random1.json
random,1,none,2196,549,TimeBlind/videos/mcq_vid_00249_0.mp4,"They turn off at the same time. Which start pattern matches the video? Option A: The bottom strip turns on first, and the top strip joins later. Option B: The top strip turns on first, and the bottom strip joins later.",a,B,b,0,,,,motion_o_timeblind_default_random1.json
random,1,none,2197,549,TimeBlind/videos/mcq_vid_00249_1.mp4,"They turn off at the same time. Which start pattern matches the video? Option A: The bottom strip turns on first, and the top strip joins later. Option B: The top strip turns on first, and the bottom strip joins later.",b,B,b,1,,,,motion_o_timeblind_default_random1.json
random,1,none,2198,549,TimeBlind/videos/mcq_vid_00249_0.mp4,"They turn off at the same time. Which start pattern matches the video? Option A: The top strip turns on first, and the bottom strip joins later. Option B: The bottom strip turns on first, and the top strip joins later.",b,B,b,1,,,,motion_o_timeblind_default_random1.json
random,1,none,2199,549,TimeBlind/videos/mcq_vid_00249_1.mp4,"They turn off at the same time. Which start pattern matches the video? Option A: The top strip turns on first, and the bottom strip joins later. Option B: The bottom strip turns on first, and the top strip joins later.",a,B,b,0,,,,motion_o_timeblind_default_random1.json
random,1,none,2200,550,TimeBlind/videos/mcq_vid_00250_0.mp4,How does the top strip begin relative to the bottom strip ending? Option A: The top strip starts the instant the bottom strip turns off. Option B: The top strip starts only after the bottom strip has been off for a while.,a,A,a,1,,,,motion_o_timeblind_default_random1.json
random,1,none,2201,550,TimeBlind/videos/mcq_vid_00250_1.mp4,How does the top strip begin relative to the bottom strip ending? Option A: The top strip starts the instant the bottom strip turns off. Option B: The top strip starts only after the bottom strip has been off for a while.,b,B,b,1,,,,motion_o_timeblind_default_random1.json
random,1,none,2202,550,TimeBlind/videos/mcq_vid_00250_0.mp4,How does the top strip begin relative to the bottom strip ending? Option A: The top strip starts only after the bottom strip has been off for a while. Option B: The top strip starts the instant the bottom strip turns off.,b,B,b,1,,,,motion_o_timeblind_default_random1.json
random,1,none,2203,550,TimeBlind/videos/mcq_vid_00250_1.mp4,How does the top strip begin relative to the bottom strip ending? Option A: The top strip starts only after the bottom strip has been off for a while. Option B: The top strip starts the instant the bottom strip turns off.,a,B,b,0,,,,motion_o_timeblind_default_random1.json
random,1,none,2204,551,TimeBlind/videos/mcq_vid_00251_0.mp4,"Which overall synchronization pattern matches the video? Option A: The two strips are synchronized from start to finish. Option B: The two strips start together, but one keeps going longer.",a,B,b,0,,,,motion_o_timeblind_default_random1.json
random,1,none,2205,551,TimeBlind/videos/mcq_vid_00251_1.mp4,"Which overall synchronization pattern matches the video? Option A: The two strips are synchronized from start to finish. Option B: The two strips start together, but one keeps going longer.",b,B,b,1,,,,motion_o_timeblind_default_random1.json
random,1,none,2206,551,TimeBlind/videos/mcq_vid_00251_0.mp4,"Which overall synchronization pattern matches the video? Option A: The two strips start together, but one keeps going longer. Option B: The two strips are synchronized from start to finish.",b,B,b,1,,,,motion_o_timeblind_default_random1.json
random,1,none,2207,551,TimeBlind/videos/mcq_vid_00251_1.mp4,"Which overall synchronization pattern matches the video? Option A: The two strips start together, but one keeps going longer. Option B: The two strips are synchronized from start to finish.",a,B,b,0,,,,motion_o_timeblind_default_random1.json
random,1,none,2208,552,TimeBlind/videos/mcq_vid_00252_0.mp4,"When the bottom strip turns on, what is the top strip doing? Option A: The top strip has just turned off when the bottom strip turns on. Option B: The top strip is still lit when the bottom strip turns on.",a,B,b,0,,,,motion_o_timeblind_default_random1.json
random,1,none,2209,552,TimeBlind/videos/mcq_vid_00252_1.mp4,"When the bottom strip turns on, what is the top strip doing? Option A: The top strip has just turned off when the bottom strip turns on. Option B: The top strip is still lit when the bottom strip turns on.",b,B,b,1,,,,motion_o_timeblind_default_random1.json
random,1,none,2210,552,TimeBlind/videos/mcq_vid_00252_0.mp4,"When the bottom strip turns on, what is the top strip doing? Option A: The top strip is still lit when the bottom strip turns on. Option B: The top strip has just turned off when the bottom strip turns on.",b,B,b,1,,,,motion_o_timeblind_default_random1.json
random,1,none,2211,552,TimeBlind/videos/mcq_vid_00252_1.mp4,"When the bottom strip turns on, what is the top strip doing? Option A: The top strip is still lit when the bottom strip turns on. Option B: The top strip has just turned off when the bottom strip turns on.",a,B,b,0,,,,motion_o_timeblind_default_random1.json
random,1,none,2212,553,TimeBlind/videos/mcq_vid_00253_0.mp4,Which strip is on for the longer span overall? Option A: The top strip is the longer one and fully contains the bottom strip’s on-time. Option B: The bottom strip is the longer one and fully contains the top strip’s on-time.,a,B,b,0,,,,motion_o_timeblind_default_random1.json
random,1,none,2213,553,TimeBlind/videos/mcq_vid_00253_1.mp4,Which strip is on for the longer span overall? Option A: The top strip is the longer one and fully contains the bottom strip’s on-time. Option B: The bottom strip is the longer one and fully contains the top strip’s on-time.,b,B,b,1,,,,motion_o_timeblind_default_random1.json
random,1,none,2214,553,TimeBlind/videos/mcq_vid_00253_0.mp4,Which strip is on for the longer span overall? Option A: The bottom strip is the longer one and fully contains the top strip’s on-time. Option B: The top strip is the longer one and fully contains the bottom strip’s on-time.,b,B,b,1,,,,motion_o_timeblind_default_random1.json
random,1,none,2215,553,TimeBlind/videos/mcq_vid_00253_1.mp4,Which strip is on for the longer span overall? Option A: The bottom strip is the longer one and fully contains the top strip’s on-time. Option B: The top strip is the longer one and fully contains the bottom strip’s on-time.,a,B,b,0,,,,motion_o_timeblind_default_random1.json
random,1,none,2216,554,TimeBlind/videos/mcq_vid_00254_0.mp4,Which ending pattern matches the video? Option A: The two strips turn off at the same moment. Option B: The bottom strip stays on after the top strip turns off.,a,B,b,0,,,,motion_o_timeblind_default_random1.json
random,1,none,2217,554,TimeBlind/videos/mcq_vid_00254_1.mp4,Which ending pattern matches the video? Option A: The two strips turn off at the same moment. Option B: The bottom strip stays on after the top strip turns off.,b,B,b,1,,,,motion_o_timeblind_default_random1.json
random,1,none,2218,554,TimeBlind/videos/mcq_vid_00254_0.mp4,Which ending pattern matches the video? Option A: The bottom strip stays on after the top strip turns off. Option B: The two strips turn off at the same moment.,b,B,b,1,,,,motion_o_timeblind_default_random1.json
random,1,none,2219,554,TimeBlind/videos/mcq_vid_00254_1.mp4,Which ending pattern matches the video? Option A: The bottom strip stays on after the top strip turns off. Option B: The two strips turn off at the same moment.,a,B,b,0,,,,motion_o_timeblind_default_random1.json
random,1,none,2220,555,TimeBlind/videos/mcq_vid_00255_0.mp4,What’s the reason the computer isn’t charging? Option A: The power strip was switched off. Option B: The charger was unplugged from the power strip.,a,B,b,0,,,,motion_o_timeblind_default_random1.json
random,1,none,2221,555,TimeBlind/videos/mcq_vid_00255_1.mp4,What’s the reason the computer isn’t charging? Option A: The power strip was switched off. Option B: The charger was unplugged from the power strip.,b,B,b,1,,,,motion_o_timeblind_default_random1.json
random,1,none,2222,555,TimeBlind/videos/mcq_vid_00255_0.mp4,What’s the reason the computer isn’t charging? Option A: The charger was unplugged from the power strip. Option B: The power strip was switched off.,b,B,b,1,,,,motion_o_timeblind_default_random1.json
random,1,none,2223,555,TimeBlind/videos/mcq_vid_00255_1.mp4,What’s the reason the computer isn’t charging? Option A: The charger was unplugged from the power strip. Option B: The power strip was switched off.,a,B,b,0,,,,motion_o_timeblind_default_random1.json
random,1,none,2224,556,TimeBlind/videos/mcq_vid_00256_0.mp4,Why did folder 'folder_2' disappear from the screen? Option A: It was moved into folder 'folder_1'. Option B: It was moved to the Trash.,a,B,b,0,,,,motion_o_timeblind_default_random1.json
random,1,none,2225,556,TimeBlind/videos/mcq_vid_00256_1.mp4,Why did folder 'folder_2' disappear from the screen? Option A: It was moved into folder 'folder_1'. Option B: It was moved to the Trash.,b,B,b,1,,,,motion_o_timeblind_default_random1.json
random,1,none,2226,556,TimeBlind/videos/mcq_vid_00256_0.mp4,Why did folder 'folder_2' disappear from the screen? Option A: It was moved to the Trash. Option B: It was moved into folder 'folder_1'.,b,B,b,1,,,,motion_o_timeblind_default_random1.json
random,1,none,2227,556,TimeBlind/videos/mcq_vid_00256_1.mp4,Why did folder 'folder_2' disappear from the screen? Option A: It was moved to the Trash. Option B: It was moved into folder 'folder_1'.,a,B,b,0,,,,motion_o_timeblind_default_random1.json
random,1,none,2228,557,TimeBlind/videos/mcq_vid_00257_0.mp4,What caused the window to disappear from the screen? Option A: The Close button was clicked. Option B: The Minimize (Hide) button was clicked.,a,B,b,0,,,,motion_o_timeblind_default_random1.json
random,1,none,2229,557,TimeBlind/videos/mcq_vid_00257_1.mp4,What caused the window to disappear from the screen? Option A: The Close button was clicked. Option B: The Minimize (Hide) button was clicked.,b,B,b,1,,,,motion_o_timeblind_default_random1.json
random,1,none,2230,557,TimeBlind/videos/mcq_vid_00257_0.mp4,What caused the window to disappear from the screen? Option A: The Minimize (Hide) button was clicked. Option B: The Close button was clicked.,b,A,a,0,,,,motion_o_timeblind_default_random1.json
random,1,none,2231,557,TimeBlind/videos/mcq_vid_00257_1.mp4,What caused the window to disappear from the screen? Option A: The Minimize (Hide) button was clicked. Option B: The Close button was clicked.,a,A,a,1,,,,motion_o_timeblind_default_random1.json
random,1,none,2232,558,TimeBlind/videos/mcq_vid_00258_0.mp4,What caused the browser window to disappear from the screen? Option A: The close button was clicked. Option B: The minimize button was clicked.,a,B,b,0,,,,motion_o_timeblind_default_random1.json
random,1,none,2233,558,TimeBlind/videos/mcq_vid_00258_1.mp4,What caused the browser window to disappear from the screen? Option A: The close button was clicked. Option B: The minimize button was clicked.,b,B,b,1,,,,motion_o_timeblind_default_random1.json
random,1,none,2234,558,TimeBlind/videos/mcq_vid_00258_0.mp4,What caused the browser window to disappear from the screen? Option A: The minimize button was clicked. Option B: The close button was clicked.,b,A,a,0,,,,motion_o_timeblind_default_random1.json
random,1,none,2235,558,TimeBlind/videos/mcq_vid_00258_1.mp4,What caused the browser window to disappear from the screen? Option A: The minimize button was clicked. Option B: The close button was clicked.,a,B,b,0,,,,motion_o_timeblind_default_random1.json
random,1,none,2236,559,TimeBlind/videos/mcq_vid_00259_0.mp4,What caused the computer to open a new browser window? Option A: The trackpad was used to open it. Option B: The mouse was used to open it.,a,B,b,0,,,,motion_o_timeblind_default_random1.json
random,1,none,2237,559,TimeBlind/videos/mcq_vid_00259_1.mp4,What caused the computer to open a new browser window? Option A: The trackpad was used to open it. Option B: The mouse was used to open it.,b,B,b,1,,,,motion_o_timeblind_default_random1.json
random,1,none,2238,559,TimeBlind/videos/mcq_vid_00259_0.mp4,What caused the computer to open a new browser window? Option A: The mouse was used to open it. Option B: The trackpad was used to open it.,b,A,a,0,,,,motion_o_timeblind_default_random1.json
random,1,none,2239,559,TimeBlind/videos/mcq_vid_00259_1.mp4,What caused the computer to open a new browser window? Option A: The mouse was used to open it. Option B: The trackpad was used to open it.,a,A,a,1,,,,motion_o_timeblind_default_random1.json
random,1,none,2240,560,TimeBlind/videos/mcq_vid_00260_0.mp4,What caused the first app window on the computer to close? Option A: The mouse was used to close it. Option B: The trackpad was used to close it.,a,A,a,1,,,,motion_o_timeblind_default_random1.json
random,1,none,2241,560,TimeBlind/videos/mcq_vid_00260_1.mp4,What caused the first app window on the computer to close? Option A: The mouse was used to close it. Option B: The trackpad was used to close it.,b,B,b,1,,,,motion_o_timeblind_default_random1.json
random,1,none,2242,560,TimeBlind/videos/mcq_vid_00260_0.mp4,What caused the first app window on the computer to close? Option A: The trackpad was used to close it. Option B: The mouse was used to close it.,b,A,a,0,,,,motion_o_timeblind_default_random1.json
random,1,none,2243,560,TimeBlind/videos/mcq_vid_00260_1.mp4,What caused the first app window on the computer to close? Option A: The trackpad was used to close it. Option B: The mouse was used to close it.,a,B,b,0,,,,motion_o_timeblind_default_random1.json
random,1,none,2244,561,TimeBlind/videos/mcq_vid_00261_0.mp4,What caused the screen on the desk to shake? Option A: The desk was pushed. Option B: The screen was shaken directly.,a,B,b,0,,,,motion_o_timeblind_default_random1.json
random,1,none,2245,561,TimeBlind/videos/mcq_vid_00261_1.mp4,What caused the screen on the desk to shake? Option A: The desk was pushed. Option B: The screen was shaken directly.,b,B,b,1,,,,motion_o_timeblind_default_random1.json
random,1,none,2246,561,TimeBlind/videos/mcq_vid_00261_0.mp4,What caused the screen on the desk to shake? Option A: The screen was shaken directly. Option B: The desk was pushed.,b,B,b,1,,,,motion_o_timeblind_default_random1.json
random,1,none,2247,561,TimeBlind/videos/mcq_vid_00261_1.mp4,What caused the screen on the desk to shake? Option A: The screen was shaken directly. Option B: The desk was pushed.,a,B,b,0,,,,motion_o_timeblind_default_random1.json
random,1,none,2248,562,TimeBlind/videos/mcq_vid_00262_0.mp4,How hard does the person press the spray bottle at the start? Option A: It is pressed gently. Option B: It is pressed forcefully.,a,A,a,1,,,,motion_o_timeblind_default_random1.json
random,1,none,2249,562,TimeBlind/videos/mcq_vid_00262_1.mp4,How hard does the person press the spray bottle at the start? Option A: It is pressed gently. Option B: It is pressed forcefully.,b,A,a,0,,,,motion_o_timeblind_default_random1.json
random,1,none,2250,562,TimeBlind/videos/mcq_vid_00262_0.mp4,How hard does the person press the spray bottle at the start? Option A: It is pressed forcefully. Option B: It is pressed gently.,b,B,b,1,,,,motion_o_timeblind_default_random1.json
random,1,none,2251,562,TimeBlind/videos/mcq_vid_00262_1.mp4,How hard does the person press the spray bottle at the start? Option A: It is pressed forcefully. Option B: It is pressed gently.,a,B,b,0,,,,motion_o_timeblind_default_random1.json
random,1,none,2252,563,TimeBlind/videos/mcq_vid_00263_0.mp4,How does the scene in the video transition? Option A: It transitions from the hallway into the apartment. Option B: It transitions from the apartment into the hallway.,a,B,b,0,,,,motion_o_timeblind_default_random1.json
random,1,none,2253,563,TimeBlind/videos/mcq_vid_00263_1.mp4,How does the scene in the video transition? Option A: It transitions from the hallway into the apartment. Option B: It transitions from the apartment into the hallway.,b,B,b,1,,,,motion_o_timeblind_default_random1.json
random,1,none,2254,563,TimeBlind/videos/mcq_vid_00263_0.mp4,How does the scene in the video transition? Option A: It transitions from the apartment into the hallway. Option B: It transitions from the hallway into the apartment.,b,B,b,1,,,,motion_o_timeblind_default_random1.json
random,1,none,2255,563,TimeBlind/videos/mcq_vid_00263_1.mp4,How does the scene in the video transition? Option A: It transitions from the apartment into the hallway. Option B: It transitions from the hallway into the apartment.,a,B,b,0,,,,motion_o_timeblind_default_random1.json
random,1,none,2256,564,TimeBlind/videos/mcq_vid_00264_0.mp4,"What is the order of the button presses at the start of the video? Option A: They press the door-close button first, then a floor button. Option B: They press a floor button first, then the door-close button.",a,B,b,0,,,,motion_o_timeblind_default_random1.json
random,1,none,2257,564,TimeBlind/videos/mcq_vid_00264_1.mp4,"What is the order of the button presses at the start of the video? Option A: They press the door-close button first, then a floor button. Option B: They press a floor button first, then the door-close button.",b,B,b,1,,,,motion_o_timeblind_default_random1.json
random,1,none,2258,564,TimeBlind/videos/mcq_vid_00264_0.mp4,"What is the order of the button presses at the start of the video? Option A: They press a floor button first, then the door-close button. Option B: They press the door-close button first, then a floor button.",b,B,b,1,,,,motion_o_timeblind_default_random1.json
random,1,none,2259,564,TimeBlind/videos/mcq_vid_00264_1.mp4,"What is the order of the button presses at the start of the video? Option A: They press a floor button first, then the door-close button. Option B: They press the door-close button first, then a floor button.",a,B,b,0,,,,motion_o_timeblind_default_random1.json
random,1,none,2260,565,TimeBlind/videos/mcq_vid_00265_0.mp4,How many times is the elevator button pressed? Option A: It is pressed twice. Option B: It is pressed three times.,a,A,a,1,,,,motion_o_timeblind_default_random1.json
random,1,none,2261,565,TimeBlind/videos/mcq_vid_00265_1.mp4,How many times is the elevator button pressed? Option A: It is pressed twice. Option B: It is pressed three times.,b,A,a,0,,,,motion_o_timeblind_default_random1.json
random,1,none,2262,565,TimeBlind/videos/mcq_vid_00265_0.mp4,How many times is the elevator button pressed? Option A: It is pressed three times. Option B: It is pressed twice.,b,B,b,1,,,,motion_o_timeblind_default_random1.json
random,1,none,2263,565,TimeBlind/videos/mcq_vid_00265_1.mp4,How many times is the elevator button pressed? Option A: It is pressed three times. Option B: It is pressed twice.,a,B,b,0,,,,motion_o_timeblind_default_random1.json
random,1,none,2264,566,TimeBlind/videos/mcq_vid_00266_0.mp4,What causes the door to open? Option A: Someone kicks it open with their foot. Option B: Someone pushes it open with their hand.,a,B,b,0,,,,motion_o_timeblind_default_random1.json
random,1,none,2265,566,TimeBlind/videos/mcq_vid_00266_1.mp4,What causes the door to open? Option A: Someone kicks it open with their foot. Option B: Someone pushes it open with their hand.,b,B,b,1,,,,motion_o_timeblind_default_random1.json
random,1,none,2266,566,TimeBlind/videos/mcq_vid_00266_0.mp4,What causes the door to open? Option A: Someone pushes it open with their hand. Option B: Someone kicks it open with their foot.,b,A,a,0,,,,motion_o_timeblind_default_random1.json
random,1,none,2267,566,TimeBlind/videos/mcq_vid_00266_1.mp4,What causes the door to open? Option A: Someone pushes it open with their hand. Option B: Someone kicks it open with their foot.,a,A,a,1,,,,motion_o_timeblind_default_random1.json
random,1,none,2268,567,TimeBlind/videos/mcq_vid_00267_0.mp4,How much is the mouse rotated? Option A: It is rotated by a large amount. Option B: It is rotated by a small amount.,a,B,b,0,,,,motion_o_timeblind_default_random1.json
random,1,none,2269,567,TimeBlind/videos/mcq_vid_00267_1.mp4,How much is the mouse rotated? Option A: It is rotated by a large amount. Option B: It is rotated by a small amount.,b,B,b,1,,,,motion_o_timeblind_default_random1.json
random,1,none,2270,567,TimeBlind/videos/mcq_vid_00267_0.mp4,How much is the mouse rotated? Option A: It is rotated by a small amount. Option B: It is rotated by a large amount.,b,A,a,0,,,,motion_o_timeblind_default_random1.json
random,1,none,2271,567,TimeBlind/videos/mcq_vid_00267_1.mp4,How much is the mouse rotated? Option A: It is rotated by a small amount. Option B: It is rotated by a large amount.,a,A,a,1,,,,motion_o_timeblind_default_random1.json
random,1,none,2272,568,TimeBlind/videos/mcq_vid_00268_0.mp4,How does the yellow cup’s speed compare to the water bottle’s? Option A: The yellow cup moves faster than the water bottle. Option B: The yellow cup moves more slowly than the water bottle.,a,B,b,0,,,,motion_o_timeblind_default_random1.json
random,1,none,2273,568,TimeBlind/videos/mcq_vid_00268_1.mp4,How does the yellow cup’s speed compare to the water bottle’s? Option A: The yellow cup moves faster than the water bottle. Option B: The yellow cup moves more slowly than the water bottle.,b,B,b,1,,,,motion_o_timeblind_default_random1.json
random,1,none,2274,568,TimeBlind/videos/mcq_vid_00268_0.mp4,How does the yellow cup’s speed compare to the water bottle’s? Option A: The yellow cup moves more slowly than the water bottle. Option B: The yellow cup moves faster than the water bottle.,b,A,a,0,,,,motion_o_timeblind_default_random1.json
random,1,none,2275,568,TimeBlind/videos/mcq_vid_00268_1.mp4,How does the yellow cup’s speed compare to the water bottle’s? Option A: The yellow cup moves more slowly than the water bottle. Option B: The yellow cup moves faster than the water bottle.,a,A,a,1,,,,motion_o_timeblind_default_random1.json
random,1,none,2276,569,TimeBlind/videos/mcq_vid_00269_0.mp4,How does the yellow cup’s position change? Option A: It is tipped over from upright. Option B: It is set upright from being tipped over.,a,A,a,1,,,,motion_o_timeblind_default_random1.json
random,1,none,2277,569,TimeBlind/videos/mcq_vid_00269_1.mp4,How does the yellow cup’s position change? Option A: It is tipped over from upright. Option B: It is set upright from being tipped over.,b,B,b,1,,,,motion_o_timeblind_default_random1.json
random,1,none,2278,569,TimeBlind/videos/mcq_vid_00269_0.mp4,How does the yellow cup’s position change? Option A: It is set upright from being tipped over. Option B: It is tipped over from upright.,b,A,a,0,,,,motion_o_timeblind_default_random1.json
random,1,none,2279,569,TimeBlind/videos/mcq_vid_00269_1.mp4,How does the yellow cup’s position change? Option A: It is set upright from being tipped over. Option B: It is tipped over from upright.,a,A,a,1,,,,motion_o_timeblind_default_random1.json
random,1,none,2280,570,TimeBlind/videos/mcq_vid_00270_0.mp4,What causes the water bottle to fall off the table? Option A: It isn’t placed securely on the table. Option B: Someone pushes it off the table with their hand.,a,A,a,1,,,,motion_o_timeblind_default_random1.json
random,1,none,2281,570,TimeBlind/videos/mcq_vid_00270_1.mp4,What causes the water bottle to fall off the table? Option A: It isn’t placed securely on the table. Option B: Someone pushes it off the table with their hand.,b,A,a,0,,,,motion_o_timeblind_default_random1.json
random,1,none,2282,570,TimeBlind/videos/mcq_vid_00270_0.mp4,What causes the water bottle to fall off the table? Option A: Someone pushes it off the table with their hand. Option B: It isn’t placed securely on the table.,b,B,b,1,,,,motion_o_timeblind_default_random1.json
random,1,none,2283,570,TimeBlind/videos/mcq_vid_00270_1.mp4,What causes the water bottle to fall off the table? Option A: Someone pushes it off the table with their hand. Option B: It isn’t placed securely on the table.,a,B,b,0,,,,motion_o_timeblind_default_random1.json
random,1,none,2284,571,TimeBlind/videos/mcq_vid_00271_0.mp4,How much force is used to pull the tissue out of the box? Option A: It is pulled out gently. Option B: It is pulled out forcefully.,a,A,a,1,,,,motion_o_timeblind_default_random1.json
random,1,none,2285,571,TimeBlind/videos/mcq_vid_00271_1.mp4,How much force is used to pull the tissue out of the box? Option A: It is pulled out gently. Option B: It is pulled out forcefully.,b,A,a,0,,,,motion_o_timeblind_default_random1.json
random,1,none,2286,571,TimeBlind/videos/mcq_vid_00271_0.mp4,How much force is used to pull the tissue out of the box? Option A: It is pulled out forcefully. Option B: It is pulled out gently.,b,B,b,1,,,,motion_o_timeblind_default_random1.json
random,1,none,2287,571,TimeBlind/videos/mcq_vid_00271_1.mp4,How much force is used to pull the tissue out of the box? Option A: It is pulled out forcefully. Option B: It is pulled out gently.,a,B,b,0,,,,motion_o_timeblind_default_random1.json
random,1,none,2288,572,TimeBlind/videos/mcq_vid_00272_0.mp4,Why does very little water come out of the first bottle? Option A: The cap isn’t opened. Option B: There’s no water in the bottle.,a,A,a,1,,,,motion_o_timeblind_default_random1.json
random,1,none,2289,572,TimeBlind/videos/mcq_vid_00272_1.mp4,Why does very little water come out of the first bottle? Option A: The cap isn’t opened. Option B: There’s no water in the bottle.,b,A,a,0,,,,motion_o_timeblind_default_random1.json
random,1,none,2290,572,TimeBlind/videos/mcq_vid_00272_0.mp4,Why does very little water come out of the first bottle? Option A: There’s no water in the bottle. Option B: The cap isn’t opened.,b,B,b,1,,,,motion_o_timeblind_default_random1.json
random,1,none,2291,572,TimeBlind/videos/mcq_vid_00272_1.mp4,Why does very little water come out of the first bottle? Option A: There’s no water in the bottle. Option B: The cap isn’t opened.,a,B,b,0,,,,motion_o_timeblind_default_random1.json
random,1,none,2292,573,TimeBlind/videos/mcq_vid_00273_0.mp4,Why does very little water come out of the second bottle? Option A: There’s no water in the bottle. Option B: The cap isn’t opened.,a,B,b,0,,,,motion_o_timeblind_default_random1.json
random,1,none,2293,573,TimeBlind/videos/mcq_vid_00273_1.mp4,Why does very little water come out of the second bottle? Option A: There’s no water in the bottle. Option B: The cap isn’t opened.,b,B,b,1,,,,motion_o_timeblind_default_random1.json
random,1,none,2294,573,TimeBlind/videos/mcq_vid_00273_0.mp4,Why does very little water come out of the second bottle? Option A: The cap isn’t opened. Option B: There’s no water in the bottle.,b,B,b,1,,,,motion_o_timeblind_default_random1.json
random,1,none,2295,573,TimeBlind/videos/mcq_vid_00273_1.mp4,Why does very little water come out of the second bottle? Option A: The cap isn’t opened. Option B: There’s no water in the bottle.,a,B,b,0,,,,motion_o_timeblind_default_random1.json
random,1,none,2296,574,TimeBlind/videos/mcq_vid_00274_0.mp4,"How many times are the yellow cup and the water bottle picked up? Option A: The yellow cup is picked up three times, and the water bottle is picked up once. Option B: The yellow cup is picked up once, and the water bottle is picked up three times.",a,B,b,0,,,,motion_o_timeblind_default_random1.json
random,1,none,2297,574,TimeBlind/videos/mcq_vid_00274_1.mp4,"How many times are the yellow cup and the water bottle picked up? Option A: The yellow cup is picked up three times, and the water bottle is picked up once. Option B: The yellow cup is picked up once, and the water bottle is picked up three times.",b,B,b,1,,,,motion_o_timeblind_default_random1.json
random,1,none,2298,574,TimeBlind/videos/mcq_vid_00274_0.mp4,"How many times are the yellow cup and the water bottle picked up? Option A: The yellow cup is picked up once, and the water bottle is picked up three times. Option B: The yellow cup is picked up three times, and the water bottle is picked up once.",b,B,b,1,,,,motion_o_timeblind_default_random1.json
random,1,none,2299,574,TimeBlind/videos/mcq_vid_00274_1.mp4,"How many times are the yellow cup and the water bottle picked up? Option A: The yellow cup is picked up once, and the water bottle is picked up three times. Option B: The yellow cup is picked up three times, and the water bottle is picked up once.",a,B,b,0,,,,motion_o_timeblind_default_random1.json
random,1,none,2300,575,TimeBlind/videos/mcq_vid_00275_0.mp4,What happens to the phone stand? Option A: It is unfolded from a folded position. Option B: It is folded from an unfolded position.,a,B,b,0,,,,motion_o_timeblind_default_random1.json
random,1,none,2301,575,TimeBlind/videos/mcq_vid_00275_1.mp4,What happens to the phone stand? Option A: It is unfolded from a folded position. Option B: It is folded from an unfolded position.,b,B,b,1,,,,motion_o_timeblind_default_random1.json
random,1,none,2302,575,TimeBlind/videos/mcq_vid_00275_0.mp4,What happens to the phone stand? Option A: It is folded from an unfolded position. Option B: It is unfolded from a folded position.,b,B,b,1,,,,motion_o_timeblind_default_random1.json
random,1,none,2303,575,TimeBlind/videos/mcq_vid_00275_1.mp4,What happens to the phone stand? Option A: It is folded from an unfolded position. Option B: It is unfolded from a folded position.,a,B,b,0,,,,motion_o_timeblind_default_random1.json
random,1,none,2304,576,TimeBlind/videos/mcq_vid_00276_0.mp4,Which button press turns the light on? Option A: The second press turns it on. Option B: The first press turns it on.,a,A,a,1,,,,motion_o_timeblind_default_random1.json
random,1,none,2305,576,TimeBlind/videos/mcq_vid_00276_1.mp4,Which button press turns the light on? Option A: The second press turns it on. Option B: The first press turns it on.,b,A,a,0,,,,motion_o_timeblind_default_random1.json
random,1,none,2306,576,TimeBlind/videos/mcq_vid_00276_0.mp4,Which button press turns the light on? Option A: The first press turns it on. Option B: The second press turns it on.,b,A,a,0,,,,motion_o_timeblind_default_random1.json
random,1,none,2307,576,TimeBlind/videos/mcq_vid_00276_1.mp4,Which button press turns the light on? Option A: The first press turns it on. Option B: The second press turns it on.,a,B,b,0,,,,motion_o_timeblind_default_random1.json
random,1,none,2308,577,TimeBlind/videos/mcq_vid_00277_0.mp4,Which one turns on the light in the video? Option A: The wall switch turns it on. Option B: The remote control turns it on.,a,B,b,0,,,,motion_o_timeblind_default_random1.json
random,1,none,2309,577,TimeBlind/videos/mcq_vid_00277_1.mp4,Which one turns on the light in the video? Option A: The wall switch turns it on. Option B: The remote control turns it on.,b,A,a,0,,,,motion_o_timeblind_default_random1.json
random,1,none,2310,577,TimeBlind/videos/mcq_vid_00277_0.mp4,Which one turns on the light in the video? Option A: The remote control turns it on. Option B: The wall switch turns it on.,b,A,a,0,,,,motion_o_timeblind_default_random1.json
random,1,none,2311,577,TimeBlind/videos/mcq_vid_00277_1.mp4,Which one turns on the light in the video? Option A: The remote control turns it on. Option B: The wall switch turns it on.,a,B,b,0,,,,motion_o_timeblind_default_random1.json
random,1,none,2312,578,TimeBlind/videos/mcq_vid_00278_0.mp4,What causes the chair to move backward? Option A: The person pushes it backward with their leg. Option B: The person pushes it backward with their hand.,a,A,a,1,,,,motion_o_timeblind_default_random1.json
random,1,none,2313,578,TimeBlind/videos/mcq_vid_00278_1.mp4,What causes the chair to move backward? Option A: The person pushes it backward with their leg. Option B: The person pushes it backward with their hand.,b,B,b,1,,,,motion_o_timeblind_default_random1.json
random,1,none,2314,578,TimeBlind/videos/mcq_vid_00278_0.mp4,What causes the chair to move backward? Option A: The person pushes it backward with their hand. Option B: The person pushes it backward with their leg.,b,B,b,1,,,,motion_o_timeblind_default_random1.json
random,1,none,2315,578,TimeBlind/videos/mcq_vid_00278_1.mp4,What causes the chair to move backward? Option A: The person pushes it backward with their hand. Option B: The person pushes it backward with their leg.,a,B,b,0,,,,motion_o_timeblind_default_random1.json
random,1,none,2316,579,TimeBlind/videos/mcq_vid_00279_0.mp4,What causes the small box to fall over? Option A: It falls over because the chair shakes. Option B: It falls over because someone pushes it with their hand.,a,B,b,0,,,,motion_o_timeblind_default_random1.json
random,1,none,2317,579,TimeBlind/videos/mcq_vid_00279_1.mp4,What causes the small box to fall over? Option A: It falls over because the chair shakes. Option B: It falls over because someone pushes it with their hand.,b,B,b,1,,,,motion_o_timeblind_default_random1.json
random,1,none,2318,579,TimeBlind/videos/mcq_vid_00279_0.mp4,What causes the small box to fall over? Option A: It falls over because someone pushes it with their hand. Option B: It falls over because the chair shakes.,b,B,b,1,,,,motion_o_timeblind_default_random1.json
random,1,none,2319,579,TimeBlind/videos/mcq_vid_00279_1.mp4,What causes the small box to fall over? Option A: It falls over because someone pushes it with their hand. Option B: It falls over because the chair shakes.,a,B,b,0,,,,motion_o_timeblind_default_random1.json
random,1,none,2320,580,TimeBlind/videos/mcq_vid_00280_0.mp4,What causes the small box to fall over? Option A: It falls over because the chair shakes. Option B: It falls over because someone pushes it with their hand.,a,B,b,0,,,,motion_o_timeblind_default_random1.json
random,1,none,2321,580,TimeBlind/videos/mcq_vid_00280_1.mp4,What causes the small box to fall over? Option A: It falls over because the chair shakes. Option B: It falls over because someone pushes it with their hand.,b,B,b,1,,,,motion_o_timeblind_default_random1.json
random,1,none,2322,580,TimeBlind/videos/mcq_vid_00280_0.mp4,What causes the small box to fall over? Option A: It falls over because someone pushes it with their hand. Option B: It falls over because the chair shakes.,b,B,b,1,,,,motion_o_timeblind_default_random1.json
random,1,none,2323,580,TimeBlind/videos/mcq_vid_00280_1.mp4,What causes the small box to fall over? Option A: It falls over because someone pushes it with their hand. Option B: It falls over because the chair shakes.,a,B,b,0,,,,motion_o_timeblind_default_random1.json
random,1,none,2324,581,TimeBlind/videos/mcq_vid_00281_0.mp4,What causes the phone’s screen to light up? Option A: Someone taps the phone. Option B: The phone lights up automatically when it is picked up.,a,B,b,0,,,,motion_o_timeblind_default_random1.json
random,1,none,2325,581,TimeBlind/videos/mcq_vid_00281_1.mp4,What causes the phone’s screen to light up? Option A: Someone taps the phone. Option B: The phone lights up automatically when it is picked up.,b,"B

The image shows that someone has just lifted their hand with the phone, and as they do so, the phone's screen illuminates. This suggests an automatic feature where the phone turns on its display upon being held in one's hands rather than requiring manual tapping of any buttons for this purpose.

Therefore, based on what can be observed from the picture:
- **Option A**: ""Someone taps the phone"" - There doesn't appear to have been any visible interaction like pressing something.
- **Option B**: ""The phone lights up automatically when it is picked up."" – This aligns well with how phones often function; many models come equipped with features designed to turn off screens after some period without use but also reactivate them immediately if you pick them up again (e.g., motion detection).

So option B seems more plausible here given typical smartphone behavior patterns shown visually by the scene captured!",a,0,,,,motion_o_timeblind_default_random1.json
random,1,none,2326,581,TimeBlind/videos/mcq_vid_00281_0.mp4,What causes the phone’s screen to light up? Option A: The phone lights up automatically when it is picked up. Option B: Someone taps the phone.,b,B,b,1,,,,motion_o_timeblind_default_random1.json
random,1,none,2327,581,TimeBlind/videos/mcq_vid_00281_1.mp4,What causes the phone’s screen to light up? Option A: The phone lights up automatically when it is picked up. Option B: Someone taps the phone.,a,B,b,0,,,,motion_o_timeblind_default_random1.json
random,1,none,2328,582,TimeBlind/videos/mcq_vid_00282_0.mp4,What causes the incoming call to disappear on the phone? Option A: The person swipes on the screen to decline the call. Option B: The person presses the mute switch on the side of the phone.,a,A,a,1,,,,motion_o_timeblind_default_random1.json
random,1,none,2329,582,TimeBlind/videos/mcq_vid_00282_1.mp4,What causes the incoming call to disappear on the phone? Option A: The person swipes on the screen to decline the call. Option B: The person presses the mute switch on the side of the phone.,b,A,a,0,,,,motion_o_timeblind_default_random1.json
random,1,none,2330,582,TimeBlind/videos/mcq_vid_00282_0.mp4,What causes the incoming call to disappear on the phone? Option A: The person presses the mute switch on the side of the phone. Option B: The person swipes on the screen to decline the call.,b,B,b,1,,,,motion_o_timeblind_default_random1.json
random,1,none,2331,582,TimeBlind/videos/mcq_vid_00282_1.mp4,What causes the incoming call to disappear on the phone? Option A: The person presses the mute switch on the side of the phone. Option B: The person swipes on the screen to decline the call.,a,B,b,0,,,,motion_o_timeblind_default_random1.json
random,1,none,2332,583,TimeBlind/videos/mcq_vid_00283_0.mp4,What causes the orange juice carton on the table to fall over? Option A: It is bumped by an elbow. Option B: Someone knocks it over with their hand.,a,B,b,0,,,,motion_o_timeblind_default_random1.json
random,1,none,2333,583,TimeBlind/videos/mcq_vid_00283_1.mp4,What causes the orange juice carton on the table to fall over? Option A: It is bumped by an elbow. Option B: Someone knocks it over with their hand.,b,B,b,1,,,,motion_o_timeblind_default_random1.json
random,1,none,2334,583,TimeBlind/videos/mcq_vid_00283_0.mp4,What causes the orange juice carton on the table to fall over? Option A: Someone knocks it over with their hand. Option B: It is bumped by an elbow.,b,B,b,1,,,,motion_o_timeblind_default_random1.json
random,1,none,2335,583,TimeBlind/videos/mcq_vid_00283_1.mp4,What causes the orange juice carton on the table to fall over? Option A: Someone knocks it over with their hand. Option B: It is bumped by an elbow.,a,B,b,0,,,,motion_o_timeblind_default_random1.json
random,1,none,2336,584,TimeBlind/videos/mcq_vid_00284_0.mp4,What causes the water spill on the table to disappear? Option A: It is wiped away with a paper towel. Option B: It is wiped away with a bare hand.,a,A,a,1,,,,motion_o_timeblind_default_random1.json
random,1,none,2337,584,TimeBlind/videos/mcq_vid_00284_1.mp4,What causes the water spill on the table to disappear? Option A: It is wiped away with a paper towel. Option B: It is wiped away with a bare hand.,b,A,a,0,,,,motion_o_timeblind_default_random1.json
random,1,none,2338,584,TimeBlind/videos/mcq_vid_00284_0.mp4,What causes the water spill on the table to disappear? Option A: It is wiped away with a bare hand. Option B: It is wiped away with a paper towel.,b,B,b,1,,,,motion_o_timeblind_default_random1.json
random,1,none,2339,584,TimeBlind/videos/mcq_vid_00284_1.mp4,What causes the water spill on the table to disappear? Option A: It is wiped away with a bare hand. Option B: It is wiped away with a paper towel.,a,B,b,0,,,,motion_o_timeblind_default_random1.json
random,1,none,2340,585,TimeBlind/videos/mcq_vid_00285_0.mp4,How much force is used to squeeze the cup at the start of the video? Option A: It is squeezed gently. Option B: It is squeezed forcefully.,a,A,a,1,,,,motion_o_timeblind_default_random1.json
random,1,none,2341,585,TimeBlind/videos/mcq_vid_00285_1.mp4,How much force is used to squeeze the cup at the start of the video? Option A: It is squeezed gently. Option B: It is squeezed forcefully.,b,A,a,0,,,,motion_o_timeblind_default_random1.json
random,1,none,2342,585,TimeBlind/videos/mcq_vid_00285_0.mp4,How much force is used to squeeze the cup at the start of the video? Option A: It is squeezed forcefully. Option B: It is squeezed gently.,b,B,b,1,,,,motion_o_timeblind_default_random1.json
random,1,none,2343,585,TimeBlind/videos/mcq_vid_00285_1.mp4,How much force is used to squeeze the cup at the start of the video? Option A: It is squeezed forcefully. Option B: It is squeezed gently.,a,B,b,0,,,,motion_o_timeblind_default_random1.json
random,1,none,2344,586,TimeBlind/videos/mcq_vid_00286_0.mp4,How many times does the person pull a tissue out of the tissue box? Option A: Four times. Option B: Three times.,a,B,b,0,,,,motion_o_timeblind_default_random1.json
random,1,none,2345,586,TimeBlind/videos/mcq_vid_00286_1.mp4,How many times does the person pull a tissue out of the tissue box? Option A: Four times. Option B: Three times.,b,B,b,1,,,,motion_o_timeblind_default_random1.json
random,1,none,2346,586,TimeBlind/videos/mcq_vid_00286_0.mp4,How many times does the person pull a tissue out of the tissue box? Option A: Three times. Option B: Four times.,b,"The image shows an open tissue box with one tissue partially pulled out, but it is not possible to determine how many tissues have been removed from this single view.

Therefore, based on what can be seen in the image alone:

A",a,0,,,,motion_o_timeblind_default_random1.json
random,1,none,2347,586,TimeBlind/videos/mcq_vid_00286_1.mp4,How many times does the person pull a tissue out of the tissue box? Option A: Three times. Option B: Four times.,a,A,a,1,,,,motion_o_timeblind_default_random1.json
random,1,none,2348,587,TimeBlind/videos/mcq_vid_00287_0.mp4,What happens to the size of the swaying motion? Option A: The swing gradually becomes wider. Option B: The swing gradually becomes smaller.,a,B,b,0,,,,motion_o_timeblind_default_random1.json
random,1,none,2349,587,TimeBlind/videos/mcq_vid_00287_1.mp4,What happens to the size of the swaying motion? Option A: The swing gradually becomes wider. Option B: The swing gradually becomes smaller.,b,B,b,1,,,,motion_o_timeblind_default_random1.json
random,1,none,2350,587,TimeBlind/videos/mcq_vid_00287_0.mp4,What happens to the size of the swaying motion? Option A: The swing gradually becomes smaller. Option B: The swing gradually becomes wider.,b,B,b,1,,,,motion_o_timeblind_default_random1.json
random,1,none,2351,587,TimeBlind/videos/mcq_vid_00287_1.mp4,What happens to the size of the swaying motion? Option A: The swing gradually becomes smaller. Option B: The swing gradually becomes wider.,a,B,b,0,,,,motion_o_timeblind_default_random1.json
random,1,none,2352,588,TimeBlind/videos/mcq_vid_00288_0.mp4,What happens to the size of the swaying motion over the clip? Option A: The swing gradually becomes wider. Option B: The swing gradually becomes smaller.,a,B,b,0,,,,motion_o_timeblind_default_random1.json
random,1,none,2353,588,TimeBlind/videos/mcq_vid_00288_1.mp4,What happens to the size of the swaying motion over the clip? Option A: The swing gradually becomes wider. Option B: The swing gradually becomes smaller.,b,B,b,1,,,,motion_o_timeblind_default_random1.json
random,1,none,2354,588,TimeBlind/videos/mcq_vid_00288_0.mp4,What happens to the size of the swaying motion over the clip? Option A: The swing gradually becomes smaller. Option B: The swing gradually becomes wider.,b,B,b,1,,,,motion_o_timeblind_default_random1.json
random,1,none,2355,588,TimeBlind/videos/mcq_vid_00288_1.mp4,What happens to the size of the swaying motion over the clip? Option A: The swing gradually becomes smaller. Option B: The swing gradually becomes wider.,a,B,b,0,,,,motion_o_timeblind_default_random1.json
random,1,none,2356,589,TimeBlind/videos/mcq_vid_00289_0.mp4,"In the video, how many times is the black mouse picked up? Option A: Twice. Option B: Three times.",a,A,a,1,,,,motion_o_timeblind_default_random1.json
random,1,none,2357,589,TimeBlind/videos/mcq_vid_00289_1.mp4,"In the video, how many times is the black mouse picked up? Option A: Twice. Option B: Three times.",b,A,a,0,,,,motion_o_timeblind_default_random1.json
random,1,none,2358,589,TimeBlind/videos/mcq_vid_00289_0.mp4,"In the video, how many times is the black mouse picked up? Option A: Three times. Option B: Twice.",b,B,b,1,,,,motion_o_timeblind_default_random1.json
random,1,none,2359,589,TimeBlind/videos/mcq_vid_00289_1.mp4,"In the video, how many times is the black mouse picked up? Option A: Three times. Option B: Twice.",a,B,b,0,,,,motion_o_timeblind_default_random1.json
random,1,none,2360,590,TimeBlind/videos/mcq_vid_00290_0.mp4,"In the video, why does the object fall off the table? Option A: The person pushes it. Option B: It is placed on the edge of the table.",a,B,b,0,,,,motion_o_timeblind_default_random1.json
random,1,none,2361,590,TimeBlind/videos/mcq_vid_00290_1.mp4,"In the video, why does the object fall off the table? Option A: The person pushes it. Option B: It is placed on the edge of the table.",b,B,b,1,,,,motion_o_timeblind_default_random1.json
random,1,none,2362,590,TimeBlind/videos/mcq_vid_00290_0.mp4,"In the video, why does the object fall off the table? Option A: It is placed on the edge of the table. Option B: The person pushes it.",b,A,a,0,,,,motion_o_timeblind_default_random1.json
random,1,none,2363,590,TimeBlind/videos/mcq_vid_00290_1.mp4,"In the video, why does the object fall off the table? Option A: It is placed on the edge of the table. Option B: The person pushes it.",a,A,a,1,,,,motion_o_timeblind_default_random1.json
random,1,none,2364,591,TimeBlind/videos/mcq_vid_00291_0.mp4,Why can't you see the chocolate jelly snack with the red lid on the tabletop anymore? Option A: It's blocked from view by a piece of paper. Option B: It's been put into a drawer.,a,A,a,1,,,,motion_o_timeblind_default_random1.json
random,1,none,2365,591,TimeBlind/videos/mcq_vid_00291_1.mp4,Why can't you see the chocolate jelly snack with the red lid on the tabletop anymore? Option A: It's blocked from view by a piece of paper. Option B: It's been put into a drawer.,b,B,b,1,,,,motion_o_timeblind_default_random1.json
random,1,none,2366,591,TimeBlind/videos/mcq_vid_00291_0.mp4,Why can't you see the chocolate jelly snack with the red lid on the tabletop anymore? Option A: It's been put into a drawer. Option B: It's blocked from view by a piece of paper.,b,B,b,1,,,,motion_o_timeblind_default_random1.json
random,1,none,2367,591,TimeBlind/videos/mcq_vid_00291_1.mp4,Why can't you see the chocolate jelly snack with the red lid on the tabletop anymore? Option A: It's been put into a drawer. Option B: It's blocked from view by a piece of paper.,a,B,b,0,,,,motion_o_timeblind_default_random1.json
random,1,none,2368,592,TimeBlind/videos/mcq_vid_00292_0.mp4,"In the video, how many times is the cup picked up? Option A: Four times. Option B: Five times.",a,A,a,1,,,,motion_o_timeblind_default_random1.json
random,1,none,2369,592,TimeBlind/videos/mcq_vid_00292_1.mp4,"In the video, how many times is the cup picked up? Option A: Four times. Option B: Five times.",b,A,a,0,,,,motion_o_timeblind_default_random1.json
random,1,none,2370,592,TimeBlind/videos/mcq_vid_00292_0.mp4,"In the video, how many times is the cup picked up? Option A: Five times. Option B: Four times.",b,B,b,1,,,,motion_o_timeblind_default_random1.json
random,1,none,2371,592,TimeBlind/videos/mcq_vid_00292_1.mp4,"In the video, how many times is the cup picked up? Option A: Five times. Option B: Four times.",a,B,b,0,,,,motion_o_timeblind_default_random1.json
random,1,none,2372,593,TimeBlind/videos/mcq_vid_00293_0.mp4,"In the video, how is the red BBQ sauce picked up? Option A: It is picked up gently. Option B: It is picked up forcefully.",a,A,a,1,,,,motion_o_timeblind_default_random1.json
random,1,none,2373,593,TimeBlind/videos/mcq_vid_00293_1.mp4,"In the video, how is the red BBQ sauce picked up? Option A: It is picked up gently. Option B: It is picked up forcefully.",b,A,a,0,,,,motion_o_timeblind_default_random1.json
random,1,none,2374,593,TimeBlind/videos/mcq_vid_00293_0.mp4,"In the video, how is the red BBQ sauce picked up? Option A: It is picked up forcefully. Option B: It is picked up gently.",b,B,b,1,,,,motion_o_timeblind_default_random1.json
random,1,none,2375,593,TimeBlind/videos/mcq_vid_00293_1.mp4,"In the video, how is the red BBQ sauce picked up? Option A: It is picked up forcefully. Option B: It is picked up gently.",a,B,b,0,,,,motion_o_timeblind_default_random1.json
random,1,none,2376,594,TimeBlind/videos/mcq_vid_00294_0.mp4,"In the video, what is the second item that gets picked up? Option A: A red bottle. Option B: A green and white bottle.",a,B,b,0,,,,motion_o_timeblind_default_random1.json
random,1,none,2377,594,TimeBlind/videos/mcq_vid_00294_1.mp4,"In the video, what is the second item that gets picked up? Option A: A red bottle. Option B: A green and white bottle.",b,B,b,1,,,,motion_o_timeblind_default_random1.json
random,1,none,2378,594,TimeBlind/videos/mcq_vid_00294_0.mp4,"In the video, what is the second item that gets picked up? Option A: A green and white bottle. Option B: A red bottle.",b,A,a,0,,,,motion_o_timeblind_default_random1.json
random,1,none,2379,594,TimeBlind/videos/mcq_vid_00294_1.mp4,"In the video, what is the second item that gets picked up? Option A: A green and white bottle. Option B: A red bottle.",a,A,a,1,,,,motion_o_timeblind_default_random1.json
random,1,none,2380,595,TimeBlind/videos/mcq_vid_00295_0.mp4,"Which of the following accurately describes the duration for which each object is held? Option A: The orange juice carton is held for a long time, and the milk carton for a short time. Option B: The orange juice carton is held for a short time, and the milk carton for a long time.",a,A,a,1,,,,motion_o_timeblind_default_random1.json
random,1,none,2381,595,TimeBlind/videos/mcq_vid_00295_1.mp4,"Which of the following accurately describes the duration for which each object is held? Option A: The orange juice carton is held for a long time, and the milk carton for a short time. Option B: The orange juice carton is held for a short time, and the milk carton for a long time.",b,B,b,1,,,,motion_o_timeblind_default_random1.json
random,1,none,2382,595,TimeBlind/videos/mcq_vid_00295_0.mp4,"Which of the following accurately describes the duration for which each object is held? Option A: The orange juice carton is held for a short time, and the milk carton for a long time. Option B: The orange juice carton is held for a long time, and the milk carton for a short time.",b,B,b,1,,,,motion_o_timeblind_default_random1.json
random,1,none,2383,595,TimeBlind/videos/mcq_vid_00295_1.mp4,"Which of the following accurately describes the duration for which each object is held? Option A: The orange juice carton is held for a short time, and the milk carton for a long time. Option B: The orange juice carton is held for a long time, and the milk carton for a short time.",a,B,b,0,,,,motion_o_timeblind_default_random1.json
random,1,none,2384,596,TimeBlind/videos/mcq_vid_00296_0.mp4,"Which of the following correctly describes the duration each object is held in the video? Option A: The milk carton is held for about 10 seconds, and the blue-and-yellow can is held for about 3 seconds. Option B: The milk carton is held for about 3 seconds, and the blue-and-yellow can is held for about 10 seconds.",a,B,b,0,,,,motion_o_timeblind_default_random1.json
random,1,none,2385,596,TimeBlind/videos/mcq_vid_00296_1.mp4,"Which of the following correctly describes the duration each object is held in the video? Option A: The milk carton is held for about 10 seconds, and the blue-and-yellow can is held for about 3 seconds. Option B: The milk carton is held for about 3 seconds, and the blue-and-yellow can is held for about 10 seconds.",b,B,b,1,,,,motion_o_timeblind_default_random1.json
random,1,none,2386,596,TimeBlind/videos/mcq_vid_00296_0.mp4,"Which of the following correctly describes the duration each object is held in the video? Option A: The milk carton is held for about 3 seconds, and the blue-and-yellow can is held for about 10 seconds. Option B: The milk carton is held for about 10 seconds, and the blue-and-yellow can is held for about 3 seconds.",b,B,b,1,,,,motion_o_timeblind_default_random1.json
random,1,none,2387,596,TimeBlind/videos/mcq_vid_00296_1.mp4,"Which of the following correctly describes the duration each object is held in the video? Option A: The milk carton is held for about 3 seconds, and the blue-and-yellow can is held for about 10 seconds. Option B: The milk carton is held for about 10 seconds, and the blue-and-yellow can is held for about 3 seconds.",a,B,b,0,,,,motion_o_timeblind_default_random1.json
random,1,none,2388,597,TimeBlind/videos/mcq_vid_00297_0.mp4,Which of the following describes the speed at which the milk carton is moved? Option A: The milk carton is moved slowly. Option B: The milk carton is moved quickly.,a,A,a,1,,,,motion_o_timeblind_default_random1.json
random,1,none,2389,597,TimeBlind/videos/mcq_vid_00297_1.mp4,Which of the following describes the speed at which the milk carton is moved? Option A: The milk carton is moved slowly. Option B: The milk carton is moved quickly.,b,A,a,0,,,,motion_o_timeblind_default_random1.json
random,1,none,2390,597,TimeBlind/videos/mcq_vid_00297_0.mp4,Which of the following describes the speed at which the milk carton is moved? Option A: The milk carton is moved quickly. Option B: The milk carton is moved slowly.,b,B,b,1,,,,motion_o_timeblind_default_random1.json
random,1,none,2391,597,TimeBlind/videos/mcq_vid_00297_1.mp4,Which of the following describes the speed at which the milk carton is moved? Option A: The milk carton is moved quickly. Option B: The milk carton is moved slowly.,a,"B

The image shows that there has been no movement, so it cannot be determined whether the milk carton was moved quickly (A) or slowly (B). Since we have an image and not motion data to analyze, option B would imply that if any action occurred in this context, it might suggest slow movement due to lack of visible change between frames; however, without actual motion analysis tools like video footage showing progression over time, neither can definitively conclude about its speed based on still images alone.

Therefore:
- If you were asked directly from visual cues only - **B**.
But remember, for precise answers regarding object speeds within static photos requires additional information beyond what's provided here!",b,0,,,,motion_o_timeblind_default_random1.json
random,1,none,2392,598,TimeBlind/videos/mcq_vid_00298_0.mp4,Which of the following accurately describes the duration for which the toy box is held? Option A: The toy box is held for approximately 5 seconds. Option B: The toy box is held for approximately 10 seconds.,a,B,b,0,,,,motion_o_timeblind_default_random1.json
random,1,none,2393,598,TimeBlind/videos/mcq_vid_00298_1.mp4,Which of the following accurately describes the duration for which the toy box is held? Option A: The toy box is held for approximately 5 seconds. Option B: The toy box is held for approximately 10 seconds.,b,A,a,0,,,,motion_o_timeblind_default_random1.json
random,1,none,2394,598,TimeBlind/videos/mcq_vid_00298_0.mp4,Which of the following accurately describes the duration for which the toy box is held? Option A: The toy box is held for approximately 10 seconds. Option B: The toy box is held for approximately 5 seconds.,b,B,b,1,,,,motion_o_timeblind_default_random1.json
random,1,none,2395,598,TimeBlind/videos/mcq_vid_00298_1.mp4,Which of the following accurately describes the duration for which the toy box is held? Option A: The toy box is held for approximately 10 seconds. Option B: The toy box is held for approximately 5 seconds.,a,B,b,0,,,,motion_o_timeblind_default_random1.json
random,1,none,2396,599,TimeBlind/videos/mcq_vid_00299_0.mp4,Which of the following accurately describes the speed at which the person makes marks on the board? Option A: The person uses a green pen to make marks slowly. Option B: The person uses a green pen to make marks quickly.,a,B,b,0,,,,motion_o_timeblind_default_random1.json
random,1,none,2397,599,TimeBlind/videos/mcq_vid_00299_1.mp4,Which of the following accurately describes the speed at which the person makes marks on the board? Option A: The person uses a green pen to make marks slowly. Option B: The person uses a green pen to make marks quickly.,b,B,b,1,,,,motion_o_timeblind_default_random1.json
random,1,none,2398,599,TimeBlind/videos/mcq_vid_00299_0.mp4,Which of the following accurately describes the speed at which the person makes marks on the board? Option A: The person uses a green pen to make marks quickly. Option B: The person uses a green pen to make marks slowly.,b,B,b,1,,,,motion_o_timeblind_default_random1.json
random,1,none,2399,599,TimeBlind/videos/mcq_vid_00299_1.mp4,Which of the following accurately describes the speed at which the person makes marks on the board? Option A: The person uses a green pen to make marks quickly. Option B: The person uses a green pen to make marks slowly.,a,B,b,0,,,,motion_o_timeblind_default_random1.json
