strategy,nframes,ablation,index,instance_id,video_path,question,gold,model_output,extracted,correct,frame_indices,f2c_scales,error,pred_file
uniform,1,no_video,0,0,TimeBlind/videos/vid_00000_0.mp4,Does the boy start eating shortly after the girl puts her cup down?,yes,"thought
<channel|>Please provide the video, text, or context you are referring to so I can answer your question.",,0,,,,gemma4it_tb_uniform1_no_video.json
uniform,1,no_video,1,0,TimeBlind/videos/vid_00000_1.mp4,Does the boy start eating shortly after the girl puts her cup down?,no,"thought
<channel|>Please provide the video, text, or context you are referring to so I can answer your question.",,0,,,,gemma4it_tb_uniform1_no_video.json
uniform,1,no_video,2,0,TimeBlind/videos/vid_00000_0.mp4,Does the boy start eating at the same time the girl sets her cup down?,no,"Please provide the video, text, or description you are referring to so I can answer your question.",,0,,,,gemma4it_tb_uniform1_no_video.json
uniform,1,no_video,3,0,TimeBlind/videos/vid_00000_1.mp4,Does the boy start eating at the same time the girl sets her cup down?,yes,"Please provide the video, text, or description you are referring to so I can answer your question.",,0,,,,gemma4it_tb_uniform1_no_video.json
uniform,1,no_video,4,1,TimeBlind/videos/vid_00001_0.mp4,Is the person's second racket swing faster than the first?,yes,Please provide the video or image you are referring to so I can analyze the swing speeds for you.,,0,,,,gemma4it_tb_uniform1_no_video.json
uniform,1,no_video,5,1,TimeBlind/videos/vid_00001_1.mp4,Is the person's second racket swing faster than the first?,no,Please provide the video or image you are referring to so I can analyze the swing speeds for you.,,0,,,,gemma4it_tb_uniform1_no_video.json
uniform,1,no_video,6,1,TimeBlind/videos/vid_00001_0.mp4,Does the person swing the badminton racket faster the first time than the second?,no,"I cannot answer this question because you have not provided a video, description, or data regarding a person swinging a badminton racket. Please provide the necessary context.",,0,,,,gemma4it_tb_uniform1_no_video.json
uniform,1,no_video,7,1,TimeBlind/videos/vid_00001_1.mp4,Does the person swing the badminton racket faster the first time than the second?,yes,"I cannot answer this question because you have not provided a video, description, or data regarding a person swinging a badminton racket. Please provide the necessary context.",,0,,,,gemma4it_tb_uniform1_no_video.json
uniform,1,no_video,8,2,TimeBlind/videos/vid_00002_0.mp4,Does the man hit the shuttlecock without moving his feet?,yes,Please provide the video or image you are referring to so I can answer your question.,,0,,,,gemma4it_tb_uniform1_no_video.json
uniform,1,no_video,9,2,TimeBlind/videos/vid_00002_1.mp4,Does the man hit the shuttlecock without moving his feet?,no,Please provide the video or image you are referring to so I can answer your question.,,0,,,,gemma4it_tb_uniform1_no_video.json
uniform,1,no_video,10,2,TimeBlind/videos/vid_00002_0.mp4,Is the man moving his feet when he hits the shuttlecock?,no,Please provide the video or image you are referring to so I can see the action and give you an accurate answer.,,0,,,,gemma4it_tb_uniform1_no_video.json
uniform,1,no_video,11,2,TimeBlind/videos/vid_00002_1.mp4,Is the man moving his feet when he hits the shuttlecock?,yes,Please provide the video or image you are referring to so I can see the action and give you an accurate answer.,,0,,,,gemma4it_tb_uniform1_no_video.json
uniform,1,no_video,12,3,TimeBlind/videos/vid_00003_0.mp4,Does the left side of the cigarette gradually change color from white to yellow?,yes,Yes,yes,1,,,,gemma4it_tb_uniform1_no_video.json
uniform,1,no_video,13,3,TimeBlind/videos/vid_00003_1.mp4,Does the left side of the cigarette gradually change color from white to yellow?,no,Yes,yes,0,,,,gemma4it_tb_uniform1_no_video.json
uniform,1,no_video,14,3,TimeBlind/videos/vid_00003_0.mp4,Does the left side of the cigarette gradually change color from yellow to white?,no,Yes,yes,0,,,,gemma4it_tb_uniform1_no_video.json
uniform,1,no_video,15,3,TimeBlind/videos/vid_00003_1.mp4,Does the left side of the cigarette gradually change color from yellow to white?,yes,Yes,yes,1,,,,gemma4it_tb_uniform1_no_video.json
uniform,1,no_video,16,4,TimeBlind/videos/vid_00004_0.mp4,Is the sprout getting taller?,yes,I cannot see the sprout you are referring to. Please provide an image or a description of the sprout's growth over time so I can help you determine if it is getting taller.,,0,,,,gemma4it_tb_uniform1_no_video.json
uniform,1,no_video,17,4,TimeBlind/videos/vid_00004_1.mp4,Is the sprout getting taller?,no,I cannot see the sprout you are referring to. Please provide an image or a description of the sprout's growth over time so I can help you determine if it is getting taller.,,0,,,,gemma4it_tb_uniform1_no_video.json
uniform,1,no_video,18,4,TimeBlind/videos/vid_00004_0.mp4,Is the sprout getting shorter?,no,I cannot see the sprout you are referring to. Please provide an image or more context so I can help you.,,0,,,,gemma4it_tb_uniform1_no_video.json
uniform,1,no_video,19,4,TimeBlind/videos/vid_00004_1.mp4,Is the sprout getting shorter?,yes,I cannot see the sprout you are referring to. Please provide an image or more context so I can help you.,,0,,,,gemma4it_tb_uniform1_no_video.json
uniform,1,no_video,20,5,TimeBlind/videos/vid_00005_0.mp4,Is the milk carton held for approximately 5 seconds?,yes,I cannot see the video or image you are referring to. Please provide the media or a description of the action so I can answer your question.,,0,,,,gemma4it_tb_uniform1_no_video.json
uniform,1,no_video,21,5,TimeBlind/videos/vid_00005_1.mp4,Is the milk carton held for approximately 5 seconds?,no,I cannot see the video or image you are referring to. Please provide the media or a description of the action so I can answer your question.,,0,,,,gemma4it_tb_uniform1_no_video.json
uniform,1,no_video,22,5,TimeBlind/videos/vid_00005_0.mp4,Is the milk carton held for approximately 10 seconds?,no,I cannot see the video or image you are referring to. Please provide the media or a description of the action so I can answer your question.,,0,,,,gemma4it_tb_uniform1_no_video.json
uniform,1,no_video,23,5,TimeBlind/videos/vid_00005_1.mp4,Is the milk carton held for approximately 10 seconds?,yes,I cannot see the video or image you are referring to. Please provide the media or a description of the action so I can answer your question.,,0,,,,gemma4it_tb_uniform1_no_video.json
uniform,1,no_video,24,6,TimeBlind/videos/vid_00006_0.mp4,Does a little girl turn into an old woman?,yes,Yes.,yes,1,,,,gemma4it_tb_uniform1_no_video.json
uniform,1,no_video,25,6,TimeBlind/videos/vid_00006_1.mp4,Does a little girl turn into an old woman?,no,Yes.,yes,0,,,,gemma4it_tb_uniform1_no_video.json
uniform,1,no_video,26,6,TimeBlind/videos/vid_00006_0.mp4,Does an old woman turn into a little girl?,no,No.,no,1,,,,gemma4it_tb_uniform1_no_video.json
uniform,1,no_video,27,6,TimeBlind/videos/vid_00006_1.mp4,Does an old woman turn into a little girl?,yes,No.,no,0,,,,gemma4it_tb_uniform1_no_video.json
uniform,1,no_video,28,7,TimeBlind/videos/vid_00007_0.mp4,Does the person go from happy to sad?,yes,"Please provide the text, story, or description you are referring to so I can give you an accurate answer.",,0,,,,gemma4it_tb_uniform1_no_video.json
uniform,1,no_video,29,7,TimeBlind/videos/vid_00007_1.mp4,Does the person go from happy to sad?,no,"Please provide the text, story, or description you are referring to so I can give you an accurate answer.",,0,,,,gemma4it_tb_uniform1_no_video.json
uniform,1,no_video,30,7,TimeBlind/videos/vid_00007_0.mp4,Does the person go from being sad to being happy?,no,"Please provide the text, story, or description you are referring to so I can give you an accurate answer.",,0,,,,gemma4it_tb_uniform1_no_video.json
uniform,1,no_video,31,7,TimeBlind/videos/vid_00007_1.mp4,Does the person go from being sad to being happy?,yes,"Please provide the text, story, or description you are referring to so I can give you an accurate answer.",,0,,,,gemma4it_tb_uniform1_no_video.json
uniform,1,no_video,32,8,TimeBlind/videos/vid_00008_0.mp4,Is the whole onion being cut into small pieces?,yes,I cannot answer this question because there is no image or context provided. Please provide the image or description you are referring to.,no,0,,,,gemma4it_tb_uniform1_no_video.json
uniform,1,no_video,33,8,TimeBlind/videos/vid_00008_1.mp4,Is the whole onion being cut into small pieces?,no,I cannot answer this question because there is no image or context provided. Please provide the image or description you are referring to.,no,1,,,,gemma4it_tb_uniform1_no_video.json
uniform,1,no_video,34,8,TimeBlind/videos/vid_00008_0.mp4,Do the onion pieces reassemble into a whole onion?,no,No,no,1,,,,gemma4it_tb_uniform1_no_video.json
uniform,1,no_video,35,8,TimeBlind/videos/vid_00008_1.mp4,Do the onion pieces reassemble into a whole onion?,yes,No,no,0,,,,gemma4it_tb_uniform1_no_video.json
uniform,1,no_video,36,9,TimeBlind/videos/vid_00009_0.mp4,Does the butter turn from solid to liquid?,yes,Yes,yes,1,,,,gemma4it_tb_uniform1_no_video.json
uniform,1,no_video,37,9,TimeBlind/videos/vid_00009_1.mp4,Does the butter turn from solid to liquid?,no,Yes,yes,0,,,,gemma4it_tb_uniform1_no_video.json
uniform,1,no_video,38,9,TimeBlind/videos/vid_00009_0.mp4,Does the butter turn from liquid to solid?,no,Yes,yes,0,,,,gemma4it_tb_uniform1_no_video.json
uniform,1,no_video,39,9,TimeBlind/videos/vid_00009_1.mp4,Does the butter turn from liquid to solid?,yes,Yes,yes,1,,,,gemma4it_tb_uniform1_no_video.json
uniform,1,no_video,40,10,TimeBlind/videos/vid_00010_0.mp4,"Does the clay change from an irregular, elongated shape into a sphere?",yes,"thought
<channel|>To provide an accurate answer, I need to know the context of your question (e.g., a specific science experiment, a video, or a description of a process).

However, if you are referring to the standard process of **pottery, sculpting, or a ""clay rolling"" experiment**:

**Yes**",,0,,,,gemma4it_tb_uniform1_no_video.json
uniform,1,no_video,41,10,TimeBlind/videos/vid_00010_1.mp4,"Does the clay change from an irregular, elongated shape into a sphere?",no,"thought
<channel|>To provide an accurate answer, I need to know the context of your question (e.g., a specific science experiment, a video, or a description of a process).

However, if you are referring to the standard process of **pottery, sculpting, or a ""clay rolling"" experiment**:

**Yes**",,0,,,,gemma4it_tb_uniform1_no_video.json
uniform,1,no_video,42,10,TimeBlind/videos/vid_00010_0.mp4,"Does the clay change from a sphere into an irregular, elongated shape?",no,"thought
<channel|>Please provide the context, image, or description of the process you are referring to. Without a specific reference, I cannot determine the answer.",,0,,,,gemma4it_tb_uniform1_no_video.json
uniform,1,no_video,43,10,TimeBlind/videos/vid_00010_1.mp4,"Does the clay change from a sphere into an irregular, elongated shape?",yes,"thought
<channel|>Please provide the context, image, or description of the process you are referring to. Without a specific reference, I cannot determine the answer.",,0,,,,gemma4it_tb_uniform1_no_video.json
uniform,1,no_video,44,11,TimeBlind/videos/vid_00011_0.mp4,Is the pine cone spinning clockwise when viewed from above?,yes,I cannot see the pine cone you are referring to. Please provide an image or a description of the motion so I can answer your question.,,0,,,,gemma4it_tb_uniform1_no_video.json
uniform,1,no_video,45,11,TimeBlind/videos/vid_00011_1.mp4,Is the pine cone spinning clockwise when viewed from above?,no,I cannot see the pine cone you are referring to. Please provide an image or a description of the motion so I can answer your question.,,0,,,,gemma4it_tb_uniform1_no_video.json
uniform,1,no_video,46,11,TimeBlind/videos/vid_00011_0.mp4,Is the pine cone spinning counterclockwise when viewed from above?,no,I cannot see the pine cone you are referring to. Please provide an image or a description of the motion so I can answer your question.,,0,,,,gemma4it_tb_uniform1_no_video.json
uniform,1,no_video,47,11,TimeBlind/videos/vid_00011_1.mp4,Is the pine cone spinning counterclockwise when viewed from above?,yes,I cannot see the pine cone you are referring to. Please provide an image or a description of the motion so I can answer your question.,,0,,,,gemma4it_tb_uniform1_no_video.json
uniform,1,no_video,48,12,TimeBlind/videos/vid_00012_0.mp4,Is the pine cone going from closed to open?,yes,I cannot see the image you are referring to. Please provide an image or a description of the pine cone so I can answer your question.,,0,,,,gemma4it_tb_uniform1_no_video.json
uniform,1,no_video,49,12,TimeBlind/videos/vid_00012_1.mp4,Is the pine cone going from closed to open?,no,I cannot see the image you are referring to. Please provide an image or a description of the pine cone so I can answer your question.,,0,,,,gemma4it_tb_uniform1_no_video.json
uniform,1,no_video,50,12,TimeBlind/videos/vid_00012_0.mp4,Is the pine cone going from open to closed?,no,I cannot see the image you are referring to. Please provide an image or a description of the pine cone's current state and its previous state so I can answer your question.,,0,,,,gemma4it_tb_uniform1_no_video.json
uniform,1,no_video,51,12,TimeBlind/videos/vid_00012_1.mp4,Is the pine cone going from open to closed?,yes,I cannot see the image you are referring to. Please provide an image or a description of the pine cone's current state and its previous state so I can answer your question.,,0,,,,gemma4it_tb_uniform1_no_video.json
uniform,1,no_video,52,13,TimeBlind/videos/vid_00013_0.mp4,Does the seed coat move away from the soil?,yes,No,no,0,,,,gemma4it_tb_uniform1_no_video.json
uniform,1,no_video,53,13,TimeBlind/videos/vid_00013_1.mp4,Does the seed coat move away from the soil?,no,No,no,1,,,,gemma4it_tb_uniform1_no_video.json
uniform,1,no_video,54,13,TimeBlind/videos/vid_00013_0.mp4,Does the seed coat move toward the soil?,no,No,no,1,,,,gemma4it_tb_uniform1_no_video.json
uniform,1,no_video,55,13,TimeBlind/videos/vid_00013_1.mp4,Does the seed coat move toward the soil?,yes,No,no,0,,,,gemma4it_tb_uniform1_no_video.json
uniform,1,no_video,56,14,TimeBlind/videos/vid_00014_0.mp4,Is the pine tree getting taller?,yes,Yes,yes,1,,,,gemma4it_tb_uniform1_no_video.json
uniform,1,no_video,57,14,TimeBlind/videos/vid_00014_1.mp4,Is the pine tree getting taller?,no,Yes,yes,0,,,,gemma4it_tb_uniform1_no_video.json
uniform,1,no_video,58,14,TimeBlind/videos/vid_00014_0.mp4,Is the pine tree getting shorter?,no,No,no,1,,,,gemma4it_tb_uniform1_no_video.json
uniform,1,no_video,59,14,TimeBlind/videos/vid_00014_1.mp4,Is the pine tree getting shorter?,yes,No,no,0,,,,gemma4it_tb_uniform1_no_video.json
uniform,1,no_video,60,15,TimeBlind/videos/vid_00015_0.mp4,Does the number of small black objects in the clear container go from one to five?,yes,Please provide the image you are referring to so I can answer your question.,,0,,,,gemma4it_tb_uniform1_no_video.json
uniform,1,no_video,61,15,TimeBlind/videos/vid_00015_1.mp4,Does the number of small black objects in the clear container go from one to five?,no,Please provide the image you are referring to so I can answer your question.,,0,,,,gemma4it_tb_uniform1_no_video.json
uniform,1,no_video,62,15,TimeBlind/videos/vid_00015_0.mp4,Does the number of small black objects in the transparent container decrease from five to one?,no,Please provide the image or video you are referring to so I can observe the container and answer your question.,,0,,,,gemma4it_tb_uniform1_no_video.json
uniform,1,no_video,63,15,TimeBlind/videos/vid_00015_1.mp4,Does the number of small black objects in the transparent container decrease from five to one?,yes,Please provide the image or video you are referring to so I can observe the container and answer your question.,,0,,,,gemma4it_tb_uniform1_no_video.json
uniform,1,no_video,64,16,TimeBlind/videos/vid_00016_0.mp4,Does the strawberry's color gradually change from light green to red?,yes,"thought
<channel|>Yes",yes,1,,,,gemma4it_tb_uniform1_no_video.json
uniform,1,no_video,65,16,TimeBlind/videos/vid_00016_1.mp4,Does the strawberry's color gradually change from light green to red?,no,"thought
<channel|>Yes",yes,0,,,,gemma4it_tb_uniform1_no_video.json
uniform,1,no_video,66,16,TimeBlind/videos/vid_00016_0.mp4,Does the strawberry's color gradually change from red to light green?,no,"ethought
No. (Strawberries typically change from green to white/pink and then to red as they ripen.)<channel|>No.",no,1,,,,gemma4it_tb_uniform1_no_video.json
uniform,1,no_video,67,16,TimeBlind/videos/vid_00016_1.mp4,Does the strawberry's color gradually change from red to light green?,yes,"ethought
No. (Strawberries typically change from green to white/pink and then to red as they ripen.)<channel|>No.",no,0,,,,gemma4it_tb_uniform1_no_video.json
uniform,1,no_video,68,17,TimeBlind/videos/vid_00017_0.mp4,"When viewed from above, does the topmost sprout rotate counterclockwise?",yes,"Please provide the image or a description of the scene you are referring to. Without a visual or a specific context, I cannot determine the direction of rotation.",,0,,,,gemma4it_tb_uniform1_no_video.json
uniform,1,no_video,69,17,TimeBlind/videos/vid_00017_1.mp4,"When viewed from above, does the topmost sprout rotate counterclockwise?",no,"Please provide the image or a description of the scene you are referring to. Without a visual or a specific context, I cannot determine the direction of rotation.",,0,,,,gemma4it_tb_uniform1_no_video.json
uniform,1,no_video,70,17,TimeBlind/videos/vid_00017_0.mp4,"When viewed from above, does the top sprout rotate clockwise?",no,I cannot see the image you are referring to. Please provide the image so I can answer your question.,,0,,,,gemma4it_tb_uniform1_no_video.json
uniform,1,no_video,71,17,TimeBlind/videos/vid_00017_1.mp4,"When viewed from above, does the top sprout rotate clockwise?",yes,I cannot see the image you are referring to. Please provide the image so I can answer your question.,,0,,,,gemma4it_tb_uniform1_no_video.json
uniform,1,no_video,72,18,TimeBlind/videos/vid_00018_0.mp4,Does the person wipe the whiteboard with small strokes?,yes,Please provide the video or image you are referring to so I can answer your question.,,0,,,,gemma4it_tb_uniform1_no_video.json
uniform,1,no_video,73,18,TimeBlind/videos/vid_00018_1.mp4,Does the person wipe the whiteboard with small strokes?,no,Please provide the video or image you are referring to so I can answer your question.,,0,,,,gemma4it_tb_uniform1_no_video.json
uniform,1,no_video,74,18,TimeBlind/videos/vid_00018_0.mp4,Does the person wipe the whiteboard with large strokes?,no,Please provide the video or image you are referring to so I can answer your question.,,0,,,,gemma4it_tb_uniform1_no_video.json
uniform,1,no_video,75,18,TimeBlind/videos/vid_00018_1.mp4,Does the person wipe the whiteboard with large strokes?,yes,Please provide the video or image you are referring to so I can answer your question.,,0,,,,gemma4it_tb_uniform1_no_video.json
uniform,1,no_video,76,19,TimeBlind/videos/vid_00019_0.mp4,Does the number of leaves increase from one to three?,yes,Yes,yes,1,,,,gemma4it_tb_uniform1_no_video.json
uniform,1,no_video,77,19,TimeBlind/videos/vid_00019_1.mp4,Does the number of leaves increase from one to three?,no,Yes,yes,0,,,,gemma4it_tb_uniform1_no_video.json
uniform,1,no_video,78,19,TimeBlind/videos/vid_00019_0.mp4,Does the number of leaves decrease from three to one?,no,Yes,yes,0,,,,gemma4it_tb_uniform1_no_video.json
uniform,1,no_video,79,19,TimeBlind/videos/vid_00019_1.mp4,Does the number of leaves decrease from three to one?,yes,Yes,yes,1,,,,gemma4it_tb_uniform1_no_video.json
uniform,1,no_video,80,20,TimeBlind/videos/vid_00020_0.mp4,Does a seed come into view?,yes,"To provide an accurate answer, I need to know the context of your question (e.g., a specific story, a scientific process, a riddle, or a visual description).

However, if you are asking this as a general question about nature: **Yes**, a seed comes into view when it is planted, harvested, or dispersed.",,0,,,,gemma4it_tb_uniform1_no_video.json
uniform,1,no_video,81,20,TimeBlind/videos/vid_00020_1.mp4,Does a seed come into view?,no,"To provide an accurate answer, I need to know the context of your question (e.g., a specific story, a scientific process, a riddle, or a visual description).

However, if you are asking this as a general question about nature: **Yes**, a seed comes into view when it is planted, harvested, or dispersed.",,0,,,,gemma4it_tb_uniform1_no_video.json
uniform,1,no_video,82,20,TimeBlind/videos/vid_00020_0.mp4,Does the seed go out of view?,no,"I do not have enough context to answer this question. Please provide the text, image, or description you are referring to.",,0,,,,gemma4it_tb_uniform1_no_video.json
uniform,1,no_video,83,20,TimeBlind/videos/vid_00020_1.mp4,Does the seed go out of view?,yes,"I do not have enough context to answer this question. Please provide the text, image, or description you are referring to.",,0,,,,gemma4it_tb_uniform1_no_video.json
uniform,1,no_video,84,21,TimeBlind/videos/vid_00021_0.mp4,Does the box change from open to closed?,yes,Please provide the image or description you are referring to so I can answer your question.,,0,,,,gemma4it_tb_uniform1_no_video.json
uniform,1,no_video,85,21,TimeBlind/videos/vid_00021_1.mp4,Does the box change from open to closed?,no,Please provide the image or description you are referring to so I can answer your question.,,0,,,,gemma4it_tb_uniform1_no_video.json
uniform,1,no_video,86,21,TimeBlind/videos/vid_00021_0.mp4,Does the box change from closed to open?,no,Please provide the image or description you are referring to so I can answer your question.,,0,,,,gemma4it_tb_uniform1_no_video.json
uniform,1,no_video,87,21,TimeBlind/videos/vid_00021_1.mp4,Does the box change from closed to open?,yes,Please provide the image or description you are referring to so I can answer your question.,,0,,,,gemma4it_tb_uniform1_no_video.json
uniform,1,no_video,88,22,TimeBlind/videos/vid_00022_0.mp4,Does the molten glass change shape from an oval to a rectangle?,yes,"To provide an accurate answer, I need to know the context of your question (e.g., a specific video, a physics experiment, or a description of a process).

However, based on the physical properties of molten glass:

**Yes**, molten glass can change shape from an oval to a rectangle (or any other shape) because it is in a liquid state and will conform to the shape of the container or mold it is placed in.",,0,,,,gemma4it_tb_uniform1_no_video.json
uniform,1,no_video,89,22,TimeBlind/videos/vid_00022_1.mp4,Does the molten glass change shape from an oval to a rectangle?,no,"To provide an accurate answer, I need to know the context of your question (e.g., a specific video, a physics experiment, or a description of a process).

However, based on the physical properties of molten glass:

**Yes**, molten glass can change shape from an oval to a rectangle (or any other shape) because it is in a liquid state and will conform to the shape of the container or mold it is placed in.",,0,,,,gemma4it_tb_uniform1_no_video.json
uniform,1,no_video,90,22,TimeBlind/videos/vid_00022_0.mp4,Does the molten glass change from a rectangular shape to an oval?,no,"It depends on the specific context (such as the container it is in or the gravity acting upon it), but generally, molten glass takes the shape of its container.

If you are referring to a specific video or experiment where glass is poured into a mold or allowed to settle, the answer is often **Yes**.",,0,,,,gemma4it_tb_uniform1_no_video.json
uniform,1,no_video,91,22,TimeBlind/videos/vid_00022_1.mp4,Does the molten glass change from a rectangular shape to an oval?,yes,"It depends on the specific context (such as the container it is in or the gravity acting upon it), but generally, molten glass takes the shape of its container.

If you are referring to a specific video or experiment where glass is poured into a mold or allowed to settle, the answer is often **Yes**.",,0,,,,gemma4it_tb_uniform1_no_video.json
uniform,1,no_video,92,23,TimeBlind/videos/vid_00023_0.mp4,Does the red object change from teardrop-shaped to gourd-shaped?,yes,"Please provide the video or image sequence you are referring to. Without the visual content, I cannot determine if the object changes shape.",,0,,,,gemma4it_tb_uniform1_no_video.json
uniform,1,no_video,93,23,TimeBlind/videos/vid_00023_1.mp4,Does the red object change from teardrop-shaped to gourd-shaped?,no,"Please provide the video or image sequence you are referring to. Without the visual content, I cannot determine if the object changes shape.",,0,,,,gemma4it_tb_uniform1_no_video.json
uniform,1,no_video,94,23,TimeBlind/videos/vid_00023_0.mp4,Does the red object change shape from gourd-like to teardrop-shaped?,no,Please provide the image or video you are referring to so I can see the object and give you an accurate answer.,,0,,,,gemma4it_tb_uniform1_no_video.json
uniform,1,no_video,95,23,TimeBlind/videos/vid_00023_1.mp4,Does the red object change shape from gourd-like to teardrop-shaped?,yes,Please provide the image or video you are referring to so I can see the object and give you an accurate answer.,,0,,,,gemma4it_tb_uniform1_no_video.json
uniform,1,no_video,96,24,TimeBlind/videos/vid_00024_0.mp4,Does the clay change from an irregular shape to a bowl?,yes,Yes,yes,1,,,,gemma4it_tb_uniform1_no_video.json
uniform,1,no_video,97,24,TimeBlind/videos/vid_00024_1.mp4,Does the clay change from an irregular shape to a bowl?,no,Yes,yes,0,,,,gemma4it_tb_uniform1_no_video.json
uniform,1,no_video,98,24,TimeBlind/videos/vid_00024_0.mp4,Does the clay change from a bowl to an irregular shape?,no,"I cannot answer this question because you haven't provided a description, image, or context regarding a specific process or story involving clay. Please provide more information!",,0,,,,gemma4it_tb_uniform1_no_video.json
uniform,1,no_video,99,24,TimeBlind/videos/vid_00024_1.mp4,Does the clay change from a bowl to an irregular shape?,yes,"I cannot answer this question because you haven't provided a description, image, or context regarding a specific process or story involving clay. Please provide more information!",,0,,,,gemma4it_tb_uniform1_no_video.json
uniform,1,no_video,100,25,TimeBlind/videos/vid_00025_0.mp4,Does the book change from closed to open?,yes,"I cannot answer this question because you haven't provided a description, image, or context regarding a specific book. Please provide more information!",,0,,,,gemma4it_tb_uniform1_no_video.json
uniform,1,no_video,101,25,TimeBlind/videos/vid_00025_1.mp4,Does the book change from closed to open?,no,"I cannot answer this question because you haven't provided a description, image, or context regarding a specific book. Please provide more information!",,0,,,,gemma4it_tb_uniform1_no_video.json
uniform,1,no_video,102,25,TimeBlind/videos/vid_00025_0.mp4,Does the book change from open to closed?,no,"I cannot answer this question because you have not provided a book, a description, or a context for the question. Please provide more information.",,0,,,,gemma4it_tb_uniform1_no_video.json
uniform,1,no_video,103,25,TimeBlind/videos/vid_00025_1.mp4,Does the book change from open to closed?,yes,"I cannot answer this question because you have not provided a book, a description, or a context for the question. Please provide more information.",,0,,,,gemma4it_tb_uniform1_no_video.json
uniform,1,no_video,104,26,TimeBlind/videos/vid_00026_0.mp4,Does one cup move away from the other cup?,yes,No.,no,0,,,,gemma4it_tb_uniform1_no_video.json
uniform,1,no_video,105,26,TimeBlind/videos/vid_00026_1.mp4,Does one cup move away from the other cup?,no,No.,no,1,,,,gemma4it_tb_uniform1_no_video.json
uniform,1,no_video,106,26,TimeBlind/videos/vid_00026_0.mp4,Does one cup move closer to the other cup?,no,"I cannot answer this question because you haven't provided a description, image, or context regarding the cups. Please provide more information!",,0,,,,gemma4it_tb_uniform1_no_video.json
uniform,1,no_video,107,26,TimeBlind/videos/vid_00026_1.mp4,Does one cup move closer to the other cup?,yes,"I cannot answer this question because you haven't provided a description, image, or context regarding the cups. Please provide more information!",,0,,,,gemma4it_tb_uniform1_no_video.json
uniform,1,no_video,108,27,TimeBlind/videos/vid_00027_0.mp4,Is the cup moved from one coaster to a smaller coaster?,yes,Please provide the image or video you are referring to so I can see the action and give you an accurate answer.,,0,,,,gemma4it_tb_uniform1_no_video.json
uniform,1,no_video,109,27,TimeBlind/videos/vid_00027_1.mp4,Is the cup moved from one coaster to a smaller coaster?,no,Please provide the image or video you are referring to so I can see the action and give you an accurate answer.,,0,,,,gemma4it_tb_uniform1_no_video.json
uniform,1,no_video,110,27,TimeBlind/videos/vid_00027_0.mp4,Is the cup moved from one coaster onto a larger coaster?,no,Please provide the image or video you are referring to so I can answer your question.,,0,,,,gemma4it_tb_uniform1_no_video.json
uniform,1,no_video,111,27,TimeBlind/videos/vid_00027_1.mp4,Is the cup moved from one coaster onto a larger coaster?,yes,Please provide the image or video you are referring to so I can answer your question.,,0,,,,gemma4it_tb_uniform1_no_video.json
uniform,1,no_video,112,28,TimeBlind/videos/vid_00028_0.mp4,Does the person put the bowl into the bucket of liquid?,yes,Please provide the image or video you are referring to so I can answer your question.,,0,,,,gemma4it_tb_uniform1_no_video.json
uniform,1,no_video,113,28,TimeBlind/videos/vid_00028_1.mp4,Does the person put the bowl into the bucket of liquid?,no,Please provide the image or video you are referring to so I can answer your question.,,0,,,,gemma4it_tb_uniform1_no_video.json
uniform,1,no_video,114,28,TimeBlind/videos/vid_00028_0.mp4,Does the person take the bowl out of the bucket of liquid?,no,Please provide the video or image you are referring to so I can answer your question.,,0,,,,gemma4it_tb_uniform1_no_video.json
uniform,1,no_video,115,28,TimeBlind/videos/vid_00028_1.mp4,Does the person take the bowl out of the bucket of liquid?,yes,Please provide the video or image you are referring to so I can answer your question.,,0,,,,gemma4it_tb_uniform1_no_video.json
uniform,1,no_video,116,29,TimeBlind/videos/vid_00029_0.mp4,Does the bowl change color from light to dark?,yes,Please provide the image or context you are referring to so I can give you an accurate answer.,,0,,,,gemma4it_tb_uniform1_no_video.json
uniform,1,no_video,117,29,TimeBlind/videos/vid_00029_1.mp4,Does the bowl change color from light to dark?,no,Please provide the image or context you are referring to so I can give you an accurate answer.,,0,,,,gemma4it_tb_uniform1_no_video.json
uniform,1,no_video,118,29,TimeBlind/videos/vid_00029_0.mp4,Does the bowl's color change from dark to light?,no,Please provide the image or description you are referring to so I can answer your question.,,0,,,,gemma4it_tb_uniform1_no_video.json
uniform,1,no_video,119,29,TimeBlind/videos/vid_00029_1.mp4,Does the bowl's color change from dark to light?,yes,Please provide the image or description you are referring to so I can answer your question.,,0,,,,gemma4it_tb_uniform1_no_video.json
uniform,1,no_video,120,30,TimeBlind/videos/vid_00030_0.mp4,Does the color of the bowl change from beige to brown?,yes,Please provide the image or the context you are referring to so I can give you an accurate answer.,,0,,,,gemma4it_tb_uniform1_no_video.json
uniform,1,no_video,121,30,TimeBlind/videos/vid_00030_1.mp4,Does the color of the bowl change from beige to brown?,no,Please provide the image or the context you are referring to so I can give you an accurate answer.,,0,,,,gemma4it_tb_uniform1_no_video.json
uniform,1,no_video,122,30,TimeBlind/videos/vid_00030_0.mp4,Does the color of the bowl change from beige to white?,no,Please provide the image or the context you are referring to so I can give you an accurate answer.,,0,,,,gemma4it_tb_uniform1_no_video.json
uniform,1,no_video,123,30,TimeBlind/videos/vid_00030_1.mp4,Does the color of the bowl change from beige to white?,yes,Please provide the image or the context you are referring to so I can give you an accurate answer.,,0,,,,gemma4it_tb_uniform1_no_video.json
uniform,1,no_video,124,31,TimeBlind/videos/vid_00031_0.mp4,"When viewed from below, is the bowl rotating clockwise?",yes,"Please provide the image or a description of the bowl's motion so I can see it. Without a visual or a description of the direction of movement, I cannot determine the rotation.",,0,,,,gemma4it_tb_uniform1_no_video.json
uniform,1,no_video,125,31,TimeBlind/videos/vid_00031_1.mp4,"When viewed from below, is the bowl rotating clockwise?",no,"Please provide the image or a description of the bowl's motion so I can see it. Without a visual or a description of the direction of movement, I cannot determine the rotation.",,0,,,,gemma4it_tb_uniform1_no_video.json
uniform,1,no_video,126,31,TimeBlind/videos/vid_00031_0.mp4,"When viewed from below, is the bowl rotating counterclockwise?",no,Please provide the image or a description of the bowl's motion so I can give you an accurate answer.,,0,,,,gemma4it_tb_uniform1_no_video.json
uniform,1,no_video,127,31,TimeBlind/videos/vid_00031_1.mp4,"When viewed from below, is the bowl rotating counterclockwise?",yes,Please provide the image or a description of the bowl's motion so I can give you an accurate answer.,,0,,,,gemma4it_tb_uniform1_no_video.json
uniform,1,no_video,128,32,TimeBlind/videos/vid_00032_0.mp4,"From the camera's point of view, is the woman walking to the right?",yes,Please provide the image or video you are referring to! I need to see the visual content to tell you which direction the woman is walking.,,0,,,,gemma4it_tb_uniform1_no_video.json
uniform,1,no_video,129,32,TimeBlind/videos/vid_00032_1.mp4,"From the camera's point of view, is the woman walking to the right?",no,Please provide the image or video you are referring to! I need to see the visual content to tell you which direction the woman is walking.,,0,,,,gemma4it_tb_uniform1_no_video.json
uniform,1,no_video,130,32,TimeBlind/videos/vid_00032_0.mp4,Is the woman walking to the camera's left?,no,Please provide the image you are referring to! I need to see the picture to tell you which way the woman is walking.,,0,,,,gemma4it_tb_uniform1_no_video.json
uniform,1,no_video,131,32,TimeBlind/videos/vid_00032_1.mp4,Is the woman walking to the camera's left?,yes,Please provide the image you are referring to! I need to see the picture to tell you which way the woman is walking.,,0,,,,gemma4it_tb_uniform1_no_video.json
uniform,1,no_video,132,33,TimeBlind/videos/vid_00033_0.mp4,Does the reaction in the container gradually intensify?,yes,"Please provide the image or a description of the reaction you are referring to. Without a visual or specific context, I cannot determine the answer.",,0,,,,gemma4it_tb_uniform1_no_video.json
uniform,1,no_video,133,33,TimeBlind/videos/vid_00033_1.mp4,Does the reaction in the container gradually intensify?,no,"Please provide the image or a description of the reaction you are referring to. Without a visual or specific context, I cannot determine the answer.",,0,,,,gemma4it_tb_uniform1_no_video.json
uniform,1,no_video,134,33,TimeBlind/videos/vid_00033_0.mp4,Does the liquid's reaction in the container slow down over time?,no,"thought
<channel|>To provide an accurate answer, I need to know which specific liquid or chemical reaction you are referring to.

However, in most chemical and physical contexts:

**Yes**

(Most reactions slow down over time because the concentration of reactants decreases, a process known as chemical kinetics.)",,0,,,,gemma4it_tb_uniform1_no_video.json
uniform,1,no_video,135,33,TimeBlind/videos/vid_00033_1.mp4,Does the liquid's reaction in the container slow down over time?,yes,"thought
<channel|>To provide an accurate answer, I need to know which specific liquid or chemical reaction you are referring to.

However, in most chemical and physical contexts:

**Yes**

(Most reactions slow down over time because the concentration of reactants decreases, a process known as chemical kinetics.)",,0,,,,gemma4it_tb_uniform1_no_video.json
uniform,1,no_video,136,34,TimeBlind/videos/vid_00034_0.mp4,Does the liquid turn from white to brown?,yes,"Please provide the context, description, or image you are referring to so I can give you an accurate answer.",,0,,,,gemma4it_tb_uniform1_no_video.json
uniform,1,no_video,137,34,TimeBlind/videos/vid_00034_1.mp4,Does the liquid turn from white to brown?,no,"Please provide the context, description, or image you are referring to so I can give you an accurate answer.",,0,,,,gemma4it_tb_uniform1_no_video.json
uniform,1,no_video,138,34,TimeBlind/videos/vid_00034_0.mp4,Does the liquid change from brown to white?,no,"Please provide the context, description, or image you are referring to so I can give you an accurate answer.",,0,,,,gemma4it_tb_uniform1_no_video.json
uniform,1,no_video,139,34,TimeBlind/videos/vid_00034_1.mp4,Does the liquid change from brown to white?,yes,"Please provide the context, description, or image you are referring to so I can give you an accurate answer.",,0,,,,gemma4it_tb_uniform1_no_video.json
uniform,1,no_video,140,35,TimeBlind/videos/vid_00035_0.mp4,Does the color of the liquid change from light to dark?,yes,Please provide the image or description of the liquid you are referring to so I can give you an accurate answer.,,0,,,,gemma4it_tb_uniform1_no_video.json
uniform,1,no_video,141,35,TimeBlind/videos/vid_00035_1.mp4,Does the color of the liquid change from light to dark?,no,Please provide the image or description of the liquid you are referring to so I can give you an accurate answer.,,0,,,,gemma4it_tb_uniform1_no_video.json
uniform,1,no_video,142,35,TimeBlind/videos/vid_00035_0.mp4,Does the liquid change from dark to light?,no,"Please provide the context, image, or description of the process you are referring to so I can give you an accurate answer.",,0,,,,gemma4it_tb_uniform1_no_video.json
uniform,1,no_video,143,35,TimeBlind/videos/vid_00035_1.mp4,Does the liquid change from dark to light?,yes,"Please provide the context, image, or description of the process you are referring to so I can give you an accurate answer.",,0,,,,gemma4it_tb_uniform1_no_video.json
uniform,1,no_video,144,36,TimeBlind/videos/vid_00036_0.mp4,Does the liquid change from transparent to opaque?,yes,"Please provide the context, description, or video of the liquid you are referring to so I can give you an accurate answer.",,0,,,,gemma4it_tb_uniform1_no_video.json
uniform,1,no_video,145,36,TimeBlind/videos/vid_00036_1.mp4,Does the liquid change from transparent to opaque?,no,"Please provide the context, description, or video of the liquid you are referring to so I can give you an accurate answer.",,0,,,,gemma4it_tb_uniform1_no_video.json
uniform,1,no_video,146,36,TimeBlind/videos/vid_00036_0.mp4,Does the liquid turn from opaque to transparent?,no,"Please provide the context, description, or video of the process you are referring to so I can give you an accurate answer.",,0,,,,gemma4it_tb_uniform1_no_video.json
uniform,1,no_video,147,36,TimeBlind/videos/vid_00036_1.mp4,Does the liquid turn from opaque to transparent?,yes,"Please provide the context, description, or video of the process you are referring to so I can give you an accurate answer.",,0,,,,gemma4it_tb_uniform1_no_video.json
uniform,1,no_video,148,37,TimeBlind/videos/vid_00037_0.mp4,"When viewed from above, does the man turn counterclockwise?",yes,Please provide the image or a description of the man's movement so I can answer your question.,,0,,,,gemma4it_tb_uniform1_no_video.json
uniform,1,no_video,149,37,TimeBlind/videos/vid_00037_1.mp4,"When viewed from above, does the man turn counterclockwise?",no,Please provide the image or a description of the man's movement so I can answer your question.,,0,,,,gemma4it_tb_uniform1_no_video.json
uniform,1,no_video,150,37,TimeBlind/videos/vid_00037_0.mp4,"When viewed from above, does the man turn clockwise?",no,Please provide the image or a description of the man's movement so I can answer your question.,,0,,,,gemma4it_tb_uniform1_no_video.json
uniform,1,no_video,151,37,TimeBlind/videos/vid_00037_1.mp4,"When viewed from above, does the man turn clockwise?",yes,Please provide the image or a description of the man's movement so I can answer your question.,,0,,,,gemma4it_tb_uniform1_no_video.json
uniform,1,no_video,152,38,TimeBlind/videos/vid_00038_0.mp4,Is the woman raising her hands from her sides to over her head?,yes,"thought
<channel|>Please provide the image you are referring to so I can answer your question.",,0,,,,gemma4it_tb_uniform1_no_video.json
uniform,1,no_video,153,38,TimeBlind/videos/vid_00038_1.mp4,Is the woman raising her hands from her sides to over her head?,no,"thought
<channel|>Please provide the image you are referring to so I can answer your question.",,0,,,,gemma4it_tb_uniform1_no_video.json
uniform,1,no_video,154,38,TimeBlind/videos/vid_00038_0.mp4,Is the woman lowering her hands from over her head to her sides?,no,"thought
<channel|>Please provide the image or video you are referring to so I can answer your question.",,0,,,,gemma4it_tb_uniform1_no_video.json
uniform,1,no_video,155,38,TimeBlind/videos/vid_00038_1.mp4,Is the woman lowering her hands from over her head to her sides?,yes,"thought
<channel|>Please provide the image or video you are referring to so I can answer your question.",,0,,,,gemma4it_tb_uniform1_no_video.json
uniform,1,no_video,156,39,TimeBlind/videos/vid_00039_0.mp4,Does the woman first stretch to her left and then to her right?,yes,"thought
<channel|>Please provide the video or image you are referring to so I can answer your question.",,0,,,,gemma4it_tb_uniform1_no_video.json
uniform,1,no_video,157,39,TimeBlind/videos/vid_00039_1.mp4,Does the woman first stretch to her left and then to her right?,no,"thought
<channel|>Please provide the video or image you are referring to so I can answer your question.",,0,,,,gemma4it_tb_uniform1_no_video.json
uniform,1,no_video,158,39,TimeBlind/videos/vid_00039_0.mp4,Does the woman stretch to her right and then to her left?,no,Please provide the video or image you are referring to so I can answer your question.,,0,,,,gemma4it_tb_uniform1_no_video.json
uniform,1,no_video,159,39,TimeBlind/videos/vid_00039_1.mp4,Does the woman stretch to her right and then to her left?,yes,Please provide the video or image you are referring to so I can answer your question.,,0,,,,gemma4it_tb_uniform1_no_video.json
uniform,1,no_video,160,40,TimeBlind/videos/vid_00040_0.mp4,Does the squatting girl move from right to left across the frame?,yes,"thought
<channel|>Please provide the video or image you are referring to so I can answer your question.",,0,,,,gemma4it_tb_uniform1_no_video.json
uniform,1,no_video,161,40,TimeBlind/videos/vid_00040_1.mp4,Does the squatting girl move from right to left across the frame?,no,"thought
<channel|>Please provide the video or image you are referring to so I can answer your question.",,0,,,,gemma4it_tb_uniform1_no_video.json
uniform,1,no_video,162,40,TimeBlind/videos/vid_00040_0.mp4,Does the squatting girl move from left to right across the frame?,no,"thought
<channel|>Please provide the video or image you are referring to so I can answer your question.",,0,,,,gemma4it_tb_uniform1_no_video.json
uniform,1,no_video,163,40,TimeBlind/videos/vid_00040_1.mp4,Does the squatting girl move from left to right across the frame?,yes,"thought
<channel|>Please provide the video or image you are referring to so I can answer your question.",,0,,,,gemma4it_tb_uniform1_no_video.json
uniform,1,no_video,164,41,TimeBlind/videos/vid_00041_0.mp4,Does the girl go from standing to lying face down?,yes,Please provide the video or image you are referring to so I can answer your question.,,0,,,,gemma4it_tb_uniform1_no_video.json
uniform,1,no_video,165,41,TimeBlind/videos/vid_00041_1.mp4,Does the girl go from standing to lying face down?,no,Please provide the video or image you are referring to so I can answer your question.,,0,,,,gemma4it_tb_uniform1_no_video.json
uniform,1,no_video,166,41,TimeBlind/videos/vid_00041_0.mp4,Does the girl stand up after lying face down?,no,"I cannot answer this question because you haven't provided a video, image, or description of a specific scene. Please provide the context so I can give you an accurate answer.",,0,,,,gemma4it_tb_uniform1_no_video.json
uniform,1,no_video,167,41,TimeBlind/videos/vid_00041_1.mp4,Does the girl stand up after lying face down?,yes,"I cannot answer this question because you haven't provided a video, image, or description of a specific scene. Please provide the context so I can give you an accurate answer.",,0,,,,gemma4it_tb_uniform1_no_video.json
uniform,1,no_video,168,42,TimeBlind/videos/vid_00042_0.mp4,Does the clear liquid in the cup become cloudy and foamy?,yes,I cannot see the cup you are referring to. Please provide an image or a description of the situation so I can answer your question.,,0,,,,gemma4it_tb_uniform1_no_video.json
uniform,1,no_video,169,42,TimeBlind/videos/vid_00042_1.mp4,Does the clear liquid in the cup become cloudy and foamy?,no,I cannot see the cup you are referring to. Please provide an image or a description of the situation so I can answer your question.,,0,,,,gemma4it_tb_uniform1_no_video.json
uniform,1,no_video,170,42,TimeBlind/videos/vid_00042_0.mp4,Does the cloudy and foamy liquid in the cup turn clear?,no,I cannot see the cup you are referring to. Please provide an image or a description of the process you are observing.,,0,,,,gemma4it_tb_uniform1_no_video.json
uniform,1,no_video,171,42,TimeBlind/videos/vid_00042_1.mp4,Does the cloudy and foamy liquid in the cup turn clear?,yes,I cannot see the cup you are referring to. Please provide an image or a description of the process you are observing.,,0,,,,gemma4it_tb_uniform1_no_video.json
uniform,1,no_video,172,43,TimeBlind/videos/vid_00043_0.mp4,Does the liquid level drop from half-full to just a thin layer?,yes,Please provide the video or image you are referring to so I can give you an accurate answer.,,0,,,,gemma4it_tb_uniform1_no_video.json
uniform,1,no_video,173,43,TimeBlind/videos/vid_00043_1.mp4,Does the liquid level drop from half-full to just a thin layer?,no,Please provide the video or image you are referring to so I can give you an accurate answer.,,0,,,,gemma4it_tb_uniform1_no_video.json
uniform,1,no_video,174,43,TimeBlind/videos/vid_00043_0.mp4,Does the liquid go from a thin layer to half full?,no,I cannot answer this question because you have not provided an image or a description of a specific scenario. Please provide the context or image you are referring to.,,0,,,,gemma4it_tb_uniform1_no_video.json
uniform,1,no_video,175,43,TimeBlind/videos/vid_00043_1.mp4,Does the liquid go from a thin layer to half full?,yes,I cannot answer this question because you have not provided an image or a description of a specific scenario. Please provide the context or image you are referring to.,,0,,,,gemma4it_tb_uniform1_no_video.json
uniform,1,no_video,176,44,TimeBlind/videos/vid_00044_0.mp4,"Is the man placing branches in the water one by one, moving from right to left?",yes,I cannot see the image you are referring to. Please provide the image or a description of it so I can answer your question.,,0,,,,gemma4it_tb_uniform1_no_video.json
uniform,1,no_video,177,44,TimeBlind/videos/vid_00044_1.mp4,"Is the man placing branches in the water one by one, moving from right to left?",no,I cannot see the image you are referring to. Please provide the image or a description of it so I can answer your question.,,0,,,,gemma4it_tb_uniform1_no_video.json
uniform,1,no_video,178,44,TimeBlind/videos/vid_00044_0.mp4,Is the man putting branches into the water one by one from left to right?,no,I cannot see the image you are referring to. Please provide the image or a description of it so I can answer your question.,,0,,,,gemma4it_tb_uniform1_no_video.json
uniform,1,no_video,179,44,TimeBlind/videos/vid_00044_1.mp4,Is the man putting branches into the water one by one from left to right?,yes,I cannot see the image you are referring to. Please provide the image or a description of it so I can answer your question.,,0,,,,gemma4it_tb_uniform1_no_video.json
uniform,1,no_video,180,45,TimeBlind/videos/vid_00045_0.mp4,Are the plant's white roots getting longer?,yes,I cannot see the plant you are referring to. Please provide an image or a description of the plant's growth over time so I can help you determine if the roots are getting longer.,,0,,,,gemma4it_tb_uniform1_no_video.json
uniform,1,no_video,181,45,TimeBlind/videos/vid_00045_1.mp4,Are the plant's white roots getting longer?,no,I cannot see the plant you are referring to. Please provide an image or a description of the plant's growth over time so I can help you determine if the roots are getting longer.,,0,,,,gemma4it_tb_uniform1_no_video.json
uniform,1,no_video,182,45,TimeBlind/videos/vid_00045_0.mp4,Are the plant’s white roots getting shorter?,no,I cannot see the plant you are referring to. Please provide an image or a description of the plant's roots so I can help you.,,0,,,,gemma4it_tb_uniform1_no_video.json
uniform,1,no_video,183,45,TimeBlind/videos/vid_00045_1.mp4,Are the plant’s white roots getting shorter?,yes,I cannot see the plant you are referring to. Please provide an image or a description of the plant's roots so I can help you.,,0,,,,gemma4it_tb_uniform1_no_video.json
uniform,1,no_video,184,46,TimeBlind/videos/vid_00046_0.mp4,Is the green plant moved from a hand into the soil in the pot?,yes,Please provide the image or video you are referring to so I can answer your question.,,0,,,,gemma4it_tb_uniform1_no_video.json
uniform,1,no_video,185,46,TimeBlind/videos/vid_00046_1.mp4,Is the green plant moved from a hand into the soil in the pot?,no,Please provide the image or video you are referring to so I can answer your question.,,0,,,,gemma4it_tb_uniform1_no_video.json
uniform,1,no_video,186,46,TimeBlind/videos/vid_00046_0.mp4,Is the green plant picked up from the pot?,no,Please provide the image you are referring to so I can see the plant and give you an accurate answer.,,0,,,,gemma4it_tb_uniform1_no_video.json
uniform,1,no_video,187,46,TimeBlind/videos/vid_00046_1.mp4,Is the green plant picked up from the pot?,yes,Please provide the image you are referring to so I can see the plant and give you an accurate answer.,,0,,,,gemma4it_tb_uniform1_no_video.json
uniform,1,no_video,188,47,TimeBlind/videos/vid_00047_0.mp4,Are three flower seedlings being moved from a tray into the soil?,yes,I cannot see any image to answer your question. Please provide an image or a description of the scene.,,0,,,,gemma4it_tb_uniform1_no_video.json
uniform,1,no_video,189,47,TimeBlind/videos/vid_00047_1.mp4,Are three flower seedlings being moved from a tray into the soil?,no,I cannot see any image to answer your question. Please provide an image or a description of the scene.,,0,,,,gemma4it_tb_uniform1_no_video.json
uniform,1,no_video,190,47,TimeBlind/videos/vid_00047_0.mp4,Are three flower seedlings being moved from the soil onto a tray?,no,I cannot see an image to answer your question. Please provide an image or a description of the scene.,,0,,,,gemma4it_tb_uniform1_no_video.json
uniform,1,no_video,191,47,TimeBlind/videos/vid_00047_1.mp4,Are three flower seedlings being moved from the soil onto a tray?,yes,I cannot see an image to answer your question. Please provide an image or a description of the scene.,,0,,,,gemma4it_tb_uniform1_no_video.json
uniform,1,no_video,192,48,TimeBlind/videos/vid_00048_0.mp4,Are the flowers blooming gradually?,yes,I do not have enough information or context to answer this question. Please provide an image or a description of the flowers you are referring to.,,0,,,,gemma4it_tb_uniform1_no_video.json
uniform,1,no_video,193,48,TimeBlind/videos/vid_00048_1.mp4,Are the flowers blooming gradually?,no,I do not have enough information or context to answer this question. Please provide an image or a description of the flowers you are referring to.,,0,,,,gemma4it_tb_uniform1_no_video.json
uniform,1,no_video,194,48,TimeBlind/videos/vid_00048_0.mp4,Are the flowers gradually withering?,no,I cannot see any flowers. Please provide an image or a description so I can answer your question.,,0,,,,gemma4it_tb_uniform1_no_video.json
uniform,1,no_video,195,48,TimeBlind/videos/vid_00048_1.mp4,Are the flowers gradually withering?,yes,I cannot see any flowers. Please provide an image or a description so I can answer your question.,,0,,,,gemma4it_tb_uniform1_no_video.json
uniform,1,no_video,196,49,TimeBlind/videos/vid_00049_0.mp4,Is the mushroom cluster growing?,yes,I cannot see the mushroom cluster you are referring to. Please provide an image or a description of the mushroom cluster so I can help you determine if it is growing.,,0,,,,gemma4it_tb_uniform1_no_video.json
uniform,1,no_video,197,49,TimeBlind/videos/vid_00049_1.mp4,Is the mushroom cluster growing?,no,I cannot see the mushroom cluster you are referring to. Please provide an image or a description of the mushroom cluster so I can help you determine if it is growing.,,0,,,,gemma4it_tb_uniform1_no_video.json
uniform,1,no_video,198,49,TimeBlind/videos/vid_00049_0.mp4,Is the mushroom cluster getting smaller?,no,I do not have enough information or context to answer this question. Please provide an image or a description of the mushroom cluster you are referring to.,,0,,,,gemma4it_tb_uniform1_no_video.json
uniform,1,no_video,199,49,TimeBlind/videos/vid_00049_1.mp4,Is the mushroom cluster getting smaller?,yes,I do not have enough information or context to answer this question. Please provide an image or a description of the mushroom cluster you are referring to.,,0,,,,gemma4it_tb_uniform1_no_video.json
uniform,1,no_video,200,50,TimeBlind/videos/vid_00050_0.mp4,Does a soil layer change from red to brown?,yes,Yes,yes,1,,,,gemma4it_tb_uniform1_no_video.json
uniform,1,no_video,201,50,TimeBlind/videos/vid_00050_1.mp4,Does a soil layer change from red to brown?,no,Yes,yes,0,,,,gemma4it_tb_uniform1_no_video.json
uniform,1,no_video,202,50,TimeBlind/videos/vid_00050_0.mp4,Does a soil layer change from brown to red?,no,Yes,yes,0,,,,gemma4it_tb_uniform1_no_video.json
uniform,1,no_video,203,50,TimeBlind/videos/vid_00050_1.mp4,Does a soil layer change from brown to red?,yes,Yes,yes,1,,,,gemma4it_tb_uniform1_no_video.json
uniform,1,no_video,204,51,TimeBlind/videos/vid_00051_0.mp4,Does the person take the orange-shaped pastry out of the large white box in the video?,yes,"Please provide the video you are referring to. I cannot see any video in your current message. Once you upload or link the video, I will be able to answer your question.",,0,,,,gemma4it_tb_uniform1_no_video.json
uniform,1,no_video,205,51,TimeBlind/videos/vid_00051_1.mp4,Does the person take the orange-shaped pastry out of the large white box in the video?,no,"Please provide the video you are referring to. I cannot see any video in your current message. Once you upload or link the video, I will be able to answer your question.",,0,,,,gemma4it_tb_uniform1_no_video.json
uniform,1,no_video,206,51,TimeBlind/videos/vid_00051_0.mp4,Does the person put the orange-shaped pastry into the large white box in the video?,no,"Please provide the video you are referring to. I cannot see any video in your current message. Once you upload or link the video, I will be able to answer your question.",,0,,,,gemma4it_tb_uniform1_no_video.json
uniform,1,no_video,207,51,TimeBlind/videos/vid_00051_1.mp4,Does the person put the orange-shaped pastry into the large white box in the video?,yes,"Please provide the video you are referring to. I cannot see any video in your current message. Once you upload or link the video, I will be able to answer your question.",,0,,,,gemma4it_tb_uniform1_no_video.json
uniform,1,no_video,208,52,TimeBlind/videos/vid_00052_0.mp4,Does the man move his finger toward the oven button?,yes,Please provide the video or image you are referring to so I can answer your question.,,0,,,,gemma4it_tb_uniform1_no_video.json
uniform,1,no_video,209,52,TimeBlind/videos/vid_00052_1.mp4,Does the man move his finger toward the oven button?,no,Please provide the video or image you are referring to so I can answer your question.,,0,,,,gemma4it_tb_uniform1_no_video.json
uniform,1,no_video,210,52,TimeBlind/videos/vid_00052_0.mp4,Does the man move his finger away from the oven button?,no,Please provide the video or image you are referring to so I can answer your question.,,0,,,,gemma4it_tb_uniform1_no_video.json
uniform,1,no_video,211,52,TimeBlind/videos/vid_00052_1.mp4,Does the man move his finger away from the oven button?,yes,Please provide the video or image you are referring to so I can answer your question.,,0,,,,gemma4it_tb_uniform1_no_video.json
uniform,1,no_video,212,53,TimeBlind/videos/vid_00053_0.mp4,Does the man fall in the video?,yes,Please provide the video or a link to the video you are referring to. I cannot see any video unless you upload it or provide a source.,,0,,,,gemma4it_tb_uniform1_no_video.json
uniform,1,no_video,213,53,TimeBlind/videos/vid_00053_1.mp4,Does the man fall in the video?,no,Please provide the video or a link to the video you are referring to. I cannot see any video unless you upload it or provide a source.,,0,,,,gemma4it_tb_uniform1_no_video.json
uniform,1,no_video,214,53,TimeBlind/videos/vid_00053_0.mp4,Does the man avoid falling in the video?,no,Please provide the video or a link to it so I can see it and answer your question.,,0,,,,gemma4it_tb_uniform1_no_video.json
uniform,1,no_video,215,53,TimeBlind/videos/vid_00053_1.mp4,Does the man avoid falling in the video?,yes,Please provide the video or a link to it so I can see it and answer your question.,,0,,,,gemma4it_tb_uniform1_no_video.json
uniform,1,no_video,216,54,TimeBlind/videos/vid_00054_0.mp4,Does the man spray-paint the roof from his right to his left?,yes,"I cannot answer this question because you have not provided an image, video, or description of a man spray-painting a roof. Please provide the context so I can assist you.",,0,,,,gemma4it_tb_uniform1_no_video.json
uniform,1,no_video,217,54,TimeBlind/videos/vid_00054_1.mp4,Does the man spray-paint the roof from his right to his left?,no,"I cannot answer this question because you have not provided an image, video, or description of a man spray-painting a roof. Please provide the context so I can assist you.",,0,,,,gemma4it_tb_uniform1_no_video.json
uniform,1,no_video,218,54,TimeBlind/videos/vid_00054_0.mp4,Does the man spray-paint the roof from his left to his right?,no,"I cannot answer this question because you have not provided a video, image, or description of a man spray-painting a roof. Please provide the context so I can assist you.",,0,,,,gemma4it_tb_uniform1_no_video.json
uniform,1,no_video,219,54,TimeBlind/videos/vid_00054_1.mp4,Does the man spray-paint the roof from his left to his right?,yes,"I cannot answer this question because you have not provided a video, image, or description of a man spray-painting a roof. Please provide the context so I can assist you.",,0,,,,gemma4it_tb_uniform1_no_video.json
uniform,1,no_video,220,55,TimeBlind/videos/vid_00055_0.mp4,Does the number of blue darts on the dartboard increase?,yes,No.,no,0,,,,gemma4it_tb_uniform1_no_video.json
uniform,1,no_video,221,55,TimeBlind/videos/vid_00055_1.mp4,Does the number of blue darts on the dartboard increase?,no,No.,no,1,,,,gemma4it_tb_uniform1_no_video.json
uniform,1,no_video,222,55,TimeBlind/videos/vid_00055_0.mp4,Does the number of blue darts on the dartboard decrease?,no,No.,no,1,,,,gemma4it_tb_uniform1_no_video.json
uniform,1,no_video,223,55,TimeBlind/videos/vid_00055_1.mp4,Does the number of blue darts on the dartboard decrease?,yes,No.,no,0,,,,gemma4it_tb_uniform1_no_video.json
uniform,1,no_video,224,56,TimeBlind/videos/vid_00056_0.mp4,Is the vacuum cleaner moving forward?,yes,"Please provide an image or a video for me to analyze. Without a visual reference, I cannot determine if the vacuum cleaner is moving.",,0,,,,gemma4it_tb_uniform1_no_video.json
uniform,1,no_video,225,56,TimeBlind/videos/vid_00056_1.mp4,Is the vacuum cleaner moving forward?,no,"Please provide an image or a video for me to analyze. Without a visual reference, I cannot determine if the vacuum cleaner is moving.",,0,,,,gemma4it_tb_uniform1_no_video.json
uniform,1,no_video,226,56,TimeBlind/videos/vid_00056_0.mp4,Is the vacuum cleaner moving backward?,no,I cannot see the vacuum cleaner you are referring to. Please provide an image or a video so I can answer your question.,,0,,,,gemma4it_tb_uniform1_no_video.json
uniform,1,no_video,227,56,TimeBlind/videos/vid_00056_1.mp4,Is the vacuum cleaner moving backward?,yes,I cannot see the vacuum cleaner you are referring to. Please provide an image or a video so I can answer your question.,,0,,,,gemma4it_tb_uniform1_no_video.json
uniform,1,no_video,228,57,TimeBlind/videos/vid_00057_0.mp4,Are the man and woman walking toward each other?,yes,Please provide the image you are referring to so I can answer your question.,,0,,,,gemma4it_tb_uniform1_no_video.json
uniform,1,no_video,229,57,TimeBlind/videos/vid_00057_1.mp4,Are the man and woman walking toward each other?,no,Please provide the image you are referring to so I can answer your question.,,0,,,,gemma4it_tb_uniform1_no_video.json
uniform,1,no_video,230,57,TimeBlind/videos/vid_00057_0.mp4,Are the man and woman moving away from each other?,no,Please provide the image or video you are referring to so I can see the movement and give you an accurate answer.,,0,,,,gemma4it_tb_uniform1_no_video.json
uniform,1,no_video,231,57,TimeBlind/videos/vid_00057_1.mp4,Are the man and woman moving away from each other?,yes,Please provide the image or video you are referring to so I can see the movement and give you an accurate answer.,,0,,,,gemma4it_tb_uniform1_no_video.json
uniform,1,no_video,232,58,TimeBlind/videos/vid_00058_0.mp4,Is the woman brushing the horse's mane from top to bottom?,yes,<channel|>Please provide the image you are referring to so I can answer your question.,,0,,,,gemma4it_tb_uniform1_no_video.json
uniform,1,no_video,233,58,TimeBlind/videos/vid_00058_1.mp4,Is the woman brushing the horse's mane from top to bottom?,no,<channel|>Please provide the image you are referring to so I can answer your question.,,0,,,,gemma4it_tb_uniform1_no_video.json
uniform,1,no_video,234,58,TimeBlind/videos/vid_00058_0.mp4,Is the woman brushing the horse's mane from bottom to top?,no,"thought
<channel|>Please provide the image you are referring to so I can answer your question.",,0,,,,gemma4it_tb_uniform1_no_video.json
uniform,1,no_video,235,58,TimeBlind/videos/vid_00058_1.mp4,Is the woman brushing the horse's mane from bottom to top?,yes,"thought
<channel|>Please provide the image you are referring to so I can answer your question.",,0,,,,gemma4it_tb_uniform1_no_video.json
uniform,1,no_video,236,59,TimeBlind/videos/vid_00059_0.mp4,Does the bottle move from the countertop to a position over the sink?,yes,"thought
<channel|>Please provide the video or image sequence you are referring to. I need to see the visual content to determine if the bottle moves.",,0,,,,gemma4it_tb_uniform1_no_video.json
uniform,1,no_video,237,59,TimeBlind/videos/vid_00059_1.mp4,Does the bottle move from the countertop to a position over the sink?,no,"thought
<channel|>Please provide the video or image sequence you are referring to. I need to see the visual content to determine if the bottle moves.",,0,,,,gemma4it_tb_uniform1_no_video.json
uniform,1,no_video,238,59,TimeBlind/videos/vid_00059_0.mp4,Does the bottle move from over the sink onto the countertop?,no,Please provide the video or image sequence you are referring to. I need to see the visual content to determine if the bottle moves from the sink to the countertop.,,0,,,,gemma4it_tb_uniform1_no_video.json
uniform,1,no_video,239,59,TimeBlind/videos/vid_00059_1.mp4,Does the bottle move from over the sink onto the countertop?,yes,Please provide the video or image sequence you are referring to. I need to see the visual content to determine if the bottle moves from the sink to the countertop.,,0,,,,gemma4it_tb_uniform1_no_video.json
uniform,1,no_video,240,60,TimeBlind/videos/vid_00060_0.mp4,"In the video, do bubbles gradually appear near the diver's face?",yes,"Please provide the video you are referring to. Since you haven't attached or linked a video, I cannot see it to answer your question.",,0,,,,gemma4it_tb_uniform1_no_video.json
uniform,1,no_video,241,60,TimeBlind/videos/vid_00060_1.mp4,"In the video, do bubbles gradually appear near the diver's face?",no,"Please provide the video you are referring to. Since you haven't attached or linked a video, I cannot see it to answer your question.",,0,,,,gemma4it_tb_uniform1_no_video.json
uniform,1,no_video,242,60,TimeBlind/videos/vid_00060_0.mp4,"In the video, do the bubbles near the diver’s face gradually disappear?",no,"Please provide the video you are referring to. As an AI, I cannot see a video unless you upload it or provide a link/description of the specific clip you are asking about.",,0,,,,gemma4it_tb_uniform1_no_video.json
uniform,1,no_video,243,60,TimeBlind/videos/vid_00060_1.mp4,"In the video, do the bubbles near the diver’s face gradually disappear?",yes,"Please provide the video you are referring to. As an AI, I cannot see a video unless you upload it or provide a link/description of the specific clip you are asking about.",,0,,,,gemma4it_tb_uniform1_no_video.json
uniform,1,no_video,244,61,TimeBlind/videos/vid_00061_0.mp4,Does the surfer in the blue shirt enter the frame from the right side?,yes,"Please provide the video or image you are referring to! You haven't attached a file yet. Once you upload it, I can tell you if the surfer in the blue shirt enters from the right.",,0,,,,gemma4it_tb_uniform1_no_video.json
uniform,1,no_video,245,61,TimeBlind/videos/vid_00061_1.mp4,Does the surfer in the blue shirt enter the frame from the right side?,no,"Please provide the video or image you are referring to! You haven't attached a file yet. Once you upload it, I can tell you if the surfer in the blue shirt enters from the right.",,0,,,,gemma4it_tb_uniform1_no_video.json
uniform,1,no_video,246,61,TimeBlind/videos/vid_00061_0.mp4,Does the surfer in the blue shirt exit the frame off the right side?,no,Please provide the video or image you are referring to so I can answer your question.,,0,,,,gemma4it_tb_uniform1_no_video.json
uniform,1,no_video,247,61,TimeBlind/videos/vid_00061_1.mp4,Does the surfer in the blue shirt exit the frame off the right side?,yes,Please provide the video or image you are referring to so I can answer your question.,,0,,,,gemma4it_tb_uniform1_no_video.json
uniform,1,no_video,248,62,TimeBlind/videos/vid_00062_0.mp4,Does the man shift from standing to squatting while surfing?,yes,Please provide the video or image you are referring to so I can give you an accurate answer.,,0,,,,gemma4it_tb_uniform1_no_video.json
uniform,1,no_video,249,62,TimeBlind/videos/vid_00062_1.mp4,Does the man shift from standing to squatting while surfing?,no,Please provide the video or image you are referring to so I can give you an accurate answer.,,0,,,,gemma4it_tb_uniform1_no_video.json
uniform,1,no_video,250,62,TimeBlind/videos/vid_00062_0.mp4,Does the man shift from squatting to standing while surfing?,no,Please provide the video or image you are referring to so I can answer your question.,,0,,,,gemma4it_tb_uniform1_no_video.json
uniform,1,no_video,251,62,TimeBlind/videos/vid_00062_1.mp4,Does the man shift from squatting to standing while surfing?,yes,Please provide the video or image you are referring to so I can answer your question.,,0,,,,gemma4it_tb_uniform1_no_video.json
uniform,1,no_video,252,63,TimeBlind/videos/vid_00063_0.mp4,Does the hairpin change from closed to open?,yes,"To provide an accurate answer, I need to know the context of your question (e.g., a specific biological process like RNA folding, a mechanical device, or a specific literary/artistic reference).

However, if you are referring to **RNA hairpin loops** in molecular biology:

**Yes** (they can transition between different conformational states, such as ""open"" and ""closed"" structures, depending on temperature, ligands, or enzymes).",,0,,,,gemma4it_tb_uniform1_no_video.json
uniform,1,no_video,253,63,TimeBlind/videos/vid_00063_1.mp4,Does the hairpin change from closed to open?,no,"To provide an accurate answer, I need to know the context of your question (e.g., a specific biological process like RNA folding, a mechanical device, or a specific literary/artistic reference).

However, if you are referring to **RNA hairpin loops** in molecular biology:

**Yes** (they can transition between different conformational states, such as ""open"" and ""closed"" structures, depending on temperature, ligands, or enzymes).",,0,,,,gemma4it_tb_uniform1_no_video.json
uniform,1,no_video,254,63,TimeBlind/videos/vid_00063_0.mp4,Does the hairpin change from open to closed?,no,"To provide an accurate answer, I need to know the context of your question (e.g., a specific biological process, a mechanical device, a chemical reaction, or a piece of jewelry).

However, if you are referring to the **hairpin loop in RNA or DNA folding**:

**Yes**",,0,,,,gemma4it_tb_uniform1_no_video.json
uniform,1,no_video,255,63,TimeBlind/videos/vid_00063_1.mp4,Does the hairpin change from open to closed?,yes,"To provide an accurate answer, I need to know the context of your question (e.g., a specific biological process, a mechanical device, a chemical reaction, or a piece of jewelry).

However, if you are referring to the **hairpin loop in RNA or DNA folding**:

**Yes**",,0,,,,gemma4it_tb_uniform1_no_video.json
uniform,1,no_video,256,64,TimeBlind/videos/vid_00064_0.mp4,Does the laptop go from open to closed?,yes,Yes,yes,1,,,,gemma4it_tb_uniform1_no_video.json
uniform,1,no_video,257,64,TimeBlind/videos/vid_00064_1.mp4,Does the laptop go from open to closed?,no,Yes,yes,0,,,,gemma4it_tb_uniform1_no_video.json
uniform,1,no_video,258,64,TimeBlind/videos/vid_00064_0.mp4,Does the laptop go from closed to open?,no,Yes,yes,0,,,,gemma4it_tb_uniform1_no_video.json
uniform,1,no_video,259,64,TimeBlind/videos/vid_00064_1.mp4,Does the laptop go from closed to open?,yes,Yes,yes,1,,,,gemma4it_tb_uniform1_no_video.json
uniform,1,no_video,260,65,TimeBlind/videos/vid_00065_0.mp4,"From the camera's perspective, does the person pull the shower curtain to the left?",yes,Please provide the video or image you are referring to. I need to see the visual content to determine the direction of the movement.,,0,,,,gemma4it_tb_uniform1_no_video.json
uniform,1,no_video,261,65,TimeBlind/videos/vid_00065_1.mp4,"From the camera's perspective, does the person pull the shower curtain to the left?",no,Please provide the video or image you are referring to. I need to see the visual content to determine the direction of the movement.,,0,,,,gemma4it_tb_uniform1_no_video.json
uniform,1,no_video,262,65,TimeBlind/videos/vid_00065_0.mp4,"From the camera's point of view, does the person pull the shower curtain to the right?",no,Please provide the video or image you are referring to. I need to see the visual content to determine the direction of the movement.,,0,,,,gemma4it_tb_uniform1_no_video.json
uniform,1,no_video,263,65,TimeBlind/videos/vid_00065_1.mp4,"From the camera's point of view, does the person pull the shower curtain to the right?",yes,Please provide the video or image you are referring to. I need to see the visual content to determine the direction of the movement.,,0,,,,gemma4it_tb_uniform1_no_video.json
uniform,1,no_video,264,66,TimeBlind/videos/vid_00066_0.mp4,Does the person lower the showerhead?,yes,"Please provide the text, image, or video you are referring to so I can answer your question.",,0,,,,gemma4it_tb_uniform1_no_video.json
uniform,1,no_video,265,66,TimeBlind/videos/vid_00066_1.mp4,Does the person lower the showerhead?,no,"Please provide the text, image, or video you are referring to so I can answer your question.",,0,,,,gemma4it_tb_uniform1_no_video.json
uniform,1,no_video,266,66,TimeBlind/videos/vid_00066_0.mp4,Does the person raise the showerhead?,no,Please provide the video or image you are referring to so I can answer your question.,,0,,,,gemma4it_tb_uniform1_no_video.json
uniform,1,no_video,267,66,TimeBlind/videos/vid_00066_1.mp4,Does the person raise the showerhead?,yes,Please provide the video or image you are referring to so I can answer your question.,,0,,,,gemma4it_tb_uniform1_no_video.json
uniform,1,no_video,268,67,TimeBlind/videos/vid_00067_0.mp4,Does the light change from white to yellow?,yes,"To provide an accurate answer, I need to know what specific object, light source, or situation you are referring to (e.g., a street light, a lightbulb, a sunset, or a specific video).

Please provide more context!",,0,,,,gemma4it_tb_uniform1_no_video.json
uniform,1,no_video,269,67,TimeBlind/videos/vid_00067_1.mp4,Does the light change from white to yellow?,no,"To provide an accurate answer, I need to know what specific object, light source, or situation you are referring to (e.g., a street light, a lightbulb, a sunset, or a specific video).

Please provide more context!",,0,,,,gemma4it_tb_uniform1_no_video.json
uniform,1,no_video,270,67,TimeBlind/videos/vid_00067_0.mp4,Does the light change from yellow to white?,no,"I do not have enough context to answer this question. Please provide more information about what ""the light"" refers to (e.g., a traffic light, a specific lamp, a scene in a movie, or a scientific process).",,0,,,,gemma4it_tb_uniform1_no_video.json
uniform,1,no_video,271,67,TimeBlind/videos/vid_00067_1.mp4,Does the light change from yellow to white?,yes,"I do not have enough context to answer this question. Please provide more information about what ""the light"" refers to (e.g., a traffic light, a specific lamp, a scene in a movie, or a scientific process).",,0,,,,gemma4it_tb_uniform1_no_video.json
uniform,1,no_video,272,68,TimeBlind/videos/vid_00068_0.mp4,Does the cat move from the chair to the table?,yes,"Please provide the text, video, or image you are referring to so I can answer your question.",,0,,,,gemma4it_tb_uniform1_no_video.json
uniform,1,no_video,273,68,TimeBlind/videos/vid_00068_1.mp4,Does the cat move from the chair to the table?,no,"Please provide the text, video, or image you are referring to so I can answer your question.",,0,,,,gemma4it_tb_uniform1_no_video.json
uniform,1,no_video,274,68,TimeBlind/videos/vid_00068_0.mp4,Does the cat go from the table to the chair?,no,I do not have enough information to answer this question. Please provide a description or a video of the scene.,,0,,,,gemma4it_tb_uniform1_no_video.json
uniform,1,no_video,275,68,TimeBlind/videos/vid_00068_1.mp4,Does the cat go from the table to the chair?,yes,I do not have enough information to answer this question. Please provide a description or a video of the scene.,,0,,,,gemma4it_tb_uniform1_no_video.json
uniform,1,no_video,276,69,TimeBlind/videos/vid_00069_0.mp4,Is the oil dispenser nozzle being removed from the dispenser?,yes,I cannot see an image or video to provide an answer. Please provide the visual content you are referring to.,,0,,,,gemma4it_tb_uniform1_no_video.json
uniform,1,no_video,277,69,TimeBlind/videos/vid_00069_1.mp4,Is the oil dispenser nozzle being removed from the dispenser?,no,I cannot see an image or video to provide an answer. Please provide the visual content you are referring to.,,0,,,,gemma4it_tb_uniform1_no_video.json
uniform,1,no_video,278,69,TimeBlind/videos/vid_00069_0.mp4,Is the oil dispenser nozzle being put back in the dispenser?,no,I cannot see the image or video you are referring to. Please provide the visual content so I can answer your question.,,0,,,,gemma4it_tb_uniform1_no_video.json
uniform,1,no_video,279,69,TimeBlind/videos/vid_00069_1.mp4,Is the oil dispenser nozzle being put back in the dispenser?,yes,I cannot see the image or video you are referring to. Please provide the visual content so I can answer your question.,,0,,,,gemma4it_tb_uniform1_no_video.json
uniform,1,no_video,280,70,TimeBlind/videos/vid_00070_0.mp4,Is the fuel nozzle being inserted into the car's fuel tank?,yes,"thought
<channel|>I cannot see an image to answer your question. Please provide an image of the fuel nozzle and the car.",,0,,,,gemma4it_tb_uniform1_no_video.json
uniform,1,no_video,281,70,TimeBlind/videos/vid_00070_1.mp4,Is the fuel nozzle being inserted into the car's fuel tank?,no,"thought
<channel|>I cannot see an image to answer your question. Please provide an image of the fuel nozzle and the car.",,0,,,,gemma4it_tb_uniform1_no_video.json
uniform,1,no_video,282,70,TimeBlind/videos/vid_00070_0.mp4,Is the fuel nozzle being removed from the car's fuel tank?,no,"thought
<channel|>I cannot answer this question because there is no image or context provided. Please provide the image or description you are referring to.",no,1,,,,gemma4it_tb_uniform1_no_video.json
uniform,1,no_video,283,70,TimeBlind/videos/vid_00070_1.mp4,Is the fuel nozzle being removed from the car's fuel tank?,yes,"thought
<channel|>I cannot answer this question because there is no image or context provided. Please provide the image or description you are referring to.",no,0,,,,gemma4it_tb_uniform1_no_video.json
uniform,1,no_video,284,71,TimeBlind/videos/vid_00071_0.mp4,Is the car's fuel cap turned counterclockwise?,yes,I cannot see the car or the fuel cap you are referring to. Please provide an image or a description so I can help you.,,0,,,,gemma4it_tb_uniform1_no_video.json
uniform,1,no_video,285,71,TimeBlind/videos/vid_00071_1.mp4,Is the car's fuel cap turned counterclockwise?,no,I cannot see the car or the fuel cap you are referring to. Please provide an image or a description so I can help you.,,0,,,,gemma4it_tb_uniform1_no_video.json
uniform,1,no_video,286,71,TimeBlind/videos/vid_00071_0.mp4,Is the car's fuel cap turned clockwise?,no,I cannot see the car or the fuel cap you are referring to. Please provide an image or more context so I can help you.,,0,,,,gemma4it_tb_uniform1_no_video.json
uniform,1,no_video,287,71,TimeBlind/videos/vid_00071_1.mp4,Is the car's fuel cap turned clockwise?,yes,I cannot see the car or the fuel cap you are referring to. Please provide an image or more context so I can help you.,,0,,,,gemma4it_tb_uniform1_no_video.json
uniform,1,no_video,288,72,TimeBlind/videos/vid_00072_0.mp4,Is the person putting the ingredients into the oven?,yes,Please provide the image or video you are referring to so I can answer your question.,,0,,,,gemma4it_tb_uniform1_no_video.json
uniform,1,no_video,289,72,TimeBlind/videos/vid_00072_1.mp4,Is the person putting the ingredients into the oven?,no,Please provide the image or video you are referring to so I can answer your question.,,0,,,,gemma4it_tb_uniform1_no_video.json
uniform,1,no_video,290,72,TimeBlind/videos/vid_00072_0.mp4,Is the person taking the food ingredients out of the oven?,no,Please provide the image or video you are referring to so I can answer your question.,,0,,,,gemma4it_tb_uniform1_no_video.json
uniform,1,no_video,291,72,TimeBlind/videos/vid_00072_1.mp4,Is the person taking the food ingredients out of the oven?,yes,Please provide the image or video you are referring to so I can answer your question.,,0,,,,gemma4it_tb_uniform1_no_video.json
uniform,1,no_video,292,73,TimeBlind/videos/vid_00073_0.mp4,Does the dog come in through the window?,yes,I do not have enough information to answer that question. Please provide a story or context.,,0,,,,gemma4it_tb_uniform1_no_video.json
uniform,1,no_video,293,73,TimeBlind/videos/vid_00073_1.mp4,Does the dog come in through the window?,no,I do not have enough information to answer that question. Please provide a story or context.,,0,,,,gemma4it_tb_uniform1_no_video.json
uniform,1,no_video,294,73,TimeBlind/videos/vid_00073_0.mp4,Does the dog go from indoors to outdoors through the window?,no,"I cannot answer this question because you haven't provided an image or a description of a scene. Please provide the context so I can give you a ""Yes"" or ""No"" answer.",,0,,,,gemma4it_tb_uniform1_no_video.json
uniform,1,no_video,295,73,TimeBlind/videos/vid_00073_1.mp4,Does the dog go from indoors to outdoors through the window?,yes,"I cannot answer this question because you haven't provided an image or a description of a scene. Please provide the context so I can give you a ""Yes"" or ""No"" answer.",,0,,,,gemma4it_tb_uniform1_no_video.json
uniform,1,no_video,296,74,TimeBlind/videos/vid_00074_0.mp4,Does the kitten turn its head to its left?,yes,Please provide the image or video you are referring to so I can see the kitten's movement.,,0,,,,gemma4it_tb_uniform1_no_video.json
uniform,1,no_video,297,74,TimeBlind/videos/vid_00074_1.mp4,Does the kitten turn its head to its left?,no,Please provide the image or video you are referring to so I can see the kitten's movement.,,0,,,,gemma4it_tb_uniform1_no_video.json
uniform,1,no_video,298,74,TimeBlind/videos/vid_00074_0.mp4,Does the kitten turn its head to its right?,no,Please provide the image or video you are referring to so I can see the kitten's movement.,,0,,,,gemma4it_tb_uniform1_no_video.json
uniform,1,no_video,299,74,TimeBlind/videos/vid_00074_1.mp4,Does the kitten turn its head to its right?,yes,Please provide the image or video you are referring to so I can see the kitten's movement.,,0,,,,gemma4it_tb_uniform1_no_video.json
uniform,1,no_video,300,75,TimeBlind/videos/vid_00075_0.mp4,Does the dog put a paw on the bed?,yes,I do not have a video or image to look at. Please provide the media you are referring to so I can answer your question.,,0,,,,gemma4it_tb_uniform1_no_video.json
uniform,1,no_video,301,75,TimeBlind/videos/vid_00075_1.mp4,Does the dog put a paw on the bed?,no,I do not have a video or image to look at. Please provide the media you are referring to so I can answer your question.,,0,,,,gemma4it_tb_uniform1_no_video.json
uniform,1,no_video,302,75,TimeBlind/videos/vid_00075_0.mp4,Does the dog move its paws off the bed?,no,Please provide the image or video you are referring to so I can answer your question.,,0,,,,gemma4it_tb_uniform1_no_video.json
uniform,1,no_video,303,75,TimeBlind/videos/vid_00075_1.mp4,Does the dog move its paws off the bed?,yes,Please provide the image or video you are referring to so I can answer your question.,,0,,,,gemma4it_tb_uniform1_no_video.json
uniform,1,no_video,304,76,TimeBlind/videos/vid_00076_0.mp4,Does the puppy's position change from the left side of the frame to the right?,yes,Please provide the video or image sequence you are referring to. I need to see the content to answer your question.,,0,,,,gemma4it_tb_uniform1_no_video.json
uniform,1,no_video,305,76,TimeBlind/videos/vid_00076_1.mp4,Does the puppy's position change from the left side of the frame to the right?,no,Please provide the video or image sequence you are referring to. I need to see the content to answer your question.,,0,,,,gemma4it_tb_uniform1_no_video.json
uniform,1,no_video,306,76,TimeBlind/videos/vid_00076_0.mp4,Does the puppy's position change from the right side of the frame to the left?,no,Please provide the video or image sequence you are referring to. I need to see the content to answer your question.,,0,,,,gemma4it_tb_uniform1_no_video.json
uniform,1,no_video,307,76,TimeBlind/videos/vid_00076_1.mp4,Does the puppy's position change from the right side of the frame to the left?,yes,Please provide the video or image sequence you are referring to. I need to see the content to answer your question.,,0,,,,gemma4it_tb_uniform1_no_video.json
uniform,1,no_video,308,77,TimeBlind/videos/vid_00077_0.mp4,Does the cat gradually fill more of the frame?,yes,Please provide the video or image sequence you are referring to so I can give you an accurate answer.,,0,,,,gemma4it_tb_uniform1_no_video.json
uniform,1,no_video,309,77,TimeBlind/videos/vid_00077_1.mp4,Does the cat gradually fill more of the frame?,no,Please provide the video or image sequence you are referring to so I can give you an accurate answer.,,0,,,,gemma4it_tb_uniform1_no_video.json
uniform,1,no_video,310,77,TimeBlind/videos/vid_00077_0.mp4,Does the cat gradually take up less space in the frame?,no,Please provide the video or image sequence you are referring to so I can analyze it and give you an accurate answer.,,0,,,,gemma4it_tb_uniform1_no_video.json
uniform,1,no_video,311,77,TimeBlind/videos/vid_00077_1.mp4,Does the cat gradually take up less space in the frame?,yes,Please provide the video or image sequence you are referring to so I can analyze it and give you an accurate answer.,,0,,,,gemma4it_tb_uniform1_no_video.json
uniform,1,no_video,312,78,TimeBlind/videos/vid_00078_0.mp4,Does the moon in the video gradually become blurry?,yes,I do not have a video to analyze. Please provide the video or a link to it so I can answer your question.,,0,,,,gemma4it_tb_uniform1_no_video.json
uniform,1,no_video,313,78,TimeBlind/videos/vid_00078_1.mp4,Does the moon in the video gradually become blurry?,no,I do not have a video to analyze. Please provide the video or a link to it so I can answer your question.,,0,,,,gemma4it_tb_uniform1_no_video.json
uniform,1,no_video,314,78,TimeBlind/videos/vid_00078_0.mp4,Does the moon in the video gradually come into focus?,no,"Please provide the video you are referring to. I cannot see any video in your current message. Once you upload or link the video, I will be able to answer your question.",,0,,,,gemma4it_tb_uniform1_no_video.json
uniform,1,no_video,315,78,TimeBlind/videos/vid_00078_1.mp4,Does the moon in the video gradually come into focus?,yes,"Please provide the video you are referring to. I cannot see any video in your current message. Once you upload or link the video, I will be able to answer your question.",,0,,,,gemma4it_tb_uniform1_no_video.json
uniform,1,no_video,316,79,TimeBlind/videos/vid_00079_0.mp4,Does the video go from showing two cats and a dog to just two cats?,yes,Please provide the video you are referring to. I cannot see any video in your message.,,0,,,,gemma4it_tb_uniform1_no_video.json
uniform,1,no_video,317,79,TimeBlind/videos/vid_00079_1.mp4,Does the video go from showing two cats and a dog to just two cats?,no,Please provide the video you are referring to. I cannot see any video in your message.,,0,,,,gemma4it_tb_uniform1_no_video.json
uniform,1,no_video,318,79,TimeBlind/videos/vid_00079_0.mp4,Does the video go from showing two cats to showing two cats and a dog?,no,Please provide the video you are referring to. I cannot see any video in your message.,,0,,,,gemma4it_tb_uniform1_no_video.json
uniform,1,no_video,319,79,TimeBlind/videos/vid_00079_1.mp4,Does the video go from showing two cats to showing two cats and a dog?,yes,Please provide the video you are referring to. I cannot see any video in your message.,,0,,,,gemma4it_tb_uniform1_no_video.json
uniform,1,no_video,320,80,TimeBlind/videos/vid_00080_0.mp4,Does the kitten get out of the box??,yes,"I cannot answer this question because you haven't provided a story, image, or video for me to look at. Please provide the context!",,0,,,,gemma4it_tb_uniform1_no_video.json
uniform,1,no_video,321,80,TimeBlind/videos/vid_00080_1.mp4,Does the kitten get out of the box??,no,"I cannot answer this question because you haven't provided a story, image, or video for me to look at. Please provide the context!",,0,,,,gemma4it_tb_uniform1_no_video.json
uniform,1,no_video,322,80,TimeBlind/videos/vid_00080_0.mp4,Does the kitten get into the box?,no,"Please provide the text, image, or video you are referring to so I can give you an accurate answer.",,0,,,,gemma4it_tb_uniform1_no_video.json
uniform,1,no_video,323,80,TimeBlind/videos/vid_00080_1.mp4,Does the kitten get into the box?,yes,"Please provide the text, image, or video you are referring to so I can give you an accurate answer.",,0,,,,gemma4it_tb_uniform1_no_video.json
uniform,1,no_video,324,81,TimeBlind/videos/vid_00081_0.mp4,Does the number of dogs in the video increase from two to four?,yes,"thought
<channel|>Please provide the video you are referring to. I cannot see any video in your message. Once you provide the video, I will be able to answer your question.",,0,,,,gemma4it_tb_uniform1_no_video.json
uniform,1,no_video,325,81,TimeBlind/videos/vid_00081_1.mp4,Does the number of dogs in the video increase from two to four?,no,"thought
<channel|>Please provide the video you are referring to. I cannot see any video in your message. Once you provide the video, I will be able to answer your question.",,0,,,,gemma4it_tb_uniform1_no_video.json
uniform,1,no_video,326,81,TimeBlind/videos/vid_00081_0.mp4,Does the number of dogs in the video decrease from four to two?,no,"thought
<channel|>Please provide the video you are referring to. Since I cannot see a video in your message, I cannot answer your question yet.",,0,,,,gemma4it_tb_uniform1_no_video.json
uniform,1,no_video,327,81,TimeBlind/videos/vid_00081_1.mp4,Does the number of dogs in the video decrease from four to two?,yes,"thought
<channel|>Please provide the video you are referring to. Since I cannot see a video in your message, I cannot answer your question yet.",,0,,,,gemma4it_tb_uniform1_no_video.json
uniform,1,no_video,328,82,TimeBlind/videos/vid_00082_0.mp4,Does the room go from dark to light?,yes,Please provide the image or description you are referring to so I can answer your question.,,0,,,,gemma4it_tb_uniform1_no_video.json
uniform,1,no_video,329,82,TimeBlind/videos/vid_00082_1.mp4,Does the room go from dark to light?,no,Please provide the image or description you are referring to so I can answer your question.,,0,,,,gemma4it_tb_uniform1_no_video.json
uniform,1,no_video,330,82,TimeBlind/videos/vid_00082_0.mp4,Does the room go from light to dark?,no,Please provide the image or description you are referring to so I can answer your question.,,0,,,,gemma4it_tb_uniform1_no_video.json
uniform,1,no_video,331,82,TimeBlind/videos/vid_00082_1.mp4,Does the room go from light to dark?,yes,Please provide the image or description you are referring to so I can answer your question.,,0,,,,gemma4it_tb_uniform1_no_video.json
uniform,1,no_video,332,83,TimeBlind/videos/vid_00083_0.mp4,Does the battery icon in the top-right corner of the phone screen switch from charging to not charging?,yes,Yes,yes,1,,,,gemma4it_tb_uniform1_no_video.json
uniform,1,no_video,333,83,TimeBlind/videos/vid_00083_1.mp4,Does the battery icon in the top-right corner of the phone screen switch from charging to not charging?,no,Yes,yes,0,,,,gemma4it_tb_uniform1_no_video.json
uniform,1,no_video,334,83,TimeBlind/videos/vid_00083_0.mp4,Does the small battery icon in the top-right corner of the phone screen change from a non-charging state to a charging state?,no,Yes,yes,0,,,,gemma4it_tb_uniform1_no_video.json
uniform,1,no_video,335,83,TimeBlind/videos/vid_00083_1.mp4,Does the small battery icon in the top-right corner of the phone screen change from a non-charging state to a charging state?,yes,Yes,yes,1,,,,gemma4it_tb_uniform1_no_video.json
uniform,1,no_video,336,84,TimeBlind/videos/vid_00084_0.mp4,Does the battery icon in the top-right corner of the phone screen change from green to white?,yes,No.,no,0,,,,gemma4it_tb_uniform1_no_video.json
uniform,1,no_video,337,84,TimeBlind/videos/vid_00084_1.mp4,Does the battery icon in the top-right corner of the phone screen change from green to white?,no,No.,no,1,,,,gemma4it_tb_uniform1_no_video.json
uniform,1,no_video,338,84,TimeBlind/videos/vid_00084_0.mp4,Does the battery icon in the top-right corner of the phone screen turn from white to green?,no,No.,no,1,,,,gemma4it_tb_uniform1_no_video.json
uniform,1,no_video,339,84,TimeBlind/videos/vid_00084_1.mp4,Does the battery icon in the top-right corner of the phone screen turn from white to green?,yes,No.,no,0,,,,gemma4it_tb_uniform1_no_video.json
uniform,1,no_video,340,85,TimeBlind/videos/vid_00085_0.mp4,Does the egg fail to stand upright in the video?,yes,"Please provide the video you are referring to. I cannot see any video in your current message. Once you upload or link the video, I will be able to answer your question.",,0,,,,gemma4it_tb_uniform1_no_video.json
uniform,1,no_video,341,85,TimeBlind/videos/vid_00085_1.mp4,Does the egg fail to stand upright in the video?,no,"Please provide the video you are referring to. I cannot see any video in your current message. Once you upload or link the video, I will be able to answer your question.",,0,,,,gemma4it_tb_uniform1_no_video.json
uniform,1,no_video,342,85,TimeBlind/videos/vid_00085_0.mp4,Does the egg in the video stand upright?,no,Please provide the video you are referring to. I cannot see any video unless you upload it or provide a link to it.,,0,,,,gemma4it_tb_uniform1_no_video.json
uniform,1,no_video,343,85,TimeBlind/videos/vid_00085_1.mp4,Does the egg in the video stand upright?,yes,Please provide the video you are referring to. I cannot see any video unless you upload it or provide a link to it.,,0,,,,gemma4it_tb_uniform1_no_video.json
uniform,1,no_video,344,86,TimeBlind/videos/vid_00086_0.mp4,Is the blue and yellow can held for approximately 3 seconds?,yes,I cannot see the image you are referring to. Please provide the image so I can answer your question.,,0,,,,gemma4it_tb_uniform1_no_video.json
uniform,1,no_video,345,86,TimeBlind/videos/vid_00086_1.mp4,Is the blue and yellow can held for approximately 3 seconds?,no,I cannot see the image you are referring to. Please provide the image so I can answer your question.,,0,,,,gemma4it_tb_uniform1_no_video.json
uniform,1,no_video,346,86,TimeBlind/videos/vid_00086_0.mp4,Is the blue and yellow can held for approximately 10 seconds?,no,I cannot see the image you are referring to. Please provide the image so I can answer your question.,,0,,,,gemma4it_tb_uniform1_no_video.json
uniform,1,no_video,347,86,TimeBlind/videos/vid_00086_1.mp4,Is the blue and yellow can held for approximately 10 seconds?,yes,I cannot see the image you are referring to. Please provide the image so I can answer your question.,,0,,,,gemma4it_tb_uniform1_no_video.json
uniform,1,no_video,348,87,TimeBlind/videos/vid_00087_0.mp4,Does the number of fingers the man is holding up change from two to three during the video?,yes,"Please provide the video you are referring to. I cannot see any video in your current message. Once you upload or link the video, I will be able to answer your question.",,0,,,,gemma4it_tb_uniform1_no_video.json
uniform,1,no_video,349,87,TimeBlind/videos/vid_00087_1.mp4,Does the number of fingers the man is holding up change from two to three during the video?,no,"Please provide the video you are referring to. I cannot see any video in your current message. Once you upload or link the video, I will be able to answer your question.",,0,,,,gemma4it_tb_uniform1_no_video.json
uniform,1,no_video,350,87,TimeBlind/videos/vid_00087_0.mp4,"In the video, does the number of fingers the man is holding up change from three to two?",no,Please provide the video you are referring to. I cannot see or analyze a video unless you upload it or provide a link to it.,,0,,,,gemma4it_tb_uniform1_no_video.json
uniform,1,no_video,351,87,TimeBlind/videos/vid_00087_1.mp4,"In the video, does the number of fingers the man is holding up change from three to two?",yes,Please provide the video you are referring to. I cannot see or analyze a video unless you upload it or provide a link to it.,,0,,,,gemma4it_tb_uniform1_no_video.json
uniform,1,no_video,352,88,TimeBlind/videos/vid_00088_0.mp4,Does the ceiling with strip lights gradually come into view?,yes,I cannot see the image you are referring to. Please provide the image so I can answer your question.,,0,,,,gemma4it_tb_uniform1_no_video.json
uniform,1,no_video,353,88,TimeBlind/videos/vid_00088_1.mp4,Does the ceiling with strip lights gradually come into view?,no,I cannot see the image you are referring to. Please provide the image so I can answer your question.,,0,,,,gemma4it_tb_uniform1_no_video.json
uniform,1,no_video,354,88,TimeBlind/videos/vid_00088_0.mp4,Does the ceiling with strip lights gradually disappear from view?,no,I cannot see the image you are referring to. Please provide the image so I can answer your question.,,0,,,,gemma4it_tb_uniform1_no_video.json
uniform,1,no_video,355,88,TimeBlind/videos/vid_00088_1.mp4,Does the ceiling with strip lights gradually disappear from view?,yes,I cannot see the image you are referring to. Please provide the image so I can answer your question.,,0,,,,gemma4it_tb_uniform1_no_video.json
uniform,1,no_video,356,89,TimeBlind/videos/vid_00089_0.mp4,Does the person turn the door handle gently?,yes,"Please provide the video, image, or description of the action you are referring to so I can answer your question.",,0,,,,gemma4it_tb_uniform1_no_video.json
uniform,1,no_video,357,89,TimeBlind/videos/vid_00089_1.mp4,Does the person turn the door handle gently?,no,"Please provide the video, image, or description of the action you are referring to so I can answer your question.",,0,,,,gemma4it_tb_uniform1_no_video.json
uniform,1,no_video,358,89,TimeBlind/videos/vid_00089_0.mp4,Does the person turn the door handle forcefully?,no,"Please provide the video, image, or description of the scene you are referring to so I can answer your question.",,0,,,,gemma4it_tb_uniform1_no_video.json
uniform,1,no_video,359,89,TimeBlind/videos/vid_00089_1.mp4,Does the person turn the door handle forcefully?,yes,"Please provide the video, image, or description of the scene you are referring to so I can answer your question.",,0,,,,gemma4it_tb_uniform1_no_video.json
uniform,1,no_video,360,90,TimeBlind/videos/vid_00090_0.mp4,Do the wiping strokes gradually increase in size?,yes,"I do not have enough context to answer this question. Please provide the text, image, or description you are referring to.",,0,,,,gemma4it_tb_uniform1_no_video.json
uniform,1,no_video,361,90,TimeBlind/videos/vid_00090_1.mp4,Do the wiping strokes gradually increase in size?,no,"I do not have enough context to answer this question. Please provide the text, image, or description you are referring to.",,0,,,,gemma4it_tb_uniform1_no_video.json
uniform,1,no_video,362,90,TimeBlind/videos/vid_00090_0.mp4,Do the wiping strokes gradually decrease in size?,no,"I do not have enough context to answer this question. Please provide the text, image, or description you are referring to.",,0,,,,gemma4it_tb_uniform1_no_video.json
uniform,1,no_video,363,90,TimeBlind/videos/vid_00090_1.mp4,Do the wiping strokes gradually decrease in size?,yes,"I do not have enough context to answer this question. Please provide the text, image, or description you are referring to.",,0,,,,gemma4it_tb_uniform1_no_video.json
uniform,1,no_video,364,91,TimeBlind/videos/vid_00091_0.mp4,"After looking straight ahead, does he turn to look left and not look forward again?",yes,Please provide the video or description of the actions you are referring to so I can give you an accurate answer.,,0,,,,gemma4it_tb_uniform1_no_video.json
uniform,1,no_video,365,91,TimeBlind/videos/vid_00091_1.mp4,"After looking straight ahead, does he turn to look left and not look forward again?",no,Please provide the video or description of the actions you are referring to so I can give you an accurate answer.,,0,,,,gemma4it_tb_uniform1_no_video.json
uniform,1,no_video,366,91,TimeBlind/videos/vid_00091_0.mp4,"After looking straight ahead, does he turn to look left and then look forward again?",no,Please provide the video or description of the actions you are referring to so I can give you an accurate answer.,,0,,,,gemma4it_tb_uniform1_no_video.json
uniform,1,no_video,367,91,TimeBlind/videos/vid_00091_1.mp4,"After looking straight ahead, does he turn to look left and then look forward again?",yes,Please provide the video or description of the actions you are referring to so I can give you an accurate answer.,,0,,,,gemma4it_tb_uniform1_no_video.json
uniform,1,no_video,368,92,TimeBlind/videos/vid_00092_0.mp4,Does the man go from standing to bending over?,yes,Please provide the video or image you are referring to so I can answer your question.,,0,,,,gemma4it_tb_uniform1_no_video.json
uniform,1,no_video,369,92,TimeBlind/videos/vid_00092_1.mp4,Does the man go from standing to bending over?,no,Please provide the video or image you are referring to so I can answer your question.,,0,,,,gemma4it_tb_uniform1_no_video.json
uniform,1,no_video,370,92,TimeBlind/videos/vid_00092_0.mp4,Does the man move from a bent-over position to standing upright?,no,"thought
<channel|>Please provide the video or image you are referring to so I can answer your question.",,0,,,,gemma4it_tb_uniform1_no_video.json
uniform,1,no_video,371,92,TimeBlind/videos/vid_00092_1.mp4,Does the man move from a bent-over position to standing upright?,yes,"thought
<channel|>Please provide the video or image you are referring to so I can answer your question.",,0,,,,gemma4it_tb_uniform1_no_video.json
uniform,1,no_video,372,93,TimeBlind/videos/vid_00093_0.mp4,Does the person’s posture change from upright to leaning?,yes,Please provide the video or image sequence you are referring to so I can analyze the person's posture.,,0,,,,gemma4it_tb_uniform1_no_video.json
uniform,1,no_video,373,93,TimeBlind/videos/vid_00093_1.mp4,Does the person’s posture change from upright to leaning?,no,Please provide the video or image sequence you are referring to so I can analyze the person's posture.,,0,,,,gemma4it_tb_uniform1_no_video.json
uniform,1,no_video,374,93,TimeBlind/videos/vid_00093_0.mp4,Does the person's posture change from leaning to standing upright?,no,Please provide the video or image sequence you are referring to so I can analyze the person's posture.,,0,,,,gemma4it_tb_uniform1_no_video.json
uniform,1,no_video,375,93,TimeBlind/videos/vid_00093_1.mp4,Does the person's posture change from leaning to standing upright?,yes,Please provide the video or image sequence you are referring to so I can analyze the person's posture.,,0,,,,gemma4it_tb_uniform1_no_video.json
uniform,1,no_video,376,94,TimeBlind/videos/vid_00094_0.mp4,Does the person glide across the frame from left to right?,yes,Please provide the video or image you are referring to so I can answer your question.,,0,,,,gemma4it_tb_uniform1_no_video.json
uniform,1,no_video,377,94,TimeBlind/videos/vid_00094_1.mp4,Does the person glide across the frame from left to right?,no,Please provide the video or image you are referring to so I can answer your question.,,0,,,,gemma4it_tb_uniform1_no_video.json
uniform,1,no_video,378,94,TimeBlind/videos/vid_00094_0.mp4,Does the person glide across the frame from right to left?,no,Please provide the video or image you are referring to so I can answer your question.,,0,,,,gemma4it_tb_uniform1_no_video.json
uniform,1,no_video,379,94,TimeBlind/videos/vid_00094_1.mp4,Does the person glide across the frame from right to left?,yes,Please provide the video or image you are referring to so I can answer your question.,,0,,,,gemma4it_tb_uniform1_no_video.json
uniform,1,no_video,380,95,TimeBlind/videos/vid_00095_0.mp4,Does the robot go from standing to squatting?,yes,Please provide the video or description of the robot you are referring to so I can give you an accurate answer.,,0,,,,gemma4it_tb_uniform1_no_video.json
uniform,1,no_video,381,95,TimeBlind/videos/vid_00095_1.mp4,Does the robot go from standing to squatting?,no,Please provide the video or description of the robot you are referring to so I can give you an accurate answer.,,0,,,,gemma4it_tb_uniform1_no_video.json
uniform,1,no_video,382,95,TimeBlind/videos/vid_00095_0.mp4,Does the robot go from squatting to standing?,no,Please provide the video or description of the robot you are referring to so I can give you an accurate answer.,,0,,,,gemma4it_tb_uniform1_no_video.json
uniform,1,no_video,383,95,TimeBlind/videos/vid_00095_1.mp4,Does the robot go from squatting to standing?,yes,Please provide the video or description of the robot you are referring to so I can give you an accurate answer.,,0,,,,gemma4it_tb_uniform1_no_video.json
uniform,1,no_video,384,96,TimeBlind/videos/vid_00096_0.mp4,Is the humanoid robot squatting while extending its arms?,yes,Please provide the image or video you are referring to so I can answer your question.,,0,,,,gemma4it_tb_uniform1_no_video.json
uniform,1,no_video,385,96,TimeBlind/videos/vid_00096_1.mp4,Is the humanoid robot squatting while extending its arms?,no,Please provide the image or video you are referring to so I can answer your question.,,0,,,,gemma4it_tb_uniform1_no_video.json
uniform,1,no_video,386,96,TimeBlind/videos/vid_00096_0.mp4,Is the humanoid robot standing up as it retracts its arms?,no,Please provide the image or video you are referring to so I can answer your question.,,0,,,,gemma4it_tb_uniform1_no_video.json
uniform,1,no_video,387,96,TimeBlind/videos/vid_00096_1.mp4,Is the humanoid robot standing up as it retracts its arms?,yes,Please provide the image or video you are referring to so I can answer your question.,,0,,,,gemma4it_tb_uniform1_no_video.json
uniform,1,no_video,388,97,TimeBlind/videos/vid_00097_0.mp4,"Does the person first quickly press the pump on the skincare bottle, then slowly press it?",yes,"I cannot answer this question because you have not provided a video, image, or description of a person using a skincare bottle. Please provide the context so I can give you an accurate answer.",,0,,,,gemma4it_tb_uniform1_no_video.json
uniform,1,no_video,389,97,TimeBlind/videos/vid_00097_1.mp4,"Does the person first quickly press the pump on the skincare bottle, then slowly press it?",no,"I cannot answer this question because you have not provided a video, image, or description of a person using a skincare bottle. Please provide the context so I can give you an accurate answer.",,0,,,,gemma4it_tb_uniform1_no_video.json
uniform,1,no_video,390,97,TimeBlind/videos/vid_00097_0.mp4,"Does the person first slowly press the pump on the skincare bottle, then press it quickly?",no,"I cannot answer this question because you have not provided a video, image, or description of a person using a skincare bottle. Please provide the media or context you are referring to.",,0,,,,gemma4it_tb_uniform1_no_video.json
uniform,1,no_video,391,97,TimeBlind/videos/vid_00097_1.mp4,"Does the person first slowly press the pump on the skincare bottle, then press it quickly?",yes,"I cannot answer this question because you have not provided a video, image, or description of a person using a skincare bottle. Please provide the media or context you are referring to.",,0,,,,gemma4it_tb_uniform1_no_video.json
uniform,1,no_video,392,98,TimeBlind/videos/vid_00098_0.mp4,Does he press the pump firmly at the beginning of the video?,yes,Please provide the video you are referring to so I can answer your question.,,0,,,,gemma4it_tb_uniform1_no_video.json
uniform,1,no_video,393,98,TimeBlind/videos/vid_00098_1.mp4,Does he press the pump firmly at the beginning of the video?,no,Please provide the video you are referring to so I can answer your question.,,0,,,,gemma4it_tb_uniform1_no_video.json
uniform,1,no_video,394,98,TimeBlind/videos/vid_00098_0.mp4,Does he press the pump gently at the beginning of the video?,no,Please provide the video you are referring to so I can answer your question.,,0,,,,gemma4it_tb_uniform1_no_video.json
uniform,1,no_video,395,98,TimeBlind/videos/vid_00098_1.mp4,Does he press the pump gently at the beginning of the video?,yes,Please provide the video you are referring to so I can answer your question.,,0,,,,gemma4it_tb_uniform1_no_video.json
uniform,1,no_video,396,99,TimeBlind/videos/vid_00099_0.mp4,Is there only one white car in the entire video?,yes,"Please provide the video you are referring to. I cannot see any video in your current message. Once you provide the video, I will be able to answer your question.",,0,,,,gemma4it_tb_uniform1_no_video.json
uniform,1,no_video,397,99,TimeBlind/videos/vid_00099_1.mp4,Is there only one white car in the entire video?,no,"Please provide the video you are referring to. I cannot see any video in your current message. Once you provide the video, I will be able to answer your question.",,0,,,,gemma4it_tb_uniform1_no_video.json
uniform,1,no_video,398,99,TimeBlind/videos/vid_00099_0.mp4,Are there a total of two white cars in the video?,no,"Please provide the video you are referring to. I cannot see any video in your current message. Once you upload or link the video, I will be able to answer your question.",,0,,,,gemma4it_tb_uniform1_no_video.json
uniform,1,no_video,399,99,TimeBlind/videos/vid_00099_1.mp4,Are there a total of two white cars in the video?,yes,"Please provide the video you are referring to. I cannot see any video in your current message. Once you upload or link the video, I will be able to answer your question.",,0,,,,gemma4it_tb_uniform1_no_video.json
uniform,1,no_video,400,100,TimeBlind/videos/vid_00100_0.mp4,"In the video, do the legs start shaking slowly and then speed up?",yes,I cannot see or analyze a video as you haven't provided one. Please upload the video or provide a link so I can answer your question.,,0,,,,gemma4it_tb_uniform1_no_video.json
uniform,1,no_video,401,100,TimeBlind/videos/vid_00100_1.mp4,"In the video, do the legs start shaking slowly and then speed up?",no,I cannot see or analyze a video as you haven't provided one. Please upload the video or provide a link so I can answer your question.,,0,,,,gemma4it_tb_uniform1_no_video.json
uniform,1,no_video,402,100,TimeBlind/videos/vid_00100_0.mp4,"In the video, do the legs start shaking quickly and then slow down?",no,Please provide the video you are referring to. I cannot see any video unless you upload it or provide a link to it.,,0,,,,gemma4it_tb_uniform1_no_video.json
uniform,1,no_video,403,100,TimeBlind/videos/vid_00100_1.mp4,"In the video, do the legs start shaking quickly and then slow down?",yes,Please provide the video you are referring to. I cannot see any video unless you upload it or provide a link to it.,,0,,,,gemma4it_tb_uniform1_no_video.json
uniform,1,no_video,404,101,TimeBlind/videos/vid_00101_0.mp4,Does he swing his leg only slightly at the beginning of the video?,yes,"thought
<channel|>Please provide the video you are referring to so I can answer your question.",,0,,,,gemma4it_tb_uniform1_no_video.json
uniform,1,no_video,405,101,TimeBlind/videos/vid_00101_1.mp4,Does he swing his leg only slightly at the beginning of the video?,no,"thought
<channel|>Please provide the video you are referring to so I can answer your question.",,0,,,,gemma4it_tb_uniform1_no_video.json
uniform,1,no_video,406,101,TimeBlind/videos/vid_00101_0.mp4,Does he swing his leg widely at the beginning of the video?,no,Please provide the video you are referring to so I can answer your question.,,0,,,,gemma4it_tb_uniform1_no_video.json
uniform,1,no_video,407,101,TimeBlind/videos/vid_00101_1.mp4,Does he swing his leg widely at the beginning of the video?,yes,Please provide the video you are referring to so I can answer your question.,,0,,,,gemma4it_tb_uniform1_no_video.json
uniform,1,no_video,408,102,TimeBlind/videos/vid_00102_0.mp4,Does the bounce height start out high and then decrease later?,yes,"To provide an accurate answer, I need to know the specific context of your question (e.g., a physics problem, a specific sports scenario, or a data set).

However, in most standard physics contexts (like a ball bouncing on a floor):

**No.**

(The bounce height typically starts low and increases as the ball gains energy, or it starts high and decreases over time due to energy loss, but the ""starting"" height depends on the initial drop. If you are referring to a ball losing energy over multiple bounces, the height decreases with each subsequent bounce.)",no,0,,,,gemma4it_tb_uniform1_no_video.json
uniform,1,no_video,409,102,TimeBlind/videos/vid_00102_1.mp4,Does the bounce height start out high and then decrease later?,no,"To provide an accurate answer, I need to know the specific context of your question (e.g., a physics problem, a specific sports scenario, or a data set).

However, in most standard physics contexts (like a ball bouncing on a floor):

**No.**

(The bounce height typically starts low and increases as the ball gains energy, or it starts high and decreases over time due to energy loss, but the ""starting"" height depends on the initial drop. If you are referring to a ball losing energy over multiple bounces, the height decreases with each subsequent bounce.)",no,1,,,,gemma4it_tb_uniform1_no_video.json
uniform,1,no_video,410,102,TimeBlind/videos/vid_00102_0.mp4,Does the bounce height start out low and then increase later?,no,"To provide an accurate answer, I need to know the specific context of your question (e.g., a physics problem, a specific sports drill, a video game mechanic, or a data set).

However, if you are referring to a standard **physics experiment** (like a ball bouncing on a floor):
**No.** (The bounce height typically starts at its maximum and decreases over time due to energy loss).

If you are referring to a **learning curve or a ""warm-up"" effect** in a specific activity:
**Yes.**

Please provide more details if you would like a more specific answer.",no,1,,,,gemma4it_tb_uniform1_no_video.json
uniform,1,no_video,411,102,TimeBlind/videos/vid_00102_1.mp4,Does the bounce height start out low and then increase later?,yes,"To provide an accurate answer, I need to know the specific context of your question (e.g., a physics problem, a specific sports drill, a video game mechanic, or a data set).

However, if you are referring to a standard **physics experiment** (like a ball bouncing on a floor):
**No.** (The bounce height typically starts at its maximum and decreases over time due to energy loss).

If you are referring to a **learning curve or a ""warm-up"" effect** in a specific activity:
**Yes.**

Please provide more details if you would like a more specific answer.",no,0,,,,gemma4it_tb_uniform1_no_video.json
uniform,1,no_video,412,103,TimeBlind/videos/vid_00103_0.mp4,Does the person hit the ball with the tennis racket eight times?,yes,Please provide the video or description of the action you are referring to so I can answer your question.,,0,,,,gemma4it_tb_uniform1_no_video.json
uniform,1,no_video,413,103,TimeBlind/videos/vid_00103_1.mp4,Does the person hit the ball with the tennis racket eight times?,no,Please provide the video or description of the action you are referring to so I can answer your question.,,0,,,,gemma4it_tb_uniform1_no_video.json
uniform,1,no_video,414,103,TimeBlind/videos/vid_00103_0.mp4,Does the person hit the ball with the tennis racket twelve times?,no,"Please provide the text, video, or context you are referring to so I can answer your question.",,0,,,,gemma4it_tb_uniform1_no_video.json
uniform,1,no_video,415,103,TimeBlind/videos/vid_00103_1.mp4,Does the person hit the ball with the tennis racket twelve times?,yes,"Please provide the text, video, or context you are referring to so I can answer your question.",,0,,,,gemma4it_tb_uniform1_no_video.json
uniform,1,no_video,416,104,TimeBlind/videos/vid_00104_0.mp4,Does the person make small racket swings at the beginning and larger swings later in the video?,yes,Please provide the video you are referring to so I can analyze it and give you an accurate answer.,,0,,,,gemma4it_tb_uniform1_no_video.json
uniform,1,no_video,417,104,TimeBlind/videos/vid_00104_1.mp4,Does the person make small racket swings at the beginning and larger swings later in the video?,no,Please provide the video you are referring to so I can analyze it and give you an accurate answer.,,0,,,,gemma4it_tb_uniform1_no_video.json
uniform,1,no_video,418,104,TimeBlind/videos/vid_00104_0.mp4,Does the person make large racket swings at the beginning and smaller swings later in the video?,no,"Please provide the video you are referring to. I cannot see any video in your current message. Once you provide the video, I will be able to answer your question.",,0,,,,gemma4it_tb_uniform1_no_video.json
uniform,1,no_video,419,104,TimeBlind/videos/vid_00104_1.mp4,Does the person make large racket swings at the beginning and smaller swings later in the video?,yes,"Please provide the video you are referring to. I cannot see any video in your current message. Once you provide the video, I will be able to answer your question.",,0,,,,gemma4it_tb_uniform1_no_video.json
uniform,1,no_video,420,105,TimeBlind/videos/vid_00105_0.mp4,Does the boy swing the racket forward five times?,yes,Please provide the video or description you are referring to so I can answer your question.,,0,,,,gemma4it_tb_uniform1_no_video.json
uniform,1,no_video,421,105,TimeBlind/videos/vid_00105_1.mp4,Does the boy swing the racket forward five times?,no,Please provide the video or description you are referring to so I can answer your question.,,0,,,,gemma4it_tb_uniform1_no_video.json
uniform,1,no_video,422,105,TimeBlind/videos/vid_00105_0.mp4,Does the boy swing the racket forward six times?,no,Please provide the video or description you are referring to so I can answer your question.,,0,,,,gemma4it_tb_uniform1_no_video.json
uniform,1,no_video,423,105,TimeBlind/videos/vid_00105_1.mp4,Does the boy swing the racket forward six times?,yes,Please provide the video or description you are referring to so I can answer your question.,,0,,,,gemma4it_tb_uniform1_no_video.json
uniform,1,no_video,424,106,TimeBlind/videos/vid_00106_0.mp4,Does the boy jump a shorter distance at the end of the video than at the beginning?,yes,Please provide the video you are referring to. I cannot see or analyze a video unless you upload it or provide a link to it.,,0,,,,gemma4it_tb_uniform1_no_video.json
uniform,1,no_video,425,106,TimeBlind/videos/vid_00106_1.mp4,Does the boy jump a shorter distance at the end of the video than at the beginning?,no,Please provide the video you are referring to. I cannot see or analyze a video unless you upload it or provide a link to it.,,0,,,,gemma4it_tb_uniform1_no_video.json
uniform,1,no_video,426,106,TimeBlind/videos/vid_00106_0.mp4,Does the boy jump farther at the end of the video than at the beginning?,no,Please provide the video you are referring to. I cannot see or analyze a video unless you upload it or provide a link to it.,,0,,,,gemma4it_tb_uniform1_no_video.json
uniform,1,no_video,427,106,TimeBlind/videos/vid_00106_1.mp4,Does the boy jump farther at the end of the video than at the beginning?,yes,Please provide the video you are referring to. I cannot see or analyze a video unless you upload it or provide a link to it.,,0,,,,gemma4it_tb_uniform1_no_video.json
uniform,1,no_video,428,107,TimeBlind/videos/vid_00107_0.mp4,Does the boy bend his knees more when landing his first long jump than when landing his last?,yes,"I cannot answer this question because you have not provided a video, image, or description of a boy performing a long jump. Please provide the source material so I can analyze the movement.",,0,,,,gemma4it_tb_uniform1_no_video.json
uniform,1,no_video,429,107,TimeBlind/videos/vid_00107_1.mp4,Does the boy bend his knees more when landing his first long jump than when landing his last?,no,"I cannot answer this question because you have not provided a video, image, or description of a boy performing a long jump. Please provide the source material so I can analyze the movement.",,0,,,,gemma4it_tb_uniform1_no_video.json
uniform,1,no_video,430,107,TimeBlind/videos/vid_00107_0.mp4,Does the boy bend his knees less when landing from his first long jump than from his last?,no,"I cannot answer this question because you have not provided an image, video, or description of a boy performing a long jump. Please provide the source material so I can analyze the movement.",,0,,,,gemma4it_tb_uniform1_no_video.json
uniform,1,no_video,431,107,TimeBlind/videos/vid_00107_1.mp4,Does the boy bend his knees less when landing from his first long jump than from his last?,yes,"I cannot answer this question because you have not provided an image, video, or description of a boy performing a long jump. Please provide the source material so I can analyze the movement.",,0,,,,gemma4it_tb_uniform1_no_video.json
uniform,1,no_video,432,108,TimeBlind/videos/vid_00108_0.mp4,Does the boy make large upper-body movements as he turns at the beginning of the video?,yes,Please provide the video you are referring to. I cannot see the video unless you upload it or provide a link.,,0,,,,gemma4it_tb_uniform1_no_video.json
uniform,1,no_video,433,108,TimeBlind/videos/vid_00108_1.mp4,Does the boy make large upper-body movements as he turns at the beginning of the video?,no,Please provide the video you are referring to. I cannot see the video unless you upload it or provide a link.,,0,,,,gemma4it_tb_uniform1_no_video.json
uniform,1,no_video,434,108,TimeBlind/videos/vid_00108_0.mp4,Does the boy make small upper-body movements as he turns at the beginning of the video?,no,Please provide the video you are referring to. I cannot see the video unless you upload it or provide a link.,,0,,,,gemma4it_tb_uniform1_no_video.json
uniform,1,no_video,435,108,TimeBlind/videos/vid_00108_1.mp4,Does the boy make small upper-body movements as he turns at the beginning of the video?,yes,Please provide the video you are referring to. I cannot see the video unless you upload it or provide a link.,,0,,,,gemma4it_tb_uniform1_no_video.json
uniform,1,no_video,436,109,TimeBlind/videos/vid_00109_0.mp4,"Do the branches shake vigorously at first, then gently?",yes,I do not have enough context to answer this question. Please provide the text or description you are referring to.,,0,,,,gemma4it_tb_uniform1_no_video.json
uniform,1,no_video,437,109,TimeBlind/videos/vid_00109_1.mp4,"Do the branches shake vigorously at first, then gently?",no,I do not have enough context to answer this question. Please provide the text or description you are referring to.,,0,,,,gemma4it_tb_uniform1_no_video.json
uniform,1,no_video,438,109,TimeBlind/videos/vid_00109_0.mp4,"Do the branches shake gently at first, then vigorously?",no,I do not have enough context to answer this question. Please provide the text or description you are referring to.,,0,,,,gemma4it_tb_uniform1_no_video.json
uniform,1,no_video,439,109,TimeBlind/videos/vid_00109_1.mp4,"Do the branches shake gently at first, then vigorously?",yes,I do not have enough context to answer this question. Please provide the text or description you are referring to.,,0,,,,gemma4it_tb_uniform1_no_video.json
uniform,1,no_video,440,110,TimeBlind/videos/vid_00110_0.mp4,Do the branches shake vigorously at the beginning?,yes,"Please provide the text, video, or description you are referring to so I can give you an accurate answer.",,0,,,,gemma4it_tb_uniform1_no_video.json
uniform,1,no_video,441,110,TimeBlind/videos/vid_00110_1.mp4,Do the branches shake vigorously at the beginning?,no,"Please provide the text, video, or description you are referring to so I can give you an accurate answer.",,0,,,,gemma4it_tb_uniform1_no_video.json
uniform,1,no_video,442,110,TimeBlind/videos/vid_00110_0.mp4,Do the branches shake gently at the beginning?,no,"Please provide the text, video, or description you are referring to so I can give you an accurate answer.",,0,,,,gemma4it_tb_uniform1_no_video.json
uniform,1,no_video,443,110,TimeBlind/videos/vid_00110_1.mp4,Do the branches shake gently at the beginning?,yes,"Please provide the text, video, or description you are referring to so I can give you an accurate answer.",,0,,,,gemma4it_tb_uniform1_no_video.json
uniform,1,no_video,444,111,TimeBlind/videos/vid_00111_0.mp4,Is the girl doing vertical leg kicks starting high and then kicking lower?,yes,"thought
<channel|>Please provide the image or video you are referring to so I can answer your question.",,0,,,,gemma4it_tb_uniform1_no_video.json
uniform,1,no_video,445,111,TimeBlind/videos/vid_00111_1.mp4,Is the girl doing vertical leg kicks starting high and then kicking lower?,no,"thought
<channel|>Please provide the image or video you are referring to so I can answer your question.",,0,,,,gemma4it_tb_uniform1_no_video.json
uniform,1,no_video,446,111,TimeBlind/videos/vid_00111_0.mp4,Does the girl start her vertical leg kicks low and then kick higher?,no,"thought
<channel|>Please provide the video or description you are referring to so I can answer your question.",,0,,,,gemma4it_tb_uniform1_no_video.json
uniform,1,no_video,447,111,TimeBlind/videos/vid_00111_1.mp4,Does the girl start her vertical leg kicks low and then kick higher?,yes,"thought
<channel|>Please provide the video or description you are referring to so I can answer your question.",,0,,,,gemma4it_tb_uniform1_no_video.json
uniform,1,no_video,448,112,TimeBlind/videos/vid_00112_0.mp4,Does the tennis racket start spinning quickly and then slow down?,yes,"It depends on the specific action being performed (e.g., a serve, a forehand, or a backhand), but generally, the answer is **Yes**.

In most strokes, the racket accelerates through the ""swing path"" to reach maximum velocity at the point of impact and then decelerates as the player follows through.",,0,,,,gemma4it_tb_uniform1_no_video.json
uniform,1,no_video,449,112,TimeBlind/videos/vid_00112_1.mp4,Does the tennis racket start spinning quickly and then slow down?,no,"It depends on the specific action being performed (e.g., a serve, a forehand, or a backhand), but generally, the answer is **Yes**.

In most strokes, the racket accelerates through the ""swing path"" to reach maximum velocity at the point of impact and then decelerates as the player follows through.",,0,,,,gemma4it_tb_uniform1_no_video.json
uniform,1,no_video,450,112,TimeBlind/videos/vid_00112_0.mp4,Does the tennis racket start spinning slowly and then speed up?,no,"It depends on the specific action being performed (e.g., a serve, a forehand, or a backhand), but generally, the answer is **Yes**.

In most professional tennis strokes, the racket undergoes a ""wind-up"" or ""backswing"" where it moves relatively slowly to build potential energy, followed by an acceleration phase (the ""forward swing"") where it speeds up rapidly to strike the ball.",,0,,,,gemma4it_tb_uniform1_no_video.json
uniform,1,no_video,451,112,TimeBlind/videos/vid_00112_1.mp4,Does the tennis racket start spinning slowly and then speed up?,yes,"It depends on the specific action being performed (e.g., a serve, a forehand, or a backhand), but generally, the answer is **Yes**.

In most professional tennis strokes, the racket undergoes a ""wind-up"" or ""backswing"" where it moves relatively slowly to build potential energy, followed by an acceleration phase (the ""forward swing"") where it speeds up rapidly to strike the ball.",,0,,,,gemma4it_tb_uniform1_no_video.json
uniform,1,no_video,452,113,TimeBlind/videos/vid_00113_0.mp4,"Does she wave her hand with large, sweeping motions at the start of the video?",yes,Please provide the video you are referring to so I can answer your question.,,0,,,,gemma4it_tb_uniform1_no_video.json
uniform,1,no_video,453,113,TimeBlind/videos/vid_00113_1.mp4,"Does she wave her hand with large, sweeping motions at the start of the video?",no,Please provide the video you are referring to so I can answer your question.,,0,,,,gemma4it_tb_uniform1_no_video.json
uniform,1,no_video,454,113,TimeBlind/videos/vid_00113_0.mp4,"Does she wave her hand with small, subtle motions at the start of the video?",no,Please provide the video you are referring to so I can answer your question.,,0,,,,gemma4it_tb_uniform1_no_video.json
uniform,1,no_video,455,113,TimeBlind/videos/vid_00113_1.mp4,"Does she wave her hand with small, subtle motions at the start of the video?",yes,Please provide the video you are referring to so I can answer your question.,,0,,,,gemma4it_tb_uniform1_no_video.json
uniform,1,no_video,456,114,TimeBlind/videos/vid_00114_0.mp4,"Does the girl pull the car door handle quickly at first, then slowly?",yes,"I cannot answer this question because you haven't provided a video, image, or description of a girl pulling a car door handle. Please provide the context so I can assist you.",,0,,,,gemma4it_tb_uniform1_no_video.json
uniform,1,no_video,457,114,TimeBlind/videos/vid_00114_1.mp4,"Does the girl pull the car door handle quickly at first, then slowly?",no,"I cannot answer this question because you haven't provided a video, image, or description of a girl pulling a car door handle. Please provide the context so I can assist you.",,0,,,,gemma4it_tb_uniform1_no_video.json
uniform,1,no_video,458,114,TimeBlind/videos/vid_00114_0.mp4,"Does the girl pull the car door handle slowly at first, then more quickly?",no,"I cannot answer this question because you have not provided a video, image, or description of a girl pulling a car door handle. Please provide the context so I can assist you.",,0,,,,gemma4it_tb_uniform1_no_video.json
uniform,1,no_video,459,114,TimeBlind/videos/vid_00114_1.mp4,"Does the girl pull the car door handle slowly at first, then more quickly?",yes,"I cannot answer this question because you have not provided a video, image, or description of a girl pulling a car door handle. Please provide the context so I can assist you.",,0,,,,gemma4it_tb_uniform1_no_video.json
uniform,1,no_video,460,115,TimeBlind/videos/vid_00115_0.mp4,Does she pull the car door handle rapidly and repeatedly early on?,yes,"I do not have access to a video, story, or context to answer this question. Please provide the source material or describe the scene you are referring to.",,0,,,,gemma4it_tb_uniform1_no_video.json
uniform,1,no_video,461,115,TimeBlind/videos/vid_00115_1.mp4,Does she pull the car door handle rapidly and repeatedly early on?,no,"I do not have access to a video, story, or context to answer this question. Please provide the source material or describe the scene you are referring to.",,0,,,,gemma4it_tb_uniform1_no_video.json
uniform,1,no_video,462,115,TimeBlind/videos/vid_00115_0.mp4,Does she pull the car door handle slowly and infrequently early on?,no,"I do not have access to a video, story, or specific context to answer this question. Please provide the source material or describe the scene you are referring to.",,0,,,,gemma4it_tb_uniform1_no_video.json
uniform,1,no_video,463,115,TimeBlind/videos/vid_00115_1.mp4,Does she pull the car door handle slowly and infrequently early on?,yes,"I do not have access to a video, story, or specific context to answer this question. Please provide the source material or describe the scene you are referring to.",,0,,,,gemma4it_tb_uniform1_no_video.json
uniform,1,no_video,464,116,TimeBlind/videos/vid_00116_0.mp4,Does the person rub the kitten's head quickly at first and then more slowly?,yes,"I cannot answer this question because you haven't provided a video, image, or description for me to analyze. Please provide the content you are referring to!",,0,,,,gemma4it_tb_uniform1_no_video.json
uniform,1,no_video,465,116,TimeBlind/videos/vid_00116_1.mp4,Does the person rub the kitten's head quickly at first and then more slowly?,no,"I cannot answer this question because you haven't provided a video, image, or description for me to analyze. Please provide the content you are referring to!",,0,,,,gemma4it_tb_uniform1_no_video.json
uniform,1,no_video,466,116,TimeBlind/videos/vid_00116_0.mp4,"Does the person rub the kitten's head slowly at first, then more quickly?",no,"I cannot answer this question because you haven't provided a video, image, or description for me to analyze. Please provide the content you are referring to!",,0,,,,gemma4it_tb_uniform1_no_video.json
uniform,1,no_video,467,116,TimeBlind/videos/vid_00116_1.mp4,"Does the person rub the kitten's head slowly at first, then more quickly?",yes,"I cannot answer this question because you haven't provided a video, image, or description for me to analyze. Please provide the content you are referring to!",,0,,,,gemma4it_tb_uniform1_no_video.json
uniform,1,no_video,468,117,TimeBlind/videos/vid_00117_0.mp4,Does the person rub the kitten’s head quickly at the beginning?,yes,"I would be happy to help you with that! However, you haven't provided a video or a description of a scene for me to analyze.

Please **upload the video** or **provide a link/description**, and I will let you know if the person rubs the kitten's head quickly at the beginning.",,0,,,,gemma4it_tb_uniform1_no_video.json
uniform,1,no_video,469,117,TimeBlind/videos/vid_00117_1.mp4,Does the person rub the kitten’s head quickly at the beginning?,no,"I would be happy to help you with that! However, you haven't provided a video or a description of a scene for me to analyze.

Please **upload the video** or **provide a link/description**, and I will let you know if the person rubs the kitten's head quickly at the beginning.",,0,,,,gemma4it_tb_uniform1_no_video.json
uniform,1,no_video,470,117,TimeBlind/videos/vid_00117_0.mp4,Does the person rub the kitten’s head slowly at the beginning?,no,"thought
<channel|>Please provide the video or description you are referring to so I can answer your question.",,0,,,,gemma4it_tb_uniform1_no_video.json
uniform,1,no_video,471,117,TimeBlind/videos/vid_00117_1.mp4,Does the person rub the kitten’s head slowly at the beginning?,yes,"thought
<channel|>Please provide the video or description you are referring to so I can answer your question.",,0,,,,gemma4it_tb_uniform1_no_video.json
uniform,1,no_video,472,118,TimeBlind/videos/vid_00118_0.mp4,Do the cat’s front paws move in and out with a small range of motion at first and a larger range later?,yes,Yes,yes,1,,,,gemma4it_tb_uniform1_no_video.json
uniform,1,no_video,473,118,TimeBlind/videos/vid_00118_1.mp4,Do the cat’s front paws move in and out with a small range of motion at first and a larger range later?,no,Yes,yes,0,,,,gemma4it_tb_uniform1_no_video.json
uniform,1,no_video,474,118,TimeBlind/videos/vid_00118_0.mp4,Do the cat’s front paws move in and out with a large range of motion at first and a smaller range later?,no,Yes,yes,0,,,,gemma4it_tb_uniform1_no_video.json
uniform,1,no_video,475,118,TimeBlind/videos/vid_00118_1.mp4,Do the cat’s front paws move in and out with a large range of motion at first and a smaller range later?,yes,Yes,yes,1,,,,gemma4it_tb_uniform1_no_video.json
uniform,1,no_video,476,119,TimeBlind/videos/vid_00119_0.mp4,Does the puppy briefly close its eyes when the girl kisses it?,yes,Please provide the video or image you are referring to so I can answer your question.,,0,,,,gemma4it_tb_uniform1_no_video.json
uniform,1,no_video,477,119,TimeBlind/videos/vid_00119_1.mp4,Does the puppy briefly close its eyes when the girl kisses it?,no,Please provide the video or image you are referring to so I can answer your question.,,0,,,,gemma4it_tb_uniform1_no_video.json
uniform,1,no_video,478,119,TimeBlind/videos/vid_00119_0.mp4,Does the puppy keep its eyes open the whole time while the girl kisses it?,no,I cannot answer this question because there is no image or video provided for me to analyze. Please provide the media you are referring to.,no,1,,,,gemma4it_tb_uniform1_no_video.json
uniform,1,no_video,479,119,TimeBlind/videos/vid_00119_1.mp4,Does the puppy keep its eyes open the whole time while the girl kisses it?,yes,I cannot answer this question because there is no image or video provided for me to analyze. Please provide the media you are referring to.,no,0,,,,gemma4it_tb_uniform1_no_video.json
uniform,1,no_video,480,120,TimeBlind/videos/vid_00120_0.mp4,Does the person rub their hands quickly at first and then more slowly?,yes,"thought
<channel|>Please provide the video or description you are referring to so I can answer your question.",,0,,,,gemma4it_tb_uniform1_no_video.json
uniform,1,no_video,481,120,TimeBlind/videos/vid_00120_1.mp4,Does the person rub their hands quickly at first and then more slowly?,no,"thought
<channel|>Please provide the video or description you are referring to so I can answer your question.",,0,,,,gemma4it_tb_uniform1_no_video.json
uniform,1,no_video,482,120,TimeBlind/videos/vid_00120_0.mp4,Does the person rub their hands slowly at first and then quickly?,no,"I cannot answer this question because you haven't provided a video, description, or context for me to analyze. Please provide the source material so I can give you an accurate answer.",,0,,,,gemma4it_tb_uniform1_no_video.json
uniform,1,no_video,483,120,TimeBlind/videos/vid_00120_1.mp4,Does the person rub their hands slowly at first and then quickly?,yes,"I cannot answer this question because you haven't provided a video, description, or context for me to analyze. Please provide the source material so I can give you an accurate answer.",,0,,,,gemma4it_tb_uniform1_no_video.json
uniform,1,no_video,484,121,TimeBlind/videos/vid_00121_0.mp4,Does the boy clap slowly at the beginning?,yes,"Please provide the text, video, or context you are referring to so I can give you an accurate answer.",,0,,,,gemma4it_tb_uniform1_no_video.json
uniform,1,no_video,485,121,TimeBlind/videos/vid_00121_1.mp4,Does the boy clap slowly at the beginning?,no,"Please provide the text, video, or context you are referring to so I can give you an accurate answer.",,0,,,,gemma4it_tb_uniform1_no_video.json
uniform,1,no_video,486,121,TimeBlind/videos/vid_00121_0.mp4,Does the boy clap quickly at the beginning?,no,"Please provide the text, video, or context you are referring to so I can give you an accurate answer.",,0,,,,gemma4it_tb_uniform1_no_video.json
uniform,1,no_video,487,121,TimeBlind/videos/vid_00121_1.mp4,Does the boy clap quickly at the beginning?,yes,"Please provide the text, video, or context you are referring to so I can give you an accurate answer.",,0,,,,gemma4it_tb_uniform1_no_video.json
uniform,1,no_video,488,122,TimeBlind/videos/vid_00122_0.mp4,Does the vacuum cleaner move slowly at the beginning of the video?,yes,"Please provide the video you are referring to. I cannot see any video in your current message. Once you upload or link the video, I will be able to answer your question.",,0,,,,gemma4it_tb_uniform1_no_video.json
uniform,1,no_video,489,122,TimeBlind/videos/vid_00122_1.mp4,Does the vacuum cleaner move slowly at the beginning of the video?,no,"Please provide the video you are referring to. I cannot see any video in your current message. Once you upload or link the video, I will be able to answer your question.",,0,,,,gemma4it_tb_uniform1_no_video.json
uniform,1,no_video,490,122,TimeBlind/videos/vid_00122_0.mp4,Does the vacuum cleaner move quickly at the beginning of the video?,no,Please provide the video you are referring to. I cannot see or analyze a video unless you upload it or provide a link to it.,,0,,,,gemma4it_tb_uniform1_no_video.json
uniform,1,no_video,491,122,TimeBlind/videos/vid_00122_1.mp4,Does the vacuum cleaner move quickly at the beginning of the video?,yes,Please provide the video you are referring to. I cannot see or analyze a video unless you upload it or provide a link to it.,,0,,,,gemma4it_tb_uniform1_no_video.json
uniform,1,no_video,492,123,TimeBlind/videos/vid_00123_0.mp4,Does the massage gun start by moving slowly along the leg and then speed up?,yes,I do not have enough information to answer this question. Please provide a description or a video of the massage gun's operation.,,0,,,,gemma4it_tb_uniform1_no_video.json
uniform,1,no_video,493,123,TimeBlind/videos/vid_00123_1.mp4,Does the massage gun start by moving slowly along the leg and then speed up?,no,I do not have enough information to answer this question. Please provide a description or a video of the massage gun's operation.,,0,,,,gemma4it_tb_uniform1_no_video.json
uniform,1,no_video,494,123,TimeBlind/videos/vid_00123_0.mp4,Does the massage gun start moving quickly along the leg and then slow down?,no,"To provide an accurate answer, I would need to know which specific massage gun model, brand, or specific massage technique you are referring to.

However, generally speaking:

**No.**

Most massage guns operate at a **constant speed** (frequency) based on the setting you select. They do not automatically accelerate and decelerate along the length of a limb unless they are part of a specialized robotic system or a specific programmed ""smart"" routine. The user typically controls the speed and movement manually.",no,1,,,,gemma4it_tb_uniform1_no_video.json
uniform,1,no_video,495,123,TimeBlind/videos/vid_00123_1.mp4,Does the massage gun start moving quickly along the leg and then slow down?,yes,"To provide an accurate answer, I would need to know which specific massage gun model, brand, or specific massage technique you are referring to.

However, generally speaking:

**No.**

Most massage guns operate at a **constant speed** (frequency) based on the setting you select. They do not automatically accelerate and decelerate along the length of a limb unless they are part of a specialized robotic system or a specific programmed ""smart"" routine. The user typically controls the speed and movement manually.",no,0,,,,gemma4it_tb_uniform1_no_video.json
uniform,1,no_video,496,124,TimeBlind/videos/vid_00124_0.mp4,"In the video, does the girl switch from a red plaid shirt to a blue one?",yes,"Please provide the video you are referring to. Since you haven't attached or linked a video, I cannot see the content to answer your question.",,0,,,,gemma4it_tb_uniform1_no_video.json
uniform,1,no_video,497,124,TimeBlind/videos/vid_00124_1.mp4,"In the video, does the girl switch from a red plaid shirt to a blue one?",no,"Please provide the video you are referring to. Since you haven't attached or linked a video, I cannot see the content to answer your question.",,0,,,,gemma4it_tb_uniform1_no_video.json
uniform,1,no_video,498,124,TimeBlind/videos/vid_00124_0.mp4,Does the girl change from a blue plaid shirt to a red plaid one in the video?,no,"Please provide the video you are referring to. I cannot see any video in your current message. Once you upload or link the video, I will be able to answer your question.",,0,,,,gemma4it_tb_uniform1_no_video.json
uniform,1,no_video,499,124,TimeBlind/videos/vid_00124_1.mp4,Does the girl change from a blue plaid shirt to a red plaid one in the video?,yes,"Please provide the video you are referring to. I cannot see any video in your current message. Once you upload or link the video, I will be able to answer your question.",,0,,,,gemma4it_tb_uniform1_no_video.json
uniform,1,no_video,500,125,TimeBlind/videos/vid_00125_0.mp4,Does the girl switch from a short-sleeved to a long-sleeved shirt?,yes,Please provide the video or image sequence you are referring to so I can answer your question.,,0,,,,gemma4it_tb_uniform1_no_video.json
uniform,1,no_video,501,125,TimeBlind/videos/vid_00125_1.mp4,Does the girl switch from a short-sleeved to a long-sleeved shirt?,no,Please provide the video or image sequence you are referring to so I can answer your question.,,0,,,,gemma4it_tb_uniform1_no_video.json
uniform,1,no_video,502,125,TimeBlind/videos/vid_00125_0.mp4,Does the girl switch from a long-sleeved shirt to a short-sleeved one?,no,Please provide the video or image sequence you are referring to so I can answer your question.,,0,,,,gemma4it_tb_uniform1_no_video.json
uniform,1,no_video,503,125,TimeBlind/videos/vid_00125_1.mp4,Does the girl switch from a long-sleeved shirt to a short-sleeved one?,yes,Please provide the video or image sequence you are referring to so I can answer your question.,,0,,,,gemma4it_tb_uniform1_no_video.json
uniform,1,no_video,504,126,TimeBlind/videos/vid_00126_0.mp4,Does the girl go from wearing shorts to long pants?,yes,Please provide the image or video you are referring to so I can answer your question.,,0,,,,gemma4it_tb_uniform1_no_video.json
uniform,1,no_video,505,126,TimeBlind/videos/vid_00126_1.mp4,Does the girl go from wearing shorts to long pants?,no,Please provide the image or video you are referring to so I can answer your question.,,0,,,,gemma4it_tb_uniform1_no_video.json
uniform,1,no_video,506,126,TimeBlind/videos/vid_00126_0.mp4,Does the girl switch from long pants to shorts?,no,"Please provide the image, video, or description you are referring to so I can answer your question.",,0,,,,gemma4it_tb_uniform1_no_video.json
uniform,1,no_video,507,126,TimeBlind/videos/vid_00126_1.mp4,Does the girl switch from long pants to shorts?,yes,"Please provide the image, video, or description you are referring to so I can answer your question.",,0,,,,gemma4it_tb_uniform1_no_video.json
uniform,1,no_video,508,127,TimeBlind/videos/vid_00127_0.mp4,Is one hand applying makeup to the other hand?,yes,Yes,yes,1,,,,gemma4it_tb_uniform1_no_video.json
uniform,1,no_video,509,127,TimeBlind/videos/vid_00127_1.mp4,Is one hand applying makeup to the other hand?,no,Yes,yes,0,,,,gemma4it_tb_uniform1_no_video.json
uniform,1,no_video,510,127,TimeBlind/videos/vid_00127_0.mp4,Is one hand wiping off makeup from the other hand?,no,I cannot see an image to answer your question. Please provide an image for me to analyze.,,0,,,,gemma4it_tb_uniform1_no_video.json
uniform,1,no_video,511,127,TimeBlind/videos/vid_00127_1.mp4,Is one hand wiping off makeup from the other hand?,yes,I cannot see an image to answer your question. Please provide an image for me to analyze.,,0,,,,gemma4it_tb_uniform1_no_video.json
uniform,1,no_video,512,128,TimeBlind/videos/vid_00128_0.mp4,Do the hands slowly scrub a small bottle under running water before quickly rotating it?,yes,I cannot answer this question because there is no video or image provided for me to analyze. Please provide the media you are referring to.,no,0,,,,gemma4it_tb_uniform1_no_video.json
uniform,1,no_video,513,128,TimeBlind/videos/vid_00128_1.mp4,Do the hands slowly scrub a small bottle under running water before quickly rotating it?,no,I cannot answer this question because there is no video or image provided for me to analyze. Please provide the media you are referring to.,no,1,,,,gemma4it_tb_uniform1_no_video.json
uniform,1,no_video,514,128,TimeBlind/videos/vid_00128_0.mp4,Are the hands quickly scrubbing the small bottle under running water and then rotating it slowly?,no,I cannot answer this question because there is no image or video provided for me to analyze. Please provide the media you are referring to.,no,1,,,,gemma4it_tb_uniform1_no_video.json
uniform,1,no_video,515,128,TimeBlind/videos/vid_00128_1.mp4,Are the hands quickly scrubbing the small bottle under running water and then rotating it slowly?,yes,I cannot answer this question because there is no image or video provided for me to analyze. Please provide the media you are referring to.,no,0,,,,gemma4it_tb_uniform1_no_video.json
uniform,1,no_video,516,129,TimeBlind/videos/vid_00129_0.mp4,"At the beginning of the video, do the hands scrub and rotate the small bottle gently?",yes,I do not have a video to analyze. Please provide the video or a link to it so I can answer your question.,,0,,,,gemma4it_tb_uniform1_no_video.json
uniform,1,no_video,517,129,TimeBlind/videos/vid_00129_1.mp4,"At the beginning of the video, do the hands scrub and rotate the small bottle gently?",no,I do not have a video to analyze. Please provide the video or a link to it so I can answer your question.,,0,,,,gemma4it_tb_uniform1_no_video.json
uniform,1,no_video,518,129,TimeBlind/videos/vid_00129_0.mp4,"At the beginning of the video, do the hands scrub and rotate the small bottle vigorously?",no,I do not have a video to analyze. Please provide the video or a link to it so I can answer your question.,,0,,,,gemma4it_tb_uniform1_no_video.json
uniform,1,no_video,519,129,TimeBlind/videos/vid_00129_1.mp4,"At the beginning of the video, do the hands scrub and rotate the small bottle vigorously?",yes,I do not have a video to analyze. Please provide the video or a link to it so I can answer your question.,,0,,,,gemma4it_tb_uniform1_no_video.json
uniform,1,no_video,520,130,TimeBlind/videos/vid_00130_0.mp4,"At the beginning of the video, does the girl rub her face gently?",yes,Please provide the video you are referring to. I cannot see or analyze a video unless you upload it or provide a link to it.,,0,,,,gemma4it_tb_uniform1_no_video.json
uniform,1,no_video,521,130,TimeBlind/videos/vid_00130_1.mp4,"At the beginning of the video, does the girl rub her face gently?",no,Please provide the video you are referring to. I cannot see or analyze a video unless you upload it or provide a link to it.,,0,,,,gemma4it_tb_uniform1_no_video.json
uniform,1,no_video,522,130,TimeBlind/videos/vid_00130_0.mp4,"At the beginning of the video, does the girl rub her face vigorously?",no,Please provide the video you are referring to. I cannot see or analyze a video unless you upload it or provide a link to it.,,0,,,,gemma4it_tb_uniform1_no_video.json
uniform,1,no_video,523,130,TimeBlind/videos/vid_00130_1.mp4,"At the beginning of the video, does the girl rub her face vigorously?",yes,Please provide the video you are referring to. I cannot see or analyze a video unless you upload it or provide a link to it.,,0,,,,gemma4it_tb_uniform1_no_video.json
uniform,1,no_video,524,131,TimeBlind/videos/vid_00131_0.mp4,Are the clouds constantly changing shape in the video?,yes,Please provide the video you are referring to. I cannot see any video in your current message.,,0,,,,gemma4it_tb_uniform1_no_video.json
uniform,1,no_video,525,131,TimeBlind/videos/vid_00131_1.mp4,Are the clouds constantly changing shape in the video?,no,Please provide the video you are referring to. I cannot see any video in your current message.,,0,,,,gemma4it_tb_uniform1_no_video.json
uniform,1,no_video,526,131,TimeBlind/videos/vid_00131_0.mp4,Do the clouds stay the same shape throughout the video?,no,"Please provide the video you are referring to. I cannot see any video in your current message. Once you upload or link the video, I will be able to answer your question.",,0,,,,gemma4it_tb_uniform1_no_video.json
uniform,1,no_video,527,131,TimeBlind/videos/vid_00131_1.mp4,Do the clouds stay the same shape throughout the video?,yes,"Please provide the video you are referring to. I cannot see any video in your current message. Once you upload or link the video, I will be able to answer your question.",,0,,,,gemma4it_tb_uniform1_no_video.json
uniform,1,no_video,528,132,TimeBlind/videos/vid_00132_0.mp4,Does the number of animals on the sofa increase from 0 to 3?,yes,Please provide the image or the context you are referring to so I can see the number of animals on the sofa.,,0,,,,gemma4it_tb_uniform1_no_video.json
uniform,1,no_video,529,132,TimeBlind/videos/vid_00132_1.mp4,Does the number of animals on the sofa increase from 0 to 3?,no,Please provide the image or the context you are referring to so I can see the number of animals on the sofa.,,0,,,,gemma4it_tb_uniform1_no_video.json
uniform,1,no_video,530,132,TimeBlind/videos/vid_00132_0.mp4,Does the number of animals on the sofa drop from three to zero?,no,Please provide the image or the context you are referring to so I can answer your question.,,0,,,,gemma4it_tb_uniform1_no_video.json
uniform,1,no_video,531,132,TimeBlind/videos/vid_00132_1.mp4,Does the number of animals on the sofa drop from three to zero?,yes,Please provide the image or the context you are referring to so I can answer your question.,,0,,,,gemma4it_tb_uniform1_no_video.json
uniform,1,no_video,532,133,TimeBlind/videos/vid_00133_0.mp4,Does the number of oranges on the plate increase from 2 to 4?,yes,Yes,yes,1,,,,gemma4it_tb_uniform1_no_video.json
uniform,1,no_video,533,133,TimeBlind/videos/vid_00133_1.mp4,Does the number of oranges on the plate increase from 2 to 4?,no,Yes,yes,0,,,,gemma4it_tb_uniform1_no_video.json
uniform,1,no_video,534,133,TimeBlind/videos/vid_00133_0.mp4,Does the number of oranges on the plate decrease from 4 to 2?,no,Yes,yes,0,,,,gemma4it_tb_uniform1_no_video.json
uniform,1,no_video,535,133,TimeBlind/videos/vid_00133_1.mp4,Does the number of oranges on the plate decrease from 4 to 2?,yes,Yes,yes,1,,,,gemma4it_tb_uniform1_no_video.json
uniform,1,no_video,536,134,TimeBlind/videos/vid_00134_0.mp4,Does the person go from sitting on a chair to standing on it?,yes,"thought
<channel|>Please provide the video or description of the action you are referring to so I can give you an accurate answer.",,0,,,,gemma4it_tb_uniform1_no_video.json
uniform,1,no_video,537,134,TimeBlind/videos/vid_00134_1.mp4,Does the person go from sitting on a chair to standing on it?,no,"thought
<channel|>Please provide the video or description of the action you are referring to so I can give you an accurate answer.",,0,,,,gemma4it_tb_uniform1_no_video.json
uniform,1,no_video,538,134,TimeBlind/videos/vid_00134_0.mp4,Does the person go from standing on a chair to sitting on it?,no,Please provide the video or description of the action you are referring to so I can answer your question.,,0,,,,gemma4it_tb_uniform1_no_video.json
uniform,1,no_video,539,134,TimeBlind/videos/vid_00134_1.mp4,Does the person go from standing on a chair to sitting on it?,yes,Please provide the video or description of the action you are referring to so I can answer your question.,,0,,,,gemma4it_tb_uniform1_no_video.json
uniform,1,no_video,540,135,TimeBlind/videos/vid_00135_0.mp4,Does the person switch from gripping the cup to supporting it from underneath?,yes,"thought
<channel|>Please provide the video or description of the action you are referring to so I can give you an accurate answer.",,0,,,,gemma4it_tb_uniform1_no_video.json
uniform,1,no_video,541,135,TimeBlind/videos/vid_00135_1.mp4,Does the person switch from gripping the cup to supporting it from underneath?,no,"thought
<channel|>Please provide the video or description of the action you are referring to so I can give you an accurate answer.",,0,,,,gemma4it_tb_uniform1_no_video.json
uniform,1,no_video,542,135,TimeBlind/videos/vid_00135_0.mp4,Does the person switch from supporting the cup with their hand to holding it?,no,Please provide the video or image sequence you are referring to. I need to see the content to determine if the action occurs.,,0,,,,gemma4it_tb_uniform1_no_video.json
uniform,1,no_video,543,135,TimeBlind/videos/vid_00135_1.mp4,Does the person switch from supporting the cup with their hand to holding it?,yes,Please provide the video or image sequence you are referring to. I need to see the content to determine if the action occurs.,,0,,,,gemma4it_tb_uniform1_no_video.json
uniform,1,no_video,544,136,TimeBlind/videos/vid_00136_0.mp4,Does the person put the clothes on?,yes,"Please provide the text, image, or context you are referring to so I can give you an accurate answer.",,0,,,,gemma4it_tb_uniform1_no_video.json
uniform,1,no_video,545,136,TimeBlind/videos/vid_00136_1.mp4,Does the person put the clothes on?,no,"Please provide the text, image, or context you are referring to so I can give you an accurate answer.",,0,,,,gemma4it_tb_uniform1_no_video.json
uniform,1,no_video,546,136,TimeBlind/videos/vid_00136_0.mp4,Does the person take the clothes off?,no,"I cannot answer this question because you haven't provided a video, image, or description for me to analyze. Please provide the context you are referring to.",,0,,,,gemma4it_tb_uniform1_no_video.json
uniform,1,no_video,547,136,TimeBlind/videos/vid_00136_1.mp4,Does the person take the clothes off?,yes,"I cannot answer this question because you haven't provided a video, image, or description for me to analyze. Please provide the context you are referring to.",,0,,,,gemma4it_tb_uniform1_no_video.json
uniform,1,no_video,548,137,TimeBlind/videos/vid_00137_0.mp4,"In the video, does the person switch from pushing the door to pulling it?",yes,Please provide the video you are referring to. I cannot see any video unless you upload it or provide a link to it.,,0,,,,gemma4it_tb_uniform1_no_video.json
uniform,1,no_video,549,137,TimeBlind/videos/vid_00137_1.mp4,"In the video, does the person switch from pushing the door to pulling it?",no,Please provide the video you are referring to. I cannot see any video unless you upload it or provide a link to it.,,0,,,,gemma4it_tb_uniform1_no_video.json
uniform,1,no_video,550,137,TimeBlind/videos/vid_00137_0.mp4,"In the video, does the person switch from pulling the door to pushing it?",no,Please provide the video you are referring to. I cannot see or analyze a video unless you upload it or provide a link to it.,,0,,,,gemma4it_tb_uniform1_no_video.json
uniform,1,no_video,551,137,TimeBlind/videos/vid_00137_1.mp4,"In the video, does the person switch from pulling the door to pushing it?",yes,Please provide the video you are referring to. I cannot see or analyze a video unless you upload it or provide a link to it.,,0,,,,gemma4it_tb_uniform1_no_video.json
uniform,1,no_video,552,138,TimeBlind/videos/vid_00138_0.mp4,Does the puppy go from standing to sitting?,yes,Please provide the video or description of the puppy's actions so I can answer your question.,,0,,,,gemma4it_tb_uniform1_no_video.json
uniform,1,no_video,553,138,TimeBlind/videos/vid_00138_1.mp4,Does the puppy go from standing to sitting?,no,Please provide the video or description of the puppy's actions so I can answer your question.,,0,,,,gemma4it_tb_uniform1_no_video.json
uniform,1,no_video,554,138,TimeBlind/videos/vid_00138_0.mp4,Does the puppy go from sitting to standing?,no,"Please provide the text, video, or image you are referring to so I can give you an accurate answer.",,0,,,,gemma4it_tb_uniform1_no_video.json
uniform,1,no_video,555,138,TimeBlind/videos/vid_00138_1.mp4,Does the puppy go from sitting to standing?,yes,"Please provide the text, video, or image you are referring to so I can give you an accurate answer.",,0,,,,gemma4it_tb_uniform1_no_video.json
uniform,1,no_video,556,139,TimeBlind/videos/vid_00139_0.mp4,"In the video, does the person open the box first and then close it?",yes,Please provide the video you are referring to. I cannot see or analyze a video unless you upload it or provide a link to it.,,0,,,,gemma4it_tb_uniform1_no_video.json
uniform,1,no_video,557,139,TimeBlind/videos/vid_00139_1.mp4,"In the video, does the person open the box first and then close it?",no,Please provide the video you are referring to. I cannot see or analyze a video unless you upload it or provide a link to it.,,0,,,,gemma4it_tb_uniform1_no_video.json
uniform,1,no_video,558,139,TimeBlind/videos/vid_00139_0.mp4,"In the video, does the person close the box first and then open it?",no,Please provide the video or a link to the video you are referring to. I cannot see the video unless you upload it or provide a description/link.,,0,,,,gemma4it_tb_uniform1_no_video.json
uniform,1,no_video,559,139,TimeBlind/videos/vid_00139_1.mp4,"In the video, does the person close the box first and then open it?",yes,Please provide the video or a link to the video you are referring to. I cannot see the video unless you upload it or provide a description/link.,,0,,,,gemma4it_tb_uniform1_no_video.json
uniform,1,no_video,560,140,TimeBlind/videos/vid_00140_0.mp4,Does the person put the key on the table first and then pick it up?,yes,"Please provide the video, image, or description of the action you are referring to so I can give you an accurate answer.",,0,,,,gemma4it_tb_uniform1_no_video.json
uniform,1,no_video,561,140,TimeBlind/videos/vid_00140_1.mp4,Does the person put the key on the table first and then pick it up?,no,"Please provide the video, image, or description of the action you are referring to so I can give you an accurate answer.",,0,,,,gemma4it_tb_uniform1_no_video.json
uniform,1,no_video,562,140,TimeBlind/videos/vid_00140_0.mp4,Does the person pick up the key first and then put it on the table?,no,"Please provide the text, video, or description of the action you are referring to so I can give you an accurate answer.",,0,,,,gemma4it_tb_uniform1_no_video.json
uniform,1,no_video,563,140,TimeBlind/videos/vid_00140_1.mp4,Does the person pick up the key first and then put it on the table?,yes,"Please provide the text, video, or description of the action you are referring to so I can give you an accurate answer.",,0,,,,gemma4it_tb_uniform1_no_video.json
uniform,1,no_video,564,141,TimeBlind/videos/vid_00141_0.mp4,"In the video, does the person turn the light on first and then turn it off?",yes,"Please provide the video you are referring to. You haven't attached or linked a video to your message yet. Once you provide it, I will be able to answer your question.",,0,,,,gemma4it_tb_uniform1_no_video.json
uniform,1,no_video,565,141,TimeBlind/videos/vid_00141_1.mp4,"In the video, does the person turn the light on first and then turn it off?",no,"Please provide the video you are referring to. You haven't attached or linked a video to your message yet. Once you provide it, I will be able to answer your question.",,0,,,,gemma4it_tb_uniform1_no_video.json
uniform,1,no_video,566,141,TimeBlind/videos/vid_00141_0.mp4,"In the video, does the person turn the light off first and then turn it on?",no,"Please provide the video you are referring to. You haven't attached or linked a video to your message yet. Once you provide it, I will be able to answer your question.",,0,,,,gemma4it_tb_uniform1_no_video.json
uniform,1,no_video,567,141,TimeBlind/videos/vid_00141_1.mp4,"In the video, does the person turn the light off first and then turn it on?",yes,"Please provide the video you are referring to. You haven't attached or linked a video to your message yet. Once you provide it, I will be able to answer your question.",,0,,,,gemma4it_tb_uniform1_no_video.json
uniform,1,no_video,568,142,TimeBlind/videos/vid_00142_0.mp4,"In the video, does the person pour water into the cup and then drink it?",yes,"Please provide the video you are referring to. You haven't attached or linked a video to your message yet. Once you provide it, I will be able to answer your question.",,0,,,,gemma4it_tb_uniform1_no_video.json
uniform,1,no_video,569,142,TimeBlind/videos/vid_00142_1.mp4,"In the video, does the person pour water into the cup and then drink it?",no,"Please provide the video you are referring to. You haven't attached or linked a video to your message yet. Once you provide it, I will be able to answer your question.",,0,,,,gemma4it_tb_uniform1_no_video.json
uniform,1,no_video,570,142,TimeBlind/videos/vid_00142_0.mp4,"In the video, does the person drink the water in the cup first and then pour more water into the cup?",no,"Please provide the video you are referring to. I cannot see any video in your current message. Once you upload or link the video, I will be able to answer your question.",,0,,,,gemma4it_tb_uniform1_no_video.json
uniform,1,no_video,571,142,TimeBlind/videos/vid_00142_1.mp4,"In the video, does the person drink the water in the cup first and then pour more water into the cup?",yes,"Please provide the video you are referring to. I cannot see any video in your current message. Once you upload or link the video, I will be able to answer your question.",,0,,,,gemma4it_tb_uniform1_no_video.json
uniform,1,no_video,572,143,TimeBlind/videos/vid_00143_0.mp4,Is the girl sitting on the sofa while the boy drinks water?,yes,Please provide the image or description you are referring to so I can answer your question.,,0,,,,gemma4it_tb_uniform1_no_video.json
uniform,1,no_video,573,143,TimeBlind/videos/vid_00143_1.mp4,Is the girl sitting on the sofa while the boy drinks water?,no,Please provide the image or description you are referring to so I can answer your question.,,0,,,,gemma4it_tb_uniform1_no_video.json
uniform,1,no_video,574,143,TimeBlind/videos/vid_00143_0.mp4,Does the girl sit on the sofa only after the boy finishes drinking water?,no,"Please provide the text, image, or video you are referring to so I can answer your question.",,0,,,,gemma4it_tb_uniform1_no_video.json
uniform,1,no_video,575,143,TimeBlind/videos/vid_00143_1.mp4,Does the girl sit on the sofa only after the boy finishes drinking water?,yes,"Please provide the text, image, or video you are referring to so I can answer your question.",,0,,,,gemma4it_tb_uniform1_no_video.json
uniform,1,no_video,576,144,TimeBlind/videos/vid_00144_0.mp4,Does the boy start talking to the girl as soon as she sits down on the sofa?,yes,"Please provide the text, video, or context you are referring to so I can give you an accurate answer.",,0,,,,gemma4it_tb_uniform1_no_video.json
uniform,1,no_video,577,144,TimeBlind/videos/vid_00144_1.mp4,Does the boy start talking to the girl as soon as she sits down on the sofa?,no,"Please provide the text, video, or context you are referring to so I can give you an accurate answer.",,0,,,,gemma4it_tb_uniform1_no_video.json
uniform,1,no_video,578,144,TimeBlind/videos/vid_00144_0.mp4,"After the girl sits on the sofa, do the boy and the girl pause for a moment before they start talking?",no,"Please provide the text, video, or context you are referring to so I can answer your question.",,0,,,,gemma4it_tb_uniform1_no_video.json
uniform,1,no_video,579,144,TimeBlind/videos/vid_00144_1.mp4,"After the girl sits on the sofa, do the boy and the girl pause for a moment before they start talking?",yes,"Please provide the text, video, or context you are referring to so I can answer your question.",,0,,,,gemma4it_tb_uniform1_no_video.json
uniform,1,no_video,580,145,TimeBlind/videos/vid_00145_0.mp4,Is the girl talking to the boy while she’s on her phone?,yes,Please provide the image or video you are referring to so I can answer your question.,,0,,,,gemma4it_tb_uniform1_no_video.json
uniform,1,no_video,581,145,TimeBlind/videos/vid_00145_1.mp4,Is the girl talking to the boy while she’s on her phone?,no,Please provide the image or video you are referring to so I can answer your question.,,0,,,,gemma4it_tb_uniform1_no_video.json
uniform,1,no_video,582,145,TimeBlind/videos/vid_00145_0.mp4,Does the girl talk to the boy after she finishes using her phone??,no,"Please provide the text, story, or video description you are referring to so I can give you an accurate answer.",,0,,,,gemma4it_tb_uniform1_no_video.json
uniform,1,no_video,583,145,TimeBlind/videos/vid_00145_1.mp4,Does the girl talk to the boy after she finishes using her phone??,yes,"Please provide the text, story, or video description you are referring to so I can give you an accurate answer.",,0,,,,gemma4it_tb_uniform1_no_video.json
uniform,1,no_video,584,146,TimeBlind/videos/vid_00146_0.mp4,Does the boy spend more time on his phone than the girl does?,yes,"thought
<channel|>Please provide the text, image, or context you are referring to so I can answer your question.",,0,,,,gemma4it_tb_uniform1_no_video.json
uniform,1,no_video,585,146,TimeBlind/videos/vid_00146_1.mp4,Does the boy spend more time on his phone than the girl does?,no,"thought
<channel|>Please provide the text, image, or context you are referring to so I can answer your question.",,0,,,,gemma4it_tb_uniform1_no_video.json
uniform,1,no_video,586,146,TimeBlind/videos/vid_00146_0.mp4,Does the boy spend less time on his phone than the girl does?,no,"Please provide the text, data, or context you are referring to so I can answer your question.",,0,,,,gemma4it_tb_uniform1_no_video.json
uniform,1,no_video,587,146,TimeBlind/videos/vid_00146_1.mp4,Does the boy spend less time on his phone than the girl does?,yes,"Please provide the text, data, or context you are referring to so I can answer your question.",,0,,,,gemma4it_tb_uniform1_no_video.json
uniform,1,no_video,588,147,TimeBlind/videos/vid_00147_0.mp4,Does the girl spend more time holding cats than holding dogs?,yes,"I cannot answer this question because you haven't provided a story, image, or context to analyze. Please provide the information, and I will be happy to help!",,0,,,,gemma4it_tb_uniform1_no_video.json
uniform,1,no_video,589,147,TimeBlind/videos/vid_00147_1.mp4,Does the girl spend more time holding cats than holding dogs?,no,"I cannot answer this question because you haven't provided a story, image, or context to analyze. Please provide the information, and I will be happy to help!",,0,,,,gemma4it_tb_uniform1_no_video.json
uniform,1,no_video,590,147,TimeBlind/videos/vid_00147_0.mp4,Does the girl spend less time holding cats than holding dogs?,no,"I cannot answer this question because you haven't provided a story, image, or context to analyze. Please provide the information, and I will be happy to help!",,0,,,,gemma4it_tb_uniform1_no_video.json
uniform,1,no_video,591,147,TimeBlind/videos/vid_00147_1.mp4,Does the girl spend less time holding cats than holding dogs?,yes,"I cannot answer this question because you haven't provided a story, image, or context to analyze. Please provide the information, and I will be happy to help!",,0,,,,gemma4it_tb_uniform1_no_video.json
uniform,1,no_video,592,148,TimeBlind/videos/vid_00148_0.mp4,"In the video, do both people pick up the same remote?",yes,Please provide the video you are referring to. I cannot see any video unless you upload it or provide a link to it.,,0,,,,gemma4it_tb_uniform1_no_video.json
uniform,1,no_video,593,148,TimeBlind/videos/vid_00148_1.mp4,"In the video, do both people pick up the same remote?",no,Please provide the video you are referring to. I cannot see any video unless you upload it or provide a link to it.,,0,,,,gemma4it_tb_uniform1_no_video.json
uniform,1,no_video,594,148,TimeBlind/videos/vid_00148_0.mp4,Is only one person picking up the remote?,no,Please provide the image or video you are referring to so I can answer your question.,,0,,,,gemma4it_tb_uniform1_no_video.json
uniform,1,no_video,595,148,TimeBlind/videos/vid_00148_1.mp4,Is only one person picking up the remote?,yes,Please provide the image or video you are referring to so I can answer your question.,,0,,,,gemma4it_tb_uniform1_no_video.json
uniform,1,no_video,596,149,TimeBlind/videos/vid_00149_0.mp4,Do the girl and the boy both pick up the same book?,yes,"Please provide the text, image, or context you are referring to so I can answer your question.",,0,,,,gemma4it_tb_uniform1_no_video.json
uniform,1,no_video,597,149,TimeBlind/videos/vid_00149_1.mp4,Do the girl and the boy both pick up the same book?,no,"Please provide the text, image, or context you are referring to so I can answer your question.",,0,,,,gemma4it_tb_uniform1_no_video.json
uniform,1,no_video,598,149,TimeBlind/videos/vid_00149_0.mp4,Do the girl and the boy pick up different books?,no,"Please provide the text, image, or context you are referring to so I can answer your question.",,0,,,,gemma4it_tb_uniform1_no_video.json
uniform,1,no_video,599,149,TimeBlind/videos/vid_00149_1.mp4,Do the girl and the boy pick up different books?,yes,"Please provide the text, image, or context you are referring to so I can answer your question.",,0,,,,gemma4it_tb_uniform1_no_video.json
uniform,1,no_video,600,150,TimeBlind/videos/vid_00150_0.mp4,"In the video, does the first person jump farther than the second person?",yes,Please provide the video you are referring to. I cannot see or analyze a video unless you upload it or provide a link to it.,,0,,,,gemma4it_tb_uniform1_no_video.json
uniform,1,no_video,601,150,TimeBlind/videos/vid_00150_1.mp4,"In the video, does the first person jump farther than the second person?",no,Please provide the video you are referring to. I cannot see or analyze a video unless you upload it or provide a link to it.,,0,,,,gemma4it_tb_uniform1_no_video.json
uniform,1,no_video,602,150,TimeBlind/videos/vid_00150_0.mp4,"In the video, does the first person jump a shorter distance than the second person?",no,Please provide the video you are referring to. I cannot see or analyze a video unless you upload it or provide a link to it.,,0,,,,gemma4it_tb_uniform1_no_video.json
uniform,1,no_video,603,150,TimeBlind/videos/vid_00150_1.mp4,"In the video, does the first person jump a shorter distance than the second person?",yes,Please provide the video you are referring to. I cannot see or analyze a video unless you upload it or provide a link to it.,,0,,,,gemma4it_tb_uniform1_no_video.json
uniform,1,no_video,604,151,TimeBlind/videos/vid_00151_0.mp4,"In the video, does the boy pick up the cup more often than the girl does?",yes,Please provide the video you are referring to. I cannot see or analyze a video unless you upload it or provide a link to it.,,0,,,,gemma4it_tb_uniform1_no_video.json
uniform,1,no_video,605,151,TimeBlind/videos/vid_00151_1.mp4,"In the video, does the boy pick up the cup more often than the girl does?",no,Please provide the video you are referring to. I cannot see or analyze a video unless you upload it or provide a link to it.,,0,,,,gemma4it_tb_uniform1_no_video.json
uniform,1,no_video,606,151,TimeBlind/videos/vid_00151_0.mp4,Does the boy pick up the cup less often than the girl in the video?,no,Please provide the video you are referring to. I cannot see or analyze a video unless it is uploaded or linked to this conversation.,,0,,,,gemma4it_tb_uniform1_no_video.json
uniform,1,no_video,607,151,TimeBlind/videos/vid_00151_1.mp4,Does the boy pick up the cup less often than the girl in the video?,yes,Please provide the video you are referring to. I cannot see or analyze a video unless it is uploaded or linked to this conversation.,,0,,,,gemma4it_tb_uniform1_no_video.json
uniform,1,no_video,608,152,TimeBlind/videos/vid_00152_0.mp4,"In the video, does the person actually pick up the cup?",yes,Please provide the video or a link to the video you are referring to. I cannot see the content unless you share it with me.,,0,,,,gemma4it_tb_uniform1_no_video.json
uniform,1,no_video,609,152,TimeBlind/videos/vid_00152_1.mp4,"In the video, does the person actually pick up the cup?",no,Please provide the video or a link to the video you are referring to. I cannot see the content unless you share it with me.,,0,,,,gemma4it_tb_uniform1_no_video.json
uniform,1,no_video,610,152,TimeBlind/videos/vid_00152_0.mp4,"In the video, does the person only pretend to pick up the cup?",no,Please provide the video or a link to the video you are referring to. I cannot see the content unless you share it with me.,,0,,,,gemma4it_tb_uniform1_no_video.json
uniform,1,no_video,611,152,TimeBlind/videos/vid_00152_1.mp4,"In the video, does the person only pretend to pick up the cup?",yes,Please provide the video or a link to the video you are referring to. I cannot see the content unless you share it with me.,,0,,,,gemma4it_tb_uniform1_no_video.json
uniform,1,no_video,612,153,TimeBlind/videos/vid_00153_0.mp4,Is the hair dryer plugged into the outlet?,yes,I do not have any image or context provided to see if a hair dryer is plugged into an outlet. Please provide an image or description for me to analyze.,,0,,,,gemma4it_tb_uniform1_no_video.json
uniform,1,no_video,613,153,TimeBlind/videos/vid_00153_1.mp4,Is the hair dryer plugged into the outlet?,no,I do not have any image or context provided to see if a hair dryer is plugged into an outlet. Please provide an image or description for me to analyze.,,0,,,,gemma4it_tb_uniform1_no_video.json
uniform,1,no_video,614,153,TimeBlind/videos/vid_00153_0.mp4,Is the hair dryer unplugged from the outlet?,no,"I do not have access to your physical environment or a camera to see your surroundings. Therefore, I cannot determine if the hair dryer is unplugged.",,0,,,,gemma4it_tb_uniform1_no_video.json
uniform,1,no_video,615,153,TimeBlind/videos/vid_00153_1.mp4,Is the hair dryer unplugged from the outlet?,yes,"I do not have access to your physical environment or a camera to see your surroundings. Therefore, I cannot determine if the hair dryer is unplugged.",,0,,,,gemma4it_tb_uniform1_no_video.json
uniform,1,no_video,616,154,TimeBlind/videos/vid_00154_0.mp4,Does the video show someone throwing a ball?,yes,"Please provide the video you are referring to. I cannot see any video yet. Once you upload or link it, I will be able to tell you if someone is throwing a ball.",,0,,,,gemma4it_tb_uniform1_no_video.json
uniform,1,no_video,617,154,TimeBlind/videos/vid_00154_1.mp4,Does the video show someone throwing a ball?,no,"Please provide the video you are referring to. I cannot see any video yet. Once you upload or link it, I will be able to tell you if someone is throwing a ball.",,0,,,,gemma4it_tb_uniform1_no_video.json
uniform,1,no_video,618,154,TimeBlind/videos/vid_00154_0.mp4,Does the video show someone catching a ball?,no,"Please provide the video you are referring to. I cannot see any video yet. Once you upload or link it, I will be able to tell you if someone catches a ball.",,0,,,,gemma4it_tb_uniform1_no_video.json
uniform,1,no_video,619,154,TimeBlind/videos/vid_00154_1.mp4,Does the video show someone catching a ball?,yes,"Please provide the video you are referring to. I cannot see any video yet. Once you upload or link it, I will be able to tell you if someone catches a ball.",,0,,,,gemma4it_tb_uniform1_no_video.json
uniform,1,no_video,620,155,TimeBlind/videos/vid_00155_0.mp4,Is the light turned on and off twice in the video?,yes,Please provide the video you are referring to. I cannot see or analyze a video unless you upload it or provide a link to it.,,0,,,,gemma4it_tb_uniform1_no_video.json
uniform,1,no_video,621,155,TimeBlind/videos/vid_00155_1.mp4,Is the light turned on and off twice in the video?,no,Please provide the video you are referring to. I cannot see or analyze a video unless you upload it or provide a link to it.,,0,,,,gemma4it_tb_uniform1_no_video.json
uniform,1,no_video,622,155,TimeBlind/videos/vid_00155_0.mp4,Is the light turned on and off three times in the video?,no,Please provide the video you are referring to. I cannot see or analyze a video unless you upload it or provide a link to it.,,0,,,,gemma4it_tb_uniform1_no_video.json
uniform,1,no_video,623,155,TimeBlind/videos/vid_00155_1.mp4,Is the light turned on and off three times in the video?,yes,Please provide the video you are referring to. I cannot see or analyze a video unless you upload it or provide a link to it.,,0,,,,gemma4it_tb_uniform1_no_video.json
uniform,1,no_video,624,156,TimeBlind/videos/vid_00156_0.mp4,"In the video, does the person flip through two books?",yes,"Please provide the video you are referring to. Since you haven't attached or linked a video, I cannot see it to answer your question.",,0,,,,gemma4it_tb_uniform1_no_video.json
uniform,1,no_video,625,156,TimeBlind/videos/vid_00156_1.mp4,"In the video, does the person flip through two books?",no,"Please provide the video you are referring to. Since you haven't attached or linked a video, I cannot see it to answer your question.",,0,,,,gemma4it_tb_uniform1_no_video.json
uniform,1,no_video,626,156,TimeBlind/videos/vid_00156_0.mp4,"In the video, does the person flip through three books?",no,Please provide the video or a link to the video you are referring to. I cannot see the video unless you share it or describe it.,,0,,,,gemma4it_tb_uniform1_no_video.json
uniform,1,no_video,627,156,TimeBlind/videos/vid_00156_1.mp4,"In the video, does the person flip through three books?",yes,Please provide the video or a link to the video you are referring to. I cannot see the video unless you share it or describe it.,,0,,,,gemma4it_tb_uniform1_no_video.json
uniform,1,no_video,628,157,TimeBlind/videos/vid_00157_0.mp4,Does the person first draw a square and then a circle on the paper?,yes,"Please provide the text, image, or description you are referring to so I can answer your question.",,0,,,,gemma4it_tb_uniform1_no_video.json
uniform,1,no_video,629,157,TimeBlind/videos/vid_00157_1.mp4,Does the person first draw a square and then a circle on the paper?,no,"Please provide the text, image, or description you are referring to so I can answer your question.",,0,,,,gemma4it_tb_uniform1_no_video.json
uniform,1,no_video,630,157,TimeBlind/videos/vid_00157_0.mp4,Does the person first draw a circle and then a square on the paper?,no,"Please provide the text, image, or description you are referring to so I can answer your question.",,0,,,,gemma4it_tb_uniform1_no_video.json
uniform,1,no_video,631,157,TimeBlind/videos/vid_00157_1.mp4,Does the person first draw a circle and then a square on the paper?,yes,"Please provide the text, image, or description you are referring to so I can answer your question.",,0,,,,gemma4it_tb_uniform1_no_video.json
uniform,1,no_video,632,158,TimeBlind/videos/vid_00158_0.mp4,Does the person type 'food' before typing 'apple' on the computer screen?,yes,"I do not have access to your computer screen or your real-time activities. Therefore, I cannot see what you are typing.",,0,,,,gemma4it_tb_uniform1_no_video.json
uniform,1,no_video,633,158,TimeBlind/videos/vid_00158_1.mp4,Does the person type 'food' before typing 'apple' on the computer screen?,no,"I do not have access to your computer screen or your real-time activities. Therefore, I cannot see what you are typing.",,0,,,,gemma4it_tb_uniform1_no_video.json
uniform,1,no_video,634,158,TimeBlind/videos/vid_00158_0.mp4,Does the person type 'apple' before typing 'food'?,no,Please provide the text or sequence you are referring to so I can give you an accurate answer.,,0,,,,gemma4it_tb_uniform1_no_video.json
uniform,1,no_video,635,158,TimeBlind/videos/vid_00158_1.mp4,Does the person type 'apple' before typing 'food'?,yes,Please provide the text or sequence you are referring to so I can give you an accurate answer.,,0,,,,gemma4it_tb_uniform1_no_video.json
uniform,1,no_video,636,159,TimeBlind/videos/vid_00159_0.mp4,"From the camera’s perspective, is the ball spinning to the left?",yes,Please provide the image or video you are referring to. I need to see the visual content to determine the direction of the ball's spin.,,0,,,,gemma4it_tb_uniform1_no_video.json
uniform,1,no_video,637,159,TimeBlind/videos/vid_00159_1.mp4,"From the camera’s perspective, is the ball spinning to the left?",no,Please provide the image or video you are referring to. I need to see the visual content to determine the direction of the ball's spin.,,0,,,,gemma4it_tb_uniform1_no_video.json
uniform,1,no_video,638,159,TimeBlind/videos/vid_00159_0.mp4,"From the camera's perspective, is the ball spinning to the right?",no,Please provide the image or video you are referring to! I need to see the visual content to determine the direction of the ball's spin.,,0,,,,gemma4it_tb_uniform1_no_video.json
uniform,1,no_video,639,159,TimeBlind/videos/vid_00159_1.mp4,"From the camera's perspective, is the ball spinning to the right?",yes,Please provide the image or video you are referring to! I need to see the visual content to determine the direction of the ball's spin.,,0,,,,gemma4it_tb_uniform1_no_video.json
uniform,1,no_video,640,160,TimeBlind/videos/vid_00160_0.mp4,"At the beginning of the video, does the person jump rope quickly?",yes,"thought
<channel|>Please provide the video you are referring to! You haven't attached or linked a video yet. Once you provide it, I can tell you if the person jumps rope quickly at the beginning.",,0,,,,gemma4it_tb_uniform1_no_video.json
uniform,1,no_video,641,160,TimeBlind/videos/vid_00160_1.mp4,"At the beginning of the video, does the person jump rope quickly?",no,"thought
<channel|>Please provide the video you are referring to! You haven't attached or linked a video yet. Once you provide it, I can tell you if the person jumps rope quickly at the beginning.",,0,,,,gemma4it_tb_uniform1_no_video.json
uniform,1,no_video,642,160,TimeBlind/videos/vid_00160_0.mp4,"At the beginning of the video, does the person jump rope slowly?",no,"thought
<channel|>Please provide the video you are referring to! You haven't attached or linked a video yet. Once you provide it, I can tell you if the person jumps rope slowly at the beginning.",,0,,,,gemma4it_tb_uniform1_no_video.json
uniform,1,no_video,643,160,TimeBlind/videos/vid_00160_1.mp4,"At the beginning of the video, does the person jump rope slowly?",yes,"thought
<channel|>Please provide the video you are referring to! You haven't attached or linked a video yet. Once you provide it, I can tell you if the person jumps rope slowly at the beginning.",,0,,,,gemma4it_tb_uniform1_no_video.json
uniform,1,no_video,644,161,TimeBlind/videos/vid_00161_0.mp4,"While the man is holding it, does the wine glass rotate only about halfway around?",yes,I cannot see the image or video you are referring to. Please provide the visual content so I can answer your question.,,0,,,,gemma4it_tb_uniform1_no_video.json
uniform,1,no_video,645,161,TimeBlind/videos/vid_00161_1.mp4,"While the man is holding it, does the wine glass rotate only about halfway around?",no,I cannot see the image or video you are referring to. Please provide the visual content so I can answer your question.,,0,,,,gemma4it_tb_uniform1_no_video.json
uniform,1,no_video,646,161,TimeBlind/videos/vid_00161_0.mp4,"While the man is holding it, does the wine glass rotate at least one full turn?",no,I cannot answer this question because there is no image or video provided for me to analyze. Please provide the visual content you are referring to.,no,1,,,,gemma4it_tb_uniform1_no_video.json
uniform,1,no_video,647,161,TimeBlind/videos/vid_00161_1.mp4,"While the man is holding it, does the wine glass rotate at least one full turn?",yes,I cannot answer this question because there is no image or video provided for me to analyze. Please provide the visual content you are referring to.,no,0,,,,gemma4it_tb_uniform1_no_video.json
uniform,1,no_video,648,162,TimeBlind/videos/vid_00162_0.mp4,"In the video, does the person stop before folding the clothes into a square?",yes,Please provide the video you are referring to. I cannot see or analyze a video unless it is uploaded or linked to this conversation.,,0,,,,gemma4it_tb_uniform1_no_video.json
uniform,1,no_video,649,162,TimeBlind/videos/vid_00162_1.mp4,"In the video, does the person stop before folding the clothes into a square?",no,Please provide the video you are referring to. I cannot see or analyze a video unless it is uploaded or linked to this conversation.,,0,,,,gemma4it_tb_uniform1_no_video.json
uniform,1,no_video,650,162,TimeBlind/videos/vid_00162_0.mp4,"In the video, does the person successfully fold the clothes into a square?",no,Please provide the video you are referring to. I cannot see or analyze a video unless you upload it or provide a link to it.,,0,,,,gemma4it_tb_uniform1_no_video.json
uniform,1,no_video,651,162,TimeBlind/videos/vid_00162_1.mp4,"In the video, does the person successfully fold the clothes into a square?",yes,Please provide the video you are referring to. I cannot see or analyze a video unless you upload it or provide a link to it.,,0,,,,gemma4it_tb_uniform1_no_video.json
uniform,1,no_video,652,163,TimeBlind/videos/vid_00163_0.mp4,Does the person in the video leave the door partially open?,yes,Please provide the video you are referring to. I cannot see or analyze a video unless you upload it or provide a link to it.,,0,,,,gemma4it_tb_uniform1_no_video.json
uniform,1,no_video,653,163,TimeBlind/videos/vid_00163_1.mp4,Does the person in the video leave the door partially open?,no,Please provide the video you are referring to. I cannot see or analyze a video unless you upload it or provide a link to it.,,0,,,,gemma4it_tb_uniform1_no_video.json
uniform,1,no_video,654,163,TimeBlind/videos/vid_00163_0.mp4,Does the person in the video close the door all the way?,no,I do not have a video to analyze. Please provide the video or a link to it so I can answer your question.,,0,,,,gemma4it_tb_uniform1_no_video.json
uniform,1,no_video,655,163,TimeBlind/videos/vid_00163_1.mp4,Does the person in the video close the door all the way?,yes,I do not have a video to analyze. Please provide the video or a link to it so I can answer your question.,,0,,,,gemma4it_tb_uniform1_no_video.json
uniform,1,no_video,656,164,TimeBlind/videos/vid_00164_0.mp4,Is the portrait in the first photo darker than the one in the second?,yes,"Please provide the photos you are referring to! You haven't attached or uploaded any images yet. Once you provide them, I can tell you if the first portrait is darker than the second.",,0,,,,gemma4it_tb_uniform1_no_video.json
uniform,1,no_video,657,164,TimeBlind/videos/vid_00164_1.mp4,Is the portrait in the first photo darker than the one in the second?,no,"Please provide the photos you are referring to! You haven't attached or uploaded any images yet. Once you provide them, I can tell you if the first portrait is darker than the second.",,0,,,,gemma4it_tb_uniform1_no_video.json
uniform,1,no_video,658,164,TimeBlind/videos/vid_00164_0.mp4,Is the portrait in the second photo darker than the one in the first photo?,no,"Please provide the photos you are referring to! You haven't attached or uploaded any images yet. Once you provide them, I will be able to tell you if the second portrait is darker than the first.",,0,,,,gemma4it_tb_uniform1_no_video.json
uniform,1,no_video,659,164,TimeBlind/videos/vid_00164_1.mp4,Is the portrait in the second photo darker than the one in the first photo?,yes,"Please provide the photos you are referring to! You haven't attached or uploaded any images yet. Once you provide them, I will be able to tell you if the second portrait is darker than the first.",,0,,,,gemma4it_tb_uniform1_no_video.json
uniform,1,no_video,660,165,TimeBlind/videos/vid_00165_0.mp4,Does the person wearing white jump higher than the person wearing black?,yes,Please provide the image or video you are referring to so I can see the jump and give you an answer.,,0,,,,gemma4it_tb_uniform1_no_video.json
uniform,1,no_video,661,165,TimeBlind/videos/vid_00165_1.mp4,Does the person wearing white jump higher than the person wearing black?,no,Please provide the image or video you are referring to so I can see the jump and give you an answer.,,0,,,,gemma4it_tb_uniform1_no_video.json
uniform,1,no_video,662,165,TimeBlind/videos/vid_00165_0.mp4,Does the person wearing black jump higher than the person wearing white?,no,Please provide the image or video you are referring to so I can see the people and determine the answer.,,0,,,,gemma4it_tb_uniform1_no_video.json
uniform,1,no_video,663,165,TimeBlind/videos/vid_00165_1.mp4,Does the person wearing black jump higher than the person wearing white?,yes,Please provide the image or video you are referring to so I can see the people and determine the answer.,,0,,,,gemma4it_tb_uniform1_no_video.json
uniform,1,no_video,664,166,TimeBlind/videos/vid_00166_0.mp4,"When the camera is pointed at them, does the person greet the camera?",yes,Please provide the video or image you are referring to so I can answer your question.,,0,,,,gemma4it_tb_uniform1_no_video.json
uniform,1,no_video,665,166,TimeBlind/videos/vid_00166_1.mp4,"When the camera is pointed at them, does the person greet the camera?",no,Please provide the video or image you are referring to so I can answer your question.,,0,,,,gemma4it_tb_uniform1_no_video.json
uniform,1,no_video,666,166,TimeBlind/videos/vid_00166_0.mp4,"When the camera is pointed at them, does the person not greet the camera?",no,Please provide the video or image you are referring to so I can answer your question.,,0,,,,gemma4it_tb_uniform1_no_video.json
uniform,1,no_video,667,166,TimeBlind/videos/vid_00166_1.mp4,"When the camera is pointed at them, does the person not greet the camera?",yes,Please provide the video or image you are referring to so I can answer your question.,,0,,,,gemma4it_tb_uniform1_no_video.json
uniform,1,no_video,668,167,TimeBlind/videos/vid_00167_0.mp4,Is the door being closed gently?,yes,"I do not have access to your physical environment or a live camera feed to see the door. Therefore, I cannot answer this question.",,0,,,,gemma4it_tb_uniform1_no_video.json
uniform,1,no_video,669,167,TimeBlind/videos/vid_00167_1.mp4,Is the door being closed gently?,no,"I do not have access to your physical environment or a live camera feed to see the door. Therefore, I cannot answer this question.",,0,,,,gemma4it_tb_uniform1_no_video.json
uniform,1,no_video,670,167,TimeBlind/videos/vid_00167_0.mp4,Is the door being closed gently?,no,"I do not have access to your physical environment or a live camera feed to see the door. Therefore, I cannot answer this question.",,0,,,,gemma4it_tb_uniform1_no_video.json
uniform,1,no_video,671,167,TimeBlind/videos/vid_00167_1.mp4,Is the door being closed gently?,yes,"I do not have access to your physical environment or a live camera feed to see the door. Therefore, I cannot answer this question.",,0,,,,gemma4it_tb_uniform1_no_video.json
uniform,1,no_video,672,168,TimeBlind/videos/vid_00168_0.mp4,Does the person take lychees out of a plastic bag three times?,yes,"Please provide the text, video, or description you are referring to so I can answer your question.",,0,,,,gemma4it_tb_uniform1_no_video.json
uniform,1,no_video,673,168,TimeBlind/videos/vid_00168_1.mp4,Does the person take lychees out of a plastic bag three times?,no,"Please provide the text, video, or description you are referring to so I can answer your question.",,0,,,,gemma4it_tb_uniform1_no_video.json
uniform,1,no_video,674,168,TimeBlind/videos/vid_00168_0.mp4,Does the person put the lychees into the plastic bag three times?,no,Please provide the video or text description you are referring to so I can answer your question.,,0,,,,gemma4it_tb_uniform1_no_video.json
uniform,1,no_video,675,168,TimeBlind/videos/vid_00168_1.mp4,Does the person put the lychees into the plastic bag three times?,yes,Please provide the video or text description you are referring to so I can answer your question.,,0,,,,gemma4it_tb_uniform1_no_video.json
uniform,1,no_video,676,169,TimeBlind/videos/vid_00169_0.mp4,Are the lychees put into a plastic bag only once?,yes,"There is no universal rule for this; it depends on the purpose of the bag (e.g., for transport, storage, or ripening). Therefore, the answer is neither a simple Yes nor No.",no,0,,,,gemma4it_tb_uniform1_no_video.json
uniform,1,no_video,677,169,TimeBlind/videos/vid_00169_1.mp4,Are the lychees put into a plastic bag only once?,no,"There is no universal rule for this; it depends on the purpose of the bag (e.g., for transport, storage, or ripening). Therefore, the answer is neither a simple Yes nor No.",no,1,,,,gemma4it_tb_uniform1_no_video.json
uniform,1,no_video,678,169,TimeBlind/videos/vid_00169_0.mp4,Are the lychees put into a plastic bag three times?,no,I do not have enough information to answer this question. Please provide the text or context you are referring to.,,0,,,,gemma4it_tb_uniform1_no_video.json
uniform,1,no_video,679,169,TimeBlind/videos/vid_00169_1.mp4,Are the lychees put into a plastic bag three times?,yes,I do not have enough information to answer this question. Please provide the text or context you are referring to.,,0,,,,gemma4it_tb_uniform1_no_video.json
uniform,1,no_video,680,170,TimeBlind/videos/vid_00170_0.mp4,Does the number of eggplants in the person's left hand gradually increase from 0 to 3?,yes,"Please provide the video or image sequence you are referring to. Without the visual content, I cannot determine the answer.",,0,,,,gemma4it_tb_uniform1_no_video.json
uniform,1,no_video,681,170,TimeBlind/videos/vid_00170_1.mp4,Does the number of eggplants in the person's left hand gradually increase from 0 to 3?,no,"Please provide the video or image sequence you are referring to. Without the visual content, I cannot determine the answer.",,0,,,,gemma4it_tb_uniform1_no_video.json
uniform,1,no_video,682,170,TimeBlind/videos/vid_00170_0.mp4,Does the number of eggplants in the person's left hand decrease from three to zero?,no,Please provide the image or video you are referring to so I can answer your question.,,0,,,,gemma4it_tb_uniform1_no_video.json
uniform,1,no_video,683,170,TimeBlind/videos/vid_00170_1.mp4,Does the number of eggplants in the person's left hand decrease from three to zero?,yes,Please provide the image or video you are referring to so I can answer your question.,,0,,,,gemma4it_tb_uniform1_no_video.json
uniform,1,no_video,684,171,TimeBlind/videos/vid_00171_0.mp4,Is the person touching the screen?,yes,Please provide the image you are referring to so I can answer your question.,,0,,,,gemma4it_tb_uniform1_no_video.json
uniform,1,no_video,685,171,TimeBlind/videos/vid_00171_1.mp4,Is the person touching the screen?,no,Please provide the image you are referring to so I can answer your question.,,0,,,,gemma4it_tb_uniform1_no_video.json
uniform,1,no_video,686,171,TimeBlind/videos/vid_00171_0.mp4,Is this person touching the screen?,no,Please provide the image you are referring to so I can see it and give you an answer.,,0,,,,gemma4it_tb_uniform1_no_video.json
uniform,1,no_video,687,171,TimeBlind/videos/vid_00171_1.mp4,Is this person touching the screen?,yes,Please provide the image you are referring to so I can see it and give you an answer.,,0,,,,gemma4it_tb_uniform1_no_video.json
uniform,1,no_video,688,172,TimeBlind/videos/vid_00172_0.mp4,"Over the course of the video, are two new items added to the self-checkout screen?",yes,Please provide the video or a link to the video you are referring to. I need to see the content to determine if two new items are added to the self-checkout screen.,,0,,,,gemma4it_tb_uniform1_no_video.json
uniform,1,no_video,689,172,TimeBlind/videos/vid_00172_1.mp4,"Over the course of the video, are two new items added to the self-checkout screen?",no,Please provide the video or a link to the video you are referring to. I need to see the content to determine if two new items are added to the self-checkout screen.,,0,,,,gemma4it_tb_uniform1_no_video.json
uniform,1,no_video,690,172,TimeBlind/videos/vid_00172_0.mp4,"Over the course of the video, are three new items added to the self-checkout screen?",no,Please provide the video or a link to the video you are referring to. I cannot see the content unless it is shared in the chat.,,0,,,,gemma4it_tb_uniform1_no_video.json
uniform,1,no_video,691,172,TimeBlind/videos/vid_00172_1.mp4,"Over the course of the video, are three new items added to the self-checkout screen?",yes,Please provide the video or a link to the video you are referring to. I cannot see the content unless it is shared in the chat.,,0,,,,gemma4it_tb_uniform1_no_video.json
uniform,1,no_video,692,173,TimeBlind/videos/vid_00173_0.mp4,Is the racket mostly still before it's shaken?,yes,Yes,yes,1,,,,gemma4it_tb_uniform1_no_video.json
uniform,1,no_video,693,173,TimeBlind/videos/vid_00173_1.mp4,Is the racket mostly still before it's shaken?,no,Yes,yes,0,,,,gemma4it_tb_uniform1_no_video.json
uniform,1,no_video,694,173,TimeBlind/videos/vid_00173_0.mp4,Does the racket shake first and then become almost still?,no,I do not have enough context to answer this question. Please provide a description of the situation or a video/image for me to analyze.,,0,,,,gemma4it_tb_uniform1_no_video.json
uniform,1,no_video,695,173,TimeBlind/videos/vid_00173_1.mp4,Does the racket shake first and then become almost still?,yes,I do not have enough context to answer this question. Please provide a description of the situation or a video/image for me to analyze.,,0,,,,gemma4it_tb_uniform1_no_video.json
uniform,1,no_video,696,174,TimeBlind/videos/vid_00174_0.mp4,Does the person twirl the racket while walking in the video?,yes,"Please provide the video you are referring to. I cannot see any video in your current message. Once you upload or link the video, I will be able to answer your question.",,0,,,,gemma4it_tb_uniform1_no_video.json
uniform,1,no_video,697,174,TimeBlind/videos/vid_00174_1.mp4,Does the person twirl the racket while walking in the video?,no,"Please provide the video you are referring to. I cannot see any video in your current message. Once you upload or link the video, I will be able to answer your question.",,0,,,,gemma4it_tb_uniform1_no_video.json
uniform,1,no_video,698,174,TimeBlind/videos/vid_00174_0.mp4,Does the person flip the racket while walking in the video?,no,Please provide the video you are referring to. I cannot see any video unless you upload it or provide a link to it.,,0,,,,gemma4it_tb_uniform1_no_video.json
uniform,1,no_video,699,174,TimeBlind/videos/vid_00174_1.mp4,Does the person flip the racket while walking in the video?,yes,Please provide the video you are referring to. I cannot see any video unless you upload it or provide a link to it.,,0,,,,gemma4it_tb_uniform1_no_video.json
uniform,1,no_video,700,175,TimeBlind/videos/vid_00175_0.mp4,Is the person in the video flipping a racket while standing still?,yes,"Please provide the video you are referring to. I cannot see any video in your current message. Once you upload or link the video, I will be able to answer your question.",,0,,,,gemma4it_tb_uniform1_no_video.json
uniform,1,no_video,701,175,TimeBlind/videos/vid_00175_1.mp4,Is the person in the video flipping a racket while standing still?,no,"Please provide the video you are referring to. I cannot see any video in your current message. Once you upload or link the video, I will be able to answer your question.",,0,,,,gemma4it_tb_uniform1_no_video.json
uniform,1,no_video,702,175,TimeBlind/videos/vid_00175_0.mp4,Is the person in the video twirling a racket while walking?,no,"Please provide the video you are referring to. I cannot see any video in your current message. Once you upload or link the video, I will be able to answer your question.",,0,,,,gemma4it_tb_uniform1_no_video.json
uniform,1,no_video,703,175,TimeBlind/videos/vid_00175_1.mp4,Is the person in the video twirling a racket while walking?,yes,"Please provide the video you are referring to. I cannot see any video in your current message. Once you upload or link the video, I will be able to answer your question.",,0,,,,gemma4it_tb_uniform1_no_video.json
uniform,1,no_video,704,176,TimeBlind/videos/vid_00176_0.mp4,Do a total of four shuttlecocks appear in the video?,yes,Please provide the video you are referring to. I cannot see any video content unless you upload it or provide a link/description.,,0,,,,gemma4it_tb_uniform1_no_video.json
uniform,1,no_video,705,176,TimeBlind/videos/vid_00176_1.mp4,Do a total of four shuttlecocks appear in the video?,no,Please provide the video you are referring to. I cannot see any video content unless you upload it or provide a link/description.,,0,,,,gemma4it_tb_uniform1_no_video.json
uniform,1,no_video,706,176,TimeBlind/videos/vid_00176_0.mp4,Do a total of five shuttlecocks appear in the video?,no,Please provide the video you are referring to. I cannot see any video content unless you upload it or provide a link/description.,,0,,,,gemma4it_tb_uniform1_no_video.json
uniform,1,no_video,707,176,TimeBlind/videos/vid_00176_1.mp4,Do a total of five shuttlecocks appear in the video?,yes,Please provide the video you are referring to. I cannot see any video content unless you upload it or provide a link/description.,,0,,,,gemma4it_tb_uniform1_no_video.json
uniform,1,no_video,708,177,TimeBlind/videos/vid_00177_0.mp4,Is the racket flipped to the left twice in the video?,yes,"Please provide the video you are referring to. I cannot see any video in your current message. Once you upload or link the video, I will be able to answer your question.",,0,,,,gemma4it_tb_uniform1_no_video.json
uniform,1,no_video,709,177,TimeBlind/videos/vid_00177_1.mp4,Is the racket flipped to the left twice in the video?,no,"Please provide the video you are referring to. I cannot see any video in your current message. Once you upload or link the video, I will be able to answer your question.",,0,,,,gemma4it_tb_uniform1_no_video.json
uniform,1,no_video,710,177,TimeBlind/videos/vid_00177_0.mp4,Is the racket flipped to the left three times in the video?,no,"Please provide the video you are referring to. I cannot see any video in your current message. Once you upload or link the video, I will be able to answer your question.",,0,,,,gemma4it_tb_uniform1_no_video.json
uniform,1,no_video,711,177,TimeBlind/videos/vid_00177_1.mp4,Is the racket flipped to the left three times in the video?,yes,"Please provide the video you are referring to. I cannot see any video in your current message. Once you upload or link the video, I will be able to answer your question.",,0,,,,gemma4it_tb_uniform1_no_video.json
uniform,1,no_video,712,178,TimeBlind/videos/vid_00178_0.mp4,Does the racket rotate only about 90 degrees to the left before returning to its original position?,yes,"I cannot answer this question because you haven't provided a video, image, or description of a specific action. Please provide the context or media you are referring to.",,0,,,,gemma4it_tb_uniform1_no_video.json
uniform,1,no_video,713,178,TimeBlind/videos/vid_00178_1.mp4,Does the racket rotate only about 90 degrees to the left before returning to its original position?,no,"I cannot answer this question because you haven't provided a video, image, or description of a specific action. Please provide the context or media you are referring to.",,0,,,,gemma4it_tb_uniform1_no_video.json
uniform,1,no_video,714,178,TimeBlind/videos/vid_00178_0.mp4,Does the racket rotate approximately 180 degrees to the left and then return to its original position?,no,"I cannot answer this question because there is no video, image, or description of a racket's movement provided in your prompt. Please provide the context or media you are referring to.",no,1,,,,gemma4it_tb_uniform1_no_video.json
uniform,1,no_video,715,178,TimeBlind/videos/vid_00178_1.mp4,Does the racket rotate approximately 180 degrees to the left and then return to its original position?,yes,"I cannot answer this question because there is no video, image, or description of a racket's movement provided in your prompt. Please provide the context or media you are referring to.",no,0,,,,gemma4it_tb_uniform1_no_video.json
uniform,1,no_video,716,179,TimeBlind/videos/vid_00179_0.mp4,Does the racket stay steady without any noticeable wobble?,yes,I do not have enough information to answer this question. Please provide a description or an image of the racket you are referring to.,,0,,,,gemma4it_tb_uniform1_no_video.json
uniform,1,no_video,717,179,TimeBlind/videos/vid_00179_1.mp4,Does the racket stay steady without any noticeable wobble?,no,I do not have enough information to answer this question. Please provide a description or an image of the racket you are referring to.,,0,,,,gemma4it_tb_uniform1_no_video.json
uniform,1,no_video,718,179,TimeBlind/videos/vid_00179_0.mp4,Does the racket wobble noticeably?,no,I do not have enough information to answer this question. Please provide a description or an image of the racket you are referring to.,,0,,,,gemma4it_tb_uniform1_no_video.json
uniform,1,no_video,719,179,TimeBlind/videos/vid_00179_1.mp4,Does the racket wobble noticeably?,yes,I do not have enough information to answer this question. Please provide a description or an image of the racket you are referring to.,,0,,,,gemma4it_tb_uniform1_no_video.json
uniform,1,no_video,720,180,TimeBlind/videos/vid_00180_0.mp4,Is the person standing still while twirling a racket?,yes,Please provide the image or video you are referring to so I can answer your question.,,0,,,,gemma4it_tb_uniform1_no_video.json
uniform,1,no_video,721,180,TimeBlind/videos/vid_00180_1.mp4,Is the person standing still while twirling a racket?,no,Please provide the image or video you are referring to so I can answer your question.,,0,,,,gemma4it_tb_uniform1_no_video.json
uniform,1,no_video,722,180,TimeBlind/videos/vid_00180_0.mp4,Is the person rotating the racket while walking?,no,Please provide the video or image you are referring to so I can see the action and give you an accurate answer.,,0,,,,gemma4it_tb_uniform1_no_video.json
uniform,1,no_video,723,180,TimeBlind/videos/vid_00180_1.mp4,Is the person rotating the racket while walking?,yes,Please provide the video or image you are referring to so I can see the action and give you an accurate answer.,,0,,,,gemma4it_tb_uniform1_no_video.json
uniform,1,no_video,724,181,TimeBlind/videos/vid_00181_0.mp4,Does the player rotate the racket before moving it forward?,yes,"To provide an accurate answer, I need to know which specific sport or movement you are referring to (e.g., tennis, badminton, squash, or a specific video game mechanic).

However, in most racket sports (like tennis or badminton):

**Yes**",,0,,,,gemma4it_tb_uniform1_no_video.json
uniform,1,no_video,725,181,TimeBlind/videos/vid_00181_1.mp4,Does the player rotate the racket before moving it forward?,no,"To provide an accurate answer, I need to know which specific sport or movement you are referring to (e.g., tennis, badminton, squash, or a specific video game mechanic).

However, in most racket sports (like tennis or badminton):

**Yes**",,0,,,,gemma4it_tb_uniform1_no_video.json
uniform,1,no_video,726,181,TimeBlind/videos/vid_00181_0.mp4,Does the person step forward first and then rotate their racket?,no,"To provide an accurate answer, I need to know which specific sport or movement you are referring to (e.g., a tennis serve, a badminton smash, or a table tennis stroke).

However, in most racket sports (like tennis or badminton):

**No.**

In most standard techniques, the rotation of the racket (the ""backswing"" or ""preparation"") begins **before** or **simultaneously** with the forward step to generate power and momentum.",no,1,,,,gemma4it_tb_uniform1_no_video.json
uniform,1,no_video,727,181,TimeBlind/videos/vid_00181_1.mp4,Does the person step forward first and then rotate their racket?,yes,"To provide an accurate answer, I need to know which specific sport or movement you are referring to (e.g., a tennis serve, a badminton smash, or a table tennis stroke).

However, in most racket sports (like tennis or badminton):

**No.**

In most standard techniques, the rotation of the racket (the ""backswing"" or ""preparation"") begins **before** or **simultaneously** with the forward step to generate power and momentum.",no,0,,,,gemma4it_tb_uniform1_no_video.json
uniform,1,no_video,728,182,TimeBlind/videos/vid_00182_0.mp4,Is the person clearly not touching the net with their badminton racket?,yes,Please provide the image you are referring to so I can give you an accurate answer.,,0,,,,gemma4it_tb_uniform1_no_video.json
uniform,1,no_video,729,182,TimeBlind/videos/vid_00182_1.mp4,Is the person clearly not touching the net with their badminton racket?,no,Please provide the image you are referring to so I can give you an accurate answer.,,0,,,,gemma4it_tb_uniform1_no_video.json
uniform,1,no_video,730,182,TimeBlind/videos/vid_00182_0.mp4,Is the person clearly touching the net with their badminton racket?,no,Please provide the image or video you are referring to so I can give you an accurate answer.,,0,,,,gemma4it_tb_uniform1_no_video.json
uniform,1,no_video,731,182,TimeBlind/videos/vid_00182_1.mp4,Is the person clearly touching the net with their badminton racket?,yes,Please provide the image or video you are referring to so I can give you an accurate answer.,,0,,,,gemma4it_tb_uniform1_no_video.json
uniform,1,no_video,732,183,TimeBlind/videos/vid_00183_0.mp4,Does the person in the video swing the racket exactly three times?,yes,Please provide the video you are referring to. I cannot see or analyze a video unless it is uploaded or linked to this conversation.,,0,,,,gemma4it_tb_uniform1_no_video.json
uniform,1,no_video,733,183,TimeBlind/videos/vid_00183_1.mp4,Does the person in the video swing the racket exactly three times?,no,Please provide the video you are referring to. I cannot see or analyze a video unless it is uploaded or linked to this conversation.,,0,,,,gemma4it_tb_uniform1_no_video.json
uniform,1,no_video,734,183,TimeBlind/videos/vid_00183_0.mp4,Does the person in the video swing a racket four times?,no,Please provide the video you are referring to. I cannot see or analyze a video unless you upload it or provide a link to it.,,0,,,,gemma4it_tb_uniform1_no_video.json
uniform,1,no_video,735,183,TimeBlind/videos/vid_00183_1.mp4,Does the person in the video swing a racket four times?,yes,Please provide the video you are referring to. I cannot see or analyze a video unless you upload it or provide a link to it.,,0,,,,gemma4it_tb_uniform1_no_video.json
uniform,1,no_video,736,184,TimeBlind/videos/vid_00184_0.mp4,Does this person's first shot travel a shorter distance than their second?,yes,Please provide the image or video you are referring to so I can analyze the shots.,,0,,,,gemma4it_tb_uniform1_no_video.json
uniform,1,no_video,737,184,TimeBlind/videos/vid_00184_1.mp4,Does this person's first shot travel a shorter distance than their second?,no,Please provide the image or video you are referring to so I can analyze the shots.,,0,,,,gemma4it_tb_uniform1_no_video.json
uniform,1,no_video,738,184,TimeBlind/videos/vid_00184_0.mp4,Is this person's first shot farther than their second?,no,Please provide the image or the description of the shots you are referring to so I can give you an accurate answer.,,0,,,,gemma4it_tb_uniform1_no_video.json
uniform,1,no_video,739,184,TimeBlind/videos/vid_00184_1.mp4,Is this person's first shot farther than their second?,yes,Please provide the image or the description of the shots you are referring to so I can give you an accurate answer.,,0,,,,gemma4it_tb_uniform1_no_video.json
uniform,1,no_video,740,185,TimeBlind/videos/vid_00185_0.mp4,"In the video, does the second shot reach a lower height than the first?",yes,Please provide the video you are referring to. I cannot see or analyze a video unless you upload it or provide a link to it.,,0,,,,gemma4it_tb_uniform1_no_video.json
uniform,1,no_video,741,185,TimeBlind/videos/vid_00185_1.mp4,"In the video, does the second shot reach a lower height than the first?",no,Please provide the video you are referring to. I cannot see or analyze a video unless you upload it or provide a link to it.,,0,,,,gemma4it_tb_uniform1_no_video.json
uniform,1,no_video,742,185,TimeBlind/videos/vid_00185_0.mp4,"In the video, does the second shot reach a higher height than the first?",no,Please provide the video you are referring to. I cannot see or analyze a video unless you upload it or provide a link to it.,,0,,,,gemma4it_tb_uniform1_no_video.json
uniform,1,no_video,743,185,TimeBlind/videos/vid_00185_1.mp4,"In the video, does the second shot reach a higher height than the first?",yes,Please provide the video you are referring to. I cannot see or analyze a video unless you upload it or provide a link to it.,,0,,,,gemma4it_tb_uniform1_no_video.json
uniform,1,no_video,744,186,TimeBlind/videos/vid_00186_0.mp4,Does the person hit the ball on the first try?,yes,"Please provide the video, image, or description of the event you are referring to so I can give you an accurate answer.",,0,,,,gemma4it_tb_uniform1_no_video.json
uniform,1,no_video,745,186,TimeBlind/videos/vid_00186_1.mp4,Does the person hit the ball on the first try?,no,"Please provide the video, image, or description of the event you are referring to so I can give you an accurate answer.",,0,,,,gemma4it_tb_uniform1_no_video.json
uniform,1,no_video,746,186,TimeBlind/videos/vid_00186_0.mp4,Does the person miss the ball on the first swing but hit it on the second?,no,"Please provide the video, image, or description of the event you are referring to so I can give you an accurate answer.",,0,,,,gemma4it_tb_uniform1_no_video.json
uniform,1,no_video,747,186,TimeBlind/videos/vid_00186_1.mp4,Does the person miss the ball on the first swing but hit it on the second?,yes,"Please provide the video, image, or description of the event you are referring to so I can give you an accurate answer.",,0,,,,gemma4it_tb_uniform1_no_video.json
uniform,1,no_video,748,187,TimeBlind/videos/vid_00187_0.mp4,Does the player hit the ball with the racket four times?,yes,"Please provide the video or a description of the action you are referring to. Without the visual or contextual information, I cannot determine the answer.",,0,,,,gemma4it_tb_uniform1_no_video.json
uniform,1,no_video,749,187,TimeBlind/videos/vid_00187_1.mp4,Does the player hit the ball with the racket four times?,no,"Please provide the video or a description of the action you are referring to. Without the visual or contextual information, I cannot determine the answer.",,0,,,,gemma4it_tb_uniform1_no_video.json
uniform,1,no_video,750,187,TimeBlind/videos/vid_00187_0.mp4,Does the player hit the ball with the racket five times?,no,Please provide the video or a description of the action you are referring to so I can give you an accurate answer.,,0,,,,gemma4it_tb_uniform1_no_video.json
uniform,1,no_video,751,187,TimeBlind/videos/vid_00187_1.mp4,Does the player hit the ball with the racket five times?,yes,Please provide the video or a description of the action you are referring to so I can give you an accurate answer.,,0,,,,gemma4it_tb_uniform1_no_video.json
uniform,1,no_video,752,188,TimeBlind/videos/vid_00188_0.mp4,Does the person successfully catch the falling shuttlecock with their hand?,yes,Please provide the video or image you are referring to so I can see the action and give you an accurate answer.,,0,,,,gemma4it_tb_uniform1_no_video.json
uniform,1,no_video,753,188,TimeBlind/videos/vid_00188_1.mp4,Does the person successfully catch the falling shuttlecock with their hand?,no,Please provide the video or image you are referring to so I can see the action and give you an accurate answer.,,0,,,,gemma4it_tb_uniform1_no_video.json
uniform,1,no_video,754,188,TimeBlind/videos/vid_00188_0.mp4,Does the person fail to catch the falling shuttlecock with their hand?,no,Please provide the image or video you are referring to so I can answer your question.,,0,,,,gemma4it_tb_uniform1_no_video.json
uniform,1,no_video,755,188,TimeBlind/videos/vid_00188_1.mp4,Does the person fail to catch the falling shuttlecock with their hand?,yes,Please provide the image or video you are referring to so I can answer your question.,,0,,,,gemma4it_tb_uniform1_no_video.json
uniform,1,no_video,756,189,TimeBlind/videos/vid_00189_0.mp4,Does the person go from holding 0 to 4 shuttlecocks?,yes,"thought
<channel|>Please provide the video or description of the action you are referring to so I can answer your question.",,0,,,,gemma4it_tb_uniform1_no_video.json
uniform,1,no_video,757,189,TimeBlind/videos/vid_00189_1.mp4,Does the person go from holding 0 to 4 shuttlecocks?,no,"thought
<channel|>Please provide the video or description of the action you are referring to so I can answer your question.",,0,,,,gemma4it_tb_uniform1_no_video.json
uniform,1,no_video,758,189,TimeBlind/videos/vid_00189_0.mp4,Does the person go from holding zero shuttlecocks to holding three?,no,Please provide the video or description of the action you are referring to so I can give you an accurate answer.,,0,,,,gemma4it_tb_uniform1_no_video.json
uniform,1,no_video,759,189,TimeBlind/videos/vid_00189_1.mp4,Does the person go from holding zero shuttlecocks to holding three?,yes,Please provide the video or description of the action you are referring to so I can give you an accurate answer.,,0,,,,gemma4it_tb_uniform1_no_video.json
uniform,1,no_video,760,190,TimeBlind/videos/vid_00190_0.mp4,"While he’s picking them up, does no shuttlecock fall from his hand?",yes,"Please provide the text, video, or context you are referring to. Without the source material, I cannot see the action and therefore cannot answer ""Yes"" or ""No.""",no,0,,,,gemma4it_tb_uniform1_no_video.json
uniform,1,no_video,761,190,TimeBlind/videos/vid_00190_1.mp4,"While he’s picking them up, does no shuttlecock fall from his hand?",no,"Please provide the text, video, or context you are referring to. Without the source material, I cannot see the action and therefore cannot answer ""Yes"" or ""No.""",no,1,,,,gemma4it_tb_uniform1_no_video.json
uniform,1,no_video,762,190,TimeBlind/videos/vid_00190_0.mp4,"While he’s picking them up, does one shuttlecock slip from his hand and fall?",no,Please provide the video or description of the scene you are referring to so I can give you an accurate answer.,,0,,,,gemma4it_tb_uniform1_no_video.json
uniform,1,no_video,763,190,TimeBlind/videos/vid_00190_1.mp4,"While he’s picking them up, does one shuttlecock slip from his hand and fall?",yes,Please provide the video or description of the scene you are referring to so I can give you an accurate answer.,,0,,,,gemma4it_tb_uniform1_no_video.json
uniform,1,no_video,764,191,TimeBlind/videos/vid_00191_0.mp4,Does the sphere stay red longer than it stays yellow?,yes,"I do not have enough information to answer this question. You haven't provided a description, video, or context regarding a sphere changing colors.",,0,,,,gemma4it_tb_uniform1_no_video.json
uniform,1,no_video,765,191,TimeBlind/videos/vid_00191_1.mp4,Does the sphere stay red longer than it stays yellow?,no,"I do not have enough information to answer this question. You haven't provided a description, video, or context regarding a sphere changing colors.",,0,,,,gemma4it_tb_uniform1_no_video.json
uniform,1,no_video,766,191,TimeBlind/videos/vid_00191_0.mp4,Is the sphere yellow for longer than it is red?,no,I cannot answer this question because you have not provided an image or a description of a sphere changing colors.,,0,,,,gemma4it_tb_uniform1_no_video.json
uniform,1,no_video,767,191,TimeBlind/videos/vid_00191_1.mp4,Is the sphere yellow for longer than it is red?,yes,I cannot answer this question because you have not provided an image or a description of a sphere changing colors.,,0,,,,gemma4it_tb_uniform1_no_video.json
uniform,1,no_video,768,192,TimeBlind/videos/vid_00192_0.mp4,Do both 3D shapes change color suddenly?,yes,I cannot answer this question because you have not provided or described the 3D shapes you are referring to. Please provide the context or images of the shapes.,,0,,,,gemma4it_tb_uniform1_no_video.json
uniform,1,no_video,769,192,TimeBlind/videos/vid_00192_1.mp4,Do both 3D shapes change color suddenly?,no,I cannot answer this question because you have not provided or described the 3D shapes you are referring to. Please provide the context or images of the shapes.,,0,,,,gemma4it_tb_uniform1_no_video.json
uniform,1,no_video,770,192,TimeBlind/videos/vid_00192_0.mp4,Do both 3D shapes change color gradually?,no,I cannot answer this question because you have not provided or described any 3D shapes. Please provide the images or descriptions of the shapes you are referring to.,,0,,,,gemma4it_tb_uniform1_no_video.json
uniform,1,no_video,771,192,TimeBlind/videos/vid_00192_1.mp4,Do both 3D shapes change color gradually?,yes,I cannot answer this question because you have not provided or described any 3D shapes. Please provide the images or descriptions of the shapes you are referring to.,,0,,,,gemma4it_tb_uniform1_no_video.json
uniform,1,no_video,772,193,TimeBlind/videos/vid_00193_0.mp4,Do the cube and the sphere change color in the same amount of time?,yes,"I cannot answer this question because you haven't provided a video, image, or description of a cube and a sphere changing color. Please provide the context or media you are referring to!",,0,,,,gemma4it_tb_uniform1_no_video.json
uniform,1,no_video,773,193,TimeBlind/videos/vid_00193_1.mp4,Do the cube and the sphere change color in the same amount of time?,no,"I cannot answer this question because you haven't provided a video, image, or description of a cube and a sphere changing color. Please provide the context or media you are referring to!",,0,,,,gemma4it_tb_uniform1_no_video.json
uniform,1,no_video,774,193,TimeBlind/videos/vid_00193_0.mp4,Does the cube take longer to change color than the sphere does?,no,"I cannot answer this question because you have not provided a context, description, or video showing a cube and a sphere changing colors. Please provide the necessary information so I can help you.",,0,,,,gemma4it_tb_uniform1_no_video.json
uniform,1,no_video,775,193,TimeBlind/videos/vid_00193_1.mp4,Does the cube take longer to change color than the sphere does?,yes,"I cannot answer this question because you have not provided a context, description, or video showing a cube and a sphere changing colors. Please provide the necessary information so I can help you.",,0,,,,gemma4it_tb_uniform1_no_video.json
uniform,1,no_video,776,194,TimeBlind/videos/vid_00194_0.mp4,Does the sphere start changing color as soon as the cube finishes changing color?,yes,"I cannot answer this question because you haven't provided a video, description, or context regarding a sphere and a cube changing colors. Please provide the relevant information!",,0,,,,gemma4it_tb_uniform1_no_video.json
uniform,1,no_video,777,194,TimeBlind/videos/vid_00194_1.mp4,Does the sphere start changing color as soon as the cube finishes changing color?,no,"I cannot answer this question because you haven't provided a video, description, or context regarding a sphere and a cube changing colors. Please provide the relevant information!",,0,,,,gemma4it_tb_uniform1_no_video.json
uniform,1,no_video,778,194,TimeBlind/videos/vid_00194_0.mp4,Do the cube and the sphere change color simultaneously for a while?,no,"I cannot answer this question because you haven't provided a video, image, or description of a scene involving a cube and a sphere. Please provide the context or media you are referring to!",,0,,,,gemma4it_tb_uniform1_no_video.json
uniform,1,no_video,779,194,TimeBlind/videos/vid_00194_1.mp4,Do the cube and the sphere change color simultaneously for a while?,yes,"I cannot answer this question because you haven't provided a video, image, or description of a scene involving a cube and a sphere. Please provide the context or media you are referring to!",,0,,,,gemma4it_tb_uniform1_no_video.json
uniform,1,no_video,780,195,TimeBlind/videos/vid_00195_0.mp4,Do the object on the left and the object on the right change color at the same time?,yes,Please provide the image or video you are referring to so I can see the objects and give you an accurate answer.,,0,,,,gemma4it_tb_uniform1_no_video.json
uniform,1,no_video,781,195,TimeBlind/videos/vid_00195_1.mp4,Do the object on the left and the object on the right change color at the same time?,no,Please provide the image or video you are referring to so I can see the objects and give you an accurate answer.,,0,,,,gemma4it_tb_uniform1_no_video.json
uniform,1,no_video,782,195,TimeBlind/videos/vid_00195_0.mp4,Does the object on the left start changing color before the one on the right?,no,Please provide the image or video you are referring to so I can see the objects and give you an accurate answer.,,0,,,,gemma4it_tb_uniform1_no_video.json
uniform,1,no_video,783,195,TimeBlind/videos/vid_00195_1.mp4,Does the object on the left start changing color before the one on the right?,yes,Please provide the image or video you are referring to so I can see the objects and give you an accurate answer.,,0,,,,gemma4it_tb_uniform1_no_video.json
uniform,1,no_video,784,196,TimeBlind/videos/vid_00196_0.mp4,Does the cube finish changing color before the sphere finishes?,yes,"Please provide the video or description of the scene you are referring to. Without the visual context, I cannot determine the order of the actions.",,0,,,,gemma4it_tb_uniform1_no_video.json
uniform,1,no_video,785,196,TimeBlind/videos/vid_00196_1.mp4,Does the cube finish changing color before the sphere finishes?,no,"Please provide the video or description of the scene you are referring to. Without the visual context, I cannot determine the order of the actions.",,0,,,,gemma4it_tb_uniform1_no_video.json
uniform,1,no_video,786,196,TimeBlind/videos/vid_00196_0.mp4,Does the cube finish changing color after the sphere finishes?,no,"I cannot answer this question because you haven't provided a video, image, or description of the scene you are referring to. Please provide the context so I can help you!",,0,,,,gemma4it_tb_uniform1_no_video.json
uniform,1,no_video,787,196,TimeBlind/videos/vid_00196_1.mp4,Does the cube finish changing color after the sphere finishes?,yes,"I cannot answer this question because you haven't provided a video, image, or description of the scene you are referring to. Please provide the context so I can help you!",,0,,,,gemma4it_tb_uniform1_no_video.json
uniform,1,no_video,788,197,TimeBlind/videos/vid_00197_0.mp4,Does the right object start changing color immediately after the left object finishes?,yes,"thought
<channel|>Please provide the image or video you are referring to so I can answer your question.",,0,,,,gemma4it_tb_uniform1_no_video.json
uniform,1,no_video,789,197,TimeBlind/videos/vid_00197_1.mp4,Does the right object start changing color immediately after the left object finishes?,no,"thought
<channel|>Please provide the image or video you are referring to so I can answer your question.",,0,,,,gemma4it_tb_uniform1_no_video.json
uniform,1,no_video,790,197,TimeBlind/videos/vid_00197_0.mp4,Is there a delay after the left object finishes changing color before the right object starts?,no,"Please provide the video or description of the sequence you are referring to. Without the visual or contextual information, I cannot determine if there is a delay.",,0,,,,gemma4it_tb_uniform1_no_video.json
uniform,1,no_video,791,197,TimeBlind/videos/vid_00197_1.mp4,Is there a delay after the left object finishes changing color before the right object starts?,yes,"Please provide the video or description of the sequence you are referring to. Without the visual or contextual information, I cannot determine if there is a delay.",,0,,,,gemma4it_tb_uniform1_no_video.json
uniform,1,no_video,792,198,TimeBlind/videos/vid_00198_0.mp4,Is the sphere gradually changing color from pink to yellow?,yes,I cannot see the sphere you are referring to. Please provide an image or a video so I can answer your question.,,0,,,,gemma4it_tb_uniform1_no_video.json
uniform,1,no_video,793,198,TimeBlind/videos/vid_00198_1.mp4,Is the sphere gradually changing color from pink to yellow?,no,I cannot see the sphere you are referring to. Please provide an image or a video so I can answer your question.,,0,,,,gemma4it_tb_uniform1_no_video.json
uniform,1,no_video,794,198,TimeBlind/videos/vid_00198_0.mp4,Does the sphere gradually change color from yellow to pink?,no,Please provide the image or video you are referring to so I can give you an accurate answer.,,0,,,,gemma4it_tb_uniform1_no_video.json
uniform,1,no_video,795,198,TimeBlind/videos/vid_00198_1.mp4,Does the sphere gradually change color from yellow to pink?,yes,Please provide the image or video you are referring to so I can give you an accurate answer.,,0,,,,gemma4it_tb_uniform1_no_video.json
uniform,1,no_video,796,199,TimeBlind/videos/vid_00199_0.mp4,Does the sphere's color gradually transition from pink to yellow?,yes,Please provide the image you are referring to so I can answer your question.,,0,,,,gemma4it_tb_uniform1_no_video.json
uniform,1,no_video,797,199,TimeBlind/videos/vid_00199_1.mp4,Does the sphere's color gradually transition from pink to yellow?,no,Please provide the image you are referring to so I can answer your question.,,0,,,,gemma4it_tb_uniform1_no_video.json
uniform,1,no_video,798,199,TimeBlind/videos/vid_00199_0.mp4,Does the sphere’s color suddenly change from pink to yellow?,no,"I cannot answer this question because you have not provided a video, image, or description of a sphere. Please provide the context so I can give you an accurate answer.",,0,,,,gemma4it_tb_uniform1_no_video.json
uniform,1,no_video,799,199,TimeBlind/videos/vid_00199_1.mp4,Does the sphere’s color suddenly change from pink to yellow?,yes,"I cannot answer this question because you have not provided a video, image, or description of a sphere. Please provide the context so I can give you an accurate answer.",,0,,,,gemma4it_tb_uniform1_no_video.json
uniform,1,no_video,800,200,TimeBlind/videos/vid_00200_0.mp4,Does the cube’s volume change?,yes,"Please provide the context or the description of the cube's situation (e.g., ""If the side length doubles"" or ""If the cube is heated""). 

Without a description of what is happening to the cube, I cannot determine the answer.",,0,,,,gemma4it_tb_uniform1_no_video.json
uniform,1,no_video,801,200,TimeBlind/videos/vid_00200_1.mp4,Does the cube’s volume change?,no,"Please provide the context or the description of the cube's situation (e.g., ""If the side length doubles"" or ""If the cube is heated""). 

Without a description of what is happening to the cube, I cannot determine the answer.",,0,,,,gemma4it_tb_uniform1_no_video.json
uniform,1,no_video,802,200,TimeBlind/videos/vid_00200_0.mp4,Is the cube’s volume constant throughout the video?,no,"Please provide the video you are referring to. I cannot see any video in your current message. Once you provide the video, I will be able to answer your question.",,0,,,,gemma4it_tb_uniform1_no_video.json
uniform,1,no_video,803,200,TimeBlind/videos/vid_00200_1.mp4,Is the cube’s volume constant throughout the video?,yes,"Please provide the video you are referring to. I cannot see any video in your current message. Once you provide the video, I will be able to answer your question.",,0,,,,gemma4it_tb_uniform1_no_video.json
uniform,1,no_video,804,201,TimeBlind/videos/vid_00201_0.mp4,Does the object on the left in the video get smaller?,yes,"Please provide the video you are referring to. I cannot see any video in your current message. Once you upload or link the video, I will be able to answer your question.",,0,,,,gemma4it_tb_uniform1_no_video.json
uniform,1,no_video,805,201,TimeBlind/videos/vid_00201_1.mp4,Does the object on the left in the video get smaller?,no,"Please provide the video you are referring to. I cannot see any video in your current message. Once you upload or link the video, I will be able to answer your question.",,0,,,,gemma4it_tb_uniform1_no_video.json
uniform,1,no_video,806,201,TimeBlind/videos/vid_00201_0.mp4,Does the object on the left side of the video get bigger?,no,"Please provide the video you are referring to. I cannot see any video in your message. Once you upload or link the video, I will be able to answer your question.",,0,,,,gemma4it_tb_uniform1_no_video.json
uniform,1,no_video,807,201,TimeBlind/videos/vid_00201_1.mp4,Does the object on the left side of the video get bigger?,yes,"Please provide the video you are referring to. I cannot see any video in your message. Once you upload or link the video, I will be able to answer your question.",,0,,,,gemma4it_tb_uniform1_no_video.json
uniform,1,no_video,808,202,TimeBlind/videos/vid_00202_0.mp4,Is the sphere on the left side of the frame changing in size?,yes,"thought
<channel|>Please provide the video or image you are referring to. I cannot see the frame you are describing without the visual content.",,0,,,,gemma4it_tb_uniform1_no_video.json
uniform,1,no_video,809,202,TimeBlind/videos/vid_00202_1.mp4,Is the sphere on the left side of the frame changing in size?,no,"thought
<channel|>Please provide the video or image you are referring to. I cannot see the frame you are describing without the visual content.",,0,,,,gemma4it_tb_uniform1_no_video.json
uniform,1,no_video,810,202,TimeBlind/videos/vid_00202_0.mp4,Does the sphere on the right side of the video change in size?,no,"thought
<channel|>I do not have a video to analyze. Please provide the video or a link to it so I can answer your question.",,0,,,,gemma4it_tb_uniform1_no_video.json
uniform,1,no_video,811,202,TimeBlind/videos/vid_00202_1.mp4,Does the sphere on the right side of the video change in size?,yes,"thought
<channel|>I do not have a video to analyze. Please provide the video or a link to it so I can answer your question.",,0,,,,gemma4it_tb_uniform1_no_video.json
uniform,1,no_video,812,203,TimeBlind/videos/vid_00203_0.mp4,Is the cube blinking at a higher frequency than the sphere?,yes,I cannot see any images or videos to analyze. Please provide the visual content you are referring to.,,0,,,,gemma4it_tb_uniform1_no_video.json
uniform,1,no_video,813,203,TimeBlind/videos/vid_00203_1.mp4,Is the cube blinking at a higher frequency than the sphere?,no,I cannot see any images or videos to analyze. Please provide the visual content you are referring to.,,0,,,,gemma4it_tb_uniform1_no_video.json
uniform,1,no_video,814,203,TimeBlind/videos/vid_00203_0.mp4,Is the cube blinking at a lower frequency than the sphere?,no,"I do not have access to a video, image, or description of a cube and a sphere to observe their blinking frequencies. Please provide the context or media you are referring to.",,0,,,,gemma4it_tb_uniform1_no_video.json
uniform,1,no_video,815,203,TimeBlind/videos/vid_00203_1.mp4,Is the cube blinking at a lower frequency than the sphere?,yes,"I do not have access to a video, image, or description of a cube and a sphere to observe their blinking frequencies. Please provide the context or media you are referring to.",,0,,,,gemma4it_tb_uniform1_no_video.json
uniform,1,no_video,816,204,TimeBlind/videos/vid_00204_0.mp4,Do the color changes of the yellow cube and the yellow sphere overlap?,yes,"thought
<channel|>Please provide the image or the description of the color changes you are referring to. Without the visual context or specific data, I cannot determine if the color changes overlap.",,0,,,,gemma4it_tb_uniform1_no_video.json
uniform,1,no_video,817,204,TimeBlind/videos/vid_00204_1.mp4,Do the color changes of the yellow cube and the yellow sphere overlap?,no,"thought
<channel|>Please provide the image or the description of the color changes you are referring to. Without the visual context or specific data, I cannot determine if the color changes overlap.",,0,,,,gemma4it_tb_uniform1_no_video.json
uniform,1,no_video,818,204,TimeBlind/videos/vid_00204_0.mp4,Does the yellow sphere start changing color after the yellow cube finishes changing color?,no,I cannot see the video or image you are referring to. Please provide the visual content so I can answer your question.,,0,,,,gemma4it_tb_uniform1_no_video.json
uniform,1,no_video,819,204,TimeBlind/videos/vid_00204_1.mp4,Does the yellow sphere start changing color after the yellow cube finishes changing color?,yes,I cannot see the video or image you are referring to. Please provide the visual content so I can answer your question.,,0,,,,gemma4it_tb_uniform1_no_video.json
uniform,1,no_video,820,205,TimeBlind/videos/vid_00205_0.mp4,Is the top light blinking quickly while the bottom light blinks slowly?,yes,Please provide an image or a description of the lights you are referring to so I can answer your question.,,0,,,,gemma4it_tb_uniform1_no_video.json
uniform,1,no_video,821,205,TimeBlind/videos/vid_00205_1.mp4,Is the top light blinking quickly while the bottom light blinks slowly?,no,Please provide an image or a description of the lights you are referring to so I can answer your question.,,0,,,,gemma4it_tb_uniform1_no_video.json
uniform,1,no_video,822,205,TimeBlind/videos/vid_00205_0.mp4,Is the top light blinking slowly while the bottom one blinks quickly?,no,I cannot see any image or video to provide an answer. Please provide the visual content you are referring to.,,0,,,,gemma4it_tb_uniform1_no_video.json
uniform,1,no_video,823,205,TimeBlind/videos/vid_00205_1.mp4,Is the top light blinking slowly while the bottom one blinks quickly?,yes,I cannot see any image or video to provide an answer. Please provide the visual content you are referring to.,,0,,,,gemma4it_tb_uniform1_no_video.json
uniform,1,no_video,824,206,TimeBlind/videos/vid_00206_0.mp4,Is the cone blinking faster than the sphere?,yes,I cannot see any images or videos to compare. Please provide the visual content you are referring to.,,0,,,,gemma4it_tb_uniform1_no_video.json
uniform,1,no_video,825,206,TimeBlind/videos/vid_00206_1.mp4,Is the cone blinking faster than the sphere?,no,I cannot see any images or videos to compare. Please provide the visual content you are referring to.,,0,,,,gemma4it_tb_uniform1_no_video.json
uniform,1,no_video,826,206,TimeBlind/videos/vid_00206_0.mp4,Is the cone blinking slower than the sphere?,no,"I cannot answer this question because you have not provided an image, video, or description of a cone and a sphere blinking. Please provide the necessary context.",,0,,,,gemma4it_tb_uniform1_no_video.json
uniform,1,no_video,827,206,TimeBlind/videos/vid_00206_1.mp4,Is the cone blinking slower than the sphere?,yes,"I cannot answer this question because you have not provided an image, video, or description of a cone and a sphere blinking. Please provide the necessary context.",,0,,,,gemma4it_tb_uniform1_no_video.json
uniform,1,no_video,828,207,TimeBlind/videos/vid_00207_0.mp4,Does the sphere gradually change from green to yellow and then suddenly change back to green?,yes,"Please provide the video or image sequence you are referring to. Without the visual content, I cannot determine the answer.",,0,,,,gemma4it_tb_uniform1_no_video.json
uniform,1,no_video,829,207,TimeBlind/videos/vid_00207_1.mp4,Does the sphere gradually change from green to yellow and then suddenly change back to green?,no,"Please provide the video or image sequence you are referring to. Without the visual content, I cannot determine the answer.",,0,,,,gemma4it_tb_uniform1_no_video.json
uniform,1,no_video,830,207,TimeBlind/videos/vid_00207_0.mp4,Does the sphere suddenly change from green to yellow and then gradually change back to green?,no,"Please provide the video or description you are referring to. Without the visual context, I cannot determine the answer.",,0,,,,gemma4it_tb_uniform1_no_video.json
uniform,1,no_video,831,207,TimeBlind/videos/vid_00207_1.mp4,Does the sphere suddenly change from green to yellow and then gradually change back to green?,yes,"Please provide the video or description you are referring to. Without the visual context, I cannot determine the answer.",,0,,,,gemma4it_tb_uniform1_no_video.json
uniform,1,no_video,832,208,TimeBlind/videos/vid_00208_0.mp4,Does the cube change its volume over a long time while the cylinder changes its volume in a short time?,yes,"To provide a definitive ""Yes"" or ""No"" answer, I would need the specific context, physical properties, or mathematical constraints of the problem you are referring to (e.g., a specific physics problem involving evaporation, thermal expansion, or a geometry problem involving rates of change).

However, based on general physical principles:

**No.**

**Reasoning:**
In standard physics and geometry, volume change is determined by the rate of change of the dimensions (length, width, height, or radius). Unless there is a specific rule provided in your problem stating that the cylinder's dimensions change faster than the cube's",no,0,,,,gemma4it_tb_uniform1_no_video.json
uniform,1,no_video,833,208,TimeBlind/videos/vid_00208_1.mp4,Does the cube change its volume over a long time while the cylinder changes its volume in a short time?,no,"To provide a definitive ""Yes"" or ""No"" answer, I would need the specific context, physical properties, or mathematical constraints of the problem you are referring to (e.g., a specific physics problem involving evaporation, thermal expansion, or a geometry problem involving rates of change).

However, based on general physical principles:

**No.**

**Reasoning:**
In standard physics and geometry, volume change is determined by the rate of change of the dimensions (length, width, height, or radius). Unless there is a specific rule provided in your problem stating that the cylinder's dimensions change faster than the cube's",no,1,,,,gemma4it_tb_uniform1_no_video.json
uniform,1,no_video,834,208,TimeBlind/videos/vid_00208_0.mp4,Does the cube change its volume in a short time while the cylinder changes its volume over a long time?,no,"To provide an accurate answer, I would need to know the specific context or the physical process you are referring to (e.g., melting, thermal expansion, erosion, or a specific math problem).

However, based on general physical principles:

**No.**

(Volume change is typically determined by the material properties and the external forces applied, not by the geometric shape of the object itself.)",no,1,,,,gemma4it_tb_uniform1_no_video.json
uniform,1,no_video,835,208,TimeBlind/videos/vid_00208_1.mp4,Does the cube change its volume in a short time while the cylinder changes its volume over a long time?,yes,"To provide an accurate answer, I would need to know the specific context or the physical process you are referring to (e.g., melting, thermal expansion, erosion, or a specific math problem).

However, based on general physical principles:

**No.**

(Volume change is typically determined by the material properties and the external forces applied, not by the geometric shape of the object itself.)",no,0,,,,gemma4it_tb_uniform1_no_video.json
uniform,1,no_video,836,209,TimeBlind/videos/vid_00209_0.mp4,Does the cube's height increase more slowly than the cylinder's?,yes,"To provide an accurate answer, I need the specific mathematical functions, dimensions, or rates of change for the cube and the cylinder.

Please provide the details (e.g., ""The cube's side length $s$ increases at $2\text{ cm/s}$ and the cylinder's radius $r$ increases at $3\text{ cm/s}$"").

Without the data, I cannot determine the answer.",,0,,,,gemma4it_tb_uniform1_no_video.json
uniform,1,no_video,837,209,TimeBlind/videos/vid_00209_1.mp4,Does the cube's height increase more slowly than the cylinder's?,no,"To provide an accurate answer, I need the specific mathematical functions, dimensions, or rates of change for the cube and the cylinder.

Please provide the details (e.g., ""The cube's side length $s$ increases at $2\text{ cm/s}$ and the cylinder's radius $r$ increases at $3\text{ cm/s}$"").

Without the data, I cannot determine the answer.",,0,,,,gemma4it_tb_uniform1_no_video.json
uniform,1,no_video,838,209,TimeBlind/videos/vid_00209_0.mp4,Is the cube's height increasing faster than the cylinder's height is changing?,no,"To provide a ""Yes"" or ""No"" answer, I need the specific mathematical functions, rates of change, or data points for both the cube's height and the cylinder's height.

Please provide the equations or values (e.g., $h_{cube}(t)$ and $h_{cylinder}(t)$).",,0,,,,gemma4it_tb_uniform1_no_video.json
uniform,1,no_video,839,209,TimeBlind/videos/vid_00209_1.mp4,Is the cube's height increasing faster than the cylinder's height is changing?,yes,"To provide a ""Yes"" or ""No"" answer, I need the specific mathematical functions, rates of change, or data points for both the cube's height and the cylinder's height.

Please provide the equations or values (e.g., $h_{cube}(t)$ and $h_{cylinder}(t)$).",,0,,,,gemma4it_tb_uniform1_no_video.json
uniform,1,no_video,840,210,TimeBlind/videos/vid_00210_0.mp4,"In the video, the cube bends twice with a short pause between them. Is the first bend slower than the second?",yes,Please provide the video you are referring to. I cannot see or analyze a video unless it is uploaded or linked.,,0,,,,gemma4it_tb_uniform1_no_video.json
uniform,1,no_video,841,210,TimeBlind/videos/vid_00210_1.mp4,"In the video, the cube bends twice with a short pause between them. Is the first bend slower than the second?",no,Please provide the video you are referring to. I cannot see or analyze a video unless it is uploaded or linked.,,0,,,,gemma4it_tb_uniform1_no_video.json
uniform,1,no_video,842,210,TimeBlind/videos/vid_00210_0.mp4,"In the video, the cube bends twice with a short pause in between. Is the first bend faster than the second?",no,Please provide the video you are referring to. I cannot see or analyze a video unless it is uploaded or linked.,,0,,,,gemma4it_tb_uniform1_no_video.json
uniform,1,no_video,843,210,TimeBlind/videos/vid_00210_1.mp4,"In the video, the cube bends twice with a short pause in between. Is the first bend faster than the second?",yes,Please provide the video you are referring to. I cannot see or analyze a video unless it is uploaded or linked.,,0,,,,gemma4it_tb_uniform1_no_video.json
uniform,1,no_video,844,211,TimeBlind/videos/vid_00211_0.mp4,Does the cylinder gradually change back and forth between pink and red?,yes,I cannot see the cylinder you are referring to. Please provide a video or a description of the animation.,,0,,,,gemma4it_tb_uniform1_no_video.json
uniform,1,no_video,845,211,TimeBlind/videos/vid_00211_1.mp4,Does the cylinder gradually change back and forth between pink and red?,no,I cannot see the cylinder you are referring to. Please provide a video or a description of the animation.,,0,,,,gemma4it_tb_uniform1_no_video.json
uniform,1,no_video,846,211,TimeBlind/videos/vid_00211_0.mp4,Does the cylinder suddenly switch between pink and red?,no,"I cannot see the cylinder you are referring to. Please provide a video, image, or description of the object.",,0,,,,gemma4it_tb_uniform1_no_video.json
uniform,1,no_video,847,211,TimeBlind/videos/vid_00211_1.mp4,Does the cylinder suddenly switch between pink and red?,yes,"I cannot see the cylinder you are referring to. Please provide a video, image, or description of the object.",,0,,,,gemma4it_tb_uniform1_no_video.json
uniform,1,no_video,848,212,TimeBlind/videos/vid_00212_0.mp4,Does the sphere on the left change color from yellow to white?,yes,Please provide the image you are referring to so I can answer your question.,,0,,,,gemma4it_tb_uniform1_no_video.json
uniform,1,no_video,849,212,TimeBlind/videos/vid_00212_1.mp4,Does the sphere on the left change color from yellow to white?,no,Please provide the image you are referring to so I can answer your question.,,0,,,,gemma4it_tb_uniform1_no_video.json
uniform,1,no_video,850,212,TimeBlind/videos/vid_00212_0.mp4,Is the sphere on the left turning from white to yellow?,no,Please provide the image you are referring to so I can see the sphere and give you an accurate answer.,,0,,,,gemma4it_tb_uniform1_no_video.json
uniform,1,no_video,851,212,TimeBlind/videos/vid_00212_1.mp4,Is the sphere on the left turning from white to yellow?,yes,Please provide the image you are referring to so I can see the sphere and give you an accurate answer.,,0,,,,gemma4it_tb_uniform1_no_video.json
uniform,1,no_video,852,213,TimeBlind/videos/vid_00213_0.mp4,Does the object on the right change color?,yes,Please provide the image you are referring to so I can see the object on the right and answer your question.,,0,,,,gemma4it_tb_uniform1_no_video.json
uniform,1,no_video,853,213,TimeBlind/videos/vid_00213_1.mp4,Does the object on the right change color?,no,Please provide the image you are referring to so I can see the object on the right and answer your question.,,0,,,,gemma4it_tb_uniform1_no_video.json
uniform,1,no_video,854,213,TimeBlind/videos/vid_00213_0.mp4,Does the object on the right stay the same color?,no,Please provide the image or video you are referring to so I can see the object and give you an accurate answer.,,0,,,,gemma4it_tb_uniform1_no_video.json
uniform,1,no_video,855,213,TimeBlind/videos/vid_00213_1.mp4,Does the object on the right stay the same color?,yes,Please provide the image or video you are referring to so I can see the object and give you an accurate answer.,,0,,,,gemma4it_tb_uniform1_no_video.json
uniform,1,no_video,856,214,TimeBlind/videos/vid_00214_0.mp4,Does the sphere turn yellow immediately after it turns red?,yes,"I do not have enough information to answer this question. You haven't provided a description, video, or context regarding a sphere changing colors.",,0,,,,gemma4it_tb_uniform1_no_video.json
uniform,1,no_video,857,214,TimeBlind/videos/vid_00214_1.mp4,Does the sphere turn yellow immediately after it turns red?,no,"I do not have enough information to answer this question. You haven't provided a description, video, or context regarding a sphere changing colors.",,0,,,,gemma4it_tb_uniform1_no_video.json
uniform,1,no_video,858,214,TimeBlind/videos/vid_00214_0.mp4,"After the sphere turns from yellow to red, does it pause before turning back to yellow?",no,"I do not have access to a video, animation, or specific context describing a sphere's behavior. Please provide the source or description you are referring to so I can give you an accurate answer.",,0,,,,gemma4it_tb_uniform1_no_video.json
uniform,1,no_video,859,214,TimeBlind/videos/vid_00214_1.mp4,"After the sphere turns from yellow to red, does it pause before turning back to yellow?",yes,"I do not have access to a video, animation, or specific context describing a sphere's behavior. Please provide the source or description you are referring to so I can give you an accurate answer.",,0,,,,gemma4it_tb_uniform1_no_video.json
uniform,1,no_video,860,215,TimeBlind/videos/vid_00215_0.mp4,Does the cylinder initially bend by about 30 degrees?,yes,"Please provide the context, image, or description of the problem you are referring to. Without the specific problem statement or diagram, I cannot determine the answer.",,0,,,,gemma4it_tb_uniform1_no_video.json
uniform,1,no_video,861,215,TimeBlind/videos/vid_00215_1.mp4,Does the cylinder initially bend by about 30 degrees?,no,"Please provide the context, image, or description of the problem you are referring to. Without the specific problem statement or diagram, I cannot determine the answer.",,0,,,,gemma4it_tb_uniform1_no_video.json
uniform,1,no_video,862,215,TimeBlind/videos/vid_00215_0.mp4,Does the cylinder bend to about 60 degrees the first time?,no,"thought
<channel|>I do not have enough context to answer this question. Please provide the text, image, or description you are referring to.",,0,,,,gemma4it_tb_uniform1_no_video.json
uniform,1,no_video,863,215,TimeBlind/videos/vid_00215_1.mp4,Does the cylinder bend to about 60 degrees the first time?,yes,"thought
<channel|>I do not have enough context to answer this question. Please provide the text, image, or description you are referring to.",,0,,,,gemma4it_tb_uniform1_no_video.json
uniform,1,no_video,864,216,TimeBlind/videos/vid_00216_0.mp4,Does the person keep the coffee cup steady while pouring milk into it?,yes,"thought
<channel|>Please provide the video or image you are referring to so I can answer your question.",,0,,,,gemma4it_tb_uniform1_no_video.json
uniform,1,no_video,865,216,TimeBlind/videos/vid_00216_1.mp4,Does the person keep the coffee cup steady while pouring milk into it?,no,"thought
<channel|>Please provide the video or image you are referring to so I can answer your question.",,0,,,,gemma4it_tb_uniform1_no_video.json
uniform,1,no_video,866,216,TimeBlind/videos/vid_00216_0.mp4,Does the person shake the cup while pouring milk into their coffee?,no,Please provide the video or description of the action you are referring to so I can give you an accurate answer.,,0,,,,gemma4it_tb_uniform1_no_video.json
uniform,1,no_video,867,216,TimeBlind/videos/vid_00216_1.mp4,Does the person shake the cup while pouring milk into their coffee?,yes,Please provide the video or description of the action you are referring to so I can give you an accurate answer.,,0,,,,gemma4it_tb_uniform1_no_video.json
uniform,1,no_video,868,217,TimeBlind/videos/vid_00217_0.mp4,Does the person lift the dumbbell three times?,yes,Please provide the video or description of the action so I can answer your question.,,0,,,,gemma4it_tb_uniform1_no_video.json
uniform,1,no_video,869,217,TimeBlind/videos/vid_00217_1.mp4,Does the person lift the dumbbell three times?,no,Please provide the video or description of the action so I can answer your question.,,0,,,,gemma4it_tb_uniform1_no_video.json
uniform,1,no_video,870,217,TimeBlind/videos/vid_00217_0.mp4,Does the person lift a dumbbell four times?,no,"Please provide the text, image, or video you are referring to so I can answer your question.",,0,,,,gemma4it_tb_uniform1_no_video.json
uniform,1,no_video,871,217,TimeBlind/videos/vid_00217_1.mp4,Does the person lift a dumbbell four times?,yes,"Please provide the text, image, or video you are referring to so I can answer your question.",,0,,,,gemma4it_tb_uniform1_no_video.json
uniform,1,no_video,872,218,TimeBlind/videos/vid_00218_0.mp4,Is the screen swiped to the right?,yes,I cannot see the screen or any image you are referring to. Please provide an image or a description of the screen so I can help you.,,0,,,,gemma4it_tb_uniform1_no_video.json
uniform,1,no_video,873,218,TimeBlind/videos/vid_00218_1.mp4,Is the screen swiped to the right?,no,I cannot see the screen or any image you are referring to. Please provide an image or a description of the screen so I can help you.,,0,,,,gemma4it_tb_uniform1_no_video.json
uniform,1,no_video,874,218,TimeBlind/videos/vid_00218_0.mp4,Is the screen swiped to the left?,no,I cannot see the screen or any image you are referring to. Please provide an image or a description of the screen so I can help you.,,0,,,,gemma4it_tb_uniform1_no_video.json
uniform,1,no_video,875,218,TimeBlind/videos/vid_00218_1.mp4,Is the screen swiped to the left?,yes,I cannot see the screen or any image you are referring to. Please provide an image or a description of the screen so I can help you.,,0,,,,gemma4it_tb_uniform1_no_video.json
uniform,1,no_video,876,219,TimeBlind/videos/vid_00219_0.mp4,Is the bottle cap being twisted clockwise?,yes,"Please provide an image or a video of the bottle cap so I can see the direction of the twist. Without a visual reference, I cannot determine the answer.",,0,,,,gemma4it_tb_uniform1_no_video.json
uniform,1,no_video,877,219,TimeBlind/videos/vid_00219_1.mp4,Is the bottle cap being twisted clockwise?,no,"Please provide an image or a video of the bottle cap so I can see the direction of the twist. Without a visual reference, I cannot determine the answer.",,0,,,,gemma4it_tb_uniform1_no_video.json
uniform,1,no_video,878,219,TimeBlind/videos/vid_00219_0.mp4,Is the bottle cap being twisted counterclockwise?,no,"Please provide an image or a video of the bottle cap so I can see the direction of the twist. Without a visual reference, I cannot determine the answer.",,0,,,,gemma4it_tb_uniform1_no_video.json
uniform,1,no_video,879,219,TimeBlind/videos/vid_00219_1.mp4,Is the bottle cap being twisted counterclockwise?,yes,"Please provide an image or a video of the bottle cap so I can see the direction of the twist. Without a visual reference, I cannot determine the answer.",,0,,,,gemma4it_tb_uniform1_no_video.json
uniform,1,no_video,880,220,TimeBlind/videos/vid_00220_0.mp4,Is the man still preparing to take the free throw?,yes,Please provide the image or video you are referring to so I can answer your question.,,0,,,,gemma4it_tb_uniform1_no_video.json
uniform,1,no_video,881,220,TimeBlind/videos/vid_00220_1.mp4,Is the man still preparing to take the free throw?,no,Please provide the image or video you are referring to so I can answer your question.,,0,,,,gemma4it_tb_uniform1_no_video.json
uniform,1,no_video,882,220,TimeBlind/videos/vid_00220_0.mp4,Has the man successfully made the free throw?,no,Please provide the image or video you are referring to so I can see the action and give you an accurate answer.,,0,,,,gemma4it_tb_uniform1_no_video.json
uniform,1,no_video,883,220,TimeBlind/videos/vid_00220_1.mp4,Has the man successfully made the free throw?,yes,Please provide the image or video you are referring to so I can see the action and give you an accurate answer.,,0,,,,gemma4it_tb_uniform1_no_video.json
uniform,1,no_video,884,221,TimeBlind/videos/vid_00221_0.mp4,Does the boy make the basket on his first try?,yes,"Please provide the text, video, or context you are referring to so I can give you the correct answer.",,0,,,,gemma4it_tb_uniform1_no_video.json
uniform,1,no_video,885,221,TimeBlind/videos/vid_00221_1.mp4,Does the boy make the basket on his first try?,no,"Please provide the text, video, or context you are referring to so I can give you the correct answer.",,0,,,,gemma4it_tb_uniform1_no_video.json
uniform,1,no_video,886,221,TimeBlind/videos/vid_00221_0.mp4,Does the boy miss the basket on his first try?,no,"Please provide the text, video, or context you are referring to so I can give you an accurate answer.",,0,,,,gemma4it_tb_uniform1_no_video.json
uniform,1,no_video,887,221,TimeBlind/videos/vid_00221_1.mp4,Does the boy miss the basket on his first try?,yes,"Please provide the text, video, or context you are referring to so I can give you an accurate answer.",,0,,,,gemma4it_tb_uniform1_no_video.json
uniform,1,no_video,888,222,TimeBlind/videos/vid_00222_0.mp4,Does this person walk forward slowly at first and then speed up?,yes,"Please provide the video, image, or description of the person you are referring to so I can answer your question.",,0,,,,gemma4it_tb_uniform1_no_video.json
uniform,1,no_video,889,222,TimeBlind/videos/vid_00222_1.mp4,Does this person walk forward slowly at first and then speed up?,no,"Please provide the video, image, or description of the person you are referring to so I can answer your question.",,0,,,,gemma4it_tb_uniform1_no_video.json
uniform,1,no_video,890,222,TimeBlind/videos/vid_00222_0.mp4,Does this person walk forward quickly at first and then slow down?,no,"Please provide the video, image, or description of the person you are referring to so I can answer your question.",,0,,,,gemma4it_tb_uniform1_no_video.json
uniform,1,no_video,891,222,TimeBlind/videos/vid_00222_1.mp4,Does this person walk forward quickly at first and then slow down?,yes,"Please provide the video, image, or description of the person you are referring to so I can answer your question.",,0,,,,gemma4it_tb_uniform1_no_video.json
uniform,1,no_video,892,223,TimeBlind/videos/vid_00223_0.mp4,Is the screen swiped up?,yes,"I do not have access to your device's screen or real-time hardware status, so I cannot see if the screen is swiped up.",,0,,,,gemma4it_tb_uniform1_no_video.json
uniform,1,no_video,893,223,TimeBlind/videos/vid_00223_1.mp4,Is the screen swiped up?,no,"I do not have access to your device's screen or real-time hardware status, so I cannot see if the screen is swiped up.",,0,,,,gemma4it_tb_uniform1_no_video.json
uniform,1,no_video,894,223,TimeBlind/videos/vid_00223_0.mp4,Is the screen swiped down?,no,"I do not have access to your device's screen or real-time interface. Therefore, I cannot see if your screen is swiped down.",,0,,,,gemma4it_tb_uniform1_no_video.json
uniform,1,no_video,895,223,TimeBlind/videos/vid_00223_1.mp4,Is the screen swiped down?,yes,"I do not have access to your device's screen or real-time interface. Therefore, I cannot see if your screen is swiped down.",,0,,,,gemma4it_tb_uniform1_no_video.json
uniform,1,no_video,896,224,TimeBlind/videos/vid_00224_0.mp4,Does the person in the video fully fold the T-shirt?,yes,Please provide the video you are referring to. I cannot see or analyze a video unless you upload it or provide a link to it.,,0,,,,gemma4it_tb_uniform1_no_video.json
uniform,1,no_video,897,224,TimeBlind/videos/vid_00224_1.mp4,Does the person in the video fully fold the T-shirt?,no,Please provide the video you are referring to. I cannot see or analyze a video unless you upload it or provide a link to it.,,0,,,,gemma4it_tb_uniform1_no_video.json
uniform,1,no_video,898,224,TimeBlind/videos/vid_00224_0.mp4,Does the person in the video leave the T-shirt not fully folded?,no,I do not have a video to analyze. Please provide the video or a link to it so I can answer your question.,,0,,,,gemma4it_tb_uniform1_no_video.json
uniform,1,no_video,899,224,TimeBlind/videos/vid_00224_1.mp4,Does the person in the video leave the T-shirt not fully folded?,yes,I do not have a video to analyze. Please provide the video or a link to it so I can answer your question.,,0,,,,gemma4it_tb_uniform1_no_video.json
uniform,1,no_video,900,225,TimeBlind/videos/vid_00225_0.mp4,Does the top strip turn off before the bottom strip turns on?,yes,"I cannot answer this question because you have not provided a description, image, or context regarding the ""top strip"" and ""bottom strip"" you are referring to. Please provide more details so I can assist you.",,0,,,,gemma4it_tb_uniform1_no_video.json
uniform,1,no_video,901,225,TimeBlind/videos/vid_00225_1.mp4,Does the top strip turn off before the bottom strip turns on?,no,"I cannot answer this question because you have not provided a description, image, or context regarding the ""top strip"" and ""bottom strip"" you are referring to. Please provide more details so I can assist you.",,0,,,,gemma4it_tb_uniform1_no_video.json
uniform,1,no_video,902,225,TimeBlind/videos/vid_00225_0.mp4,Are both strips on at the same time at any point?,no,"Please provide the context, image, or description of the ""strips"" you are referring to so I can give you an accurate answer.",,0,,,,gemma4it_tb_uniform1_no_video.json
uniform,1,no_video,903,225,TimeBlind/videos/vid_00225_1.mp4,Are both strips on at the same time at any point?,yes,"Please provide the context, image, or description of the ""strips"" you are referring to so I can give you an accurate answer.",,0,,,,gemma4it_tb_uniform1_no_video.json
uniform,1,no_video,904,226,TimeBlind/videos/vid_00226_0.mp4,Does the bottom strip turn on the exact moment the top strip turns off?,yes,"I cannot answer this question because you have not provided an image, video, or description of the strips you are referring to. Please provide the context so I can give you an accurate answer.",,0,,,,gemma4it_tb_uniform1_no_video.json
uniform,1,no_video,905,226,TimeBlind/videos/vid_00226_1.mp4,Does the bottom strip turn on the exact moment the top strip turns off?,no,"I cannot answer this question because you have not provided an image, video, or description of the strips you are referring to. Please provide the context so I can give you an accurate answer.",,0,,,,gemma4it_tb_uniform1_no_video.json
uniform,1,no_video,906,226,TimeBlind/videos/vid_00226_0.mp4,Is the bottom strip already lit when the top strip first turns on?,no,"thought
<channel|>I cannot answer this question because you haven't provided a video, image, or description of the strips you are referring to. Please provide the context so I can give you an accurate answer.",,0,,,,gemma4it_tb_uniform1_no_video.json
uniform,1,no_video,907,226,TimeBlind/videos/vid_00226_1.mp4,Is the bottom strip already lit when the top strip first turns on?,yes,"thought
<channel|>I cannot answer this question because you haven't provided a video, image, or description of the strips you are referring to. Please provide the context so I can give you an accurate answer.",,0,,,,gemma4it_tb_uniform1_no_video.json
uniform,1,no_video,908,227,TimeBlind/videos/vid_00227_0.mp4,Does the top strip turn on before the bottom strip?,yes,"I cannot answer this question because you haven't provided an image, video, or description of the strips you are referring to. Please provide the context so I can give you an accurate answer.",,0,,,,gemma4it_tb_uniform1_no_video.json
uniform,1,no_video,909,227,TimeBlind/videos/vid_00227_1.mp4,Does the top strip turn on before the bottom strip?,no,"I cannot answer this question because you haven't provided an image, video, or description of the strips you are referring to. Please provide the context so I can give you an accurate answer.",,0,,,,gemma4it_tb_uniform1_no_video.json
uniform,1,no_video,910,227,TimeBlind/videos/vid_00227_0.mp4,Does the bottom strip turn off before the top strip turns off?,no,I do not have enough information to answer this question. Please provide a description or an image of the strips you are referring to.,,0,,,,gemma4it_tb_uniform1_no_video.json
uniform,1,no_video,911,227,TimeBlind/videos/vid_00227_1.mp4,Does the bottom strip turn off before the top strip turns off?,yes,I do not have enough information to answer this question. Please provide a description or an image of the strips you are referring to.,,0,,,,gemma4it_tb_uniform1_no_video.json
uniform,1,no_video,912,228,TimeBlind/videos/vid_00228_0.mp4,Does the bottom strip stay lit longer than the top strip?,yes,"I cannot answer this question because you haven't provided an image, video, or description of the strips you are referring to. Please provide the context so I can give you an accurate answer.",,0,,,,gemma4it_tb_uniform1_no_video.json
uniform,1,no_video,913,228,TimeBlind/videos/vid_00228_1.mp4,Does the bottom strip stay lit longer than the top strip?,no,"I cannot answer this question because you haven't provided an image, video, or description of the strips you are referring to. Please provide the context so I can give you an accurate answer.",,0,,,,gemma4it_tb_uniform1_no_video.json
uniform,1,no_video,914,228,TimeBlind/videos/vid_00228_0.mp4,Does the top strip stay lit longer than the bottom strip?,no,"I cannot answer this question because you haven't provided an image, video, or description of the strips you are referring to. Please provide the context so I can give you an accurate answer.",,0,,,,gemma4it_tb_uniform1_no_video.json
uniform,1,no_video,915,228,TimeBlind/videos/vid_00228_1.mp4,Does the top strip stay lit longer than the bottom strip?,yes,"I cannot answer this question because you haven't provided an image, video, or description of the strips you are referring to. Please provide the context so I can give you an accurate answer.",,0,,,,gemma4it_tb_uniform1_no_video.json
uniform,1,no_video,916,229,TimeBlind/videos/vid_00229_0.mp4,Does the bottom strip turn on before the top strip?,yes,"I cannot answer this question because you haven't provided an image, video, or description of the strips you are referring to. Please provide more context!",,0,,,,gemma4it_tb_uniform1_no_video.json
uniform,1,no_video,917,229,TimeBlind/videos/vid_00229_1.mp4,Does the bottom strip turn on before the top strip?,no,"I cannot answer this question because you haven't provided an image, video, or description of the strips you are referring to. Please provide more context!",,0,,,,gemma4it_tb_uniform1_no_video.json
uniform,1,no_video,918,229,TimeBlind/videos/vid_00229_0.mp4,Does the top strip turn on before the bottom strip?,no,"I cannot answer this question because you haven't provided an image, video, or description of the strips you are referring to. Please provide the context so I can give you an accurate answer.",,0,,,,gemma4it_tb_uniform1_no_video.json
uniform,1,no_video,919,229,TimeBlind/videos/vid_00229_1.mp4,Does the top strip turn on before the bottom strip?,yes,"I cannot answer this question because you haven't provided an image, video, or description of the strips you are referring to. Please provide the context so I can give you an accurate answer.",,0,,,,gemma4it_tb_uniform1_no_video.json
uniform,1,no_video,920,230,TimeBlind/videos/vid_00230_0.mp4,Is the top strip’s lit interval entirely within the bottom strip’s lit interval?,yes,Please provide the image or the specific time intervals for the top and bottom strips so I can give you an accurate answer.,,0,,,,gemma4it_tb_uniform1_no_video.json
uniform,1,no_video,921,230,TimeBlind/videos/vid_00230_1.mp4,Is the top strip’s lit interval entirely within the bottom strip’s lit interval?,no,Please provide the image or the specific time intervals for the top and bottom strips so I can give you an accurate answer.,,0,,,,gemma4it_tb_uniform1_no_video.json
uniform,1,no_video,922,230,TimeBlind/videos/vid_00230_0.mp4,Is the bottom strip’s lit interval entirely within the top strip’s lit interval?,no,"Please provide the image or the specific time intervals for the ""bottom strip"" and the ""top strip"" so I can give you an accurate answer.",,0,,,,gemma4it_tb_uniform1_no_video.json
uniform,1,no_video,923,230,TimeBlind/videos/vid_00230_1.mp4,Is the bottom strip’s lit interval entirely within the top strip’s lit interval?,yes,"Please provide the image or the specific time intervals for the ""bottom strip"" and the ""top strip"" so I can give you an accurate answer.",,0,,,,gemma4it_tb_uniform1_no_video.json
uniform,1,no_video,924,231,TimeBlind/videos/vid_00231_0.mp4,Do the two strips start at the same moment?,yes,"Please provide the image or the description of the ""two strips"" you are referring to. Without the visual or textual context, I cannot see what you are looking at to give you an accurate answer.",,0,,,,gemma4it_tb_uniform1_no_video.json
uniform,1,no_video,925,231,TimeBlind/videos/vid_00231_1.mp4,Do the two strips start at the same moment?,no,"Please provide the image or the description of the ""two strips"" you are referring to. Without the visual or textual context, I cannot see what you are looking at to give you an accurate answer.",,0,,,,gemma4it_tb_uniform1_no_video.json
uniform,1,no_video,926,231,TimeBlind/videos/vid_00231_0.mp4,Does the top strip finish before the bottom strip turns on?,no,"I do not have enough information to answer this question. Please provide the context, such as a video, a description of a sequence, or a specific scenario, so I can determine the order of events.",,0,,,,gemma4it_tb_uniform1_no_video.json
uniform,1,no_video,927,231,TimeBlind/videos/vid_00231_1.mp4,Does the top strip finish before the bottom strip turns on?,yes,"I do not have enough information to answer this question. Please provide the context, such as a video, a description of a sequence, or a specific scenario, so I can determine the order of events.",,0,,,,gemma4it_tb_uniform1_no_video.json
uniform,1,no_video,928,232,TimeBlind/videos/vid_00232_0.mp4,Does the bottom strip turn off at the exact moment the top strip turns on?,yes,"I cannot answer this question because you have not provided an image, video, or description of the strips you are referring to. Please provide the context or media so I can give you an accurate answer.",,0,,,,gemma4it_tb_uniform1_no_video.json
uniform,1,no_video,929,232,TimeBlind/videos/vid_00232_1.mp4,Does the bottom strip turn off at the exact moment the top strip turns on?,no,"I cannot answer this question because you have not provided an image, video, or description of the strips you are referring to. Please provide the context or media so I can give you an accurate answer.",,0,,,,gemma4it_tb_uniform1_no_video.json
uniform,1,no_video,930,232,TimeBlind/videos/vid_00232_0.mp4,Is there a clear pause between the bottom turning off and the top turning on?,no,"I cannot answer this question because you haven't provided a video, audio clip, or description of the sequence you are referring to. Please provide the context or media so I can give you an accurate answer.",,0,,,,gemma4it_tb_uniform1_no_video.json
uniform,1,no_video,931,232,TimeBlind/videos/vid_00232_1.mp4,Is there a clear pause between the bottom turning off and the top turning on?,yes,"I cannot answer this question because you haven't provided a video, audio clip, or description of the sequence you are referring to. Please provide the context or media so I can give you an accurate answer.",,0,,,,gemma4it_tb_uniform1_no_video.json
uniform,1,no_video,932,233,TimeBlind/videos/vid_00233_0.mp4,Does the bottom strip start before the top strip starts?,yes,Please provide the image or description you are referring to so I can give you an accurate answer.,,0,,,,gemma4it_tb_uniform1_no_video.json
uniform,1,no_video,933,233,TimeBlind/videos/vid_00233_1.mp4,Does the bottom strip start before the top strip starts?,no,Please provide the image or description you are referring to so I can give you an accurate answer.,,0,,,,gemma4it_tb_uniform1_no_video.json
uniform,1,no_video,934,233,TimeBlind/videos/vid_00233_0.mp4,Does the bottom strip turn on immediately after the top strip turns off?,no,"thought
<channel|>I cannot answer this question because you haven't provided a description, video, or context regarding the ""top strip"" and ""bottom strip."" Please provide the relevant information so I can give you an accurate answer.",,0,,,,gemma4it_tb_uniform1_no_video.json
uniform,1,no_video,935,233,TimeBlind/videos/vid_00233_1.mp4,Does the bottom strip turn on immediately after the top strip turns off?,yes,"thought
<channel|>I cannot answer this question because you haven't provided a description, video, or context regarding the ""top strip"" and ""bottom strip."" Please provide the relevant information so I can give you an accurate answer.",,0,,,,gemma4it_tb_uniform1_no_video.json
uniform,1,no_video,936,234,TimeBlind/videos/vid_00234_0.mp4,Does the top strip remain on the whole time the bottom strip is on?,yes,"I cannot answer this question because you haven't provided an image, video, or description of the strips you are referring to. Please provide the context so I can give you an accurate answer.",,0,,,,gemma4it_tb_uniform1_no_video.json
uniform,1,no_video,937,234,TimeBlind/videos/vid_00234_1.mp4,Does the top strip remain on the whole time the bottom strip is on?,no,"I cannot answer this question because you haven't provided an image, video, or description of the strips you are referring to. Please provide the context so I can give you an accurate answer.",,0,,,,gemma4it_tb_uniform1_no_video.json
uniform,1,no_video,938,234,TimeBlind/videos/vid_00234_0.mp4,Does the bottom strip stay lit after the top strip turns off?,no,"I cannot answer this question because you haven't provided a description, image, or context regarding the specific device or light strip you are referring to. Please provide more details!",,0,,,,gemma4it_tb_uniform1_no_video.json
uniform,1,no_video,939,234,TimeBlind/videos/vid_00234_1.mp4,Does the bottom strip stay lit after the top strip turns off?,yes,"I cannot answer this question because you haven't provided a description, image, or context regarding the specific device or light strip you are referring to. Please provide more details!",,0,,,,gemma4it_tb_uniform1_no_video.json
uniform,1,no_video,940,235,TimeBlind/videos/vid_00235_0.mp4,Do the two strips turn on at the exact same time?,yes,I cannot see the image or context you are referring to. Please provide the image or description so I can answer your question.,,0,,,,gemma4it_tb_uniform1_no_video.json
uniform,1,no_video,941,235,TimeBlind/videos/vid_00235_1.mp4,Do the two strips turn on at the exact same time?,no,I cannot see the image or context you are referring to. Please provide the image or description so I can answer your question.,,0,,,,gemma4it_tb_uniform1_no_video.json
uniform,1,no_video,942,235,TimeBlind/videos/vid_00235_0.mp4,Is the top strip stay on only while the bottom strip is lit?,no,"ethought
<channel|>Please provide the image or description of the device you are referring to, as I cannot see the object you are asking about.",,0,,,,gemma4it_tb_uniform1_no_video.json
uniform,1,no_video,943,235,TimeBlind/videos/vid_00235_1.mp4,Is the top strip stay on only while the bottom strip is lit?,yes,"ethought
<channel|>Please provide the image or description of the device you are referring to, as I cannot see the object you are asking about.",,0,,,,gemma4it_tb_uniform1_no_video.json
uniform,1,no_video,944,236,TimeBlind/videos/vid_00236_0.mp4,Do both strips turn off at the same time?,yes,"I cannot answer this question because you haven't provided a description, image, or context regarding the ""strips"" you are referring to. Please provide more information so I can help you.",,0,,,,gemma4it_tb_uniform1_no_video.json
uniform,1,no_video,945,236,TimeBlind/videos/vid_00236_1.mp4,Do both strips turn off at the same time?,no,"I cannot answer this question because you haven't provided a description, image, or context regarding the ""strips"" you are referring to. Please provide more information so I can help you.",,0,,,,gemma4it_tb_uniform1_no_video.json
uniform,1,no_video,946,236,TimeBlind/videos/vid_00236_0.mp4,Does the bottom strip stay on after the top strip turns off?,no,I do not have enough information to answer this question. Please provide a description or an image of the device or system you are referring to.,,0,,,,gemma4it_tb_uniform1_no_video.json
uniform,1,no_video,947,236,TimeBlind/videos/vid_00236_1.mp4,Does the bottom strip stay on after the top strip turns off?,yes,I do not have enough information to answer this question. Please provide a description or an image of the device or system you are referring to.,,0,,,,gemma4it_tb_uniform1_no_video.json
uniform,1,no_video,948,237,TimeBlind/videos/vid_00237_0.mp4,Do both strips turn off at the same time?,yes,"I cannot answer this question because you haven't provided a description, image, or context regarding the ""strips"" you are referring to. Please provide more information so I can help you.",,0,,,,gemma4it_tb_uniform1_no_video.json
uniform,1,no_video,949,237,TimeBlind/videos/vid_00237_1.mp4,Do both strips turn off at the same time?,no,"I cannot answer this question because you haven't provided a description, image, or context regarding the ""strips"" you are referring to. Please provide more information so I can help you.",,0,,,,gemma4it_tb_uniform1_no_video.json
uniform,1,no_video,950,237,TimeBlind/videos/vid_00237_0.mp4,Is the top strip stay on only while the bottom strip is lit?,no,"ethought
<channel|>Please provide the image or description of the device you are referring to, as I cannot see the object you are asking about.",,0,,,,gemma4it_tb_uniform1_no_video.json
uniform,1,no_video,951,237,TimeBlind/videos/vid_00237_1.mp4,Is the top strip stay on only while the bottom strip is lit?,yes,"ethought
<channel|>Please provide the image or description of the device you are referring to, as I cannot see the object you are asking about.",,0,,,,gemma4it_tb_uniform1_no_video.json
uniform,1,no_video,952,238,TimeBlind/videos/vid_00238_0.mp4,Does the top strip turn on before the bottom strip?,yes,"I cannot answer this question because you haven't provided an image, video, or description of the strips you are referring to. Please provide the context so I can give you an accurate answer.",,0,,,,gemma4it_tb_uniform1_no_video.json
uniform,1,no_video,953,238,TimeBlind/videos/vid_00238_1.mp4,Does the top strip turn on before the bottom strip?,no,"I cannot answer this question because you haven't provided an image, video, or description of the strips you are referring to. Please provide the context so I can give you an accurate answer.",,0,,,,gemma4it_tb_uniform1_no_video.json
uniform,1,no_video,954,238,TimeBlind/videos/vid_00238_0.mp4,Is the bottom strip already lit when the top strip turns on?,no,"I cannot answer this question because you haven't provided a description, image, or context regarding the strips you are referring to. Please provide more details!",,0,,,,gemma4it_tb_uniform1_no_video.json
uniform,1,no_video,955,238,TimeBlind/videos/vid_00238_1.mp4,Is the bottom strip already lit when the top strip turns on?,yes,"I cannot answer this question because you haven't provided a description, image, or context regarding the strips you are referring to. Please provide more details!",,0,,,,gemma4it_tb_uniform1_no_video.json
uniform,1,no_video,956,239,TimeBlind/videos/vid_00239_0.mp4,Does the top strip finish before the bottom strip ever turns on?,yes,"I do not have enough context to answer this question. Please provide the text, video, or description you are referring to.",,0,,,,gemma4it_tb_uniform1_no_video.json
uniform,1,no_video,957,239,TimeBlind/videos/vid_00239_1.mp4,Does the top strip finish before the bottom strip ever turns on?,no,"I do not have enough context to answer this question. Please provide the text, video, or description you are referring to.",,0,,,,gemma4it_tb_uniform1_no_video.json
uniform,1,no_video,958,239,TimeBlind/videos/vid_00239_0.mp4,Does the bottom strip turn off exactly when the top strip turns on?,no,"thought
<channel|>I cannot answer this question because you haven't provided an image, video, or description of the strips you are referring to. Please provide the context or media so I can give you an accurate answer.",,0,,,,gemma4it_tb_uniform1_no_video.json
uniform,1,no_video,959,239,TimeBlind/videos/vid_00239_1.mp4,Does the bottom strip turn off exactly when the top strip turns on?,yes,"thought
<channel|>I cannot answer this question because you haven't provided an image, video, or description of the strips you are referring to. Please provide the context or media so I can give you an accurate answer.",,0,,,,gemma4it_tb_uniform1_no_video.json
uniform,1,no_video,960,240,TimeBlind/videos/vid_00240_0.mp4,Does one strip stay lit longer than the other?,yes,I cannot answer this question because you have not provided an image or a description of the strips you are referring to.,,0,,,,gemma4it_tb_uniform1_no_video.json
uniform,1,no_video,961,240,TimeBlind/videos/vid_00240_1.mp4,Does one strip stay lit longer than the other?,no,I cannot answer this question because you have not provided an image or a description of the strips you are referring to.,,0,,,,gemma4it_tb_uniform1_no_video.json
uniform,1,no_video,962,240,TimeBlind/videos/vid_00240_0.mp4,Do both strips stay lit for exactly the same length of time?,no,Please provide the image or description of the strips you are referring to so I can give you an accurate answer.,,0,,,,gemma4it_tb_uniform1_no_video.json
uniform,1,no_video,963,240,TimeBlind/videos/vid_00240_1.mp4,Do both strips stay lit for exactly the same length of time?,yes,Please provide the image or description of the strips you are referring to so I can give you an accurate answer.,,0,,,,gemma4it_tb_uniform1_no_video.json
uniform,1,no_video,964,241,TimeBlind/videos/vid_00241_0.mp4,Is the bottom strip already on when the top strip turns on?,yes,"I cannot answer this question because you haven't provided a description, image, or context regarding the ""top strip"" and ""bottom strip"" you are referring to. Please provide more details!",,0,,,,gemma4it_tb_uniform1_no_video.json
uniform,1,no_video,965,241,TimeBlind/videos/vid_00241_1.mp4,Is the bottom strip already on when the top strip turns on?,no,"I cannot answer this question because you haven't provided a description, image, or context regarding the ""top strip"" and ""bottom strip"" you are referring to. Please provide more details!",,0,,,,gemma4it_tb_uniform1_no_video.json
uniform,1,no_video,966,241,TimeBlind/videos/vid_00241_0.mp4,Does the bottom strip turn on right when the top strip turns off?,no,"thought
<channel|>I cannot answer this question because you haven't provided an image, a description of a specific device, or a context (such as a circuit diagram or a logic puzzle) to refer to.

Please provide the necessary information so I can give you a ""Yes"" or ""No"" answer.",,0,,,,gemma4it_tb_uniform1_no_video.json
uniform,1,no_video,967,241,TimeBlind/videos/vid_00241_1.mp4,Does the bottom strip turn on right when the top strip turns off?,yes,"thought
<channel|>I cannot answer this question because you haven't provided an image, a description of a specific device, or a context (such as a circuit diagram or a logic puzzle) to refer to.

Please provide the necessary information so I can give you a ""Yes"" or ""No"" answer.",,0,,,,gemma4it_tb_uniform1_no_video.json
uniform,1,no_video,968,242,TimeBlind/videos/vid_00242_0.mp4,Does the top strip stay on after the bottom strip turns off?,yes,"I do not have enough context to answer this question. Please provide the specific product, device, or instructions you are referring to.",,0,,,,gemma4it_tb_uniform1_no_video.json
uniform,1,no_video,969,242,TimeBlind/videos/vid_00242_1.mp4,Does the top strip stay on after the bottom strip turns off?,no,"I do not have enough context to answer this question. Please provide the specific product, device, or instructions you are referring to.",,0,,,,gemma4it_tb_uniform1_no_video.json
uniform,1,no_video,970,242,TimeBlind/videos/vid_00242_0.mp4,Do both strips turn off at the same time?,no,"I cannot answer this question because you haven't provided a description, image, or context regarding the ""strips"" you are referring to. Please provide more information so I can help you.",,0,,,,gemma4it_tb_uniform1_no_video.json
uniform,1,no_video,971,242,TimeBlind/videos/vid_00242_1.mp4,Do both strips turn off at the same time?,yes,"I cannot answer this question because you haven't provided a description, image, or context regarding the ""strips"" you are referring to. Please provide more information so I can help you.",,0,,,,gemma4it_tb_uniform1_no_video.json
uniform,1,no_video,972,243,TimeBlind/videos/vid_00243_0.mp4,Do the two strips overlap in time?,yes,Please provide the time intervals for the two strips. You haven't included the data in your message yet.,,0,,,,gemma4it_tb_uniform1_no_video.json
uniform,1,no_video,973,243,TimeBlind/videos/vid_00243_1.mp4,Do the two strips overlap in time?,no,Please provide the time intervals for the two strips. You haven't included the data in your message yet.,,0,,,,gemma4it_tb_uniform1_no_video.json
uniform,1,no_video,974,243,TimeBlind/videos/vid_00243_0.mp4,Does the top strip only turn on after the bottom strip has already turned off?,no,"I cannot answer this question because you have not provided a video, image, or description of the strips you are referring to. Please provide the context so I can give you an accurate answer.",,0,,,,gemma4it_tb_uniform1_no_video.json
uniform,1,no_video,975,243,TimeBlind/videos/vid_00243_1.mp4,Does the top strip only turn on after the bottom strip has already turned off?,yes,"I cannot answer this question because you have not provided a video, image, or description of the strips you are referring to. Please provide the context so I can give you an accurate answer.",,0,,,,gemma4it_tb_uniform1_no_video.json
uniform,1,no_video,976,244,TimeBlind/videos/vid_00244_0.mp4,Do both strips turn on at the exact same moment?,yes,"I cannot answer this question because you haven't provided an image, video, or description of the strips you are referring to. Please provide the context so I can give you an accurate answer.",,0,,,,gemma4it_tb_uniform1_no_video.json
uniform,1,no_video,977,244,TimeBlind/videos/vid_00244_1.mp4,Do both strips turn on at the exact same moment?,no,"I cannot answer this question because you haven't provided an image, video, or description of the strips you are referring to. Please provide the context so I can give you an accurate answer.",,0,,,,gemma4it_tb_uniform1_no_video.json
uniform,1,no_video,978,244,TimeBlind/videos/vid_00244_0.mp4,Does the top strip stay lit longer than the bottom strip?,no,"I cannot answer this question because you haven't provided an image, video, or description of the strips you are referring to. Please provide the context so I can give you an accurate answer.",,0,,,,gemma4it_tb_uniform1_no_video.json
uniform,1,no_video,979,244,TimeBlind/videos/vid_00244_1.mp4,Does the top strip stay lit longer than the bottom strip?,yes,"I cannot answer this question because you haven't provided an image, video, or description of the strips you are referring to. Please provide the context so I can give you an accurate answer.",,0,,,,gemma4it_tb_uniform1_no_video.json
uniform,1,no_video,980,245,TimeBlind/videos/vid_00245_0.mp4,Is there a clear gap between the top strip turning off and the bottom strip turning on?,yes,I cannot see the image you are referring to. Please provide the image so I can answer your question.,,0,,,,gemma4it_tb_uniform1_no_video.json
uniform,1,no_video,981,245,TimeBlind/videos/vid_00245_1.mp4,Is there a clear gap between the top strip turning off and the bottom strip turning on?,no,I cannot see the image you are referring to. Please provide the image so I can answer your question.,,0,,,,gemma4it_tb_uniform1_no_video.json
uniform,1,no_video,982,245,TimeBlind/videos/vid_00245_0.mp4,Does the bottom strip start at the exact moment the top strip turns off?,no,I cannot see the image or video you are referring to. Please provide the visual content so I can answer your question.,,0,,,,gemma4it_tb_uniform1_no_video.json
uniform,1,no_video,983,245,TimeBlind/videos/vid_00245_1.mp4,Does the bottom strip start at the exact moment the top strip turns off?,yes,I cannot see the image or video you are referring to. Please provide the visual content so I can answer your question.,,0,,,,gemma4it_tb_uniform1_no_video.json
uniform,1,no_video,984,246,TimeBlind/videos/vid_00246_0.mp4,Does the bottom strip remain lit after the top strip turns off?,yes,"I cannot answer this question because you haven't provided an image, video, or description of the specific device or light fixture you are referring to. Please provide more context or an image.",,0,,,,gemma4it_tb_uniform1_no_video.json
uniform,1,no_video,985,246,TimeBlind/videos/vid_00246_1.mp4,Does the bottom strip remain lit after the top strip turns off?,no,"I cannot answer this question because you haven't provided an image, video, or description of the specific device or light fixture you are referring to. Please provide more context or an image.",,0,,,,gemma4it_tb_uniform1_no_video.json
uniform,1,no_video,986,246,TimeBlind/videos/vid_00246_0.mp4,Does the top strip remain lit after the bottom strip turns off?,no,"I cannot answer this question because you haven't provided a description, image, or context regarding the specific device or light strip you are referring to. Please provide more details!",,0,,,,gemma4it_tb_uniform1_no_video.json
uniform,1,no_video,987,246,TimeBlind/videos/vid_00246_1.mp4,Does the top strip remain lit after the bottom strip turns off?,yes,"I cannot answer this question because you haven't provided a description, image, or context regarding the specific device or light strip you are referring to. Please provide more details!",,0,,,,gemma4it_tb_uniform1_no_video.json
uniform,1,no_video,988,247,TimeBlind/videos/vid_00247_0.mp4,"After they turn on together, does the bottom strip stay lit longer?",yes,"thought
<channel|>I cannot answer this question because you haven't provided a description, image, or context regarding what ""they"" are (e.g., a specific product, a light fixture, or a piece of hardware).

Please provide more details or a link to the product you are referring to.",,0,,,,gemma4it_tb_uniform1_no_video.json
uniform,1,no_video,989,247,TimeBlind/videos/vid_00247_1.mp4,"After they turn on together, does the bottom strip stay lit longer?",no,"thought
<channel|>I cannot answer this question because you haven't provided a description, image, or context regarding what ""they"" are (e.g., a specific product, a light fixture, or a piece of hardware).

Please provide more details or a link to the product you are referring to.",,0,,,,gemma4it_tb_uniform1_no_video.json
uniform,1,no_video,990,247,TimeBlind/videos/vid_00247_0.mp4,"After they turn on together, does the top strip stay lit longer?",no,"thought
<channel|>I cannot answer this question because you haven't provided a description, image, or context regarding what ""they"" are (e.g., a specific product, a light fixture, or a circuit) or what the ""top strip"" refers to.

Please provide more details or an image so I can give you an accurate answer.",,0,,,,gemma4it_tb_uniform1_no_video.json
uniform,1,no_video,991,247,TimeBlind/videos/vid_00247_1.mp4,"After they turn on together, does the top strip stay lit longer?",yes,"thought
<channel|>I cannot answer this question because you haven't provided a description, image, or context regarding what ""they"" are (e.g., a specific product, a light fixture, or a circuit) or what the ""top strip"" refers to.

Please provide more details or an image so I can give you an accurate answer.",,0,,,,gemma4it_tb_uniform1_no_video.json
uniform,1,no_video,992,248,TimeBlind/videos/vid_00248_0.mp4,Is the top strip fully within the time the bottom strip is lit?,yes,"thought
<channel|>Please provide the image or the specific data/description you are referring to. I need to see the visual or the timeline to determine if the top strip is fully within the time the bottom strip is lit.",,0,,,,gemma4it_tb_uniform1_no_video.json
uniform,1,no_video,993,248,TimeBlind/videos/vid_00248_1.mp4,Is the top strip fully within the time the bottom strip is lit?,no,"thought
<channel|>Please provide the image or the specific data/description you are referring to. I need to see the visual or the timeline to determine if the top strip is fully within the time the bottom strip is lit.",,0,,,,gemma4it_tb_uniform1_no_video.json
uniform,1,no_video,994,248,TimeBlind/videos/vid_00248_0.mp4,Is the bottom strip fully within the time the top strip is lit?,no,"thought
<channel|>Please provide the image or the specific data/description you are referring to. I need to see the visual or the timing information to give you a ""Yes"" or ""No"" answer.",,0,,,,gemma4it_tb_uniform1_no_video.json
uniform,1,no_video,995,248,TimeBlind/videos/vid_00248_1.mp4,Is the bottom strip fully within the time the top strip is lit?,yes,"thought
<channel|>Please provide the image or the specific data/description you are referring to. I need to see the visual or the timing information to give you a ""Yes"" or ""No"" answer.",,0,,,,gemma4it_tb_uniform1_no_video.json
uniform,1,no_video,996,249,TimeBlind/videos/vid_00249_0.mp4,Does the bottom strip turn on before the top strip?,yes,"I cannot answer this question because you haven't provided an image, video, or description of the strips you are referring to. Please provide more context!",,0,,,,gemma4it_tb_uniform1_no_video.json
uniform,1,no_video,997,249,TimeBlind/videos/vid_00249_1.mp4,Does the bottom strip turn on before the top strip?,no,"I cannot answer this question because you haven't provided an image, video, or description of the strips you are referring to. Please provide more context!",,0,,,,gemma4it_tb_uniform1_no_video.json
uniform,1,no_video,998,249,TimeBlind/videos/vid_00249_0.mp4,Does the top strip turn on before the bottom strip?,no,"I cannot answer this question because you haven't provided an image, video, or description of the strips you are referring to. Please provide the context so I can give you an accurate answer.",,0,,,,gemma4it_tb_uniform1_no_video.json
uniform,1,no_video,999,249,TimeBlind/videos/vid_00249_1.mp4,Does the top strip turn on before the bottom strip?,yes,"I cannot answer this question because you haven't provided an image, video, or description of the strips you are referring to. Please provide the context so I can give you an accurate answer.",,0,,,,gemma4it_tb_uniform1_no_video.json
uniform,1,no_video,1000,250,TimeBlind/videos/vid_00250_0.mp4,Does the top strip start at the exact moment the bottom strip turns off?,yes,I cannot see the image or video you are referring to. Please provide the visual content so I can answer your question.,,0,,,,gemma4it_tb_uniform1_no_video.json
uniform,1,no_video,1001,250,TimeBlind/videos/vid_00250_1.mp4,Does the top strip start at the exact moment the bottom strip turns off?,no,I cannot see the image or video you are referring to. Please provide the visual content so I can answer your question.,,0,,,,gemma4it_tb_uniform1_no_video.json
uniform,1,no_video,1002,250,TimeBlind/videos/vid_00250_0.mp4,Is there a clear pause after the bottom strip turns off before the top strip starts?,no,I cannot see the video or image you are referring to. Please provide the media or a description of the sequence so I can answer your question.,,0,,,,gemma4it_tb_uniform1_no_video.json
uniform,1,no_video,1003,250,TimeBlind/videos/vid_00250_1.mp4,Is there a clear pause after the bottom strip turns off before the top strip starts?,yes,I cannot see the video or image you are referring to. Please provide the media or a description of the sequence so I can answer your question.,,0,,,,gemma4it_tb_uniform1_no_video.json
uniform,1,no_video,1004,251,TimeBlind/videos/vid_00251_0.mp4,Do the two strips turn off at the same time?,yes,"I cannot answer this question because you haven't provided a description, image, or context regarding what ""the two strips"" are. Please provide more information so I can help you.",,0,,,,gemma4it_tb_uniform1_no_video.json
uniform,1,no_video,1005,251,TimeBlind/videos/vid_00251_1.mp4,Do the two strips turn off at the same time?,no,"I cannot answer this question because you haven't provided a description, image, or context regarding what ""the two strips"" are. Please provide more information so I can help you.",,0,,,,gemma4it_tb_uniform1_no_video.json
uniform,1,no_video,1006,251,TimeBlind/videos/vid_00251_0.mp4,Does the bottom strip stay lit after the top strip turns off?,no,"I cannot answer this question because you haven't provided a description, image, or context regarding the specific device or light strip you are referring to. Please provide more details!",,0,,,,gemma4it_tb_uniform1_no_video.json
uniform,1,no_video,1007,251,TimeBlind/videos/vid_00251_1.mp4,Does the bottom strip stay lit after the top strip turns off?,yes,"I cannot answer this question because you haven't provided a description, image, or context regarding the specific device or light strip you are referring to. Please provide more details!",,0,,,,gemma4it_tb_uniform1_no_video.json
uniform,1,no_video,1008,252,TimeBlind/videos/vid_00252_0.mp4,Has the top strip already turned off by the time the bottom strip turns on?,yes,"I cannot answer this question because you haven't provided a description, video, or context regarding the strips you are referring to. Please provide the details so I can give you an accurate answer.",,0,,,,gemma4it_tb_uniform1_no_video.json
uniform,1,no_video,1009,252,TimeBlind/videos/vid_00252_1.mp4,Has the top strip already turned off by the time the bottom strip turns on?,no,"I cannot answer this question because you haven't provided a description, video, or context regarding the strips you are referring to. Please provide the details so I can give you an accurate answer.",,0,,,,gemma4it_tb_uniform1_no_video.json
uniform,1,no_video,1010,252,TimeBlind/videos/vid_00252_0.mp4,Do the two strips overlap in time at any point?,no,Please provide the time intervals for the two strips. You haven't included the data in your message yet.,,0,,,,gemma4it_tb_uniform1_no_video.json
uniform,1,no_video,1011,252,TimeBlind/videos/vid_00252_1.mp4,Do the two strips overlap in time at any point?,yes,Please provide the time intervals for the two strips. You haven't included the data in your message yet.,,0,,,,gemma4it_tb_uniform1_no_video.json
uniform,1,no_video,1012,253,TimeBlind/videos/vid_00253_0.mp4,Does the top strip stay on for the entire time the bottom strip is lit?,yes,"I cannot answer this question because you haven't provided an image, video, or description of the product you are referring to. Please provide more context or a link to the product.",,0,,,,gemma4it_tb_uniform1_no_video.json
uniform,1,no_video,1013,253,TimeBlind/videos/vid_00253_1.mp4,Does the top strip stay on for the entire time the bottom strip is lit?,no,"I cannot answer this question because you haven't provided an image, video, or description of the product you are referring to. Please provide more context or a link to the product.",,0,,,,gemma4it_tb_uniform1_no_video.json
uniform,1,no_video,1014,253,TimeBlind/videos/vid_00253_0.mp4,Does the bottom strip stay on for the entire time the top strip is lit?,no,"I cannot answer this question because you haven't provided an image, description, or context regarding the ""bottom strip"" and ""top strip"" you are referring to. Please provide more information or an image.",,0,,,,gemma4it_tb_uniform1_no_video.json
uniform,1,no_video,1015,253,TimeBlind/videos/vid_00253_1.mp4,Does the bottom strip stay on for the entire time the top strip is lit?,yes,"I cannot answer this question because you haven't provided an image, description, or context regarding the ""bottom strip"" and ""top strip"" you are referring to. Please provide more information or an image.",,0,,,,gemma4it_tb_uniform1_no_video.json
uniform,1,no_video,1016,254,TimeBlind/videos/vid_00254_0.mp4,Do the two strips turn off at the same time?,yes,"I cannot answer this question because you haven't provided a description, image, or context regarding what ""the two strips"" are. Please provide more information so I can help you.",,0,,,,gemma4it_tb_uniform1_no_video.json
uniform,1,no_video,1017,254,TimeBlind/videos/vid_00254_1.mp4,Do the two strips turn off at the same time?,no,"I cannot answer this question because you haven't provided a description, image, or context regarding what ""the two strips"" are. Please provide more information so I can help you.",,0,,,,gemma4it_tb_uniform1_no_video.json
uniform,1,no_video,1018,254,TimeBlind/videos/vid_00254_0.mp4,Does the bottom strip stay lit after the top strip turns off?,no,"I cannot answer this question because you haven't provided a description, image, or context regarding the specific device or light strip you are referring to. Please provide more details!",,0,,,,gemma4it_tb_uniform1_no_video.json
uniform,1,no_video,1019,254,TimeBlind/videos/vid_00254_1.mp4,Does the bottom strip stay lit after the top strip turns off?,yes,"I cannot answer this question because you haven't provided a description, image, or context regarding the specific device or light strip you are referring to. Please provide more details!",,0,,,,gemma4it_tb_uniform1_no_video.json
uniform,1,no_video,1020,255,TimeBlind/videos/vid_00255_0.mp4,Is the power strip being switched off the reason why the computer isn’t charging?,yes,"I cannot answer this question with a simple ""Yes"" or ""No"" because I do not have access to your physical environment or the ability to see your setup.

However, **yes**, if the power strip is switched off, it will cut the flow of electricity to any devices plugged into it, which would prevent your computer from charging.",,0,,,,gemma4it_tb_uniform1_no_video.json
uniform,1,no_video,1021,255,TimeBlind/videos/vid_00255_1.mp4,Is the power strip being switched off the reason why the computer isn’t charging?,no,"I cannot answer this question with a simple ""Yes"" or ""No"" because I do not have access to your physical environment or the ability to see your setup.

However, **yes**, if the power strip is switched off, it will cut the flow of electricity to any devices plugged into it, which would prevent your computer from charging.",,0,,,,gemma4it_tb_uniform1_no_video.json
uniform,1,no_video,1022,255,TimeBlind/videos/vid_00255_0.mp4,Is the charger being unplugged from the power strip the reason why the computer isn’t charging?,no,Yes,yes,0,,,,gemma4it_tb_uniform1_no_video.json
uniform,1,no_video,1023,255,TimeBlind/videos/vid_00255_1.mp4,Is the charger being unplugged from the power strip the reason why the computer isn’t charging?,yes,Yes,yes,1,,,,gemma4it_tb_uniform1_no_video.json
uniform,1,no_video,1024,256,TimeBlind/videos/vid_00256_0.mp4,"Was folder 'folder_2' moved into folder 'folder_1', causing it to disappear from the screen?",yes,"I do not have access to your computer's file system or screen, so I cannot see your folders or determine if a move occurred.

**No** (based on the information provided).",,0,,,,gemma4it_tb_uniform1_no_video.json
uniform,1,no_video,1025,256,TimeBlind/videos/vid_00256_1.mp4,"Was folder 'folder_2' moved into folder 'folder_1', causing it to disappear from the screen?",no,"I do not have access to your computer's file system or screen, so I cannot see your folders or determine if a move occurred.

**No** (based on the information provided).",,0,,,,gemma4it_tb_uniform1_no_video.json
uniform,1,no_video,1026,256,TimeBlind/videos/vid_00256_0.mp4,"Was folder 'folder_2' moved to the Trash, causing it to disappear from the screen?",no,"I do not have access to your computer's file system, screen, or real-time actions. Therefore, I cannot see if a folder was moved to the Trash.

**No** (I cannot confirm this action).",,0,,,,gemma4it_tb_uniform1_no_video.json
uniform,1,no_video,1027,256,TimeBlind/videos/vid_00256_1.mp4,"Was folder 'folder_2' moved to the Trash, causing it to disappear from the screen?",yes,"I do not have access to your computer's file system, screen, or real-time actions. Therefore, I cannot see if a folder was moved to the Trash.

**No** (I cannot confirm this action).",,0,,,,gemma4it_tb_uniform1_no_video.json
uniform,1,no_video,1028,257,TimeBlind/videos/vid_00257_0.mp4,Was clicking the Close button the reason the window disappeared from the screen?,yes,"thought
<channel|>I do not have access to your screen, your computer's activity logs, or the specific context of what happened. Therefore, I cannot determine the cause.

**No** (I cannot confirm this).",,0,,,,gemma4it_tb_uniform1_no_video.json
uniform,1,no_video,1029,257,TimeBlind/videos/vid_00257_1.mp4,Was clicking the Close button the reason the window disappeared from the screen?,no,"thought
<channel|>I do not have access to your screen, your computer's activity logs, or the specific context of what happened. Therefore, I cannot determine the cause.

**No** (I cannot confirm this).",,0,,,,gemma4it_tb_uniform1_no_video.json
uniform,1,no_video,1030,257,TimeBlind/videos/vid_00257_0.mp4,Was clicking the Minimize (Hide) button the reason the window disappeared from the screen?,no,"I do not have access to your computer screen or your actions. Therefore, I cannot know if that was the reason.",,0,,,,gemma4it_tb_uniform1_no_video.json
uniform,1,no_video,1031,257,TimeBlind/videos/vid_00257_1.mp4,Was clicking the Minimize (Hide) button the reason the window disappeared from the screen?,yes,"I do not have access to your computer screen or your actions. Therefore, I cannot know if that was the reason.",,0,,,,gemma4it_tb_uniform1_no_video.json
uniform,1,no_video,1032,258,TimeBlind/videos/vid_00258_0.mp4,"Was the close button clicked, causing the browser window to disappear from the screen?",yes,"I do not have access to your physical hardware, your screen, or your browser's real-time actions. Therefore, I cannot see if you clicked a button or if your window disappeared.

**No** (I cannot confirm this action).",,0,,,,gemma4it_tb_uniform1_no_video.json
uniform,1,no_video,1033,258,TimeBlind/videos/vid_00258_1.mp4,"Was the close button clicked, causing the browser window to disappear from the screen?",no,"I do not have access to your physical hardware, your screen, or your browser's real-time actions. Therefore, I cannot see if you clicked a button or if your window disappeared.

**No** (I cannot confirm this action).",,0,,,,gemma4it_tb_uniform1_no_video.json
uniform,1,no_video,1034,258,TimeBlind/videos/vid_00258_0.mp4,"Was the minimize button clicked, causing the browser window to disappear from the screen?",no,"I do not have access to your computer's hardware, operating system, or real-time screen activity. Therefore, I cannot see or know if you clicked the minimize button.

**No** (I cannot confirm this action).",,0,,,,gemma4it_tb_uniform1_no_video.json
uniform,1,no_video,1035,258,TimeBlind/videos/vid_00258_1.mp4,"Was the minimize button clicked, causing the browser window to disappear from the screen?",yes,"I do not have access to your computer's hardware, operating system, or real-time screen activity. Therefore, I cannot see or know if you clicked the minimize button.

**No** (I cannot confirm this action).",,0,,,,gemma4it_tb_uniform1_no_video.json
uniform,1,no_video,1036,259,TimeBlind/videos/vid_00259_0.mp4,Was the trackpad used to open the new browser window?,yes,"I do not have access to your physical actions or your computer's hardware inputs. Therefore, I cannot know if you used a trackpad to open a browser window.",,0,,,,gemma4it_tb_uniform1_no_video.json
uniform,1,no_video,1037,259,TimeBlind/videos/vid_00259_1.mp4,Was the trackpad used to open the new browser window?,no,"I do not have access to your physical actions or your computer's hardware inputs. Therefore, I cannot know if you used a trackpad to open a browser window.",,0,,,,gemma4it_tb_uniform1_no_video.json
uniform,1,no_video,1038,259,TimeBlind/videos/vid_00259_0.mp4,Was the mouse used to open the new browser window?,no,"I do not have access to your computer, your screen, or your physical actions. Therefore, I cannot see or know if you used a mouse to open a new browser window.",,0,,,,gemma4it_tb_uniform1_no_video.json
uniform,1,no_video,1039,259,TimeBlind/videos/vid_00259_1.mp4,Was the mouse used to open the new browser window?,yes,"I do not have access to your computer, your screen, or your physical actions. Therefore, I cannot see or know if you used a mouse to open a new browser window.",,0,,,,gemma4it_tb_uniform1_no_video.json
uniform,1,no_video,1040,260,TimeBlind/videos/vid_00260_0.mp4,Was the mouse used to close the first app window?,yes,"I do not have access to your computer screen or your physical actions. Therefore, I cannot see if you used a mouse to close the first app window.",,0,,,,gemma4it_tb_uniform1_no_video.json
uniform,1,no_video,1041,260,TimeBlind/videos/vid_00260_1.mp4,Was the mouse used to close the first app window?,no,"I do not have access to your computer screen or your physical actions. Therefore, I cannot see if you used a mouse to close the first app window.",,0,,,,gemma4it_tb_uniform1_no_video.json
uniform,1,no_video,1042,260,TimeBlind/videos/vid_00260_0.mp4,Was the trackpad used to close the first app window?,no,"I do not have access to your screen, your device's hardware inputs, or a recording of your actions. Therefore, I cannot know if you used the trackpad to close the first app window.",,0,,,,gemma4it_tb_uniform1_no_video.json
uniform,1,no_video,1043,260,TimeBlind/videos/vid_00260_1.mp4,Was the trackpad used to close the first app window?,yes,"I do not have access to your screen, your device's hardware inputs, or a recording of your actions. Therefore, I cannot know if you used the trackpad to close the first app window.",,0,,,,gemma4it_tb_uniform1_no_video.json
uniform,1,no_video,1044,261,TimeBlind/videos/vid_00261_0.mp4,"Was the desk pushed, causing the screen to shake?",yes,"I do not have access to a video, image, or context describing a specific event. Please provide the relevant information so I can answer your question.",,0,,,,gemma4it_tb_uniform1_no_video.json
uniform,1,no_video,1045,261,TimeBlind/videos/vid_00261_1.mp4,"Was the desk pushed, causing the screen to shake?",no,"I do not have access to a video, image, or context describing a specific event. Please provide the relevant information so I can answer your question.",,0,,,,gemma4it_tb_uniform1_no_video.json
uniform,1,no_video,1046,261,TimeBlind/videos/vid_00261_0.mp4,"Was the screen shaken directly, causing it to shake?",no,"I do not have enough context to answer this question. Please provide the video, description, or specific situation you are referring to.",,0,,,,gemma4it_tb_uniform1_no_video.json
uniform,1,no_video,1047,261,TimeBlind/videos/vid_00261_1.mp4,"Was the screen shaken directly, causing it to shake?",yes,"I do not have enough context to answer this question. Please provide the video, description, or specific situation you are referring to.",,0,,,,gemma4it_tb_uniform1_no_video.json
uniform,1,no_video,1048,262,TimeBlind/videos/vid_00262_0.mp4,"At the start of the video, is the small spray bottle pressed gently?",yes,Please provide the video you are referring to so I can answer your question.,,0,,,,gemma4it_tb_uniform1_no_video.json
uniform,1,no_video,1049,262,TimeBlind/videos/vid_00262_1.mp4,"At the start of the video, is the small spray bottle pressed gently?",no,Please provide the video you are referring to so I can answer your question.,,0,,,,gemma4it_tb_uniform1_no_video.json
uniform,1,no_video,1050,262,TimeBlind/videos/vid_00262_0.mp4,"At the start of the video, is the small spray bottle pressed forcefully?",no,Please provide the video you are referring to so I can answer your question.,,0,,,,gemma4it_tb_uniform1_no_video.json
uniform,1,no_video,1051,262,TimeBlind/videos/vid_00262_1.mp4,"At the start of the video, is the small spray bottle pressed forcefully?",yes,Please provide the video you are referring to so I can answer your question.,,0,,,,gemma4it_tb_uniform1_no_video.json
uniform,1,no_video,1052,263,TimeBlind/videos/vid_00263_0.mp4,Does the video transition from the hallway into the apartment?,yes,Please provide the video or a link to it so I can see the content and answer your question.,,0,,,,gemma4it_tb_uniform1_no_video.json
uniform,1,no_video,1053,263,TimeBlind/videos/vid_00263_1.mp4,Does the video transition from the hallway into the apartment?,no,Please provide the video or a link to it so I can see the content and answer your question.,,0,,,,gemma4it_tb_uniform1_no_video.json
uniform,1,no_video,1054,263,TimeBlind/videos/vid_00263_0.mp4,Does the video transition from the apartment into the hallway?,no,"Please provide the video or a description of the video you are referring to. Since I cannot see the video yet, I cannot answer your question.",,0,,,,gemma4it_tb_uniform1_no_video.json
uniform,1,no_video,1055,263,TimeBlind/videos/vid_00263_1.mp4,Does the video transition from the apartment into the hallway?,yes,"Please provide the video or a description of the video you are referring to. Since I cannot see the video yet, I cannot answer your question.",,0,,,,gemma4it_tb_uniform1_no_video.json
uniform,1,no_video,1056,264,TimeBlind/videos/vid_00264_0.mp4,"At the start of the video, do they press the door-close button first and then a floor button?",yes,Please provide the video you are referring to. I cannot see the video unless you upload it or provide a link/description.,,0,,,,gemma4it_tb_uniform1_no_video.json
uniform,1,no_video,1057,264,TimeBlind/videos/vid_00264_1.mp4,"At the start of the video, do they press the door-close button first and then a floor button?",no,Please provide the video you are referring to. I cannot see the video unless you upload it or provide a link/description.,,0,,,,gemma4it_tb_uniform1_no_video.json
uniform,1,no_video,1058,264,TimeBlind/videos/vid_00264_0.mp4,"At the start of the video, do they press a floor button first and then the door-close button?",no,Please provide the video you are referring to. I cannot see any video unless you upload it or provide a link.,,0,,,,gemma4it_tb_uniform1_no_video.json
uniform,1,no_video,1059,264,TimeBlind/videos/vid_00264_1.mp4,"At the start of the video, do they press a floor button first and then the door-close button?",yes,Please provide the video you are referring to. I cannot see any video unless you upload it or provide a link.,,0,,,,gemma4it_tb_uniform1_no_video.json
uniform,1,no_video,1060,265,TimeBlind/videos/vid_00265_0.mp4,Is the elevator button pressed twice?,yes,Please provide the image or description you are referring to so I can answer your question.,,0,,,,gemma4it_tb_uniform1_no_video.json
uniform,1,no_video,1061,265,TimeBlind/videos/vid_00265_1.mp4,Is the elevator button pressed twice?,no,Please provide the image or description you are referring to so I can answer your question.,,0,,,,gemma4it_tb_uniform1_no_video.json
uniform,1,no_video,1062,265,TimeBlind/videos/vid_00265_0.mp4,Is the elevator button pressed three times?,no,I cannot see any image or context to determine if an elevator button is pressed. Please provide an image or a description.,,0,,,,gemma4it_tb_uniform1_no_video.json
uniform,1,no_video,1063,265,TimeBlind/videos/vid_00265_1.mp4,Is the elevator button pressed three times?,yes,I cannot see any image or context to determine if an elevator button is pressed. Please provide an image or a description.,,0,,,,gemma4it_tb_uniform1_no_video.json
uniform,1,no_video,1064,266,TimeBlind/videos/vid_00266_0.mp4,Is the door opened because someone kicks it open with their foot?,yes,Yes,yes,1,,,,gemma4it_tb_uniform1_no_video.json
uniform,1,no_video,1065,266,TimeBlind/videos/vid_00266_1.mp4,Is the door opened because someone kicks it open with their foot?,no,Yes,yes,0,,,,gemma4it_tb_uniform1_no_video.json
uniform,1,no_video,1066,266,TimeBlind/videos/vid_00266_0.mp4,Is the door opened because someone pushes it open with their hand?,no,Yes,yes,0,,,,gemma4it_tb_uniform1_no_video.json
uniform,1,no_video,1067,266,TimeBlind/videos/vid_00266_1.mp4,Is the door opened because someone pushes it open with their hand?,yes,Yes,yes,1,,,,gemma4it_tb_uniform1_no_video.json
uniform,1,no_video,1068,267,TimeBlind/videos/vid_00267_0.mp4,Is the mouse rotated by a large amount?,yes,I cannot see the mouse you are referring to. Please provide an image or a description of the mouse's orientation so I can answer your question.,,0,,,,gemma4it_tb_uniform1_no_video.json
uniform,1,no_video,1069,267,TimeBlind/videos/vid_00267_1.mp4,Is the mouse rotated by a large amount?,no,I cannot see the mouse you are referring to. Please provide an image or a description of the mouse's orientation so I can answer your question.,,0,,,,gemma4it_tb_uniform1_no_video.json
uniform,1,no_video,1070,267,TimeBlind/videos/vid_00267_0.mp4,Is the mouse rotated by a small amount?,no,I cannot see the mouse you are referring to. Please provide an image or a description of the mouse's position.,,0,,,,gemma4it_tb_uniform1_no_video.json
uniform,1,no_video,1071,267,TimeBlind/videos/vid_00267_1.mp4,Is the mouse rotated by a small amount?,yes,I cannot see the mouse you are referring to. Please provide an image or a description of the mouse's position.,,0,,,,gemma4it_tb_uniform1_no_video.json
uniform,1,no_video,1072,268,TimeBlind/videos/vid_00268_0.mp4,Does the yellow cup move faster than the water bottle?,yes,I cannot see an image or video to provide an answer. Please provide the visual content you are referring to.,,0,,,,gemma4it_tb_uniform1_no_video.json
uniform,1,no_video,1073,268,TimeBlind/videos/vid_00268_1.mp4,Does the yellow cup move faster than the water bottle?,no,I cannot see an image or video to provide an answer. Please provide the visual content you are referring to.,,0,,,,gemma4it_tb_uniform1_no_video.json
uniform,1,no_video,1074,268,TimeBlind/videos/vid_00268_0.mp4,Does the yellow cup move more slowly than the water bottle?,no,I cannot see the video or image you are referring to. Please provide the visual content so I can answer your question.,,0,,,,gemma4it_tb_uniform1_no_video.json
uniform,1,no_video,1075,268,TimeBlind/videos/vid_00268_1.mp4,Does the yellow cup move more slowly than the water bottle?,yes,I cannot see the video or image you are referring to. Please provide the visual content so I can answer your question.,,0,,,,gemma4it_tb_uniform1_no_video.json
uniform,1,no_video,1076,269,TimeBlind/videos/vid_00269_0.mp4,Is the yellow cup tipped over from an upright position?,yes,Please provide an image or a description of the scene so I can see the yellow cup and give you an accurate answer.,,0,,,,gemma4it_tb_uniform1_no_video.json
uniform,1,no_video,1077,269,TimeBlind/videos/vid_00269_1.mp4,Is the yellow cup tipped over from an upright position?,no,Please provide an image or a description of the scene so I can see the yellow cup and give you an accurate answer.,,0,,,,gemma4it_tb_uniform1_no_video.json
uniform,1,no_video,1078,269,TimeBlind/videos/vid_00269_0.mp4,Is the yellow cup set upright from a tipped-over position?,no,Please provide the image you are referring to so I can answer your question.,,0,,,,gemma4it_tb_uniform1_no_video.json
uniform,1,no_video,1079,269,TimeBlind/videos/vid_00269_1.mp4,Is the yellow cup set upright from a tipped-over position?,yes,Please provide the image you are referring to so I can answer your question.,,0,,,,gemma4it_tb_uniform1_no_video.json
uniform,1,no_video,1080,270,TimeBlind/videos/vid_00270_0.mp4,Does the water bottle fall off the table because it isn’t placed securely?,yes,"It depends on the specific situation, but based on the logic of the question: **Yes**.",,0,,,,gemma4it_tb_uniform1_no_video.json
uniform,1,no_video,1081,270,TimeBlind/videos/vid_00270_1.mp4,Does the water bottle fall off the table because it isn’t placed securely?,no,"It depends on the specific situation, but based on the logic of the question: **Yes**.",,0,,,,gemma4it_tb_uniform1_no_video.json
uniform,1,no_video,1082,270,TimeBlind/videos/vid_00270_0.mp4,Does the water bottle fall off the table because someone pushes it off with their hand?,no,"It depends on the specific situation. Therefore, the answer is not a simple Yes or No.",yes,0,,,,gemma4it_tb_uniform1_no_video.json
uniform,1,no_video,1083,270,TimeBlind/videos/vid_00270_1.mp4,Does the water bottle fall off the table because someone pushes it off with their hand?,yes,"It depends on the specific situation. Therefore, the answer is not a simple Yes or No.",yes,1,,,,gemma4it_tb_uniform1_no_video.json
uniform,1,no_video,1084,271,TimeBlind/videos/vid_00271_0.mp4,Is the tissue pulled out gently?,yes,"I do not have enough context to answer this question. Please provide a description, a video, or a specific scenario so I can tell you if the tissue is being pulled out gently.",,0,,,,gemma4it_tb_uniform1_no_video.json
uniform,1,no_video,1085,271,TimeBlind/videos/vid_00271_1.mp4,Is the tissue pulled out gently?,no,"I do not have enough context to answer this question. Please provide a description, a video, or a specific scenario so I can tell you if the tissue is being pulled out gently.",,0,,,,gemma4it_tb_uniform1_no_video.json
uniform,1,no_video,1086,271,TimeBlind/videos/vid_00271_0.mp4,Is the tissue pulled out forcefully?,no,"I cannot answer this question because you have not provided a description, image, or context regarding a specific action or situation. Please provide the details you are referring to.",,0,,,,gemma4it_tb_uniform1_no_video.json
uniform,1,no_video,1087,271,TimeBlind/videos/vid_00271_1.mp4,Is the tissue pulled out forcefully?,yes,"I cannot answer this question because you have not provided a description, image, or context regarding a specific action or situation. Please provide the details you are referring to.",,0,,,,gemma4it_tb_uniform1_no_video.json
uniform,1,no_video,1088,272,TimeBlind/videos/vid_00272_0.mp4,Does very little water come out of the first bottle because the cap isn’t open?,yes,I cannot answer this question because there is no image or context provided. Please provide the image or description you are referring to.,no,0,,,,gemma4it_tb_uniform1_no_video.json
uniform,1,no_video,1089,272,TimeBlind/videos/vid_00272_1.mp4,Does very little water come out of the first bottle because the cap isn’t open?,no,I cannot answer this question because there is no image or context provided. Please provide the image or description you are referring to.,no,1,,,,gemma4it_tb_uniform1_no_video.json
uniform,1,no_video,1090,272,TimeBlind/videos/vid_00272_0.mp4,Does very little water come out of the first bottle because there’s no water in it?,no,"I cannot answer this question because you haven't provided a description, image, or context regarding the bottles. Please provide the details so I can help you.",,0,,,,gemma4it_tb_uniform1_no_video.json
uniform,1,no_video,1091,272,TimeBlind/videos/vid_00272_1.mp4,Does very little water come out of the first bottle because there’s no water in it?,yes,"I cannot answer this question because you haven't provided a description, image, or context regarding the bottles. Please provide the details so I can help you.",,0,,,,gemma4it_tb_uniform1_no_video.json
uniform,1,no_video,1092,273,TimeBlind/videos/vid_00273_0.mp4,Does very little water come out of the second bottle because there’s no water in it?,yes,I cannot answer this question because you haven't provided an image or a description of the bottles. Please provide the context so I can give you an accurate answer.,,0,,,,gemma4it_tb_uniform1_no_video.json
uniform,1,no_video,1093,273,TimeBlind/videos/vid_00273_1.mp4,Does very little water come out of the second bottle because there’s no water in it?,no,I cannot answer this question because you haven't provided an image or a description of the bottles. Please provide the context so I can give you an accurate answer.,,0,,,,gemma4it_tb_uniform1_no_video.json
uniform,1,no_video,1094,273,TimeBlind/videos/vid_00273_0.mp4,Does very little water come out of the second bottle because the cap isn’t opened?,no,I cannot see the image you are referring to. Please provide the image so I can answer your question.,,0,,,,gemma4it_tb_uniform1_no_video.json
uniform,1,no_video,1095,273,TimeBlind/videos/vid_00273_1.mp4,Does very little water come out of the second bottle because the cap isn’t opened?,yes,I cannot see the image you are referring to. Please provide the image so I can answer your question.,,0,,,,gemma4it_tb_uniform1_no_video.json
uniform,1,no_video,1096,274,TimeBlind/videos/vid_00274_0.mp4,Is the yellow cup picked up three times and the water bottle picked up once?,yes,"Please provide the video, image, or description of the actions you are referring to. Without the context of the scene, I cannot determine the answer.",,0,,,,gemma4it_tb_uniform1_no_video.json
uniform,1,no_video,1097,274,TimeBlind/videos/vid_00274_1.mp4,Is the yellow cup picked up three times and the water bottle picked up once?,no,"Please provide the video, image, or description of the actions you are referring to. Without the context of the scene, I cannot determine the answer.",,0,,,,gemma4it_tb_uniform1_no_video.json
uniform,1,no_video,1098,274,TimeBlind/videos/vid_00274_0.mp4,Is the yellow cup picked up once and the water bottle picked up three times?,no,Please provide the video or image you are referring to so I can answer your question.,,0,,,,gemma4it_tb_uniform1_no_video.json
uniform,1,no_video,1099,274,TimeBlind/videos/vid_00274_1.mp4,Is the yellow cup picked up once and the water bottle picked up three times?,yes,Please provide the video or image you are referring to so I can answer your question.,,0,,,,gemma4it_tb_uniform1_no_video.json
uniform,1,no_video,1100,275,TimeBlind/videos/vid_00275_0.mp4,Is the phone stand unfolded from a folded position?,yes,Please provide an image or a description of the phone stand so I can see its current state and answer your question.,,0,,,,gemma4it_tb_uniform1_no_video.json
uniform,1,no_video,1101,275,TimeBlind/videos/vid_00275_1.mp4,Is the phone stand unfolded from a folded position?,no,Please provide an image or a description of the phone stand so I can see its current state and answer your question.,,0,,,,gemma4it_tb_uniform1_no_video.json
uniform,1,no_video,1102,275,TimeBlind/videos/vid_00275_0.mp4,Is the phone stand folded from an unfolded position?,no,"Please provide an image or a description of the phone stand so I can see its current state. Without a visual or a description, I cannot determine its position.",,0,,,,gemma4it_tb_uniform1_no_video.json
uniform,1,no_video,1103,275,TimeBlind/videos/vid_00275_1.mp4,Is the phone stand folded from an unfolded position?,yes,"Please provide an image or a description of the phone stand so I can see its current state. Without a visual or a description, I cannot determine its position.",,0,,,,gemma4it_tb_uniform1_no_video.json
uniform,1,no_video,1104,276,TimeBlind/videos/vid_00276_0.mp4,Does the light turn on on the second button press?,yes,"I do not have enough information to answer this question. Please provide the context, description, or instructions regarding the buttons and the light.",,0,,,,gemma4it_tb_uniform1_no_video.json
uniform,1,no_video,1105,276,TimeBlind/videos/vid_00276_1.mp4,Does the light turn on on the second button press?,no,"I do not have enough information to answer this question. Please provide the context, description, or instructions regarding the buttons and the light.",,0,,,,gemma4it_tb_uniform1_no_video.json
uniform,1,no_video,1106,276,TimeBlind/videos/vid_00276_0.mp4,Does the light turn on on the first button press?,no,"I do not have enough information to answer this question. Please provide the context, description, or instructions regarding the device or system you are referring to.",,0,,,,gemma4it_tb_uniform1_no_video.json
uniform,1,no_video,1107,276,TimeBlind/videos/vid_00276_1.mp4,Does the light turn on on the first button press?,yes,"I do not have enough information to answer this question. Please provide the context, description, or instructions regarding the device or system you are referring to.",,0,,,,gemma4it_tb_uniform1_no_video.json
uniform,1,no_video,1108,277,TimeBlind/videos/vid_00277_0.mp4,Is the light turned on using the wall switch?,yes,"I do not have access to your physical environment or any real-time smart home data to see the status of your light switch. Therefore, I cannot answer Yes or No.",yes,1,,,,gemma4it_tb_uniform1_no_video.json
uniform,1,no_video,1109,277,TimeBlind/videos/vid_00277_1.mp4,Is the light turned on using the wall switch?,no,"I do not have access to your physical environment or any real-time smart home data to see the status of your light switch. Therefore, I cannot answer Yes or No.",yes,0,,,,gemma4it_tb_uniform1_no_video.json
uniform,1,no_video,1110,277,TimeBlind/videos/vid_00277_0.mp4,Is the light turned on using the remote control?,no,"I do not have access to your home devices or any real-time information about your environment. Therefore, I cannot determine if the light is turned on.",,0,,,,gemma4it_tb_uniform1_no_video.json
uniform,1,no_video,1111,277,TimeBlind/videos/vid_00277_1.mp4,Is the light turned on using the remote control?,yes,"I do not have access to your home devices or any real-time information about your environment. Therefore, I cannot determine if the light is turned on.",,0,,,,gemma4it_tb_uniform1_no_video.json
uniform,1,no_video,1112,278,TimeBlind/videos/vid_00278_0.mp4,Does the chair move backward because the person pushes it with their leg?,yes,"thought
<channel|>Yes",yes,1,,,,gemma4it_tb_uniform1_no_video.json
uniform,1,no_video,1113,278,TimeBlind/videos/vid_00278_1.mp4,Does the chair move backward because the person pushes it with their leg?,no,"thought
<channel|>Yes",yes,0,,,,gemma4it_tb_uniform1_no_video.json
uniform,1,no_video,1114,278,TimeBlind/videos/vid_00278_0.mp4,Does the chair move backward because the person pushes it with their hand?,no,"thought
<channel|>Yes",yes,0,,,,gemma4it_tb_uniform1_no_video.json
uniform,1,no_video,1115,278,TimeBlind/videos/vid_00278_1.mp4,Does the chair move backward because the person pushes it with their hand?,yes,"thought
<channel|>Yes",yes,1,,,,gemma4it_tb_uniform1_no_video.json
uniform,1,no_video,1116,279,TimeBlind/videos/vid_00279_0.mp4,Does the small box fall over because the chair shakes?,yes,"To provide an accurate answer, I would need to see the specific context, video, or description of the situation you are referring to.

However, based on the laws of physics: **Yes**, a shaking chair can cause a small box to fall over by transferring kinetic energy and creating instability.",,0,,,,gemma4it_tb_uniform1_no_video.json
uniform,1,no_video,1117,279,TimeBlind/videos/vid_00279_1.mp4,Does the small box fall over because the chair shakes?,no,"To provide an accurate answer, I would need to see the specific context, video, or description of the situation you are referring to.

However, based on the laws of physics: **Yes**, a shaking chair can cause a small box to fall over by transferring kinetic energy and creating instability.",,0,,,,gemma4it_tb_uniform1_no_video.json
uniform,1,no_video,1118,279,TimeBlind/videos/vid_00279_0.mp4,Does the small box fall over because someone pushes it with their hand?,no,"thought
<channel|>I cannot answer this question because there is no context, image, or description provided to indicate whether a box is being pushed or if it is falling.",no,1,,,,gemma4it_tb_uniform1_no_video.json
uniform,1,no_video,1119,279,TimeBlind/videos/vid_00279_1.mp4,Does the small box fall over because someone pushes it with their hand?,yes,"thought
<channel|>I cannot answer this question because there is no context, image, or description provided to indicate whether a box is being pushed or if it is falling.",no,0,,,,gemma4it_tb_uniform1_no_video.json
uniform,1,no_video,1120,280,TimeBlind/videos/vid_00280_0.mp4,Does the small box fall over because the chair shakes?,yes,"To provide an accurate answer, I would need to see the specific context, video, or description of the situation you are referring to.

However, based on the laws of physics: **Yes**, a shaking chair can cause a small box to fall over by transferring kinetic energy and creating instability.",,0,,,,gemma4it_tb_uniform1_no_video.json
uniform,1,no_video,1121,280,TimeBlind/videos/vid_00280_1.mp4,Does the small box fall over because the chair shakes?,no,"To provide an accurate answer, I would need to see the specific context, video, or description of the situation you are referring to.

However, based on the laws of physics: **Yes**, a shaking chair can cause a small box to fall over by transferring kinetic energy and creating instability.",,0,,,,gemma4it_tb_uniform1_no_video.json
uniform,1,no_video,1122,280,TimeBlind/videos/vid_00280_0.mp4,Does the small box fall over because someone pushes it with their hand?,no,"thought
<channel|>I cannot answer this question because there is no context, image, or description provided to indicate whether a box is being pushed or if it is falling.",no,1,,,,gemma4it_tb_uniform1_no_video.json
uniform,1,no_video,1123,280,TimeBlind/videos/vid_00280_1.mp4,Does the small box fall over because someone pushes it with their hand?,yes,"thought
<channel|>I cannot answer this question because there is no context, image, or description provided to indicate whether a box is being pushed or if it is falling.",no,0,,,,gemma4it_tb_uniform1_no_video.json
uniform,1,no_video,1124,281,TimeBlind/videos/vid_00281_0.mp4,Does the phone’s screen light up because someone taps the phone?,yes,"thought
<channel|>Yes",yes,1,,,,gemma4it_tb_uniform1_no_video.json
uniform,1,no_video,1125,281,TimeBlind/videos/vid_00281_1.mp4,Does the phone’s screen light up because someone taps the phone?,no,"thought
<channel|>Yes",yes,0,,,,gemma4it_tb_uniform1_no_video.json
uniform,1,no_video,1126,281,TimeBlind/videos/vid_00281_0.mp4,Does the phone’s screen light up automatically when it is picked up?,no,"It depends on the specific device and its settings. Therefore, the answer is not a simple Yes or No for all phones.",yes,0,,,,gemma4it_tb_uniform1_no_video.json
uniform,1,no_video,1127,281,TimeBlind/videos/vid_00281_1.mp4,Does the phone’s screen light up automatically when it is picked up?,yes,"It depends on the specific device and its settings. Therefore, the answer is not a simple Yes or No for all phones.",yes,1,,,,gemma4it_tb_uniform1_no_video.json
uniform,1,no_video,1128,282,TimeBlind/videos/vid_00282_0.mp4,Does the incoming call disappear because the person swipes on the screen to decline the call?,yes,Yes,yes,1,,,,gemma4it_tb_uniform1_no_video.json
uniform,1,no_video,1129,282,TimeBlind/videos/vid_00282_1.mp4,Does the incoming call disappear because the person swipes on the screen to decline the call?,no,Yes,yes,0,,,,gemma4it_tb_uniform1_no_video.json
uniform,1,no_video,1130,282,TimeBlind/videos/vid_00282_0.mp4,Does the phone stop ringing because the person flips the silent switch on the side?,no,Yes,yes,0,,,,gemma4it_tb_uniform1_no_video.json
uniform,1,no_video,1131,282,TimeBlind/videos/vid_00282_1.mp4,Does the phone stop ringing because the person flips the silent switch on the side?,yes,Yes,yes,1,,,,gemma4it_tb_uniform1_no_video.json
uniform,1,no_video,1132,283,TimeBlind/videos/vid_00283_0.mp4,Does the orange juice carton fall over because it is bumped by an elbow?,yes,Yes,yes,1,,,,gemma4it_tb_uniform1_no_video.json
uniform,1,no_video,1133,283,TimeBlind/videos/vid_00283_1.mp4,Does the orange juice carton fall over because it is bumped by an elbow?,no,Yes,yes,0,,,,gemma4it_tb_uniform1_no_video.json
uniform,1,no_video,1134,283,TimeBlind/videos/vid_00283_0.mp4,Does the orange juice carton fall over because someone knocks it over with their hand?,no,It depends on the specific situation.,,0,,,,gemma4it_tb_uniform1_no_video.json
uniform,1,no_video,1135,283,TimeBlind/videos/vid_00283_1.mp4,Does the orange juice carton fall over because someone knocks it over with their hand?,yes,It depends on the specific situation.,,0,,,,gemma4it_tb_uniform1_no_video.json
uniform,1,no_video,1136,284,TimeBlind/videos/vid_00284_0.mp4,Does the water spill disappear because it is wiped away with a paper towel?,yes,No.,no,0,,,,gemma4it_tb_uniform1_no_video.json
uniform,1,no_video,1137,284,TimeBlind/videos/vid_00284_1.mp4,Does the water spill disappear because it is wiped away with a paper towel?,no,No.,no,1,,,,gemma4it_tb_uniform1_no_video.json
uniform,1,no_video,1138,284,TimeBlind/videos/vid_00284_0.mp4,Does the water spill disappear because it is wiped away with a bare hand?,no,No.,no,1,,,,gemma4it_tb_uniform1_no_video.json
uniform,1,no_video,1139,284,TimeBlind/videos/vid_00284_1.mp4,Does the water spill disappear because it is wiped away with a bare hand?,yes,No.,no,0,,,,gemma4it_tb_uniform1_no_video.json
uniform,1,no_video,1140,285,TimeBlind/videos/vid_00285_0.mp4,"At the start of the video, is the cup squeezed gently?",yes,Please provide the video you are referring to so I can answer your question.,,0,,,,gemma4it_tb_uniform1_no_video.json
uniform,1,no_video,1141,285,TimeBlind/videos/vid_00285_1.mp4,"At the start of the video, is the cup squeezed gently?",no,Please provide the video you are referring to so I can answer your question.,,0,,,,gemma4it_tb_uniform1_no_video.json
uniform,1,no_video,1142,285,TimeBlind/videos/vid_00285_0.mp4,"At the start of the video, is the cup squeezed forcefully?",no,Please provide the video you are referring to so I can answer your question.,,0,,,,gemma4it_tb_uniform1_no_video.json
uniform,1,no_video,1143,285,TimeBlind/videos/vid_00285_1.mp4,"At the start of the video, is the cup squeezed forcefully?",yes,Please provide the video you are referring to so I can answer your question.,,0,,,,gemma4it_tb_uniform1_no_video.json
uniform,1,no_video,1144,286,TimeBlind/videos/vid_00286_0.mp4,Does the person pull a tissue out of the tissue box four times in total?,yes,"Please provide the video, image, or description of the action you are referring to so I can give you an accurate answer.",,0,,,,gemma4it_tb_uniform1_no_video.json
uniform,1,no_video,1145,286,TimeBlind/videos/vid_00286_1.mp4,Does the person pull a tissue out of the tissue box four times in total?,no,"Please provide the video, image, or description of the action you are referring to so I can give you an accurate answer.",,0,,,,gemma4it_tb_uniform1_no_video.json
uniform,1,no_video,1146,286,TimeBlind/videos/vid_00286_0.mp4,Does the person pull a tissue out of the tissue box three times in total?,no,"Please provide the video, text, or description of the action you are referring to so I can give you an accurate answer.",,0,,,,gemma4it_tb_uniform1_no_video.json
uniform,1,no_video,1147,286,TimeBlind/videos/vid_00286_1.mp4,Does the person pull a tissue out of the tissue box three times in total?,yes,"Please provide the video, text, or description of the action you are referring to so I can give you an accurate answer.",,0,,,,gemma4it_tb_uniform1_no_video.json
uniform,1,no_video,1148,287,TimeBlind/videos/vid_00287_0.mp4,Does the swaying motion gradually get wider over time?,yes,"To provide an accurate answer, I need to know what specific object, phenomenon, or context you are referring to (e.g., a pendulum, a building in an earthquake, a person's movement, or a specific video).

Please provide more context so I can give you a ""Yes"" or ""No"" answer.",,0,,,,gemma4it_tb_uniform1_no_video.json
uniform,1,no_video,1149,287,TimeBlind/videos/vid_00287_1.mp4,Does the swaying motion gradually get wider over time?,no,"To provide an accurate answer, I need to know what specific object, phenomenon, or context you are referring to (e.g., a pendulum, a building in an earthquake, a person's movement, or a specific video).

Please provide more context so I can give you a ""Yes"" or ""No"" answer.",,0,,,,gemma4it_tb_uniform1_no_video.json
uniform,1,no_video,1150,287,TimeBlind/videos/vid_00287_0.mp4,Does the swaying motion gradually get smaller over time?,no,"To provide an accurate answer, I need to know what specific object or system you are referring to (e.g., a pendulum, a swing, a building in an earthquake, or a person's movement).

However, in most physical systems (like a pendulum or a swing) in the real world, the answer is:

**Yes**",,0,,,,gemma4it_tb_uniform1_no_video.json
uniform,1,no_video,1151,287,TimeBlind/videos/vid_00287_1.mp4,Does the swaying motion gradually get smaller over time?,yes,"To provide an accurate answer, I need to know what specific object or system you are referring to (e.g., a pendulum, a swing, a building in an earthquake, or a person's movement).

However, in most physical systems (like a pendulum or a swing) in the real world, the answer is:

**Yes**",,0,,,,gemma4it_tb_uniform1_no_video.json
uniform,1,no_video,1152,288,TimeBlind/videos/vid_00288_0.mp4,Does the swaying motion gradually get wider over time?,yes,"To provide an accurate answer, I need to know what specific object, phenomenon, or context you are referring to (e.g., a pendulum, a building in an earthquake, a person's movement, or a specific video).

Please provide more context so I can give you a ""Yes"" or ""No"" answer.",,0,,,,gemma4it_tb_uniform1_no_video.json
uniform,1,no_video,1153,288,TimeBlind/videos/vid_00288_1.mp4,Does the swaying motion gradually get wider over time?,no,"To provide an accurate answer, I need to know what specific object, phenomenon, or context you are referring to (e.g., a pendulum, a building in an earthquake, a person's movement, or a specific video).

Please provide more context so I can give you a ""Yes"" or ""No"" answer.",,0,,,,gemma4it_tb_uniform1_no_video.json
uniform,1,no_video,1154,288,TimeBlind/videos/vid_00288_0.mp4,Does the swaying motion gradually get smaller over time?,no,"To provide an accurate answer, I need to know what specific object or system you are referring to (e.g., a pendulum, a swing, a building in an earthquake, or a person's movement).

However, in most physical systems (like a pendulum or a swing) in the real world, the answer is:

**Yes**",,0,,,,gemma4it_tb_uniform1_no_video.json
uniform,1,no_video,1155,288,TimeBlind/videos/vid_00288_1.mp4,Does the swaying motion gradually get smaller over time?,yes,"To provide an accurate answer, I need to know what specific object or system you are referring to (e.g., a pendulum, a swing, a building in an earthquake, or a person's movement).

However, in most physical systems (like a pendulum or a swing) in the real world, the answer is:

**Yes**",,0,,,,gemma4it_tb_uniform1_no_video.json
uniform,1,no_video,1156,289,TimeBlind/videos/vid_00289_0.mp4,Is the black mouse picked up twice?,yes,"Please provide the text, image, or context you are referring to so I can give you an accurate answer.",,0,,,,gemma4it_tb_uniform1_no_video.json
uniform,1,no_video,1157,289,TimeBlind/videos/vid_00289_1.mp4,Is the black mouse picked up twice?,no,"Please provide the text, image, or context you are referring to so I can give you an accurate answer.",,0,,,,gemma4it_tb_uniform1_no_video.json
uniform,1,no_video,1158,289,TimeBlind/videos/vid_00289_0.mp4,Is the black mouse picked up three times?,no,"Please provide the text, image, or video you are referring to so I can check for you!",,0,,,,gemma4it_tb_uniform1_no_video.json
uniform,1,no_video,1159,289,TimeBlind/videos/vid_00289_1.mp4,Is the black mouse picked up three times?,yes,"Please provide the text, image, or video you are referring to so I can check for you!",,0,,,,gemma4it_tb_uniform1_no_video.json
uniform,1,no_video,1160,290,TimeBlind/videos/vid_00290_0.mp4,Does the object fall off the table because the person pushes it?,yes,Yes,yes,1,,,,gemma4it_tb_uniform1_no_video.json
uniform,1,no_video,1161,290,TimeBlind/videos/vid_00290_1.mp4,Does the object fall off the table because the person pushes it?,no,Yes,yes,0,,,,gemma4it_tb_uniform1_no_video.json
uniform,1,no_video,1162,290,TimeBlind/videos/vid_00290_0.mp4,Does the object fall off the table because it is placed on the edge of the table?,no,"It depends on the specific circumstances (such as the object's weight, the table's surface, and any external forces like wind or vibrations), but based on the logical premise of the question:

**Yes**",,0,,,,gemma4it_tb_uniform1_no_video.json
uniform,1,no_video,1163,290,TimeBlind/videos/vid_00290_1.mp4,Does the object fall off the table because it is placed on the edge of the table?,yes,"It depends on the specific circumstances (such as the object's weight, the table's surface, and any external forces like wind or vibrations), but based on the logical premise of the question:

**Yes**",,0,,,,gemma4it_tb_uniform1_no_video.json
uniform,1,no_video,1164,291,TimeBlind/videos/vid_00291_0.mp4,Is the snack no longer visible because a piece of paper is blocking it from view?,yes,I cannot see any image or context to determine if a snack is being blocked by a piece of paper. Please provide an image or a description.,,0,,,,gemma4it_tb_uniform1_no_video.json
uniform,1,no_video,1165,291,TimeBlind/videos/vid_00291_1.mp4,Is the snack no longer visible because a piece of paper is blocking it from view?,no,I cannot see any image or context to determine if a snack is being blocked by a piece of paper. Please provide an image or a description.,,0,,,,gemma4it_tb_uniform1_no_video.json
uniform,1,no_video,1166,291,TimeBlind/videos/vid_00291_0.mp4,Is the snack no longer visible because the snack has been put into a drawer?,no,"I do not have access to a visual feed, image, or context describing a specific scene. Please provide the image or description you are referring to so I can answer your question.",,0,,,,gemma4it_tb_uniform1_no_video.json
uniform,1,no_video,1167,291,TimeBlind/videos/vid_00291_1.mp4,Is the snack no longer visible because the snack has been put into a drawer?,yes,"I do not have access to a visual feed, image, or context describing a specific scene. Please provide the image or description you are referring to so I can answer your question.",,0,,,,gemma4it_tb_uniform1_no_video.json
uniform,1,no_video,1168,292,TimeBlind/videos/vid_00292_0.mp4,Is the cup picked up four times in the video?,yes,Please provide the video you are referring to. I cannot see or analyze a video unless you upload it or provide a link to it.,,0,,,,gemma4it_tb_uniform1_no_video.json
uniform,1,no_video,1169,292,TimeBlind/videos/vid_00292_1.mp4,Is the cup picked up four times in the video?,no,Please provide the video you are referring to. I cannot see or analyze a video unless you upload it or provide a link to it.,,0,,,,gemma4it_tb_uniform1_no_video.json
uniform,1,no_video,1170,292,TimeBlind/videos/vid_00292_0.mp4,Is the cup picked up five times in the video?,no,Please provide the video you are referring to. I cannot see or analyze a video unless you upload it or provide a link to it.,,0,,,,gemma4it_tb_uniform1_no_video.json
uniform,1,no_video,1171,292,TimeBlind/videos/vid_00292_1.mp4,Is the cup picked up five times in the video?,yes,Please provide the video you are referring to. I cannot see or analyze a video unless you upload it or provide a link to it.,,0,,,,gemma4it_tb_uniform1_no_video.json
uniform,1,no_video,1172,293,TimeBlind/videos/vid_00293_0.mp4,Is the red BBQ sauce picked up gently in the video?,yes,"Please provide the video you are referring to. I cannot see any video in your current message. Once you upload or link the video, I will be able to answer your question.",,0,,,,gemma4it_tb_uniform1_no_video.json
uniform,1,no_video,1173,293,TimeBlind/videos/vid_00293_1.mp4,Is the red BBQ sauce picked up gently in the video?,no,"Please provide the video you are referring to. I cannot see any video in your current message. Once you upload or link the video, I will be able to answer your question.",,0,,,,gemma4it_tb_uniform1_no_video.json
uniform,1,no_video,1174,293,TimeBlind/videos/vid_00293_0.mp4,Is the red BBQ sauce picked up forcefully in the video?,no,I cannot see or analyze a video. Please provide the video or a description of it so I can help you.,,0,,,,gemma4it_tb_uniform1_no_video.json
uniform,1,no_video,1175,293,TimeBlind/videos/vid_00293_1.mp4,Is the red BBQ sauce picked up forcefully in the video?,yes,I cannot see or analyze a video. Please provide the video or a description of it so I can help you.,,0,,,,gemma4it_tb_uniform1_no_video.json
uniform,1,no_video,1176,294,TimeBlind/videos/vid_00294_0.mp4,Is the second object the person picks up red?,yes,Please provide the image or a description of the scene you are referring to so I can answer your question.,,0,,,,gemma4it_tb_uniform1_no_video.json
uniform,1,no_video,1177,294,TimeBlind/videos/vid_00294_1.mp4,Is the second object the person picks up red?,no,Please provide the image or a description of the scene you are referring to so I can answer your question.,,0,,,,gemma4it_tb_uniform1_no_video.json
uniform,1,no_video,1178,294,TimeBlind/videos/vid_00294_0.mp4,Is the second object the person picks up green and white?,no,Please provide the image or the description of the scene you are referring to so I can answer your question.,,0,,,,gemma4it_tb_uniform1_no_video.json
uniform,1,no_video,1179,294,TimeBlind/videos/vid_00294_1.mp4,Is the second object the person picks up green and white?,yes,Please provide the image or the description of the scene you are referring to so I can answer your question.,,0,,,,gemma4it_tb_uniform1_no_video.json
uniform,1,no_video,1180,295,TimeBlind/videos/vid_00295_0.mp4,Is the orange juice carton held for a longer duration than the milk carton?,yes,I cannot answer this question because you have not provided an image or a description of the scene to analyze. Please provide the context or image you are referring to.,,0,,,,gemma4it_tb_uniform1_no_video.json
uniform,1,no_video,1181,295,TimeBlind/videos/vid_00295_1.mp4,Is the orange juice carton held for a longer duration than the milk carton?,no,I cannot answer this question because you have not provided an image or a description of the scene to analyze. Please provide the context or image you are referring to.,,0,,,,gemma4it_tb_uniform1_no_video.json
uniform,1,no_video,1182,295,TimeBlind/videos/vid_00295_0.mp4,Is the milk carton held for a longer duration than the orange juice carton?,no,I cannot answer this question because there is no image or context provided to compare. Please provide the image or description you are referring to.,no,1,,,,gemma4it_tb_uniform1_no_video.json
uniform,1,no_video,1183,295,TimeBlind/videos/vid_00295_1.mp4,Is the milk carton held for a longer duration than the orange juice carton?,yes,I cannot answer this question because there is no image or context provided to compare. Please provide the image or description you are referring to.,no,0,,,,gemma4it_tb_uniform1_no_video.json
uniform,1,no_video,1184,296,TimeBlind/videos/vid_00296_0.mp4,Is the milk carton held for approximately 10 seconds?,yes,I cannot see the video or image you are referring to. Please provide the media or a description of the action so I can answer your question.,,0,,,,gemma4it_tb_uniform1_no_video.json
uniform,1,no_video,1185,296,TimeBlind/videos/vid_00296_1.mp4,Is the milk carton held for approximately 10 seconds?,no,I cannot see the video or image you are referring to. Please provide the media or a description of the action so I can answer your question.,,0,,,,gemma4it_tb_uniform1_no_video.json
uniform,1,no_video,1186,296,TimeBlind/videos/vid_00296_0.mp4,Is the milk carton held for approximately 3 seconds?,no,Please provide the video or image you are referring to so I can answer your question.,,0,,,,gemma4it_tb_uniform1_no_video.json
uniform,1,no_video,1187,296,TimeBlind/videos/vid_00296_1.mp4,Is the milk carton held for approximately 3 seconds?,yes,Please provide the video or image you are referring to so I can answer your question.,,0,,,,gemma4it_tb_uniform1_no_video.json
uniform,1,no_video,1188,297,TimeBlind/videos/vid_00297_0.mp4,Is the milk carton moved at a slow speed?,yes,Please provide the video or image you are referring to so I can see the milk carton and give you an accurate answer.,,0,,,,gemma4it_tb_uniform1_no_video.json
uniform,1,no_video,1189,297,TimeBlind/videos/vid_00297_1.mp4,Is the milk carton moved at a slow speed?,no,Please provide the video or image you are referring to so I can see the milk carton and give you an accurate answer.,,0,,,,gemma4it_tb_uniform1_no_video.json
uniform,1,no_video,1190,297,TimeBlind/videos/vid_00297_0.mp4,Is the milk carton moved at a fast speed?,no,"To provide an accurate answer, I need to see the image or video you are referring to. Please provide the visual content, and I will be happy to tell you if the milk carton is moving at a fast speed.",,0,,,,gemma4it_tb_uniform1_no_video.json
uniform,1,no_video,1191,297,TimeBlind/videos/vid_00297_1.mp4,Is the milk carton moved at a fast speed?,yes,"To provide an accurate answer, I need to see the image or video you are referring to. Please provide the visual content, and I will be happy to tell you if the milk carton is moving at a fast speed.",,0,,,,gemma4it_tb_uniform1_no_video.json
uniform,1,no_video,1192,298,TimeBlind/videos/vid_00298_0.mp4,Is the toy box held for approximately 5 seconds?,yes,"I cannot answer this question because you have not provided a video, image, or description of a toy box being held. Please provide the context so I can give you an accurate answer.",,0,,,,gemma4it_tb_uniform1_no_video.json
uniform,1,no_video,1193,298,TimeBlind/videos/vid_00298_1.mp4,Is the toy box held for approximately 5 seconds?,no,"I cannot answer this question because you have not provided a video, image, or description of a toy box being held. Please provide the context so I can give you an accurate answer.",,0,,,,gemma4it_tb_uniform1_no_video.json
uniform,1,no_video,1194,298,TimeBlind/videos/vid_00298_0.mp4,Is the toy box held for approximately 10 seconds?,no,"I cannot answer this question because you haven't provided a video, image, or description of a toy box being held. Please provide the context so I can give you an accurate answer.",,0,,,,gemma4it_tb_uniform1_no_video.json
uniform,1,no_video,1195,298,TimeBlind/videos/vid_00298_1.mp4,Is the toy box held for approximately 10 seconds?,yes,"I cannot answer this question because you haven't provided a video, image, or description of a toy box being held. Please provide the context so I can give you an accurate answer.",,0,,,,gemma4it_tb_uniform1_no_video.json
uniform,1,no_video,1196,299,TimeBlind/videos/vid_00299_0.mp4,Does the person use the green pen to make marks slowly?,yes,"Please provide the video, image, or text description you are referring to so I can answer your question.",,0,,,,gemma4it_tb_uniform1_no_video.json
uniform,1,no_video,1197,299,TimeBlind/videos/vid_00299_1.mp4,Does the person use the green pen to make marks slowly?,no,"Please provide the video, image, or text description you are referring to so I can answer your question.",,0,,,,gemma4it_tb_uniform1_no_video.json
uniform,1,no_video,1198,299,TimeBlind/videos/vid_00299_0.mp4,Does the person use the green pen to make marks quickly?,no,"Please provide the text, image, or context you are referring to so I can answer your question.",,0,,,,gemma4it_tb_uniform1_no_video.json
uniform,1,no_video,1199,299,TimeBlind/videos/vid_00299_1.mp4,Does the person use the green pen to make marks quickly?,yes,"Please provide the text, image, or context you are referring to so I can answer your question.",,0,,,,gemma4it_tb_uniform1_no_video.json
uniform,1,no_video,1200,300,TimeBlind/videos/mcq_vid_00000_0.mp4,"What is the timing between the girl putting down her cup and the boy starting to eat? Option A: The girl puts down her cup, and a moment later the boy starts eating. Option B: The boy starts eating as soon as the girl puts down her cup.",a,"To provide the correct answer, I would need to see the video or text description you are referring to. Since no media was provided in your prompt, I cannot determine the timing.

Please provide the context, and I will be happy to choose Option A or B for you.",a,1,,,,gemma4it_tb_uniform1_no_video.json
uniform,1,no_video,1201,300,TimeBlind/videos/mcq_vid_00000_1.mp4,"What is the timing between the girl putting down her cup and the boy starting to eat? Option A: The girl puts down her cup, and a moment later the boy starts eating. Option B: The boy starts eating as soon as the girl puts down her cup.",b,"To provide the correct answer, I would need to see the video or text description you are referring to. Since no media was provided in your prompt, I cannot determine the timing.

Please provide the context, and I will be happy to choose Option A or B for you.",a,0,,,,gemma4it_tb_uniform1_no_video.json
uniform,1,no_video,1202,300,TimeBlind/videos/mcq_vid_00000_0.mp4,"What is the timing between the girl putting down her cup and the boy starting to eat? Option A: The boy starts eating as soon as the girl puts down her cup. Option B: The girl puts down her cup, and a moment later the boy starts eating.",b,"To provide the correct answer, I would need to see the video or text description you are referring to. Since no media was provided in your prompt, I cannot determine the timing.

Please provide the video or context, and I will be happy to choose Option A or B for you.",a,0,,,,gemma4it_tb_uniform1_no_video.json
uniform,1,no_video,1203,300,TimeBlind/videos/mcq_vid_00000_1.mp4,"What is the timing between the girl putting down her cup and the boy starting to eat? Option A: The boy starts eating as soon as the girl puts down her cup. Option B: The girl puts down her cup, and a moment later the boy starts eating.",a,"To provide the correct answer, I would need to see the video or text description you are referring to. Since no media was provided in your prompt, I cannot determine the timing.

Please provide the video or context, and I will be happy to choose Option A or B for you.",a,1,,,,gemma4it_tb_uniform1_no_video.json
uniform,1,no_video,1204,301,TimeBlind/videos/mcq_vid_00001_0.mp4,On which attempt does the person in the video swing the racket faster? Option A: The second attempt. Option B: The first attempt.,a,"Please provide the video you are referring to. I cannot see or analyze a video unless it is uploaded or linked in the chat. Once you provide the video, I will be able to tell you whether the answer is Option A or Option B.",a,1,,,,gemma4it_tb_uniform1_no_video.json
uniform,1,no_video,1205,301,TimeBlind/videos/mcq_vid_00001_1.mp4,On which attempt does the person in the video swing the racket faster? Option A: The second attempt. Option B: The first attempt.,b,"Please provide the video you are referring to. I cannot see or analyze a video unless it is uploaded or linked in the chat. Once you provide the video, I will be able to tell you whether the answer is Option A or Option B.",a,0,,,,gemma4it_tb_uniform1_no_video.json
uniform,1,no_video,1206,301,TimeBlind/videos/mcq_vid_00001_0.mp4,On which attempt does the person in the video swing the racket faster? Option A: The first attempt. Option B: The second attempt.,b,"Please provide the video you are referring to. I cannot see or analyze a video unless it is uploaded or linked in the chat. Once you provide the video, I will be able to tell you whether the racket is swung faster in the first or second attempt.",a,0,,,,gemma4it_tb_uniform1_no_video.json
uniform,1,no_video,1207,301,TimeBlind/videos/mcq_vid_00001_1.mp4,On which attempt does the person in the video swing the racket faster? Option A: The first attempt. Option B: The second attempt.,a,"Please provide the video you are referring to. I cannot see or analyze a video unless it is uploaded or linked in the chat. Once you provide the video, I will be able to tell you whether the racket is swung faster in the first or second attempt.",a,1,,,,gemma4it_tb_uniform1_no_video.json
uniform,1,no_video,1208,302,TimeBlind/videos/mcq_vid_00002_0.mp4,What does the man do with his feet while hitting the shuttlecock? Option A: He does not move his feet. Option B: He moves his feet.,a,"Based on the typical mechanics of badminton (the sport involving a shuttlecock), the correct answer is:

B",a,1,,,,gemma4it_tb_uniform1_no_video.json
uniform,1,no_video,1209,302,TimeBlind/videos/mcq_vid_00002_1.mp4,What does the man do with his feet while hitting the shuttlecock? Option A: He does not move his feet. Option B: He moves his feet.,b,"Based on the typical mechanics of badminton (the sport involving a shuttlecock), the correct answer is:

B",a,0,,,,gemma4it_tb_uniform1_no_video.json
uniform,1,no_video,1210,302,TimeBlind/videos/mcq_vid_00002_0.mp4,What does the man do with his feet while hitting the shuttlecock? Option A: He moves his feet. Option B: He does not move his feet.,b,A,a,0,,,,gemma4it_tb_uniform1_no_video.json
uniform,1,no_video,1211,302,TimeBlind/videos/mcq_vid_00002_1.mp4,What does the man do with his feet while hitting the shuttlecock? Option A: He moves his feet. Option B: He does not move his feet.,a,A,a,1,,,,gemma4it_tb_uniform1_no_video.json
uniform,1,no_video,1212,303,TimeBlind/videos/mcq_vid_00003_0.mp4,How does the color at the left end of the cigarette change over time? Option A: It gradually changes from white to yellow. Option B: It gradually changes from yellow to white.,a,A,a,1,,,,gemma4it_tb_uniform1_no_video.json
uniform,1,no_video,1213,303,TimeBlind/videos/mcq_vid_00003_1.mp4,How does the color at the left end of the cigarette change over time? Option A: It gradually changes from white to yellow. Option B: It gradually changes from yellow to white.,b,A,a,0,,,,gemma4it_tb_uniform1_no_video.json
uniform,1,no_video,1214,303,TimeBlind/videos/mcq_vid_00003_0.mp4,How does the color at the left end of the cigarette change over time? Option A: It gradually changes from yellow to white. Option B: It gradually changes from white to yellow.,b,B,b,1,,,,gemma4it_tb_uniform1_no_video.json
uniform,1,no_video,1215,303,TimeBlind/videos/mcq_vid_00003_1.mp4,How does the color at the left end of the cigarette change over time? Option A: It gradually changes from yellow to white. Option B: It gradually changes from white to yellow.,a,B,b,0,,,,gemma4it_tb_uniform1_no_video.json
uniform,1,no_video,1216,304,TimeBlind/videos/mcq_vid_00004_0.mp4,How is the sprout's height changing? Option A: It's getting taller. Option B: It's getting shorter.,a,"Please provide the context, image, or description of the sprout you are referring to so I can give you the correct answer.",,0,,,,gemma4it_tb_uniform1_no_video.json
uniform,1,no_video,1217,304,TimeBlind/videos/mcq_vid_00004_1.mp4,How is the sprout's height changing? Option A: It's getting taller. Option B: It's getting shorter.,b,"Please provide the context, image, or description of the sprout you are referring to so I can give you the correct answer.",,0,,,,gemma4it_tb_uniform1_no_video.json
uniform,1,no_video,1218,304,TimeBlind/videos/mcq_vid_00004_0.mp4,How is the sprout's height changing? Option A: It's getting shorter. Option B: It's getting taller.,b,"Please provide the image or description of the sprout so I can see how its height is changing. Without the visual context, I cannot determine the correct answer.",,0,,,,gemma4it_tb_uniform1_no_video.json
uniform,1,no_video,1219,304,TimeBlind/videos/mcq_vid_00004_1.mp4,How is the sprout's height changing? Option A: It's getting shorter. Option B: It's getting taller.,a,"Please provide the image or description of the sprout so I can see how its height is changing. Without the visual context, I cannot determine the correct answer.",,0,,,,gemma4it_tb_uniform1_no_video.json
uniform,1,no_video,1220,305,TimeBlind/videos/mcq_vid_00005_0.mp4,Which of the following accurately describes the duration for which the milk carton is held? Option A: The milk carton is held for approximately 5 seconds. Option B: The milk carton is held for approximately 10 seconds.,a,"To provide an accurate answer, I would need to see the specific video, text, or context you are referring to, as you haven't provided the source material.

However, if this is a question from a specific standardized test or dataset (like a video understanding task), please provide the context. If you are asking me to choose based on a common pattern in such tests, I cannot do so without the source.

**Please provide the video or description so I can give you the correct option.**",a,1,,,,gemma4it_tb_uniform1_no_video.json
uniform,1,no_video,1221,305,TimeBlind/videos/mcq_vid_00005_1.mp4,Which of the following accurately describes the duration for which the milk carton is held? Option A: The milk carton is held for approximately 5 seconds. Option B: The milk carton is held for approximately 10 seconds.,b,"To provide an accurate answer, I would need to see the specific video, text, or context you are referring to, as you haven't provided the source material.

However, if this is a question from a specific standardized test or dataset (like a video understanding task), please provide the context. If you are asking me to choose based on a common pattern in such tests, I cannot do so without the source.

**Please provide the video or description so I can give you the correct option.**",a,0,,,,gemma4it_tb_uniform1_no_video.json
uniform,1,no_video,1222,305,TimeBlind/videos/mcq_vid_00005_0.mp4,Which of the following accurately describes the duration for which the milk carton is held? Option A: The milk carton is held for approximately 10 seconds. Option B: The milk carton is held for approximately 5 seconds.,b,"To provide an accurate answer, I would need to see the specific video, text, or context you are referring to, as you haven't provided the source material.

However, if this is a question from a standardized test or a specific dataset (like a video understanding task), please provide the context. If you are asking me to choose based on a common benchmark:

**Please provide the source material so I can give you the correct option.**",a,0,,,,gemma4it_tb_uniform1_no_video.json
uniform,1,no_video,1223,305,TimeBlind/videos/mcq_vid_00005_1.mp4,Which of the following accurately describes the duration for which the milk carton is held? Option A: The milk carton is held for approximately 10 seconds. Option B: The milk carton is held for approximately 5 seconds.,a,"To provide an accurate answer, I would need to see the specific video, text, or context you are referring to, as you haven't provided the source material.

However, if this is a question from a standardized test or a specific dataset (like a video understanding task), please provide the context. If you are asking me to choose based on a common benchmark:

**Please provide the source material so I can give you the correct option.**",a,1,,,,gemma4it_tb_uniform1_no_video.json
uniform,1,no_video,1224,306,TimeBlind/videos/mcq_vid_00006_0.mp4,How does the person change over time? Option A: A little girl turns into an old woman. Option B: An old woman turns into a little girl.,a,A,a,1,,,,gemma4it_tb_uniform1_no_video.json
uniform,1,no_video,1225,306,TimeBlind/videos/mcq_vid_00006_1.mp4,How does the person change over time? Option A: A little girl turns into an old woman. Option B: An old woman turns into a little girl.,b,A,a,0,,,,gemma4it_tb_uniform1_no_video.json
uniform,1,no_video,1226,306,TimeBlind/videos/mcq_vid_00006_0.mp4,How does the person change over time? Option A: An old woman turns into a little girl. Option B: A little girl turns into an old woman.,b,B,b,1,,,,gemma4it_tb_uniform1_no_video.json
uniform,1,no_video,1227,306,TimeBlind/videos/mcq_vid_00006_1.mp4,How does the person change over time? Option A: An old woman turns into a little girl. Option B: A little girl turns into an old woman.,a,B,b,0,,,,gemma4it_tb_uniform1_no_video.json
uniform,1,no_video,1228,307,TimeBlind/videos/mcq_vid_00007_0.mp4,How does the person's mood change? Option A: They go from happy to sad. Option B: They go from sad to happy.,a,Please provide the text or context you are referring to so I can determine the correct answer.,,0,,,,gemma4it_tb_uniform1_no_video.json
uniform,1,no_video,1229,307,TimeBlind/videos/mcq_vid_00007_1.mp4,How does the person's mood change? Option A: They go from happy to sad. Option B: They go from sad to happy.,b,Please provide the text or context you are referring to so I can determine the correct answer.,,0,,,,gemma4it_tb_uniform1_no_video.json
uniform,1,no_video,1230,307,TimeBlind/videos/mcq_vid_00007_0.mp4,How does the person's mood change? Option A: They go from sad to happy. Option B: They go from happy to sad.,b,Please provide the text or context you are referring to so I can determine the correct answer.,,0,,,,gemma4it_tb_uniform1_no_video.json
uniform,1,no_video,1231,307,TimeBlind/videos/mcq_vid_00007_1.mp4,How does the person's mood change? Option A: They go from sad to happy. Option B: They go from happy to sad.,a,Please provide the text or context you are referring to so I can determine the correct answer.,,0,,,,gemma4it_tb_uniform1_no_video.json
uniform,1,no_video,1232,308,TimeBlind/videos/mcq_vid_00008_0.mp4,What is happening to the whole onion? Option A: It is being cut into small pieces. Option B: The small pieces are coming together to form a whole onion.,a,A,a,1,,,,gemma4it_tb_uniform1_no_video.json
uniform,1,no_video,1233,308,TimeBlind/videos/mcq_vid_00008_1.mp4,What is happening to the whole onion? Option A: It is being cut into small pieces. Option B: The small pieces are coming together to form a whole onion.,b,A,a,0,,,,gemma4it_tb_uniform1_no_video.json
uniform,1,no_video,1234,308,TimeBlind/videos/mcq_vid_00008_0.mp4,What is happening to the whole onion? Option A: The small pieces are coming together to form a whole onion. Option B: It is being cut into small pieces.,b,"Please provide the image or context you are referring to, as there is no image attached to your request. 

However, if you are describing a process where a whole onion is being transformed into pieces, the answer is **Option B**. If you are describing a process where pieces are being assembled, the answer is **Option A**.",b,1,,,,gemma4it_tb_uniform1_no_video.json
uniform,1,no_video,1235,308,TimeBlind/videos/mcq_vid_00008_1.mp4,What is happening to the whole onion? Option A: The small pieces are coming together to form a whole onion. Option B: It is being cut into small pieces.,a,"Please provide the image or context you are referring to, as there is no image attached to your request. 

However, if you are describing a process where a whole onion is being transformed into pieces, the answer is **Option B**. If you are describing a process where pieces are being assembled, the answer is **Option A**.",b,0,,,,gemma4it_tb_uniform1_no_video.json
uniform,1,no_video,1236,309,TimeBlind/videos/mcq_vid_00009_0.mp4,How does the butter's physical state change over time? Option A: It changes from solid to liquid. Option B: It changes from liquid to solid.,a,A,a,1,,,,gemma4it_tb_uniform1_no_video.json
uniform,1,no_video,1237,309,TimeBlind/videos/mcq_vid_00009_1.mp4,How does the butter's physical state change over time? Option A: It changes from solid to liquid. Option B: It changes from liquid to solid.,b,A,a,0,,,,gemma4it_tb_uniform1_no_video.json
uniform,1,no_video,1238,309,TimeBlind/videos/mcq_vid_00009_0.mp4,How does the butter's physical state change over time? Option A: It changes from liquid to solid. Option B: It changes from solid to liquid.,b,B,b,1,,,,gemma4it_tb_uniform1_no_video.json
uniform,1,no_video,1239,309,TimeBlind/videos/mcq_vid_00009_1.mp4,How does the butter's physical state change over time? Option A: It changes from liquid to solid. Option B: It changes from solid to liquid.,a,B,b,0,,,,gemma4it_tb_uniform1_no_video.json
uniform,1,no_video,1240,310,TimeBlind/videos/mcq_vid_00010_0.mp4,"How does the clay's shape change? Option A: It goes from an irregular, elongated shape to a sphere. Option B: It goes from a sphere to an irregular, elongated shape.",a,"To provide the correct answer, I would need to see the specific context, image, or description of the process you are referring to.

However, in most standard physics or art demonstrations involving ""shaping clay"" (such as rolling a piece of clay into a ball or pulling it into a rope):

*   If the action is **rolling/molding**, the answer is **Option A**.
*   If the action is **stretching/pulling**, the answer is **Option B**.

Please provide the context if you would like a definitive choice.",a,1,,,,gemma4it_tb_uniform1_no_video.json
uniform,1,no_video,1241,310,TimeBlind/videos/mcq_vid_00010_1.mp4,"How does the clay's shape change? Option A: It goes from an irregular, elongated shape to a sphere. Option B: It goes from a sphere to an irregular, elongated shape.",b,"To provide the correct answer, I would need to see the specific context, image, or description of the process you are referring to.

However, in most standard physics or art demonstrations involving ""shaping clay"" (such as rolling a piece of clay into a ball or pulling it into a rope):

*   If the action is **rolling/molding**, the answer is **Option A**.
*   If the action is **stretching/pulling**, the answer is **Option B**.

Please provide the context if you would like a definitive choice.",a,0,,,,gemma4it_tb_uniform1_no_video.json
uniform,1,no_video,1242,310,TimeBlind/videos/mcq_vid_00010_0.mp4,"How does the clay's shape change? Option A: It goes from a sphere to an irregular, elongated shape. Option B: It goes from an irregular, elongated shape to a sphere.",b,"Please provide the context, image, or description of the process you are referring to. Without the source material, I cannot determine which shape change occurred.",,0,,,,gemma4it_tb_uniform1_no_video.json
uniform,1,no_video,1243,310,TimeBlind/videos/mcq_vid_00010_1.mp4,"How does the clay's shape change? Option A: It goes from a sphere to an irregular, elongated shape. Option B: It goes from an irregular, elongated shape to a sphere.",a,"Please provide the context, image, or description of the process you are referring to. Without the source material, I cannot determine which shape change occurred.",,0,,,,gemma4it_tb_uniform1_no_video.json
uniform,1,no_video,1244,311,TimeBlind/videos/mcq_vid_00011_0.mp4,"As seen from above, in which direction is the pine cone being rotated? Option A: Clockwise. Option B: Counterclockwise.",a,"To provide the correct answer, I would need to see the image or video you are referring to. Since no image was provided in your message, I cannot determine the direction of rotation.

Please upload the image or describe the motion, and I will be happy to tell you if it is Option A or B.",a,1,,,,gemma4it_tb_uniform1_no_video.json
uniform,1,no_video,1245,311,TimeBlind/videos/mcq_vid_00011_1.mp4,"As seen from above, in which direction is the pine cone being rotated? Option A: Clockwise. Option B: Counterclockwise.",b,"To provide the correct answer, I would need to see the image or video you are referring to. Since no image was provided in your message, I cannot determine the direction of rotation.

Please upload the image or describe the motion, and I will be happy to tell you if it is Option A or B.",a,0,,,,gemma4it_tb_uniform1_no_video.json
uniform,1,no_video,1246,311,TimeBlind/videos/mcq_vid_00011_0.mp4,"As seen from above, in which direction is the pine cone being rotated? Option A: Counterclockwise. Option B: Clockwise.",b,"To provide the correct answer, I would need to see the image or video you are referring to. Since no image was provided in your message, I cannot determine the direction of rotation.

Please upload the image or describe the motion, and I will be happy to tell you if it is Option A or Option B.",a,0,,,,gemma4it_tb_uniform1_no_video.json
uniform,1,no_video,1247,311,TimeBlind/videos/mcq_vid_00011_1.mp4,"As seen from above, in which direction is the pine cone being rotated? Option A: Counterclockwise. Option B: Clockwise.",a,"To provide the correct answer, I would need to see the image or video you are referring to. Since no image was provided in your message, I cannot determine the direction of rotation.

Please upload the image or describe the motion, and I will be happy to tell you if it is Option A or Option B.",a,1,,,,gemma4it_tb_uniform1_no_video.json
uniform,1,no_video,1248,312,TimeBlind/videos/mcq_vid_00012_0.mp4,How does the pine cone change? Option A: It goes from closed to open. Option B: It goes from open to closed.,a,A,a,1,,,,gemma4it_tb_uniform1_no_video.json
uniform,1,no_video,1249,312,TimeBlind/videos/mcq_vid_00012_1.mp4,How does the pine cone change? Option A: It goes from closed to open. Option B: It goes from open to closed.,b,A,a,0,,,,gemma4it_tb_uniform1_no_video.json
uniform,1,no_video,1250,312,TimeBlind/videos/mcq_vid_00012_0.mp4,How does the pine cone change? Option A: It goes from open to closed. Option B: It goes from closed to open.,b,B,b,1,,,,gemma4it_tb_uniform1_no_video.json
uniform,1,no_video,1251,312,TimeBlind/videos/mcq_vid_00012_1.mp4,How does the pine cone change? Option A: It goes from open to closed. Option B: It goes from closed to open.,a,B,b,0,,,,gemma4it_tb_uniform1_no_video.json
uniform,1,no_video,1252,313,TimeBlind/videos/mcq_vid_00013_0.mp4,How does the seed coat move relative to the soil? Option A: It moves away from the soil. Option B: It moves toward the soil.,a,"The correct answer is **B**.

**Explanation:**
In the process of seed germination, the seed coat (testa) is typically pushed or moved **toward the soil** (or remains in contact with it) as the embryo expands and the radicle (the primary root) emerges. The radicle is the first part of the plant to break through the seed coat to anchor the plant and absorb water from the soil.",b,0,,,,gemma4it_tb_uniform1_no_video.json
uniform,1,no_video,1253,313,TimeBlind/videos/mcq_vid_00013_1.mp4,How does the seed coat move relative to the soil? Option A: It moves away from the soil. Option B: It moves toward the soil.,b,"The correct answer is **B**.

**Explanation:**
In the process of seed germination, the seed coat (testa) is typically pushed or moved **toward the soil** (or remains in contact with it) as the embryo expands and the radicle (the primary root) emerges. The radicle is the first part of the plant to break through the seed coat to anchor the plant and absorb water from the soil.",b,1,,,,gemma4it_tb_uniform1_no_video.json
uniform,1,no_video,1254,313,TimeBlind/videos/mcq_vid_00013_0.mp4,How does the seed coat move relative to the soil? Option A: It moves toward the soil. Option B: It moves away from the soil.,b,"The question as phrased is slightly ambiguous because a seed coat is a physical structure that remains attached to the seed; it does not ""move"" independently of the seed. However, in the context of biological processes like germination or seed dispersal:

1.  **Germination:** The seed coat stays in place while the radicle (embryonic root) pushes **toward** the soil/into the soil.
2.  **Dispersal:** Seeds move **away** from the parent plant/soil.

If this is a specific question from a biology quiz regarding the movement of the seed coat during the initial stages of growth",a,0,,,,gemma4it_tb_uniform1_no_video.json
uniform,1,no_video,1255,313,TimeBlind/videos/mcq_vid_00013_1.mp4,How does the seed coat move relative to the soil? Option A: It moves toward the soil. Option B: It moves away from the soil.,a,"The question as phrased is slightly ambiguous because a seed coat is a physical structure that remains attached to the seed; it does not ""move"" independently of the seed. However, in the context of biological processes like germination or seed dispersal:

1.  **Germination:** The seed coat stays in place while the radicle (embryonic root) pushes **toward** the soil/into the soil.
2.  **Dispersal:** Seeds move **away** from the parent plant/soil.

If this is a specific question from a biology quiz regarding the movement of the seed coat during the initial stages of growth",a,1,,,,gemma4it_tb_uniform1_no_video.json
uniform,1,no_video,1256,314,TimeBlind/videos/mcq_vid_00014_0.mp4,How is the height of the pine tree changing? Option A: It is getting taller. Option B: It is getting shorter.,a,"Please provide the context, image, or description of the pine tree you are referring to. Without any information about the tree's growth or a specific scenario, I cannot determine the correct answer.",a,1,,,,gemma4it_tb_uniform1_no_video.json
uniform,1,no_video,1257,314,TimeBlind/videos/mcq_vid_00014_1.mp4,How is the height of the pine tree changing? Option A: It is getting taller. Option B: It is getting shorter.,b,"Please provide the context, image, or description of the pine tree you are referring to. Without any information about the tree's growth or a specific scenario, I cannot determine the correct answer.",a,0,,,,gemma4it_tb_uniform1_no_video.json
uniform,1,no_video,1258,314,TimeBlind/videos/mcq_vid_00014_0.mp4,How is the height of the pine tree changing? Option A: It is getting shorter. Option B: It is getting taller.,b,"Please provide the context, image, or description of the pine tree you are referring to. Without any information about the tree's growth or a specific scenario, I cannot determine the correct answer.",a,0,,,,gemma4it_tb_uniform1_no_video.json
uniform,1,no_video,1259,314,TimeBlind/videos/mcq_vid_00014_1.mp4,How is the height of the pine tree changing? Option A: It is getting shorter. Option B: It is getting taller.,a,"Please provide the context, image, or description of the pine tree you are referring to. Without any information about the tree's growth or a specific scenario, I cannot determine the correct answer.",a,1,,,,gemma4it_tb_uniform1_no_video.json
uniform,1,no_video,1260,315,TimeBlind/videos/mcq_vid_00015_0.mp4,How does the number of small black objects in the clear container change? Option A: It increases from one to five. Option B: It decreases from five to one.,a,"To provide the correct answer, I would need to see the image or video you are referring to. However, based on the typical structure of these types of questions:

If the number of objects starts at one and ends at five, the answer is **A**.
If the number of objects starts at five and ends at one, the answer is **B**.

Please provide the visual context if you would like a definitive answer.",a,1,,,,gemma4it_tb_uniform1_no_video.json
uniform,1,no_video,1261,315,TimeBlind/videos/mcq_vid_00015_1.mp4,How does the number of small black objects in the clear container change? Option A: It increases from one to five. Option B: It decreases from five to one.,b,"To provide the correct answer, I would need to see the image or video you are referring to. However, based on the typical structure of these types of questions:

If the number of objects starts at one and ends at five, the answer is **A**.
If the number of objects starts at five and ends at one, the answer is **B**.

Please provide the visual context if you would like a definitive answer.",a,0,,,,gemma4it_tb_uniform1_no_video.json
uniform,1,no_video,1262,315,TimeBlind/videos/mcq_vid_00015_0.mp4,How does the number of small black objects in the clear container change? Option A: It decreases from five to one. Option B: It increases from one to five.,b,"To provide the correct answer, I would need to see the image or video you are referring to. However, based on the typical structure of these types of questions:

If the objects are being removed, the answer is **A**.
If the objects are being added, the answer is **B**.

Please provide the visual context if you would like a definitive answer.",a,0,,,,gemma4it_tb_uniform1_no_video.json
uniform,1,no_video,1263,315,TimeBlind/videos/mcq_vid_00015_1.mp4,How does the number of small black objects in the clear container change? Option A: It decreases from five to one. Option B: It increases from one to five.,a,"To provide the correct answer, I would need to see the image or video you are referring to. However, based on the typical structure of these types of questions:

If the objects are being removed, the answer is **A**.
If the objects are being added, the answer is **B**.

Please provide the visual context if you would like a definitive answer.",a,1,,,,gemma4it_tb_uniform1_no_video.json
uniform,1,no_video,1264,316,TimeBlind/videos/mcq_vid_00016_0.mp4,How does a strawberry's color change over time? Option A: It gradually turns from light green to red. Option B: It gradually turns from red to light green.,a,A,a,1,,,,gemma4it_tb_uniform1_no_video.json
uniform,1,no_video,1265,316,TimeBlind/videos/mcq_vid_00016_1.mp4,How does a strawberry's color change over time? Option A: It gradually turns from light green to red. Option B: It gradually turns from red to light green.,b,A,a,0,,,,gemma4it_tb_uniform1_no_video.json
uniform,1,no_video,1266,316,TimeBlind/videos/mcq_vid_00016_0.mp4,How does a strawberry's color change over time? Option A: It gradually turns from red to light green. Option B: It gradually turns from light green to red.,b,B,b,1,,,,gemma4it_tb_uniform1_no_video.json
uniform,1,no_video,1267,316,TimeBlind/videos/mcq_vid_00016_1.mp4,How does a strawberry's color change over time? Option A: It gradually turns from red to light green. Option B: It gradually turns from light green to red.,a,B,b,0,,,,gemma4it_tb_uniform1_no_video.json
uniform,1,no_video,1268,317,TimeBlind/videos/mcq_vid_00017_0.mp4,"When viewed from above, which direction is the top sprout rotating? Option A: Counterclockwise. Option B: Clockwise.",a,"To provide the correct answer, I need to see the image or a description of the motion you are referring to. Since no image was provided in your prompt, I cannot determine the direction of rotation.

Please provide the image or a description of the movement, and I will be happy to tell you if it is Option A or Option B.",a,1,,,,gemma4it_tb_uniform1_no_video.json
uniform,1,no_video,1269,317,TimeBlind/videos/mcq_vid_00017_1.mp4,"When viewed from above, which direction is the top sprout rotating? Option A: Counterclockwise. Option B: Clockwise.",b,"To provide the correct answer, I need to see the image or a description of the motion you are referring to. Since no image was provided in your prompt, I cannot determine the direction of rotation.

Please provide the image or a description of the movement, and I will be happy to tell you if it is Option A or Option B.",a,0,,,,gemma4it_tb_uniform1_no_video.json
uniform,1,no_video,1270,317,TimeBlind/videos/mcq_vid_00017_0.mp4,"When viewed from above, which direction is the top sprout rotating? Option A: Clockwise. Option B: Counterclockwise.",b,"To provide the correct answer, I need to see the image or a description of the motion you are referring to. Since no image was provided in your message, I cannot determine the direction of rotation.

Please upload the image or describe the movement, and I will be happy to tell you if it is Option A or Option B.",a,0,,,,gemma4it_tb_uniform1_no_video.json
uniform,1,no_video,1271,317,TimeBlind/videos/mcq_vid_00017_1.mp4,"When viewed from above, which direction is the top sprout rotating? Option A: Clockwise. Option B: Counterclockwise.",a,"To provide the correct answer, I need to see the image or a description of the motion you are referring to. Since no image was provided in your message, I cannot determine the direction of rotation.

Please upload the image or describe the movement, and I will be happy to tell you if it is Option A or Option B.",a,1,,,,gemma4it_tb_uniform1_no_video.json
uniform,1,no_video,1272,318,TimeBlind/videos/mcq_vid_00018_0.mp4,Which of the following accurately describes the movement used to wipe the whiteboard? Option A: The person in the video wipes the whiteboard with small strokes. Option B: The person in the video wipes the whiteboard with large strokes.,a,"Please provide the video you are referring to. Since no video was attached to your message, I cannot see the movement and therefore cannot determine whether the strokes are small or large.",,0,,,,gemma4it_tb_uniform1_no_video.json
uniform,1,no_video,1273,318,TimeBlind/videos/mcq_vid_00018_1.mp4,Which of the following accurately describes the movement used to wipe the whiteboard? Option A: The person in the video wipes the whiteboard with small strokes. Option B: The person in the video wipes the whiteboard with large strokes.,b,"Please provide the video you are referring to. Since no video was attached to your message, I cannot see the movement and therefore cannot determine whether the strokes are small or large.",,0,,,,gemma4it_tb_uniform1_no_video.json
uniform,1,no_video,1274,318,TimeBlind/videos/mcq_vid_00018_0.mp4,Which of the following accurately describes the movement used to wipe the whiteboard? Option A: The person in the video wipes the whiteboard with large strokes. Option B: The person in the video wipes the whiteboard with small strokes.,b,"To provide an accurate answer, I would need to see the video you are referring to. Since no video was provided in your message, I cannot determine whether the strokes were large or small.

Please provide the video or a description of the movement, and I will be happy to help!",a,0,,,,gemma4it_tb_uniform1_no_video.json
uniform,1,no_video,1275,318,TimeBlind/videos/mcq_vid_00018_1.mp4,Which of the following accurately describes the movement used to wipe the whiteboard? Option A: The person in the video wipes the whiteboard with large strokes. Option B: The person in the video wipes the whiteboard with small strokes.,a,"To provide an accurate answer, I would need to see the video you are referring to. Since no video was provided in your message, I cannot determine whether the strokes were large or small.

Please provide the video or a description of the movement, and I will be happy to help!",a,1,,,,gemma4it_tb_uniform1_no_video.json
uniform,1,no_video,1276,319,TimeBlind/videos/mcq_vid_00019_0.mp4,How does the number of leaves change? Option A: It increases from one to three. Option B: It decreases from three to one.,a,"To provide the correct answer, I would need to see the image or the context of the problem you are referring to. However, based on typical logic puzzles or sequence questions:

If the sequence shows a growth pattern, the answer is **A**.
If the sequence shows a reduction pattern, the answer is **B**.

Please provide the image or description for a definitive answer.",a,1,,,,gemma4it_tb_uniform1_no_video.json
uniform,1,no_video,1277,319,TimeBlind/videos/mcq_vid_00019_1.mp4,How does the number of leaves change? Option A: It increases from one to three. Option B: It decreases from three to one.,b,"To provide the correct answer, I would need to see the image or the context of the problem you are referring to. However, based on typical logic puzzles or sequence questions:

If the sequence shows a growth pattern, the answer is **A**.
If the sequence shows a reduction pattern, the answer is **B**.

Please provide the image or description for a definitive answer.",a,0,,,,gemma4it_tb_uniform1_no_video.json
uniform,1,no_video,1278,319,TimeBlind/videos/mcq_vid_00019_0.mp4,How does the number of leaves change? Option A: It decreases from three to one. Option B: It increases from one to three.,b,"To provide the correct answer, I would need to see the image or the context of the problem you are referring to. However, based on typical logic puzzles or sequence patterns:

If the sequence shows a growth pattern, the answer is **B**.
If the sequence shows a reduction pattern, the answer is **A**.

Please provide the image or description for a definitive answer.",a,0,,,,gemma4it_tb_uniform1_no_video.json
uniform,1,no_video,1279,319,TimeBlind/videos/mcq_vid_00019_1.mp4,How does the number of leaves change? Option A: It decreases from three to one. Option B: It increases from one to three.,a,"To provide the correct answer, I would need to see the image or the context of the problem you are referring to. However, based on typical logic puzzles or sequence patterns:

If the sequence shows a growth pattern, the answer is **B**.
If the sequence shows a reduction pattern, the answer is **A**.

Please provide the image or description for a definitive answer.",a,1,,,,gemma4it_tb_uniform1_no_video.json
uniform,1,no_video,1280,320,TimeBlind/videos/mcq_vid_00020_0.mp4,What happens to the seed in the video? Option A: The seed comes into view. Option B: The seed goes out of view.,a,"Please provide the video you are referring to. Since I cannot see a video in your message, I am unable to determine whether the seed comes into view or goes out of view.",a,1,,,,gemma4it_tb_uniform1_no_video.json
uniform,1,no_video,1281,320,TimeBlind/videos/mcq_vid_00020_1.mp4,What happens to the seed in the video? Option A: The seed comes into view. Option B: The seed goes out of view.,b,"Please provide the video you are referring to. Since I cannot see a video in your message, I am unable to determine whether the seed comes into view or goes out of view.",a,0,,,,gemma4it_tb_uniform1_no_video.json
uniform,1,no_video,1282,320,TimeBlind/videos/mcq_vid_00020_0.mp4,What happens to the seed in the video? Option A: The seed goes out of view. Option B: The seed comes into view.,b,"Please provide the video you are referring to! You haven't attached or linked a video yet. Once you provide it, I can tell you whether the answer is Option A or Option B.",a,0,,,,gemma4it_tb_uniform1_no_video.json
uniform,1,no_video,1283,320,TimeBlind/videos/mcq_vid_00020_1.mp4,What happens to the seed in the video? Option A: The seed goes out of view. Option B: The seed comes into view.,a,"Please provide the video you are referring to! You haven't attached or linked a video yet. Once you provide it, I can tell you whether the answer is Option A or Option B.",a,1,,,,gemma4it_tb_uniform1_no_video.json
uniform,1,no_video,1284,321,TimeBlind/videos/mcq_vid_00021_0.mp4,How does the box's state change? Option A: It goes from open to closed. Option B: It goes from closed to open.,a,"Please provide the context, image, or description of the situation you are referring to. Without knowing the initial state of the box or the action being performed, I cannot determine whether the correct answer is A or B.",a,1,,,,gemma4it_tb_uniform1_no_video.json
uniform,1,no_video,1285,321,TimeBlind/videos/mcq_vid_00021_1.mp4,How does the box's state change? Option A: It goes from open to closed. Option B: It goes from closed to open.,b,"Please provide the context, image, or description of the situation you are referring to. Without knowing the initial state of the box or the action being performed, I cannot determine whether the correct answer is A or B.",a,0,,,,gemma4it_tb_uniform1_no_video.json
uniform,1,no_video,1286,321,TimeBlind/videos/mcq_vid_00021_0.mp4,How does the box's state change? Option A: It goes from closed to open. Option B: It goes from open to closed.,b,"Please provide the context, image, or description of the situation you are referring to. Without knowing the initial and final state of the box, I cannot determine whether the answer is A or B.",a,0,,,,gemma4it_tb_uniform1_no_video.json
uniform,1,no_video,1287,321,TimeBlind/videos/mcq_vid_00021_1.mp4,How does the box's state change? Option A: It goes from closed to open. Option B: It goes from open to closed.,a,"Please provide the context, image, or description of the situation you are referring to. Without knowing the initial and final state of the box, I cannot determine whether the answer is A or B.",a,1,,,,gemma4it_tb_uniform1_no_video.json
uniform,1,no_video,1288,322,TimeBlind/videos/mcq_vid_00022_0.mp4,How does the molten glass change shape? Option A: It changes from an oval to a rectangle. Option B: It changes from a rectangle to an oval.,a,"To provide a definitive answer, I would need to see the specific image or context you are referring to, as ""molten glass"" can be shaped into any form depending on the artist's intent or the container used.

However, if this is a question based on a specific standardized test or a known visual puzzle where a piece of glass is being manipulated:

**Please provide the image or the context.**

If you are forced to choose based on a common artistic demonstration of glass blowing (where a blob is often pulled into a shape):
*   If it is being stretched/blown: **Option B** (Rectangle to",b,0,,,,gemma4it_tb_uniform1_no_video.json
uniform,1,no_video,1289,322,TimeBlind/videos/mcq_vid_00022_1.mp4,How does the molten glass change shape? Option A: It changes from an oval to a rectangle. Option B: It changes from a rectangle to an oval.,b,"To provide a definitive answer, I would need to see the specific image or context you are referring to, as ""molten glass"" can be shaped into any form depending on the artist's intent or the container used.

However, if this is a question based on a specific standardized test or a known visual puzzle where a piece of glass is being manipulated:

**Please provide the image or the context.**

If you are forced to choose based on a common artistic demonstration of glass blowing (where a blob is often pulled into a shape):
*   If it is being stretched/blown: **Option B** (Rectangle to",b,1,,,,gemma4it_tb_uniform1_no_video.json
uniform,1,no_video,1290,322,TimeBlind/videos/mcq_vid_00022_0.mp4,How does the molten glass change shape? Option A: It changes from a rectangle to an oval. Option B: It changes from an oval to a rectangle.,b,"To provide a definitive answer, I would need to see the specific image or context you are referring to, as the shape change of molten glass depends entirely on the container or mold it is being poured into.

However, if this is a question from a specific test or visual puzzle where the glass is being poured into a rectangular mold, the answer is typically **Option B**. If it is being pressed into an oval mold, it would be **Option A**.

Please provide the image or context for a certain answer.",b,1,,,,gemma4it_tb_uniform1_no_video.json
uniform,1,no_video,1291,322,TimeBlind/videos/mcq_vid_00022_1.mp4,How does the molten glass change shape? Option A: It changes from a rectangle to an oval. Option B: It changes from an oval to a rectangle.,a,"To provide a definitive answer, I would need to see the specific image or context you are referring to, as the shape change of molten glass depends entirely on the container or mold it is being poured into.

However, if this is a question from a specific test or visual puzzle where the glass is being poured into a rectangular mold, the answer is typically **Option B**. If it is being pressed into an oval mold, it would be **Option A**.

Please provide the image or context for a certain answer.",b,0,,,,gemma4it_tb_uniform1_no_video.json
uniform,1,no_video,1292,323,TimeBlind/videos/mcq_vid_00023_0.mp4,How does the red object's shape change over time? Option A: It changes from teardrop-shaped to gourd-shaped. Option B: It changes from gourd-shaped to teardrop-shaped.,a,"To provide the correct answer, I would need to see the video or image sequence you are referring to. However, based on common visual logic puzzles of this type:

If the object starts wide at the bottom and narrows to a point at the top, it is **gourd-shaped**. If it starts rounded and tapers into a long point, it is **teardrop-shaped**.

Please provide the visual context so I can give you the definitive answer.",a,1,,,,gemma4it_tb_uniform1_no_video.json
uniform,1,no_video,1293,323,TimeBlind/videos/mcq_vid_00023_1.mp4,How does the red object's shape change over time? Option A: It changes from teardrop-shaped to gourd-shaped. Option B: It changes from gourd-shaped to teardrop-shaped.,b,"To provide the correct answer, I would need to see the video or image sequence you are referring to. However, based on common visual logic puzzles of this type:

If the object starts wide at the bottom and narrows to a point at the top, it is **gourd-shaped**. If it starts rounded and tapers into a long point, it is **teardrop-shaped**.

Please provide the visual context so I can give you the definitive answer.",a,0,,,,gemma4it_tb_uniform1_no_video.json
uniform,1,no_video,1294,323,TimeBlind/videos/mcq_vid_00023_0.mp4,How does the red object's shape change over time? Option A: It changes from gourd-shaped to teardrop-shaped. Option B: It changes from teardrop-shaped to gourd-shaped.,b,"To provide the correct answer, I would need to see the video or image sequence you are referring to. However, based on common visual logic in such tests:

If the object starts rounded/bulbous and becomes pointed, it is **Option A**.
If the object starts pointed and becomes rounded/bulbous, it is **Option B**.

Please provide the visual context for a definitive answer.",a,0,,,,gemma4it_tb_uniform1_no_video.json
uniform,1,no_video,1295,323,TimeBlind/videos/mcq_vid_00023_1.mp4,How does the red object's shape change over time? Option A: It changes from gourd-shaped to teardrop-shaped. Option B: It changes from teardrop-shaped to gourd-shaped.,a,"To provide the correct answer, I would need to see the video or image sequence you are referring to. However, based on common visual logic in such tests:

If the object starts rounded/bulbous and becomes pointed, it is **Option A**.
If the object starts pointed and becomes rounded/bulbous, it is **Option B**.

Please provide the visual context for a definitive answer.",a,1,,,,gemma4it_tb_uniform1_no_video.json
uniform,1,no_video,1296,324,TimeBlind/videos/mcq_vid_00024_0.mp4,How does the clay change shape? Option A: It changes from an irregular shape to a bowl. Option B: It changes from a bowl to an irregular shape.,a,A,a,1,,,,gemma4it_tb_uniform1_no_video.json
uniform,1,no_video,1297,324,TimeBlind/videos/mcq_vid_00024_1.mp4,How does the clay change shape? Option A: It changes from an irregular shape to a bowl. Option B: It changes from a bowl to an irregular shape.,b,A,a,0,,,,gemma4it_tb_uniform1_no_video.json
uniform,1,no_video,1298,324,TimeBlind/videos/mcq_vid_00024_0.mp4,How does the clay change shape? Option A: It changes from a bowl to an irregular shape. Option B: It changes from an irregular shape to a bowl.,b,"Please provide the context, image, or description of the process you are referring to. Without the specific information about the sequence of events, I cannot determine whether the clay started as a bowl or an irregular shape.",a,0,,,,gemma4it_tb_uniform1_no_video.json
uniform,1,no_video,1299,324,TimeBlind/videos/mcq_vid_00024_1.mp4,How does the clay change shape? Option A: It changes from a bowl to an irregular shape. Option B: It changes from an irregular shape to a bowl.,a,"Please provide the context, image, or description of the process you are referring to. Without the specific information about the sequence of events, I cannot determine whether the clay started as a bowl or an irregular shape.",a,1,,,,gemma4it_tb_uniform1_no_video.json
uniform,1,no_video,1300,325,TimeBlind/videos/mcq_vid_00025_0.mp4,How does the book's state change? Option A: It goes from closed to open. Option B: It goes from open to closed.,a,"Please provide the text or context of the book you are referring to, as you haven't included the story or description in your message. Once you provide the context, I can tell you whether the answer is A or B.",a,1,,,,gemma4it_tb_uniform1_no_video.json
uniform,1,no_video,1301,325,TimeBlind/videos/mcq_vid_00025_1.mp4,How does the book's state change? Option A: It goes from closed to open. Option B: It goes from open to closed.,b,"Please provide the text or context of the book you are referring to, as you haven't included the story or description in your message. Once you provide the context, I can tell you whether the answer is A or B.",a,0,,,,gemma4it_tb_uniform1_no_video.json
uniform,1,no_video,1302,325,TimeBlind/videos/mcq_vid_00025_0.mp4,How does the book's state change? Option A: It goes from open to closed. Option B: It goes from closed to open.,b,"Please provide the text or context of the book you are referring to. Without the source material, I cannot determine the state change.",,0,,,,gemma4it_tb_uniform1_no_video.json
uniform,1,no_video,1303,325,TimeBlind/videos/mcq_vid_00025_1.mp4,How does the book's state change? Option A: It goes from open to closed. Option B: It goes from closed to open.,a,"Please provide the text or context of the book you are referring to. Without the source material, I cannot determine the state change.",,0,,,,gemma4it_tb_uniform1_no_video.json
uniform,1,no_video,1304,326,TimeBlind/videos/mcq_vid_00026_0.mp4,How is the distance between the two cups changing? Option A: One cup is moving away from the other. Option B: One cup is moving closer to the other.,a,"Please provide the image or a description of the motion you are referring to. Without the visual context or a description of the movement, I cannot determine which option is correct.",a,1,,,,gemma4it_tb_uniform1_no_video.json
uniform,1,no_video,1305,326,TimeBlind/videos/mcq_vid_00026_1.mp4,How is the distance between the two cups changing? Option A: One cup is moving away from the other. Option B: One cup is moving closer to the other.,b,"Please provide the image or a description of the motion you are referring to. Without the visual context or a description of the movement, I cannot determine which option is correct.",a,0,,,,gemma4it_tb_uniform1_no_video.json
uniform,1,no_video,1306,326,TimeBlind/videos/mcq_vid_00026_0.mp4,How is the distance between the two cups changing? Option A: One cup is moving closer to the other. Option B: One cup is moving away from the other.,b,Please provide the video or image you are referring to so I can analyze the movement of the cups and give you the correct answer.,,0,,,,gemma4it_tb_uniform1_no_video.json
uniform,1,no_video,1307,326,TimeBlind/videos/mcq_vid_00026_1.mp4,How is the distance between the two cups changing? Option A: One cup is moving closer to the other. Option B: One cup is moving away from the other.,a,Please provide the video or image you are referring to so I can analyze the movement of the cups and give you the correct answer.,,0,,,,gemma4it_tb_uniform1_no_video.json
uniform,1,no_video,1308,327,TimeBlind/videos/mcq_vid_00027_0.mp4,"When the cup is moved, is it placed on a smaller or a larger coaster? Option A: The cup is moved to a smaller coaster. Option B: The cup is moved to a larger coaster.",a,"To provide the correct answer, I need to see the image or the context describing the movement of the cup. Since no image or description was provided in your prompt, I cannot determine which coaster is smaller or larger.

Please provide the image or description, and I will be happy to help!",,0,,,,gemma4it_tb_uniform1_no_video.json
uniform,1,no_video,1309,327,TimeBlind/videos/mcq_vid_00027_1.mp4,"When the cup is moved, is it placed on a smaller or a larger coaster? Option A: The cup is moved to a smaller coaster. Option B: The cup is moved to a larger coaster.",b,"To provide the correct answer, I need to see the image or the context describing the movement of the cup. Since no image or description was provided in your prompt, I cannot determine which coaster is smaller or larger.

Please provide the image or description, and I will be happy to help!",,0,,,,gemma4it_tb_uniform1_no_video.json
uniform,1,no_video,1310,327,TimeBlind/videos/mcq_vid_00027_0.mp4,"When the cup is moved, is it placed on a smaller or a larger coaster? Option A: The cup is moved to a larger coaster. Option B: The cup is moved to a smaller coaster.",b,"To provide the correct answer, I need to see the image or the context describing the movement of the cup. Since no image or description was provided in your prompt, I cannot determine which coaster is smaller or larger.

Please provide the image or description, and I will be happy to help!",,0,,,,gemma4it_tb_uniform1_no_video.json
uniform,1,no_video,1311,327,TimeBlind/videos/mcq_vid_00027_1.mp4,"When the cup is moved, is it placed on a smaller or a larger coaster? Option A: The cup is moved to a larger coaster. Option B: The cup is moved to a smaller coaster.",a,"To provide the correct answer, I need to see the image or the context describing the movement of the cup. Since no image or description was provided in your prompt, I cannot determine which coaster is smaller or larger.

Please provide the image or description, and I will be happy to help!",,0,,,,gemma4it_tb_uniform1_no_video.json
uniform,1,no_video,1312,328,TimeBlind/videos/mcq_vid_00028_0.mp4,"In the video, does the person put the bowl into the liquid in the bucket or take it out? Option A: The person puts the bowl into the liquid. Option B: The person takes the bowl out of the liquid.",a,"thought
<channel|>Please provide the video or a description of the video you are referring to. Since I cannot see the video without it being provided, I am unable to determine whether the person puts the bowl in or takes it out.",a,1,,,,gemma4it_tb_uniform1_no_video.json
uniform,1,no_video,1313,328,TimeBlind/videos/mcq_vid_00028_1.mp4,"In the video, does the person put the bowl into the liquid in the bucket or take it out? Option A: The person puts the bowl into the liquid. Option B: The person takes the bowl out of the liquid.",b,"thought
<channel|>Please provide the video or a description of the video you are referring to. Since I cannot see the video without it being provided, I am unable to determine whether the person puts the bowl in or takes it out.",a,0,,,,gemma4it_tb_uniform1_no_video.json
uniform,1,no_video,1314,328,TimeBlind/videos/mcq_vid_00028_0.mp4,"In the video, does the person put the bowl into the liquid in the bucket or take it out? Option A: The person takes the bowl out of the liquid. Option B: The person puts the bowl into the liquid.",b,"thought
<channel|>Please provide the video or a description of the video you are referring to. Since I cannot see the video without it being provided, I am unable to determine whether the person puts the bowl in or takes it out.",a,0,,,,gemma4it_tb_uniform1_no_video.json
uniform,1,no_video,1315,328,TimeBlind/videos/mcq_vid_00028_1.mp4,"In the video, does the person put the bowl into the liquid in the bucket or take it out? Option A: The person takes the bowl out of the liquid. Option B: The person puts the bowl into the liquid.",a,"thought
<channel|>Please provide the video or a description of the video you are referring to. Since I cannot see the video without it being provided, I am unable to determine whether the person puts the bowl in or takes it out.",a,1,,,,gemma4it_tb_uniform1_no_video.json
uniform,1,no_video,1316,329,TimeBlind/videos/mcq_vid_00029_0.mp4,How is the bowl's color changing? Option A: It goes from light to dark. Option B: It goes from dark to light.,a,Please provide the image or description of the bowl you are referring to so I can determine the correct answer.,,0,,,,gemma4it_tb_uniform1_no_video.json
uniform,1,no_video,1317,329,TimeBlind/videos/mcq_vid_00029_1.mp4,How is the bowl's color changing? Option A: It goes from light to dark. Option B: It goes from dark to light.,b,Please provide the image or description of the bowl you are referring to so I can determine the correct answer.,,0,,,,gemma4it_tb_uniform1_no_video.json
uniform,1,no_video,1318,329,TimeBlind/videos/mcq_vid_00029_0.mp4,How is the bowl's color changing? Option A: It goes from dark to light. Option B: It goes from light to dark.,b,Please provide the image or description of the bowl you are referring to so I can determine the correct answer.,,0,,,,gemma4it_tb_uniform1_no_video.json
uniform,1,no_video,1319,329,TimeBlind/videos/mcq_vid_00029_1.mp4,How is the bowl's color changing? Option A: It goes from dark to light. Option B: It goes from light to dark.,a,Please provide the image or description of the bowl you are referring to so I can determine the correct answer.,,0,,,,gemma4it_tb_uniform1_no_video.json
uniform,1,no_video,1320,330,TimeBlind/videos/mcq_vid_00030_0.mp4,What color does the bowl change to? Option A: It turns brown. Option B: It turns white.,a,"Please provide the context, image, or description of the situation you are referring to. Without knowing the specific story, video, or experiment you are describing, I cannot determine which color the bowl changes to.",,0,,,,gemma4it_tb_uniform1_no_video.json
uniform,1,no_video,1321,330,TimeBlind/videos/mcq_vid_00030_1.mp4,What color does the bowl change to? Option A: It turns brown. Option B: It turns white.,b,"Please provide the context, image, or description of the situation you are referring to. Without knowing the specific story, video, or experiment you are describing, I cannot determine which color the bowl changes to.",,0,,,,gemma4it_tb_uniform1_no_video.json
uniform,1,no_video,1322,330,TimeBlind/videos/mcq_vid_00030_0.mp4,What color does the bowl change to? Option A: It turns white. Option B: It turns brown.,b,"Please provide the context, image, or description of the situation you are referring to. Without knowing the specific story, video, or experiment you are describing, I cannot determine which color the bowl changes to.",,0,,,,gemma4it_tb_uniform1_no_video.json
uniform,1,no_video,1323,330,TimeBlind/videos/mcq_vid_00030_1.mp4,What color does the bowl change to? Option A: It turns white. Option B: It turns brown.,a,"Please provide the context, image, or description of the situation you are referring to. Without knowing the specific story, video, or experiment you are describing, I cannot determine which color the bowl changes to.",,0,,,,gemma4it_tb_uniform1_no_video.json
uniform,1,no_video,1324,331,TimeBlind/videos/mcq_vid_00031_0.mp4,"When viewed from below, which direction is the bowl rotating? Option A: Clockwise. Option B: Counterclockwise.",a,"To provide the correct answer, I would need to see the image or a description of the bowl's motion. Since no image was provided in your prompt, I cannot determine the direction of rotation.

Please provide the image or a description of the motion, and I will be happy to help!",a,1,,,,gemma4it_tb_uniform1_no_video.json
uniform,1,no_video,1325,331,TimeBlind/videos/mcq_vid_00031_1.mp4,"When viewed from below, which direction is the bowl rotating? Option A: Clockwise. Option B: Counterclockwise.",b,"To provide the correct answer, I would need to see the image or a description of the bowl's motion. Since no image was provided in your prompt, I cannot determine the direction of rotation.

Please provide the image or a description of the motion, and I will be happy to help!",a,0,,,,gemma4it_tb_uniform1_no_video.json
uniform,1,no_video,1326,331,TimeBlind/videos/mcq_vid_00031_0.mp4,"When viewed from below, which direction is the bowl rotating? Option A: Counterclockwise. Option B: Clockwise.",b,"To provide the correct answer, I would need to see the image or a description of the bowl's motion. Since no image was provided in your prompt, I cannot determine the direction of rotation.

Please provide the image or a description of the motion, and I will be happy to help!",a,0,,,,gemma4it_tb_uniform1_no_video.json
uniform,1,no_video,1327,331,TimeBlind/videos/mcq_vid_00031_1.mp4,"When viewed from below, which direction is the bowl rotating? Option A: Counterclockwise. Option B: Clockwise.",a,"To provide the correct answer, I would need to see the image or a description of the bowl's motion. Since no image was provided in your prompt, I cannot determine the direction of rotation.

Please provide the image or a description of the motion, and I will be happy to help!",a,1,,,,gemma4it_tb_uniform1_no_video.json
uniform,1,no_video,1328,332,TimeBlind/videos/mcq_vid_00032_0.mp4,"From the camera's perspective, which way is the woman walking? Option A: She's walking to the right. Option B: She's walking to the left.",a,"Please provide the image or video you are referring to so I can see the woman's direction of movement. Without the visual context, I cannot determine the correct option.",,0,,,,gemma4it_tb_uniform1_no_video.json
uniform,1,no_video,1329,332,TimeBlind/videos/mcq_vid_00032_1.mp4,"From the camera's perspective, which way is the woman walking? Option A: She's walking to the right. Option B: She's walking to the left.",b,"Please provide the image or video you are referring to so I can see the woman's direction of movement. Without the visual context, I cannot determine the correct option.",,0,,,,gemma4it_tb_uniform1_no_video.json
uniform,1,no_video,1330,332,TimeBlind/videos/mcq_vid_00032_0.mp4,"From the camera's perspective, which way is the woman walking? Option A: She's walking to the left. Option B: She's walking to the right.",b,"Please provide the image or video you are referring to! You haven't attached a file yet. Once you upload it, I will be able to tell you if the answer is Option A or Option B.",a,0,,,,gemma4it_tb_uniform1_no_video.json
uniform,1,no_video,1331,332,TimeBlind/videos/mcq_vid_00032_1.mp4,"From the camera's perspective, which way is the woman walking? Option A: She's walking to the left. Option B: She's walking to the right.",a,"Please provide the image or video you are referring to! You haven't attached a file yet. Once you upload it, I will be able to tell you if the answer is Option A or Option B.",a,1,,,,gemma4it_tb_uniform1_no_video.json
uniform,1,no_video,1332,333,TimeBlind/videos/mcq_vid_00033_0.mp4,How does the reaction of the liquid in the container change over time? Option A: The reaction in the container gradually intensifies. Option B: The reaction in the container gradually slows down.,a,"To provide the correct answer, I would need to see the specific video, image, or description of the chemical reaction you are referring to.

However, in most standard chemistry demonstrations involving a ""reaction in a container"" (such as a decomposition, a neutralization, or a precipitation):

*   If the reaction is **exothermic** and the reactants are being consumed, the rate of reaction typically **slows down** over time as the concentration of reactants decreases.
*   If the reaction is a **chain reaction** or involves a catalyst/autocatalysis, it might intensify.

Without the visual context, I cannot",a,1,,,,gemma4it_tb_uniform1_no_video.json
uniform,1,no_video,1333,333,TimeBlind/videos/mcq_vid_00033_1.mp4,How does the reaction of the liquid in the container change over time? Option A: The reaction in the container gradually intensifies. Option B: The reaction in the container gradually slows down.,b,"To provide the correct answer, I would need to see the specific video, image, or description of the chemical reaction you are referring to.

However, in most standard chemistry demonstrations involving a ""reaction in a container"" (such as a decomposition, a neutralization, or a precipitation):

*   If the reaction is **exothermic** and the reactants are being consumed, the rate of reaction typically **slows down** over time as the concentration of reactants decreases.
*   If the reaction is a **chain reaction** or involves a catalyst/autocatalysis, it might intensify.

Without the visual context, I cannot",a,0,,,,gemma4it_tb_uniform1_no_video.json
uniform,1,no_video,1334,333,TimeBlind/videos/mcq_vid_00033_0.mp4,How does the reaction of the liquid in the container change over time? Option A: The reaction in the container gradually slows down. Option B: The reaction in the container gradually intensifies.,b,"To provide a definitive answer, I would need to see the specific context, video, or description of the chemical reaction you are referring to.

However, in most standard chemical kinetics scenarios involving a closed system or a reaction where reactants are being consumed:

**Option A** is the most common scientific outcome, as the concentration of reactants decreases over time, leading to a decrease in the reaction rate.

If you can provide the specific context or image, I can give you the exact answer.",a,0,,,,gemma4it_tb_uniform1_no_video.json
uniform,1,no_video,1335,333,TimeBlind/videos/mcq_vid_00033_1.mp4,How does the reaction of the liquid in the container change over time? Option A: The reaction in the container gradually slows down. Option B: The reaction in the container gradually intensifies.,a,"To provide a definitive answer, I would need to see the specific context, video, or description of the chemical reaction you are referring to.

However, in most standard chemical kinetics scenarios involving a closed system or a reaction where reactants are being consumed:

**Option A** is the most common scientific outcome, as the concentration of reactants decreases over time, leading to a decrease in the reaction rate.

If you can provide the specific context or image, I can give you the exact answer.",a,1,,,,gemma4it_tb_uniform1_no_video.json
uniform,1,no_video,1336,334,TimeBlind/videos/mcq_vid_00034_0.mp4,How does the liquid's color change over time? Option A: It goes from white to brown. Option B: It goes from brown to white.,a,"To provide the correct answer, I would need to see the specific context, image, or description of the experiment/process you are referring to.

However, if this is based on a common chemistry experiment (such as the oxidation of a substance or a chemical reaction involving a precipitate), please provide the details.

If you are referring to a specific test or image provided in a previous prompt that I cannot see now, please re-upload it. Otherwise, I cannot determine if it is A or B.",a,1,,,,gemma4it_tb_uniform1_no_video.json
uniform,1,no_video,1337,334,TimeBlind/videos/mcq_vid_00034_1.mp4,How does the liquid's color change over time? Option A: It goes from white to brown. Option B: It goes from brown to white.,b,"To provide the correct answer, I would need to see the specific context, image, or description of the experiment/process you are referring to.

However, if this is based on a common chemistry experiment (such as the oxidation of a substance or a chemical reaction involving a precipitate), please provide the details.

If you are referring to a specific test or image provided in a previous prompt that I cannot see now, please re-upload it. Otherwise, I cannot determine if it is A or B.",a,0,,,,gemma4it_tb_uniform1_no_video.json
uniform,1,no_video,1338,334,TimeBlind/videos/mcq_vid_00034_0.mp4,How does the liquid's color change over time? Option A: It goes from brown to white. Option B: It goes from white to brown.,b,"To provide the correct answer, I would need to see the specific context, image, or description of the experiment/process you are referring to.

However, if this is based on a common chemistry experiment (such as the oxidation of a substance or the heating of a chemical solution), please provide the details.

If you are referring to a specific test or image provided in a previous prompt that I cannot see now, please re-upload it. Otherwise, I cannot determine if it is A or B.",a,0,,,,gemma4it_tb_uniform1_no_video.json
uniform,1,no_video,1339,334,TimeBlind/videos/mcq_vid_00034_1.mp4,How does the liquid's color change over time? Option A: It goes from brown to white. Option B: It goes from white to brown.,a,"To provide the correct answer, I would need to see the specific context, image, or description of the experiment/process you are referring to.

However, if this is based on a common chemistry experiment (such as the oxidation of a substance or the heating of a chemical solution), please provide the details.

If you are referring to a specific test or image provided in a previous prompt that I cannot see now, please re-upload it. Otherwise, I cannot determine if it is A or B.",a,1,,,,gemma4it_tb_uniform1_no_video.json
uniform,1,no_video,1340,335,TimeBlind/videos/mcq_vid_00035_0.mp4,How does the liquid's color change over time? Option A: It goes from light to dark. Option B: It goes from dark to light.,a,"Please provide the context, image, or description of the liquid you are referring to. Without the specific information or source material, I cannot determine whether the color changes from light to dark or dark to light.",,0,,,,gemma4it_tb_uniform1_no_video.json
uniform,1,no_video,1341,335,TimeBlind/videos/mcq_vid_00035_1.mp4,How does the liquid's color change over time? Option A: It goes from light to dark. Option B: It goes from dark to light.,b,"Please provide the context, image, or description of the liquid you are referring to. Without the specific information or source material, I cannot determine whether the color changes from light to dark or dark to light.",,0,,,,gemma4it_tb_uniform1_no_video.json
uniform,1,no_video,1342,335,TimeBlind/videos/mcq_vid_00035_0.mp4,How does the liquid's color change over time? Option A: It goes from dark to light. Option B: It goes from light to dark.,b,"Please provide the context, image, or description of the liquid you are referring to. Without the specific information or source material, I cannot determine whether the color changes from dark to light or light to dark.",,0,,,,gemma4it_tb_uniform1_no_video.json
uniform,1,no_video,1343,335,TimeBlind/videos/mcq_vid_00035_1.mp4,How does the liquid's color change over time? Option A: It goes from dark to light. Option B: It goes from light to dark.,a,"Please provide the context, image, or description of the liquid you are referring to. Without the specific information or source material, I cannot determine whether the color changes from dark to light or light to dark.",,0,,,,gemma4it_tb_uniform1_no_video.json
uniform,1,no_video,1344,336,TimeBlind/videos/mcq_vid_00036_0.mp4,How does the liquid's appearance change? Option A: It goes from transparent to opaque. Option B: It goes from opaque to transparent.,a,"Please provide the context, description, or image you are referring to so I can determine the correct answer. Without the source material, I cannot identify which change occurred.",,0,,,,gemma4it_tb_uniform1_no_video.json
uniform,1,no_video,1345,336,TimeBlind/videos/mcq_vid_00036_1.mp4,How does the liquid's appearance change? Option A: It goes from transparent to opaque. Option B: It goes from opaque to transparent.,b,"Please provide the context, description, or image you are referring to so I can determine the correct answer. Without the source material, I cannot identify which change occurred.",,0,,,,gemma4it_tb_uniform1_no_video.json
uniform,1,no_video,1346,336,TimeBlind/videos/mcq_vid_00036_0.mp4,How does the liquid's appearance change? Option A: It goes from opaque to transparent. Option B: It goes from transparent to opaque.,b,"To provide the correct answer, I would need to see the specific context, image, or description of the experiment/process you are referring to.

However, if this is based on a common chemistry experiment (such as adding a solute to water or a chemical reaction like the formation of a precipitate):

*   If a solid is dissolving or a chemical reaction is clearing a mixture, the answer is **A**.
*   If a solid is being added to a clear liquid to form a suspension or a precipitate, the answer is **B**.

Please provide the context for a definitive answer.",a,0,,,,gemma4it_tb_uniform1_no_video.json
uniform,1,no_video,1347,336,TimeBlind/videos/mcq_vid_00036_1.mp4,How does the liquid's appearance change? Option A: It goes from opaque to transparent. Option B: It goes from transparent to opaque.,a,"To provide the correct answer, I would need to see the specific context, image, or description of the experiment/process you are referring to.

However, if this is based on a common chemistry experiment (such as adding a solute to water or a chemical reaction like the formation of a precipitate):

*   If a solid is dissolving or a chemical reaction is clearing a mixture, the answer is **A**.
*   If a solid is being added to a clear liquid to form a suspension or a precipitate, the answer is **B**.

Please provide the context for a definitive answer.",a,1,,,,gemma4it_tb_uniform1_no_video.json
uniform,1,no_video,1348,337,TimeBlind/videos/mcq_vid_00037_0.mp4,"Viewed from above, which direction does the man turn? Option A: He turns counterclockwise. Option B: He turns clockwise.",a,"To provide the correct answer, I need to see the image or a description of the man's movement. Since no image was provided in your message, please upload the image or describe the scene.

However, if you are referring to a standard logic puzzle or a specific image commonly used in tests:
*   If he is turning to his **right**, the answer is **B (Clockwise)**.
*   If he is turning to his **left**, the answer is **A (Counterclockwise)**.

Please provide the visual context for a definitive answer.",a,1,,,,gemma4it_tb_uniform1_no_video.json
uniform,1,no_video,1349,337,TimeBlind/videos/mcq_vid_00037_1.mp4,"Viewed from above, which direction does the man turn? Option A: He turns counterclockwise. Option B: He turns clockwise.",b,"To provide the correct answer, I need to see the image or a description of the man's movement. Since no image was provided in your message, please upload the image or describe the scene.

However, if you are referring to a standard logic puzzle or a specific image commonly used in tests:
*   If he is turning to his **right**, the answer is **B (Clockwise)**.
*   If he is turning to his **left**, the answer is **A (Counterclockwise)**.

Please provide the visual context for a definitive answer.",a,0,,,,gemma4it_tb_uniform1_no_video.json
uniform,1,no_video,1350,337,TimeBlind/videos/mcq_vid_00037_0.mp4,"Viewed from above, which direction does the man turn? Option A: He turns clockwise. Option B: He turns counterclockwise.",b,"To provide the correct answer, I need to see the image or a description of the man's movement. Since no image was provided in your message, please upload the image or describe the scene.

However, if you are referring to a standard logic puzzle or a specific image commonly used in tests:
*   If he is turning to his **right**, the answer is **A (Clockwise)**.
*   If he is turning to his **left**, the answer is **B (Counterclockwise)**.

Please provide the visual context for a definitive answer.",a,0,,,,gemma4it_tb_uniform1_no_video.json
uniform,1,no_video,1351,337,TimeBlind/videos/mcq_vid_00037_1.mp4,"Viewed from above, which direction does the man turn? Option A: He turns clockwise. Option B: He turns counterclockwise.",a,"To provide the correct answer, I need to see the image or a description of the man's movement. Since no image was provided in your message, please upload the image or describe the scene.

However, if you are referring to a standard logic puzzle or a specific image commonly used in tests:
*   If he is turning to his **right**, the answer is **A (Clockwise)**.
*   If he is turning to his **left**, the answer is **B (Counterclockwise)**.

Please provide the visual context for a definitive answer.",a,1,,,,gemma4it_tb_uniform1_no_video.json
uniform,1,no_video,1352,338,TimeBlind/videos/mcq_vid_00038_0.mp4,Which way are the woman's hands moving? Option A: She raises her hands from her sides to overhead. Option B: She lowers her hands from overhead to her sides.,a,Please provide the video or image you are referring to so I can see the woman's movements and give you the correct answer.,,0,,,,gemma4it_tb_uniform1_no_video.json
uniform,1,no_video,1353,338,TimeBlind/videos/mcq_vid_00038_1.mp4,Which way are the woman's hands moving? Option A: She raises her hands from her sides to overhead. Option B: She lowers her hands from overhead to her sides.,b,Please provide the video or image you are referring to so I can see the woman's movements and give you the correct answer.,,0,,,,gemma4it_tb_uniform1_no_video.json
uniform,1,no_video,1354,338,TimeBlind/videos/mcq_vid_00038_0.mp4,Which way are the woman's hands moving? Option A: She lowers her hands from overhead to her sides. Option B: She raises her hands from her sides to overhead.,b,Please provide the video or image you are referring to so I can see the woman's movements and give you the correct answer.,,0,,,,gemma4it_tb_uniform1_no_video.json
uniform,1,no_video,1355,338,TimeBlind/videos/mcq_vid_00038_1.mp4,Which way are the woman's hands moving? Option A: She lowers her hands from overhead to her sides. Option B: She raises her hands from her sides to overhead.,a,Please provide the video or image you are referring to so I can see the woman's movements and give you the correct answer.,,0,,,,gemma4it_tb_uniform1_no_video.json
uniform,1,no_video,1356,339,TimeBlind/videos/mcq_vid_00039_0.mp4,"What order does the woman stretch in? Option A: She stretches to the left, then to the right. Option B: She stretches to the right, then to the left.",a,Please provide the video or description of the woman stretching so I can determine the correct order.,,0,,,,gemma4it_tb_uniform1_no_video.json
uniform,1,no_video,1357,339,TimeBlind/videos/mcq_vid_00039_1.mp4,"What order does the woman stretch in? Option A: She stretches to the left, then to the right. Option B: She stretches to the right, then to the left.",b,Please provide the video or description of the woman stretching so I can determine the correct order.,,0,,,,gemma4it_tb_uniform1_no_video.json
uniform,1,no_video,1358,339,TimeBlind/videos/mcq_vid_00039_0.mp4,"What order does the woman stretch in? Option A: She stretches to the right, then to the left. Option B: She stretches to the left, then to the right.",b,Please provide the video or description of the woman stretching so I can determine the correct order.,,0,,,,gemma4it_tb_uniform1_no_video.json
uniform,1,no_video,1359,339,TimeBlind/videos/mcq_vid_00039_1.mp4,"What order does the woman stretch in? Option A: She stretches to the right, then to the left. Option B: She stretches to the left, then to the right.",a,Please provide the video or description of the woman stretching so I can determine the correct order.,,0,,,,gemma4it_tb_uniform1_no_video.json
uniform,1,no_video,1360,340,TimeBlind/videos/mcq_vid_00040_0.mp4,In which direction does the girl move across the frame while squatting? Option A: From right to left. Option B: From left to right.,a,Please provide the video or image you are referring to so I can see the girl's movement and give you the correct answer.,,0,,,,gemma4it_tb_uniform1_no_video.json
uniform,1,no_video,1361,340,TimeBlind/videos/mcq_vid_00040_1.mp4,In which direction does the girl move across the frame while squatting? Option A: From right to left. Option B: From left to right.,b,Please provide the video or image you are referring to so I can see the girl's movement and give you the correct answer.,,0,,,,gemma4it_tb_uniform1_no_video.json
uniform,1,no_video,1362,340,TimeBlind/videos/mcq_vid_00040_0.mp4,In which direction does the girl move across the frame while squatting? Option A: From left to right. Option B: From right to left.,b,Please provide the video or image you are referring to so I can see the girl's movement and give you the correct answer.,,0,,,,gemma4it_tb_uniform1_no_video.json
uniform,1,no_video,1363,340,TimeBlind/videos/mcq_vid_00040_1.mp4,In which direction does the girl move across the frame while squatting? Option A: From left to right. Option B: From right to left.,a,Please provide the video or image you are referring to so I can see the girl's movement and give you the correct answer.,,0,,,,gemma4it_tb_uniform1_no_video.json
uniform,1,no_video,1364,341,TimeBlind/videos/mcq_vid_00041_0.mp4,How does the girl's position change? Option A: She goes from standing to lying face down. Option B: She goes from lying face down to standing.,a,Please provide the image or the context you are referring to so I can see the girl's position and give you the correct answer.,,0,,,,gemma4it_tb_uniform1_no_video.json
uniform,1,no_video,1365,341,TimeBlind/videos/mcq_vid_00041_1.mp4,How does the girl's position change? Option A: She goes from standing to lying face down. Option B: She goes from lying face down to standing.,b,Please provide the image or the context you are referring to so I can see the girl's position and give you the correct answer.,,0,,,,gemma4it_tb_uniform1_no_video.json
uniform,1,no_video,1366,341,TimeBlind/videos/mcq_vid_00041_0.mp4,How does the girl's position change? Option A: She goes from lying face down to standing. Option B: She goes from standing to lying face down.,b,Please provide the image or the context you are referring to so I can see the girl's position and give you the correct answer.,,0,,,,gemma4it_tb_uniform1_no_video.json
uniform,1,no_video,1367,341,TimeBlind/videos/mcq_vid_00041_1.mp4,How does the girl's position change? Option A: She goes from lying face down to standing. Option B: She goes from standing to lying face down.,a,Please provide the image or the context you are referring to so I can see the girl's position and give you the correct answer.,,0,,,,gemma4it_tb_uniform1_no_video.json
uniform,1,no_video,1368,342,TimeBlind/videos/mcq_vid_00042_0.mp4,"How does the liquid in the cup change in appearance? Option A: The clear liquid turns cloudy and foamy. Option B: The cloudy, foamy liquid turns clear.",a,"To provide the correct answer, I would need to see the specific context, image, or description of the experiment you are referring to (e.g., mixing soap with water, adding a chemical reagent, or a fermentation process).

However, in most common science experiments involving reactions (like adding soap to a mixture or a chemical precipitate forming):

If the liquid starts as a clear solution and a reaction occurs (like adding soap or a reactant), it usually becomes cloudy or foamy.

If you are referring to a specific test (like a precipitation reaction or a cleaning process), please provide the context. Without the context, I cannot",a,1,,,,gemma4it_tb_uniform1_no_video.json
uniform,1,no_video,1369,342,TimeBlind/videos/mcq_vid_00042_1.mp4,"How does the liquid in the cup change in appearance? Option A: The clear liquid turns cloudy and foamy. Option B: The cloudy, foamy liquid turns clear.",b,"To provide the correct answer, I would need to see the specific context, image, or description of the experiment you are referring to (e.g., mixing soap with water, adding a chemical reagent, or a fermentation process).

However, in most common science experiments involving reactions (like adding soap to a mixture or a chemical precipitate forming):

If the liquid starts as a clear solution and a reaction occurs (like adding soap or a reactant), it usually becomes cloudy or foamy.

If you are referring to a specific test (like a precipitation reaction or a cleaning process), please provide the context. Without the context, I cannot",a,0,,,,gemma4it_tb_uniform1_no_video.json
uniform,1,no_video,1370,342,TimeBlind/videos/mcq_vid_00042_0.mp4,"How does the liquid in the cup change in appearance? Option A: The cloudy, foamy liquid turns clear. Option B: The clear liquid turns cloudy and foamy.",b,"To provide the correct answer, I would need to see the specific context, image, or description of the experiment you are referring to (e.g., a chemical reaction, a cleaning process, or a biological test).

However, in most common science experiments involving reactions (like adding a reagent to a solution or mixing substances):

*   If a reaction occurs that creates a precipitate or gas, the answer is usually **Option B** (Clear $\rightarrow$ Cloudy/Foamy).
*   If a substance is being filtered or clarified, the answer is usually **Option A** (Cloudy $\rightarrow$ Clear).

**",b,1,,,,gemma4it_tb_uniform1_no_video.json
uniform,1,no_video,1371,342,TimeBlind/videos/mcq_vid_00042_1.mp4,"How does the liquid in the cup change in appearance? Option A: The cloudy, foamy liquid turns clear. Option B: The clear liquid turns cloudy and foamy.",a,"To provide the correct answer, I would need to see the specific context, image, or description of the experiment you are referring to (e.g., a chemical reaction, a cleaning process, or a biological test).

However, in most common science experiments involving reactions (like adding a reagent to a solution or mixing substances):

*   If a reaction occurs that creates a precipitate or gas, the answer is usually **Option B** (Clear $\rightarrow$ Cloudy/Foamy).
*   If a substance is being filtered or clarified, the answer is usually **Option A** (Cloudy $\rightarrow$ Clear).

**",b,0,,,,gemma4it_tb_uniform1_no_video.json
uniform,1,no_video,1372,343,TimeBlind/videos/mcq_vid_00043_0.mp4,How is the amount of liquid in the beaker changing? Option A: It decreases from half a cup to a thin layer on the bottom. Option B: It increases from a thin layer on the bottom to half a cup.,a,"To provide the correct answer, I would need to see the image or video you are referring to. However, based on the typical structure of such questions:

If the liquid is being **evaporated, poured out, or absorbed**, the answer is **Option A**.
If the liquid is being **poured in or added**, the answer is **Option B**.

Please provide the visual context for a definitive answer.",a,1,,,,gemma4it_tb_uniform1_no_video.json
uniform,1,no_video,1373,343,TimeBlind/videos/mcq_vid_00043_1.mp4,How is the amount of liquid in the beaker changing? Option A: It decreases from half a cup to a thin layer on the bottom. Option B: It increases from a thin layer on the bottom to half a cup.,b,"To provide the correct answer, I would need to see the image or video you are referring to. However, based on the typical structure of such questions:

If the liquid is being **evaporated, poured out, or absorbed**, the answer is **Option A**.
If the liquid is being **poured in or added**, the answer is **Option B**.

Please provide the visual context for a definitive answer.",a,0,,,,gemma4it_tb_uniform1_no_video.json
uniform,1,no_video,1374,343,TimeBlind/videos/mcq_vid_00043_0.mp4,How is the amount of liquid in the beaker changing? Option A: It increases from a thin layer on the bottom to half a cup. Option B: It decreases from half a cup to a thin layer on the bottom.,b,"To provide the correct answer, I would need to see the image or video you are referring to. However, based on the typical structure of such questions:

If the liquid is being **poured into** the beaker, the answer is **A**.
If the liquid is being **poured out of** the beaker, the answer is **B**.

Please check the visual and select the corresponding option.",a,0,,,,gemma4it_tb_uniform1_no_video.json
uniform,1,no_video,1375,343,TimeBlind/videos/mcq_vid_00043_1.mp4,How is the amount of liquid in the beaker changing? Option A: It increases from a thin layer on the bottom to half a cup. Option B: It decreases from half a cup to a thin layer on the bottom.,a,"To provide the correct answer, I would need to see the image or video you are referring to. However, based on the typical structure of such questions:

If the liquid is being **poured into** the beaker, the answer is **A**.
If the liquid is being **poured out of** the beaker, the answer is **B**.

Please check the visual and select the corresponding option.",a,1,,,,gemma4it_tb_uniform1_no_video.json
uniform,1,no_video,1376,344,TimeBlind/videos/mcq_vid_00044_0.mp4,"In which direction does the man put branches into the water, one by one? Option A: From right to left across the frame. Option B: From left to right across the frame.",a,"To provide the correct answer, I would need to see the specific video or image you are referring to, as your prompt does not include a media file or a description of a specific scene.

However, if this is based on a common standardized test or a specific known video clip:
*   If the man is moving his arm from the left side of the screen toward the right, the answer is **B**.
*   If the man is moving his arm from the right side of the screen toward the left, the answer is **A**.

Please provide the video or context for a definitive answer.",a,1,,,,gemma4it_tb_uniform1_no_video.json
uniform,1,no_video,1377,344,TimeBlind/videos/mcq_vid_00044_1.mp4,"In which direction does the man put branches into the water, one by one? Option A: From right to left across the frame. Option B: From left to right across the frame.",b,"To provide the correct answer, I would need to see the specific video or image you are referring to, as your prompt does not include a media file or a description of a specific scene.

However, if this is based on a common standardized test or a specific known video clip:
*   If the man is moving his arm from the left side of the screen toward the right, the answer is **B**.
*   If the man is moving his arm from the right side of the screen toward the left, the answer is **A**.

Please provide the video or context for a definitive answer.",a,0,,,,gemma4it_tb_uniform1_no_video.json
uniform,1,no_video,1378,344,TimeBlind/videos/mcq_vid_00044_0.mp4,"In which direction does the man put branches into the water, one by one? Option A: From left to right across the frame. Option B: From right to left across the frame.",b,"To provide the correct answer, I would need to see the specific video or image you are referring to, as your prompt does not include a media file or a description of a specific scene.

However, if this is a question based on a standard visual reasoning test or a specific video clip:

Please provide the video/image or context, and I will be happy to identify the direction for you.",a,0,,,,gemma4it_tb_uniform1_no_video.json
uniform,1,no_video,1379,344,TimeBlind/videos/mcq_vid_00044_1.mp4,"In which direction does the man put branches into the water, one by one? Option A: From left to right across the frame. Option B: From right to left across the frame.",a,"To provide the correct answer, I would need to see the specific video or image you are referring to, as your prompt does not include a media file or a description of a specific scene.

However, if this is a question based on a standard visual reasoning test or a specific video clip:

Please provide the video/image or context, and I will be happy to identify the direction for you.",a,1,,,,gemma4it_tb_uniform1_no_video.json
uniform,1,no_video,1380,345,TimeBlind/videos/mcq_vid_00045_0.mp4,Are the plant's white roots getting longer or shorter? Option A: They are getting longer. Option B: They are getting shorter.,a,"To provide an accurate answer, I would need to see the image or description of the plant you are referring to. However, in a typical biological context:

**Option A** (They are getting longer) is the standard growth pattern for healthy plant roots.

If you can provide the image or context, I can give you a definitive answer.",a,1,,,,gemma4it_tb_uniform1_no_video.json
uniform,1,no_video,1381,345,TimeBlind/videos/mcq_vid_00045_1.mp4,Are the plant's white roots getting longer or shorter? Option A: They are getting longer. Option B: They are getting shorter.,b,"To provide an accurate answer, I would need to see the image or description of the plant you are referring to. However, in a typical biological context:

**Option A** (They are getting longer) is the standard growth pattern for healthy plant roots.

If you can provide the image or context, I can give you a definitive answer.",a,0,,,,gemma4it_tb_uniform1_no_video.json
uniform,1,no_video,1382,345,TimeBlind/videos/mcq_vid_00045_0.mp4,Are the plant's white roots getting longer or shorter? Option A: They are getting shorter. Option B: They are getting longer.,b,"To provide an accurate answer, I would need to see the image or description of the plant you are referring to. However, in a typical biological context:

**Option B** (They are getting longer) is the standard growth pattern for plant roots as they seek water and nutrients.

If you can provide the image or context, I can give you a definitive answer.",b,1,,,,gemma4it_tb_uniform1_no_video.json
uniform,1,no_video,1383,345,TimeBlind/videos/mcq_vid_00045_1.mp4,Are the plant's white roots getting longer or shorter? Option A: They are getting shorter. Option B: They are getting longer.,a,"To provide an accurate answer, I would need to see the image or description of the plant you are referring to. However, in a typical biological context:

**Option B** (They are getting longer) is the standard growth pattern for plant roots as they seek water and nutrients.

If you can provide the image or context, I can give you a definitive answer.",b,0,,,,gemma4it_tb_uniform1_no_video.json
uniform,1,no_video,1384,346,TimeBlind/videos/mcq_vid_00046_0.mp4,"In the video, where is the green plant moved to? Option A: It is moved from a hand into the soil in the pot. Option B: It is moved from the soil in the pot into a hand.",a,"Please provide the video you are referring to. Since I cannot see a video in your prompt, I cannot determine the correct answer. Once you provide the video or a description of the actions, I will be happy to help!",a,1,,,,gemma4it_tb_uniform1_no_video.json
uniform,1,no_video,1385,346,TimeBlind/videos/mcq_vid_00046_1.mp4,"In the video, where is the green plant moved to? Option A: It is moved from a hand into the soil in the pot. Option B: It is moved from the soil in the pot into a hand.",b,"Please provide the video you are referring to. Since I cannot see a video in your prompt, I cannot determine the correct answer. Once you provide the video or a description of the actions, I will be happy to help!",a,0,,,,gemma4it_tb_uniform1_no_video.json
uniform,1,no_video,1386,346,TimeBlind/videos/mcq_vid_00046_0.mp4,"In the video, where is the green plant moved to? Option A: It is moved from the soil in the pot into a hand. Option B: It is moved from a hand into the soil in the pot.",b,"Please provide the video or a description of the video you are referring to. Since I cannot see the video without it being provided, I cannot determine whether the correct answer is A or B.",a,0,,,,gemma4it_tb_uniform1_no_video.json
uniform,1,no_video,1387,346,TimeBlind/videos/mcq_vid_00046_1.mp4,"In the video, where is the green plant moved to? Option A: It is moved from the soil in the pot into a hand. Option B: It is moved from a hand into the soil in the pot.",a,"Please provide the video or a description of the video you are referring to. Since I cannot see the video without it being provided, I cannot determine whether the correct answer is A or B.",a,1,,,,gemma4it_tb_uniform1_no_video.json
uniform,1,no_video,1388,347,TimeBlind/videos/mcq_vid_00047_0.mp4,Where are the three flower seedlings being transplanted to? Option A: From the tray into the soil. Option B: From the soil into the tray.,a,A,a,1,,,,gemma4it_tb_uniform1_no_video.json
uniform,1,no_video,1389,347,TimeBlind/videos/mcq_vid_00047_1.mp4,Where are the three flower seedlings being transplanted to? Option A: From the tray into the soil. Option B: From the soil into the tray.,b,A,a,0,,,,gemma4it_tb_uniform1_no_video.json
uniform,1,no_video,1390,347,TimeBlind/videos/mcq_vid_00047_0.mp4,Where are the three flower seedlings being transplanted to? Option A: From the soil into the tray. Option B: From the tray into the soil.,b,B,b,1,,,,gemma4it_tb_uniform1_no_video.json
uniform,1,no_video,1391,347,TimeBlind/videos/mcq_vid_00047_1.mp4,Where are the three flower seedlings being transplanted to? Option A: From the soil into the tray. Option B: From the tray into the soil.,a,B,b,0,,,,gemma4it_tb_uniform1_no_video.json
uniform,1,no_video,1392,348,TimeBlind/videos/mcq_vid_00048_0.mp4,What is happening to the flowers over time? Option A: They are gradually blooming. Option B: They are gradually wilting.,a,Please provide the image or description you are referring to so I can give you the correct answer.,,0,,,,gemma4it_tb_uniform1_no_video.json
uniform,1,no_video,1393,348,TimeBlind/videos/mcq_vid_00048_1.mp4,What is happening to the flowers over time? Option A: They are gradually blooming. Option B: They are gradually wilting.,b,Please provide the image or description you are referring to so I can give you the correct answer.,,0,,,,gemma4it_tb_uniform1_no_video.json
uniform,1,no_video,1394,348,TimeBlind/videos/mcq_vid_00048_0.mp4,What is happening to the flowers over time? Option A: They are gradually wilting. Option B: They are gradually blooming.,b,Please provide the image or description you are referring to so I can give you the correct answer.,,0,,,,gemma4it_tb_uniform1_no_video.json
uniform,1,no_video,1395,348,TimeBlind/videos/mcq_vid_00048_1.mp4,What is happening to the flowers over time? Option A: They are gradually wilting. Option B: They are gradually blooming.,a,Please provide the image or description you are referring to so I can give you the correct answer.,,0,,,,gemma4it_tb_uniform1_no_video.json
uniform,1,no_video,1396,349,TimeBlind/videos/mcq_vid_00049_0.mp4,How is the size of the mushroom cluster changing? Option A: It's increasing. Option B: It's decreasing.,a,Please provide the image or the context describing the mushroom cluster so I can determine the correct answer.,,0,,,,gemma4it_tb_uniform1_no_video.json
uniform,1,no_video,1397,349,TimeBlind/videos/mcq_vid_00049_1.mp4,How is the size of the mushroom cluster changing? Option A: It's increasing. Option B: It's decreasing.,b,Please provide the image or the context describing the mushroom cluster so I can determine the correct answer.,,0,,,,gemma4it_tb_uniform1_no_video.json
uniform,1,no_video,1398,349,TimeBlind/videos/mcq_vid_00049_0.mp4,How is the size of the mushroom cluster changing? Option A: It's decreasing. Option B: It's increasing.,b,Please provide the image or the context describing the mushroom cluster so I can determine the correct answer.,,0,,,,gemma4it_tb_uniform1_no_video.json
uniform,1,no_video,1399,349,TimeBlind/videos/mcq_vid_00049_1.mp4,How is the size of the mushroom cluster changing? Option A: It's decreasing. Option B: It's increasing.,a,Please provide the image or the context describing the mushroom cluster so I can determine the correct answer.,,0,,,,gemma4it_tb_uniform1_no_video.json
uniform,1,no_video,1400,350,TimeBlind/videos/mcq_vid_00050_0.mp4,How does the color of a layer of soil change? Option A: From red to brown. Option B: From brown to red.,a,"The question of how soil color changes depends entirely on the specific environmental conditions (such as oxidation, moisture, and mineral content) and the specific soil type being observed. There is no universal rule that soil always changes from one specific color to another.

However, in many geological and pedological contexts (such as the weathering of iron-rich minerals), soil often transitions from **brown to red** as it becomes more oxidized (similar to rusting). Conversely, in some contexts of organic accumulation or moisture, it might shift from red to brown.

Because the question does not provide a specific context (e.g., ""during oxidation"" or",a,1,,,,gemma4it_tb_uniform1_no_video.json
uniform,1,no_video,1401,350,TimeBlind/videos/mcq_vid_00050_1.mp4,How does the color of a layer of soil change? Option A: From red to brown. Option B: From brown to red.,b,"The question of how soil color changes depends entirely on the specific environmental conditions (such as oxidation, moisture, and mineral content) and the specific soil type being observed. There is no universal rule that soil always changes from one specific color to another.

However, in many geological and pedological contexts (such as the weathering of iron-rich minerals), soil often transitions from **brown to red** as it becomes more oxidized (similar to rusting). Conversely, in some contexts of organic accumulation or moisture, it might shift from red to brown.

Because the question does not provide a specific context (e.g., ""during oxidation"" or",a,0,,,,gemma4it_tb_uniform1_no_video.json
uniform,1,no_video,1402,350,TimeBlind/videos/mcq_vid_00050_0.mp4,How does the color of a layer of soil change? Option A: From brown to red. Option B: From red to brown.,b,"The question of how soil color changes depends entirely on the specific environmental conditions (such as oxidation, moisture, and mineral content) and the specific soil type being observed. There is no universal rule that soil always changes from brown to red or red to brown; for example, soil can turn red due to oxidation (rusting of iron) or brown due to organic matter accumulation.

However, if this is a specific question from a textbook or a standardized test regarding a particular geological process (like the weathering of certain minerals), please provide the context. Without specific context, neither option is universally correct.

If you must choose based on a common",a,0,,,,gemma4it_tb_uniform1_no_video.json
uniform,1,no_video,1403,350,TimeBlind/videos/mcq_vid_00050_1.mp4,How does the color of a layer of soil change? Option A: From brown to red. Option B: From red to brown.,a,"The question of how soil color changes depends entirely on the specific environmental conditions (such as oxidation, moisture, and mineral content) and the specific soil type being observed. There is no universal rule that soil always changes from brown to red or red to brown; for example, soil can turn red due to oxidation (rusting of iron) or brown due to organic matter accumulation.

However, if this is a specific question from a textbook or a standardized test regarding a particular geological process (like the weathering of certain minerals), please provide the context. Without specific context, neither option is universally correct.

If you must choose based on a common",a,1,,,,gemma4it_tb_uniform1_no_video.json
uniform,1,no_video,1404,351,TimeBlind/videos/mcq_vid_00051_0.mp4,"In the video, what does the person do with the orange-shaped pastry and the large white box? Option A: The person takes the pastry out of the large white box. Option B: The person puts the pastry into the large white box.",a,"Please provide the video you are referring to. Since I cannot see a video in your prompt, I am unable to determine whether the person takes the pastry out or puts it in.",a,1,,,,gemma4it_tb_uniform1_no_video.json
uniform,1,no_video,1405,351,TimeBlind/videos/mcq_vid_00051_1.mp4,"In the video, what does the person do with the orange-shaped pastry and the large white box? Option A: The person takes the pastry out of the large white box. Option B: The person puts the pastry into the large white box.",b,"Please provide the video you are referring to. Since I cannot see a video in your prompt, I am unable to determine whether the person takes the pastry out or puts it in.",a,0,,,,gemma4it_tb_uniform1_no_video.json
uniform,1,no_video,1406,351,TimeBlind/videos/mcq_vid_00051_0.mp4,"In the video, what does the person do with the orange-shaped pastry and the large white box? Option A: The person puts the pastry into the large white box. Option B: The person takes the pastry out of the large white box.",b,"Please provide the video you are referring to. Since I cannot see a video in your prompt, I am unable to determine whether the person puts the pastry in or takes it out.",a,0,,,,gemma4it_tb_uniform1_no_video.json
uniform,1,no_video,1407,351,TimeBlind/videos/mcq_vid_00051_1.mp4,"In the video, what does the person do with the orange-shaped pastry and the large white box? Option A: The person puts the pastry into the large white box. Option B: The person takes the pastry out of the large white box.",a,"Please provide the video you are referring to. Since I cannot see a video in your prompt, I am unable to determine whether the person puts the pastry in or takes it out.",a,1,,,,gemma4it_tb_uniform1_no_video.json
uniform,1,no_video,1408,352,TimeBlind/videos/mcq_vid_00052_0.mp4,"In the video, how does the man move his finger relative to the oven button? Option A: He moves his finger toward the oven button. Option B: He moves his finger away from the oven button.",a,"Please provide the video you are referring to. Since I cannot see a video in your prompt, I am unable to determine the correct answer. Once you provide the video or a description of the action, I can help you choose between Option A and Option B.",a,1,,,,gemma4it_tb_uniform1_no_video.json
uniform,1,no_video,1409,352,TimeBlind/videos/mcq_vid_00052_1.mp4,"In the video, how does the man move his finger relative to the oven button? Option A: He moves his finger toward the oven button. Option B: He moves his finger away from the oven button.",b,"Please provide the video you are referring to. Since I cannot see a video in your prompt, I am unable to determine the correct answer. Once you provide the video or a description of the action, I can help you choose between Option A and Option B.",a,0,,,,gemma4it_tb_uniform1_no_video.json
uniform,1,no_video,1410,352,TimeBlind/videos/mcq_vid_00052_0.mp4,"In the video, how does the man move his finger relative to the oven button? Option A: He moves his finger away from the oven button. Option B: He moves his finger toward the oven button.",b,"Please provide the video you are referring to. Since I cannot see a video in your prompt, I am unable to determine the correct answer. Once you provide the video or a description of the action, I can help you choose between Option A and Option B.",a,0,,,,gemma4it_tb_uniform1_no_video.json
uniform,1,no_video,1411,352,TimeBlind/videos/mcq_vid_00052_1.mp4,"In the video, how does the man move his finger relative to the oven button? Option A: He moves his finger away from the oven button. Option B: He moves his finger toward the oven button.",a,"Please provide the video you are referring to. Since I cannot see a video in your prompt, I am unable to determine the correct answer. Once you provide the video or a description of the action, I can help you choose between Option A and Option B.",a,1,,,,gemma4it_tb_uniform1_no_video.json
uniform,1,no_video,1412,353,TimeBlind/videos/mcq_vid_00053_0.mp4,"In the video, does the man fall? Option A: He falls. Option B: He doesn’t fall.",a,"Please provide the video or a description of the video you are referring to. Since I cannot see a video unless it is attached or linked, I cannot determine the correct answer.",a,1,,,,gemma4it_tb_uniform1_no_video.json
uniform,1,no_video,1413,353,TimeBlind/videos/mcq_vid_00053_1.mp4,"In the video, does the man fall? Option A: He falls. Option B: He doesn’t fall.",b,"Please provide the video or a description of the video you are referring to. Since I cannot see a video unless it is attached or linked, I cannot determine the correct answer.",a,0,,,,gemma4it_tb_uniform1_no_video.json
uniform,1,no_video,1414,353,TimeBlind/videos/mcq_vid_00053_0.mp4,"In the video, does the man fall? Option A: He doesn’t fall. Option B: He falls.",b,"Please provide the video or a description of the video you are referring to. Since I cannot see a video unless it is attached or linked, I cannot determine the correct answer.",a,0,,,,gemma4it_tb_uniform1_no_video.json
uniform,1,no_video,1415,353,TimeBlind/videos/mcq_vid_00053_1.mp4,"In the video, does the man fall? Option A: He doesn’t fall. Option B: He falls.",a,"Please provide the video or a description of the video you are referring to. Since I cannot see a video unless it is attached or linked, I cannot determine the correct answer.",a,1,,,,gemma4it_tb_uniform1_no_video.json
uniform,1,no_video,1416,354,TimeBlind/videos/mcq_vid_00054_0.mp4,In which direction is the man spray-painting the roof? Option A: He spray-paints from his right to his left. Option B: He spray-paints from his left to his right.,a,"To provide the correct answer, I would need to see the image or video you are referring to. Since no image was provided in your message, I cannot determine the direction.

Please upload the image, and I will be happy to tell you if the answer is A or B.",a,1,,,,gemma4it_tb_uniform1_no_video.json
uniform,1,no_video,1417,354,TimeBlind/videos/mcq_vid_00054_1.mp4,In which direction is the man spray-painting the roof? Option A: He spray-paints from his right to his left. Option B: He spray-paints from his left to his right.,b,"To provide the correct answer, I would need to see the image or video you are referring to. Since no image was provided in your message, I cannot determine the direction.

Please upload the image, and I will be happy to tell you if the answer is A or B.",a,0,,,,gemma4it_tb_uniform1_no_video.json
uniform,1,no_video,1418,354,TimeBlind/videos/mcq_vid_00054_0.mp4,In which direction is the man spray-painting the roof? Option A: He spray-paints from his left to his right. Option B: He spray-paints from his right to his left.,b,"To provide the correct answer, I would need to see the image or video you are referring to. Since no image was provided in your message, I cannot determine the direction.

Please upload the image, and I will be happy to tell you if the answer is A or B.",a,0,,,,gemma4it_tb_uniform1_no_video.json
uniform,1,no_video,1419,354,TimeBlind/videos/mcq_vid_00054_1.mp4,In which direction is the man spray-painting the roof? Option A: He spray-paints from his left to his right. Option B: He spray-paints from his right to his left.,a,"To provide the correct answer, I would need to see the image or video you are referring to. Since no image was provided in your message, I cannot determine the direction.

Please upload the image, and I will be happy to tell you if the answer is A or B.",a,1,,,,gemma4it_tb_uniform1_no_video.json
uniform,1,no_video,1420,355,TimeBlind/videos/mcq_vid_00055_0.mp4,How does the number of blue darts on the dartboard change? Option A: The number increases. Option B: The number decreases.,a,"To provide the correct answer, I need to see the context, image, or description of the situation you are referring to (e.g., a video, a sequence of images, or a word problem).

However, if this is a logic puzzle where a dart is being thrown and hits a blue area, or if a dart is being removed, the answer would depend on that specific action.

Please provide the context so I can give you the correct option.",a,1,,,,gemma4it_tb_uniform1_no_video.json
uniform,1,no_video,1421,355,TimeBlind/videos/mcq_vid_00055_1.mp4,How does the number of blue darts on the dartboard change? Option A: The number increases. Option B: The number decreases.,b,"To provide the correct answer, I need to see the context, image, or description of the situation you are referring to (e.g., a video, a sequence of images, or a word problem).

However, if this is a logic puzzle where a dart is being thrown and hits a blue area, or if a dart is being removed, the answer would depend on that specific action.

Please provide the context so I can give you the correct option.",a,0,,,,gemma4it_tb_uniform1_no_video.json
uniform,1,no_video,1422,355,TimeBlind/videos/mcq_vid_00055_0.mp4,How does the number of blue darts on the dartboard change? Option A: The number decreases. Option B: The number increases.,b,"To provide the correct answer, I would need to see the context, image, or description of the situation you are referring to (e.g., a video, a sequence of images, or a word problem).

However, if this is a logic puzzle where a dart is being thrown and hits a blue area, or if you are describing a process where darts are being added:

*   If a dart is **thrown and hits** a blue section: **Option B** (The number increases).
*   If a dart is **removed** from the board: **Option A** (The number decreases).

Please provide",b,1,,,,gemma4it_tb_uniform1_no_video.json
uniform,1,no_video,1423,355,TimeBlind/videos/mcq_vid_00055_1.mp4,How does the number of blue darts on the dartboard change? Option A: The number decreases. Option B: The number increases.,a,"To provide the correct answer, I would need to see the context, image, or description of the situation you are referring to (e.g., a video, a sequence of images, or a word problem).

However, if this is a logic puzzle where a dart is being thrown and hits a blue area, or if you are describing a process where darts are being added:

*   If a dart is **thrown and hits** a blue section: **Option B** (The number increases).
*   If a dart is **removed** from the board: **Option A** (The number decreases).

Please provide",b,0,,,,gemma4it_tb_uniform1_no_video.json
uniform,1,no_video,1424,356,TimeBlind/videos/mcq_vid_00056_0.mp4,Which direction is the vacuum cleaner moving? Option A: Forward. Option B: Backward.,a,Please provide the image or video you are referring to so I can determine the correct direction.,,0,,,,gemma4it_tb_uniform1_no_video.json
uniform,1,no_video,1425,356,TimeBlind/videos/mcq_vid_00056_1.mp4,Which direction is the vacuum cleaner moving? Option A: Forward. Option B: Backward.,b,Please provide the image or video you are referring to so I can determine the correct direction.,,0,,,,gemma4it_tb_uniform1_no_video.json
uniform,1,no_video,1426,356,TimeBlind/videos/mcq_vid_00056_0.mp4,Which direction is the vacuum cleaner moving? Option A: Backward. Option B: Forward.,b,Please provide the image or video you are referring to so I can determine the correct direction.,,0,,,,gemma4it_tb_uniform1_no_video.json
uniform,1,no_video,1427,356,TimeBlind/videos/mcq_vid_00056_1.mp4,Which direction is the vacuum cleaner moving? Option A: Backward. Option B: Forward.,a,Please provide the image or video you are referring to so I can determine the correct direction.,,0,,,,gemma4it_tb_uniform1_no_video.json
uniform,1,no_video,1428,357,TimeBlind/videos/mcq_vid_00057_0.mp4,How are the man and woman moving in relation to each other? Option A: They move toward each other. Option B: They move away from each other.,a,Please provide the image or video you are referring to so I can analyze the movement and give you the correct answer.,,0,,,,gemma4it_tb_uniform1_no_video.json
uniform,1,no_video,1429,357,TimeBlind/videos/mcq_vid_00057_1.mp4,How are the man and woman moving in relation to each other? Option A: They move toward each other. Option B: They move away from each other.,b,Please provide the image or video you are referring to so I can analyze the movement and give you the correct answer.,,0,,,,gemma4it_tb_uniform1_no_video.json
uniform,1,no_video,1430,357,TimeBlind/videos/mcq_vid_00057_0.mp4,How are the man and woman moving in relation to each other? Option A: They move away from each other. Option B: They move toward each other.,b,Please provide the image or video you are referring to so I can analyze the movement and give you the correct answer.,,0,,,,gemma4it_tb_uniform1_no_video.json
uniform,1,no_video,1431,357,TimeBlind/videos/mcq_vid_00057_1.mp4,How are the man and woman moving in relation to each other? Option A: They move away from each other. Option B: They move toward each other.,a,Please provide the image or video you are referring to so I can analyze the movement and give you the correct answer.,,0,,,,gemma4it_tb_uniform1_no_video.json
uniform,1,no_video,1432,358,TimeBlind/videos/mcq_vid_00058_0.mp4,In which direction is the woman brushing the horse's coat? Option A: From top to bottom. Option B: From bottom to top.,a,"To provide the correct answer, I would need to see the image or video you are referring to. Since no image was provided in your message, I cannot determine the direction.

Please upload the image, and I will be happy to tell you if it is Option A or Option B.",a,1,,,,gemma4it_tb_uniform1_no_video.json
uniform,1,no_video,1433,358,TimeBlind/videos/mcq_vid_00058_1.mp4,In which direction is the woman brushing the horse's coat? Option A: From top to bottom. Option B: From bottom to top.,b,"To provide the correct answer, I would need to see the image or video you are referring to. Since no image was provided in your message, I cannot determine the direction.

Please upload the image, and I will be happy to tell you if it is Option A or Option B.",a,0,,,,gemma4it_tb_uniform1_no_video.json
uniform,1,no_video,1434,358,TimeBlind/videos/mcq_vid_00058_0.mp4,In which direction is the woman brushing the horse's coat? Option A: From bottom to top. Option B: From top to bottom.,b,"To provide the correct answer, I would need to see the image or video you are referring to. Since no image was provided in your message, I cannot determine the direction.

Please upload the image, and I will be happy to tell you if it is Option A or Option B.",a,0,,,,gemma4it_tb_uniform1_no_video.json
uniform,1,no_video,1435,358,TimeBlind/videos/mcq_vid_00058_1.mp4,In which direction is the woman brushing the horse's coat? Option A: From bottom to top. Option B: From top to bottom.,a,"To provide the correct answer, I would need to see the image or video you are referring to. Since no image was provided in your message, I cannot determine the direction.

Please upload the image, and I will be happy to tell you if it is Option A or Option B.",a,1,,,,gemma4it_tb_uniform1_no_video.json
uniform,1,no_video,1436,359,TimeBlind/videos/mcq_vid_00059_0.mp4,How does the bottle's position change? Option A: The bottle moves from the countertop to above the sink. Option B: The bottle moves from above the sink back to the countertop.,a,Please provide the video or description of the scene you are referring to so I can determine the correct answer.,,0,,,,gemma4it_tb_uniform1_no_video.json
uniform,1,no_video,1437,359,TimeBlind/videos/mcq_vid_00059_1.mp4,How does the bottle's position change? Option A: The bottle moves from the countertop to above the sink. Option B: The bottle moves from above the sink back to the countertop.,b,Please provide the video or description of the scene you are referring to so I can determine the correct answer.,,0,,,,gemma4it_tb_uniform1_no_video.json
uniform,1,no_video,1438,359,TimeBlind/videos/mcq_vid_00059_0.mp4,How does the bottle's position change? Option A: The bottle moves from above the sink back to the countertop. Option B: The bottle moves from the countertop to above the sink.,b,"To provide the correct answer, I would need to see the video or description of the action you are referring to. However, based on typical logic for such questions:

If the bottle is being used to wash or fill, it usually moves from the **countertop to above the sink** (Option B). If it is being put away after use, it moves from **above the sink back to the countertop** (Option A).

Please provide the context or video for a definitive answer.",b,1,,,,gemma4it_tb_uniform1_no_video.json
uniform,1,no_video,1439,359,TimeBlind/videos/mcq_vid_00059_1.mp4,How does the bottle's position change? Option A: The bottle moves from above the sink back to the countertop. Option B: The bottle moves from the countertop to above the sink.,a,"To provide the correct answer, I would need to see the video or description of the action you are referring to. However, based on typical logic for such questions:

If the bottle is being used to wash or fill, it usually moves from the **countertop to above the sink** (Option B). If it is being put away after use, it moves from **above the sink back to the countertop** (Option A).

Please provide the context or video for a definitive answer.",b,0,,,,gemma4it_tb_uniform1_no_video.json
uniform,1,no_video,1440,360,TimeBlind/videos/mcq_vid_00060_0.mp4,What happens to the bubbles near the diver’s face in the video? Option A: They gradually appear. Option B: They gradually disappear.,a,"Please provide the video you are referring to. Since I cannot see a video in your prompt, I cannot determine whether the bubbles appear or disappear.",a,1,,,,gemma4it_tb_uniform1_no_video.json
uniform,1,no_video,1441,360,TimeBlind/videos/mcq_vid_00060_1.mp4,What happens to the bubbles near the diver’s face in the video? Option A: They gradually appear. Option B: They gradually disappear.,b,"Please provide the video you are referring to. Since I cannot see a video in your prompt, I cannot determine whether the bubbles appear or disappear.",a,0,,,,gemma4it_tb_uniform1_no_video.json
uniform,1,no_video,1442,360,TimeBlind/videos/mcq_vid_00060_0.mp4,What happens to the bubbles near the diver’s face in the video? Option A: They gradually disappear. Option B: They gradually appear.,b,"Please provide the video you are referring to. Since I cannot see a video in your prompt, I cannot determine whether the bubbles disappear or appear.",a,0,,,,gemma4it_tb_uniform1_no_video.json
uniform,1,no_video,1443,360,TimeBlind/videos/mcq_vid_00060_1.mp4,What happens to the bubbles near the diver’s face in the video? Option A: They gradually disappear. Option B: They gradually appear.,a,"Please provide the video you are referring to. Since I cannot see a video in your prompt, I cannot determine whether the bubbles disappear or appear.",a,1,,,,gemma4it_tb_uniform1_no_video.json
uniform,1,no_video,1444,361,TimeBlind/videos/mcq_vid_00061_0.mp4,What happens to the surfer wearing a blue shirt on the right side of the frame? Option A: The surfer enters the frame from the right side. Option B: The surfer exits the frame off the right side.,a,"To provide the correct answer, I would need to see the video or image you are referring to. Since no media was attached to your request, I cannot determine the surfer's movement.

Please provide the video or a description of the scene, and I will be happy to help!",a,1,,,,gemma4it_tb_uniform1_no_video.json
uniform,1,no_video,1445,361,TimeBlind/videos/mcq_vid_00061_1.mp4,What happens to the surfer wearing a blue shirt on the right side of the frame? Option A: The surfer enters the frame from the right side. Option B: The surfer exits the frame off the right side.,b,"To provide the correct answer, I would need to see the video or image you are referring to. Since no media was attached to your request, I cannot determine the surfer's movement.

Please provide the video or a description of the scene, and I will be happy to help!",a,0,,,,gemma4it_tb_uniform1_no_video.json
uniform,1,no_video,1446,361,TimeBlind/videos/mcq_vid_00061_0.mp4,What happens to the surfer wearing a blue shirt on the right side of the frame? Option A: The surfer exits the frame off the right side. Option B: The surfer enters the frame from the right side.,b,"To provide the correct answer, I would need to see the video or image you are referring to. Since no media was attached to your request, I cannot determine the surfer's movement.

Please provide the video or a description of the scene, and I will be happy to help!",a,0,,,,gemma4it_tb_uniform1_no_video.json
uniform,1,no_video,1447,361,TimeBlind/videos/mcq_vid_00061_1.mp4,What happens to the surfer wearing a blue shirt on the right side of the frame? Option A: The surfer exits the frame off the right side. Option B: The surfer enters the frame from the right side.,a,"To provide the correct answer, I would need to see the video or image you are referring to. Since no media was attached to your request, I cannot determine the surfer's movement.

Please provide the video or a description of the scene, and I will be happy to help!",a,1,,,,gemma4it_tb_uniform1_no_video.json
uniform,1,no_video,1448,362,TimeBlind/videos/mcq_vid_00062_0.mp4,How does the man's posture change as he surfs? Option A: He goes from standing to squatting. Option B: He goes from squatting to standing.,a,"To provide the correct answer, I would need to see the specific video or text description you are referring to. However, in most standard surfing contexts (such as a beginner catching a wave or a surfer transitioning from a ""pop-up""):

**Option B** is the most common progression (going from a squatting/crouched position to a standing position).

If you can provide the source material, I can give you a definitive answer.",b,0,,,,gemma4it_tb_uniform1_no_video.json
uniform,1,no_video,1449,362,TimeBlind/videos/mcq_vid_00062_1.mp4,How does the man's posture change as he surfs? Option A: He goes from standing to squatting. Option B: He goes from squatting to standing.,b,"To provide the correct answer, I would need to see the specific video or text description you are referring to. However, in most standard surfing contexts (such as a beginner catching a wave or a surfer transitioning from a ""pop-up""):

**Option B** is the most common progression (going from a squatting/crouched position to a standing position).

If you can provide the source material, I can give you a definitive answer.",b,1,,,,gemma4it_tb_uniform1_no_video.json
uniform,1,no_video,1450,362,TimeBlind/videos/mcq_vid_00062_0.mp4,How does the man's posture change as he surfs? Option A: He goes from squatting to standing. Option B: He goes from standing to squatting.,b,"To provide the correct answer, I would need to see the specific video or text description you are referring to. However, in the context of standard surfing technique:

**Option A** is the typical progression (the surfer starts in a crouched/squatting position to balance and then rises to a standing position to ride the wave).

If this is based on a specific test or video provided in your materials, please check the visual:
*   If he starts low and rises: **A**
*   If he starts upright and drops low: **B**",a,0,,,,gemma4it_tb_uniform1_no_video.json
uniform,1,no_video,1451,362,TimeBlind/videos/mcq_vid_00062_1.mp4,How does the man's posture change as he surfs? Option A: He goes from squatting to standing. Option B: He goes from standing to squatting.,a,"To provide the correct answer, I would need to see the specific video or text description you are referring to. However, in the context of standard surfing technique:

**Option A** is the typical progression (the surfer starts in a crouched/squatting position to balance and then rises to a standing position to ride the wave).

If this is based on a specific test or video provided in your materials, please check the visual:
*   If he starts low and rises: **A**
*   If he starts upright and drops low: **B**",a,1,,,,gemma4it_tb_uniform1_no_video.json
uniform,1,no_video,1452,363,TimeBlind/videos/mcq_vid_00063_0.mp4,How does the hairpin's state change? Option A: It changes from closed to open. Option B: It changes from open to closed.,a,"To provide the correct answer, I would need the specific context, diagram, or text describing the hairpin's behavior (e.g., a biological hairpin loop, a mechanical hairpin, or a specific physics problem).

However, in most standard scientific contexts (such as RNA secondary structure or mechanical switches):

*   If the process describes **folding** or **binding**, the answer is **B** (Open to Closed).
*   If the process describes **unfolding** or **denaturation**, the answer is **A** (Closed to Open).

Please provide the context for a definitive answer.",a,1,,,,gemma4it_tb_uniform1_no_video.json
uniform,1,no_video,1453,363,TimeBlind/videos/mcq_vid_00063_1.mp4,How does the hairpin's state change? Option A: It changes from closed to open. Option B: It changes from open to closed.,b,"To provide the correct answer, I would need the specific context, diagram, or text describing the hairpin's behavior (e.g., a biological hairpin loop, a mechanical hairpin, or a specific physics problem).

However, in most standard scientific contexts (such as RNA secondary structure or mechanical switches):

*   If the process describes **folding** or **binding**, the answer is **B** (Open to Closed).
*   If the process describes **unfolding** or **denaturation**, the answer is **A** (Closed to Open).

Please provide the context for a definitive answer.",a,0,,,,gemma4it_tb_uniform1_no_video.json
uniform,1,no_video,1454,363,TimeBlind/videos/mcq_vid_00063_0.mp4,How does the hairpin's state change? Option A: It changes from open to closed. Option B: It changes from closed to open.,b,"To provide the correct answer, I would need the specific context, diagram, or text describing the hairpin's movement (e.g., a biological hairpin loop, a mechanical latch, or a specific physics problem).

However, in most standard scientific contexts involving **hairpin loops** (like RNA folding) or **mechanical hairpins**:

*   If the process describes **folding**, the state changes from **open to closed** (Option A).
*   If the process describes **unfolding** or **opening**, the state changes from **closed to open** (Option B).

Please provide the source material for a definitive",a,0,,,,gemma4it_tb_uniform1_no_video.json
uniform,1,no_video,1455,363,TimeBlind/videos/mcq_vid_00063_1.mp4,How does the hairpin's state change? Option A: It changes from open to closed. Option B: It changes from closed to open.,a,"To provide the correct answer, I would need the specific context, diagram, or text describing the hairpin's movement (e.g., a biological hairpin loop, a mechanical latch, or a specific physics problem).

However, in most standard scientific contexts involving **hairpin loops** (like RNA folding) or **mechanical hairpins**:

*   If the process describes **folding**, the state changes from **open to closed** (Option A).
*   If the process describes **unfolding** or **opening**, the state changes from **closed to open** (Option B).

Please provide the source material for a definitive",a,1,,,,gemma4it_tb_uniform1_no_video.json
uniform,1,no_video,1456,364,TimeBlind/videos/mcq_vid_00064_0.mp4,How does the laptop's state change? Option A: It changes from closed to open. Option B: It changes from open to closed.,a,"Please provide the context or the description of the situation you are referring to, as there is no information provided in your prompt to determine which state change occurred.",,0,,,,gemma4it_tb_uniform1_no_video.json
uniform,1,no_video,1457,364,TimeBlind/videos/mcq_vid_00064_1.mp4,How does the laptop's state change? Option A: It changes from closed to open. Option B: It changes from open to closed.,b,"Please provide the context or the description of the situation you are referring to, as there is no information provided in your prompt to determine which state change occurred.",,0,,,,gemma4it_tb_uniform1_no_video.json
uniform,1,no_video,1458,364,TimeBlind/videos/mcq_vid_00064_0.mp4,How does the laptop's state change? Option A: It changes from open to closed. Option B: It changes from closed to open.,b,"Please provide the context or the description of the action occurring, as you haven't included the scenario in your prompt. Once you provide the text, I can tell you whether it is A or B.",a,0,,,,gemma4it_tb_uniform1_no_video.json
uniform,1,no_video,1459,364,TimeBlind/videos/mcq_vid_00064_1.mp4,How does the laptop's state change? Option A: It changes from open to closed. Option B: It changes from closed to open.,a,"Please provide the context or the description of the action occurring, as you haven't included the scenario in your prompt. Once you provide the text, I can tell you whether it is A or B.",a,1,,,,gemma4it_tb_uniform1_no_video.json
uniform,1,no_video,1460,365,TimeBlind/videos/mcq_vid_00065_0.mp4,"From the camera's perspective, which way is the person pulling the shower curtain? Option A: Left. Option B: Right.",a,Please provide the image or video you are referring to so I can see the person's actions and give you the correct answer.,,0,,,,gemma4it_tb_uniform1_no_video.json
uniform,1,no_video,1461,365,TimeBlind/videos/mcq_vid_00065_1.mp4,"From the camera's perspective, which way is the person pulling the shower curtain? Option A: Left. Option B: Right.",b,Please provide the image or video you are referring to so I can see the person's actions and give you the correct answer.,,0,,,,gemma4it_tb_uniform1_no_video.json
uniform,1,no_video,1462,365,TimeBlind/videos/mcq_vid_00065_0.mp4,"From the camera's perspective, which way is the person pulling the shower curtain? Option A: Right. Option B: Left.",b,"To provide the correct answer, I need to see the image or video you are referring to. Please upload the file, and I will be happy to tell you whether the person is pulling the shower curtain to the right (Option A) or to the left (Option B).",a,0,,,,gemma4it_tb_uniform1_no_video.json
uniform,1,no_video,1463,365,TimeBlind/videos/mcq_vid_00065_1.mp4,"From the camera's perspective, which way is the person pulling the shower curtain? Option A: Right. Option B: Left.",a,"To provide the correct answer, I need to see the image or video you are referring to. Please upload the file, and I will be happy to tell you whether the person is pulling the shower curtain to the right (Option A) or to the left (Option B).",a,1,,,,gemma4it_tb_uniform1_no_video.json
uniform,1,no_video,1464,366,TimeBlind/videos/mcq_vid_00066_0.mp4,"In the video, does the person raise the showerhead or lower it? Option A: The person lowers the showerhead. Option B: The person raises the showerhead.",a,"Please provide the video you are referring to. Since no video was attached to your message, I cannot see the action and therefore cannot determine whether the person raises or lowers the showerhead.",,0,,,,gemma4it_tb_uniform1_no_video.json
uniform,1,no_video,1465,366,TimeBlind/videos/mcq_vid_00066_1.mp4,"In the video, does the person raise the showerhead or lower it? Option A: The person lowers the showerhead. Option B: The person raises the showerhead.",b,"Please provide the video you are referring to. Since no video was attached to your message, I cannot see the action and therefore cannot determine whether the person raises or lowers the showerhead.",,0,,,,gemma4it_tb_uniform1_no_video.json
uniform,1,no_video,1466,366,TimeBlind/videos/mcq_vid_00066_0.mp4,"In the video, does the person raise the showerhead or lower it? Option A: The person raises the showerhead. Option B: The person lowers the showerhead.",b,"Please provide the video you are referring to. Since no video was attached to your message, I cannot see the action and therefore cannot determine whether the person raises or lowers the showerhead.",,0,,,,gemma4it_tb_uniform1_no_video.json
uniform,1,no_video,1467,366,TimeBlind/videos/mcq_vid_00066_1.mp4,"In the video, does the person raise the showerhead or lower it? Option A: The person raises the showerhead. Option B: The person lowers the showerhead.",a,"Please provide the video you are referring to. Since no video was attached to your message, I cannot see the action and therefore cannot determine whether the person raises or lowers the showerhead.",,0,,,,gemma4it_tb_uniform1_no_video.json
uniform,1,no_video,1468,367,TimeBlind/videos/mcq_vid_00067_0.mp4,How does the color of the light change? Option A: It changes from white to yellow. Option B: It changes from yellow to white.,a,"Please provide the context, image, or description of the situation you are referring to. Without a source text or visual, I cannot determine which color change is occurring.",a,1,,,,gemma4it_tb_uniform1_no_video.json
uniform,1,no_video,1469,367,TimeBlind/videos/mcq_vid_00067_1.mp4,How does the color of the light change? Option A: It changes from white to yellow. Option B: It changes from yellow to white.,b,"Please provide the context, image, or description of the situation you are referring to. Without a source text or visual, I cannot determine which color change is occurring.",a,0,,,,gemma4it_tb_uniform1_no_video.json
uniform,1,no_video,1470,367,TimeBlind/videos/mcq_vid_00067_0.mp4,How does the color of the light change? Option A: It changes from yellow to white. Option B: It changes from white to yellow.,b,"Please provide the context, image, or description of the situation you are referring to. Without the source material, I cannot determine which color change is occurring.",,0,,,,gemma4it_tb_uniform1_no_video.json
uniform,1,no_video,1471,367,TimeBlind/videos/mcq_vid_00067_1.mp4,How does the color of the light change? Option A: It changes from yellow to white. Option B: It changes from white to yellow.,a,"Please provide the context, image, or description of the situation you are referring to. Without the source material, I cannot determine which color change is occurring.",,0,,,,gemma4it_tb_uniform1_no_video.json
uniform,1,no_video,1472,368,TimeBlind/videos/mcq_vid_00068_0.mp4,Which direction does the cat move between the chair and the table? Option A: From the chair to the table. Option B: From the table to the chair.,a,"Please provide the context, image, or description of the cat's movement so I can determine the correct answer. Without a description of the action, I cannot tell which direction the cat is moving.",a,1,,,,gemma4it_tb_uniform1_no_video.json
uniform,1,no_video,1473,368,TimeBlind/videos/mcq_vid_00068_1.mp4,Which direction does the cat move between the chair and the table? Option A: From the chair to the table. Option B: From the table to the chair.,b,"Please provide the context, image, or description of the cat's movement so I can determine the correct answer. Without a description of the action, I cannot tell which direction the cat is moving.",a,0,,,,gemma4it_tb_uniform1_no_video.json
uniform,1,no_video,1474,368,TimeBlind/videos/mcq_vid_00068_0.mp4,Which direction does the cat move between the chair and the table? Option A: From the table to the chair. Option B: From the chair to the table.,b,"Please provide the image or the description of the scene so I can determine the correct direction. Without the visual context, I cannot tell which way the cat is moving.",,0,,,,gemma4it_tb_uniform1_no_video.json
uniform,1,no_video,1475,368,TimeBlind/videos/mcq_vid_00068_1.mp4,Which direction does the cat move between the chair and the table? Option A: From the table to the chair. Option B: From the chair to the table.,a,"Please provide the image or the description of the scene so I can determine the correct direction. Without the visual context, I cannot tell which way the cat is moving.",,0,,,,gemma4it_tb_uniform1_no_video.json
uniform,1,no_video,1476,369,TimeBlind/videos/mcq_vid_00069_0.mp4,What is being done with the oil dispenser nozzle? Option A: Removing the oil dispenser nozzle from the dispenser. Option B: Putting the oil dispenser nozzle back into the dispenser.,a,"To provide the correct answer, I would need to see the image or video you are referring to. Please provide the visual context, and I will be happy to tell you whether it is Option A or Option B.",a,1,,,,gemma4it_tb_uniform1_no_video.json
uniform,1,no_video,1477,369,TimeBlind/videos/mcq_vid_00069_1.mp4,What is being done with the oil dispenser nozzle? Option A: Removing the oil dispenser nozzle from the dispenser. Option B: Putting the oil dispenser nozzle back into the dispenser.,b,"To provide the correct answer, I would need to see the image or video you are referring to. Please provide the visual context, and I will be happy to tell you whether it is Option A or Option B.",a,0,,,,gemma4it_tb_uniform1_no_video.json
uniform,1,no_video,1478,369,TimeBlind/videos/mcq_vid_00069_0.mp4,What is being done with the oil dispenser nozzle? Option A: Putting the oil dispenser nozzle back into the dispenser. Option B: Removing the oil dispenser nozzle from the dispenser.,b,"To provide an accurate answer, I would need to see the image or video you are referring to. Please provide the visual context, and I will be happy to tell you whether it is Option A or Option B.",a,0,,,,gemma4it_tb_uniform1_no_video.json
uniform,1,no_video,1479,369,TimeBlind/videos/mcq_vid_00069_1.mp4,What is being done with the oil dispenser nozzle? Option A: Putting the oil dispenser nozzle back into the dispenser. Option B: Removing the oil dispenser nozzle from the dispenser.,a,"To provide an accurate answer, I would need to see the image or video you are referring to. Please provide the visual context, and I will be happy to tell you whether it is Option A or Option B.",a,1,,,,gemma4it_tb_uniform1_no_video.json
uniform,1,no_video,1480,370,TimeBlind/videos/mcq_vid_00070_0.mp4,What is being done with the fuel nozzle and the car's fuel tank? Option A: The nozzle is being inserted into the car's fuel tank. Option B: The nozzle is being removed from the car's fuel tank.,a,Please provide the image or video you are referring to so I can give you the correct answer.,,0,,,,gemma4it_tb_uniform1_no_video.json
uniform,1,no_video,1481,370,TimeBlind/videos/mcq_vid_00070_1.mp4,What is being done with the fuel nozzle and the car's fuel tank? Option A: The nozzle is being inserted into the car's fuel tank. Option B: The nozzle is being removed from the car's fuel tank.,b,Please provide the image or video you are referring to so I can give you the correct answer.,,0,,,,gemma4it_tb_uniform1_no_video.json
uniform,1,no_video,1482,370,TimeBlind/videos/mcq_vid_00070_0.mp4,What is being done with the fuel nozzle and the car's fuel tank? Option A: The nozzle is being removed from the car's fuel tank. Option B: The nozzle is being inserted into the car's fuel tank.,b,Please provide the image or video you are referring to so I can give you the correct answer.,,0,,,,gemma4it_tb_uniform1_no_video.json
uniform,1,no_video,1483,370,TimeBlind/videos/mcq_vid_00070_1.mp4,What is being done with the fuel nozzle and the car's fuel tank? Option A: The nozzle is being removed from the car's fuel tank. Option B: The nozzle is being inserted into the car's fuel tank.,a,Please provide the image or video you are referring to so I can give you the correct answer.,,0,,,,gemma4it_tb_uniform1_no_video.json
uniform,1,no_video,1484,371,TimeBlind/videos/mcq_vid_00071_0.mp4,Which direction is the car's fuel tank valve being turned? Option A: Counterclockwise. Option B: Clockwise.,a,"To provide the correct answer, I need to see the image or description of the car's fuel tank valve. Please provide the visual or context, and I will tell you whether it is Option A or Option B.",a,1,,,,gemma4it_tb_uniform1_no_video.json
uniform,1,no_video,1485,371,TimeBlind/videos/mcq_vid_00071_1.mp4,Which direction is the car's fuel tank valve being turned? Option A: Counterclockwise. Option B: Clockwise.,b,"To provide the correct answer, I need to see the image or description of the car's fuel tank valve. Please provide the visual or context, and I will tell you whether it is Option A or Option B.",a,0,,,,gemma4it_tb_uniform1_no_video.json
uniform,1,no_video,1486,371,TimeBlind/videos/mcq_vid_00071_0.mp4,Which direction is the car's fuel tank valve being turned? Option A: Clockwise. Option B: Counterclockwise.,b,"To provide the correct answer, I need to see the image or a description of the car's fuel tank valve. Please provide the visual or context so I can determine the direction.",a,0,,,,gemma4it_tb_uniform1_no_video.json
uniform,1,no_video,1487,371,TimeBlind/videos/mcq_vid_00071_1.mp4,Which direction is the car's fuel tank valve being turned? Option A: Clockwise. Option B: Counterclockwise.,a,"To provide the correct answer, I need to see the image or a description of the car's fuel tank valve. Please provide the visual or context so I can determine the direction.",a,1,,,,gemma4it_tb_uniform1_no_video.json
uniform,1,no_video,1488,372,TimeBlind/videos/mcq_vid_00072_0.mp4,What is the person doing with the ingredients and the oven? Option A: The person is putting the ingredients into the oven. Option B: The person is taking the ingredients out of the oven.,a,"Please provide the image or video you are referring to so I can see what the person is doing. Without the visual context, I cannot determine whether the person is putting the ingredients in or taking them out.",,0,,,,gemma4it_tb_uniform1_no_video.json
uniform,1,no_video,1489,372,TimeBlind/videos/mcq_vid_00072_1.mp4,What is the person doing with the ingredients and the oven? Option A: The person is putting the ingredients into the oven. Option B: The person is taking the ingredients out of the oven.,b,"Please provide the image or video you are referring to so I can see what the person is doing. Without the visual context, I cannot determine whether the person is putting the ingredients in or taking them out.",,0,,,,gemma4it_tb_uniform1_no_video.json
uniform,1,no_video,1490,372,TimeBlind/videos/mcq_vid_00072_0.mp4,What is the person doing with the ingredients and the oven? Option A: The person is taking the ingredients out of the oven. Option B: The person is putting the ingredients into the oven.,b,"Please provide the image or video you are referring to so I can see what the person is doing. Without the visual context, I cannot determine whether the person is taking the ingredients out or putting them in.",,0,,,,gemma4it_tb_uniform1_no_video.json
uniform,1,no_video,1491,372,TimeBlind/videos/mcq_vid_00072_1.mp4,What is the person doing with the ingredients and the oven? Option A: The person is taking the ingredients out of the oven. Option B: The person is putting the ingredients into the oven.,a,"Please provide the image or video you are referring to so I can see what the person is doing. Without the visual context, I cannot determine whether the person is taking the ingredients out or putting them in.",,0,,,,gemma4it_tb_uniform1_no_video.json
uniform,1,no_video,1492,373,TimeBlind/videos/mcq_vid_00073_0.mp4,Which way does the dog go through the window? Option A: From outside to inside. Option B: From inside to outside.,a,"To provide the correct answer, I would need to see the image or description of the scene you are referring to. Since no image was provided, I cannot determine the direction.

Please provide the image or context, and I will be happy to help!",,0,,,,gemma4it_tb_uniform1_no_video.json
uniform,1,no_video,1493,373,TimeBlind/videos/mcq_vid_00073_1.mp4,Which way does the dog go through the window? Option A: From outside to inside. Option B: From inside to outside.,b,"To provide the correct answer, I would need to see the image or description of the scene you are referring to. Since no image was provided, I cannot determine the direction.

Please provide the image or context, and I will be happy to help!",,0,,,,gemma4it_tb_uniform1_no_video.json
uniform,1,no_video,1494,373,TimeBlind/videos/mcq_vid_00073_0.mp4,Which way does the dog go through the window? Option A: From inside to outside. Option B: From outside to inside.,b,"To provide the correct answer, I need to see the image or description of the scene you are referring to. Please provide the context or the image!",,0,,,,gemma4it_tb_uniform1_no_video.json
uniform,1,no_video,1495,373,TimeBlind/videos/mcq_vid_00073_1.mp4,Which way does the dog go through the window? Option A: From inside to outside. Option B: From outside to inside.,a,"To provide the correct answer, I need to see the image or description of the scene you are referring to. Please provide the context or the image!",,0,,,,gemma4it_tb_uniform1_no_video.json
uniform,1,no_video,1496,374,TimeBlind/videos/mcq_vid_00074_0.mp4,Which way does the kitten turn its head in the video? Option A: To its left. Option B: To its right.,a,"Please provide the video you are referring to! You haven't attached or linked a video yet. Once you provide it, I will be able to tell you if the kitten turns its head to the left (Option A) or to the right (Option B).",a,1,,,,gemma4it_tb_uniform1_no_video.json
uniform,1,no_video,1497,374,TimeBlind/videos/mcq_vid_00074_1.mp4,Which way does the kitten turn its head in the video? Option A: To its left. Option B: To its right.,b,"Please provide the video you are referring to! You haven't attached or linked a video yet. Once you provide it, I will be able to tell you if the kitten turns its head to the left (Option A) or to the right (Option B).",a,0,,,,gemma4it_tb_uniform1_no_video.json
uniform,1,no_video,1498,374,TimeBlind/videos/mcq_vid_00074_0.mp4,Which way does the kitten turn its head in the video? Option A: To its right. Option B: To its left.,b,"Please provide the video you are referring to! You haven't attached or linked a video yet. Once you provide it, I will be able to tell you if the kitten turns its head to the right (Option A) or to the left (Option B).",a,0,,,,gemma4it_tb_uniform1_no_video.json
uniform,1,no_video,1499,374,TimeBlind/videos/mcq_vid_00074_1.mp4,Which way does the kitten turn its head in the video? Option A: To its right. Option B: To its left.,a,"Please provide the video you are referring to! You haven't attached or linked a video yet. Once you provide it, I will be able to tell you if the kitten turns its head to the right (Option A) or to the left (Option B).",a,1,,,,gemma4it_tb_uniform1_no_video.json
uniform,1,no_video,1500,375,TimeBlind/videos/mcq_vid_00075_0.mp4,What does the dog do in the video? Option A: The dog puts its paws on the bed. Option B: The dog moves its paws away from the bed.,a,"Please provide the video you are referring to! You haven't attached or linked a video yet. Once you provide it, I will be able to tell you whether the answer is Option A or Option B.",a,1,,,,gemma4it_tb_uniform1_no_video.json
uniform,1,no_video,1501,375,TimeBlind/videos/mcq_vid_00075_1.mp4,What does the dog do in the video? Option A: The dog puts its paws on the bed. Option B: The dog moves its paws away from the bed.,b,"Please provide the video you are referring to! You haven't attached or linked a video yet. Once you provide it, I will be able to tell you whether the answer is Option A or Option B.",a,0,,,,gemma4it_tb_uniform1_no_video.json
uniform,1,no_video,1502,375,TimeBlind/videos/mcq_vid_00075_0.mp4,What does the dog do in the video? Option A: The dog moves its paws away from the bed. Option B: The dog puts its paws on the bed.,b,"Please provide the video you are referring to! You haven't attached or linked a video yet. Once you provide it, I will be able to tell you whether the answer is Option A or Option B.",a,0,,,,gemma4it_tb_uniform1_no_video.json
uniform,1,no_video,1503,375,TimeBlind/videos/mcq_vid_00075_1.mp4,What does the dog do in the video? Option A: The dog moves its paws away from the bed. Option B: The dog puts its paws on the bed.,a,"Please provide the video you are referring to! You haven't attached or linked a video yet. Once you provide it, I will be able to tell you whether the answer is Option A or Option B.",a,1,,,,gemma4it_tb_uniform1_no_video.json
uniform,1,no_video,1504,376,TimeBlind/videos/mcq_vid_00076_0.mp4,How does the puppy's position change in the frame? Option A: It moves from left to right. Option B: It moves from right to left.,a,"Please provide the video or image sequence you are referring to! You haven't attached a file or a link for me to analyze. Once you provide the visual content, I will be able to tell you if the answer is A or B.",a,1,,,,gemma4it_tb_uniform1_no_video.json
uniform,1,no_video,1505,376,TimeBlind/videos/mcq_vid_00076_1.mp4,How does the puppy's position change in the frame? Option A: It moves from left to right. Option B: It moves from right to left.,b,"Please provide the video or image sequence you are referring to! You haven't attached a file or a link for me to analyze. Once you provide the visual content, I will be able to tell you if the answer is A or B.",a,0,,,,gemma4it_tb_uniform1_no_video.json
uniform,1,no_video,1506,376,TimeBlind/videos/mcq_vid_00076_0.mp4,How does the puppy's position change in the frame? Option A: It moves from right to left. Option B: It moves from left to right.,b,"Please provide the video or image sequence you are referring to. Without the visual content, I cannot determine the puppy's movement.",,0,,,,gemma4it_tb_uniform1_no_video.json
uniform,1,no_video,1507,376,TimeBlind/videos/mcq_vid_00076_1.mp4,How does the puppy's position change in the frame? Option A: It moves from right to left. Option B: It moves from left to right.,a,"Please provide the video or image sequence you are referring to. Without the visual content, I cannot determine the puppy's movement.",,0,,,,gemma4it_tb_uniform1_no_video.json
uniform,1,no_video,1508,377,TimeBlind/videos/mcq_vid_00077_0.mp4,How does the size of the cat in the frame change over time? Option A: The cat gradually occupies more of the frame. Option B: The cat gradually occupies less of the frame.,a,"To provide an accurate answer, I would need to see the video or image sequence you are referring to. However, based on the standard format of these types of questions:

If the camera is **zooming in** or the cat is **moving toward the camera**, the answer is **Option A**.
If the camera is **zooming out** or the cat is **moving away from the camera**, the answer is **Option B**.

Please provide the media or context for a definitive answer.",a,1,,,,gemma4it_tb_uniform1_no_video.json
uniform,1,no_video,1509,377,TimeBlind/videos/mcq_vid_00077_1.mp4,How does the size of the cat in the frame change over time? Option A: The cat gradually occupies more of the frame. Option B: The cat gradually occupies less of the frame.,b,"To provide an accurate answer, I would need to see the video or image sequence you are referring to. However, based on the standard format of these types of questions:

If the camera is **zooming in** or the cat is **moving toward the camera**, the answer is **Option A**.
If the camera is **zooming out** or the cat is **moving away from the camera**, the answer is **Option B**.

Please provide the media or context for a definitive answer.",a,0,,,,gemma4it_tb_uniform1_no_video.json
uniform,1,no_video,1510,377,TimeBlind/videos/mcq_vid_00077_0.mp4,How does the size of the cat in the frame change over time? Option A: The cat gradually occupies less of the frame. Option B: The cat gradually occupies more of the frame.,b,"To provide an accurate answer, I would need to see the video or image sequence you are referring to. However, based on the standard format of these types of questions:

If the camera is **zooming in** or the cat is **moving toward the camera**, the answer is **Option B**.
If the camera is **zooming out** or the cat is **moving away from the camera**, the answer is **Option A**.

Please provide the media or context for a definitive answer.",b,1,,,,gemma4it_tb_uniform1_no_video.json
uniform,1,no_video,1511,377,TimeBlind/videos/mcq_vid_00077_1.mp4,How does the size of the cat in the frame change over time? Option A: The cat gradually occupies less of the frame. Option B: The cat gradually occupies more of the frame.,a,"To provide an accurate answer, I would need to see the video or image sequence you are referring to. However, based on the standard format of these types of questions:

If the camera is **zooming in** or the cat is **moving toward the camera**, the answer is **Option B**.
If the camera is **zooming out** or the cat is **moving away from the camera**, the answer is **Option A**.

Please provide the media or context for a definitive answer.",b,0,,,,gemma4it_tb_uniform1_no_video.json
uniform,1,no_video,1512,378,TimeBlind/videos/mcq_vid_00078_0.mp4,How does the moon's appearance change? Option A: It gradually becomes blurrier. Option B: It gradually becomes clearer.,a,"The question as phrased does not describe a standard astronomical phenomenon, as the moon's clarity is generally constant unless affected by atmospheric conditions (like clouds or haze). However, if this is a trick question regarding the ""Moon Illusion"" or the way the moon appears as it rises/sets, there is no standard ""A or B"" answer.

If this is a specific test question where you must choose:
**B** (as the moon often appears ""clearer"" or more distinct as it rises higher into the atmosphere and moves out of the thickest haze).",a,1,,,,gemma4it_tb_uniform1_no_video.json
uniform,1,no_video,1513,378,TimeBlind/videos/mcq_vid_00078_1.mp4,How does the moon's appearance change? Option A: It gradually becomes blurrier. Option B: It gradually becomes clearer.,b,"The question as phrased does not describe a standard astronomical phenomenon, as the moon's clarity is generally constant unless affected by atmospheric conditions (like clouds or haze). However, if this is a trick question regarding the ""Moon Illusion"" or the way the moon appears as it rises/sets, there is no standard ""A or B"" answer.

If this is a specific test question where you must choose:
**B** (as the moon often appears ""clearer"" or more distinct as it rises higher into the atmosphere and moves out of the thickest haze).",a,0,,,,gemma4it_tb_uniform1_no_video.json
uniform,1,no_video,1514,378,TimeBlind/videos/mcq_vid_00078_0.mp4,How does the moon's appearance change? Option A: It gradually becomes clearer. Option B: It gradually becomes blurrier.,b,"The question as phrased does not describe a standard astronomical phenomenon, as the moon's clarity (sharpness) does not ""gradually"" change in a consistent way like its phases do. However, if this is a trick question or refers to atmospheric conditions (like haze or clouds), the answer depends on the context.

If this is a logic puzzle where the moon is moving further away or being obscured by atmosphere:
**Option B**",b,1,,,,gemma4it_tb_uniform1_no_video.json
uniform,1,no_video,1515,378,TimeBlind/videos/mcq_vid_00078_1.mp4,How does the moon's appearance change? Option A: It gradually becomes clearer. Option B: It gradually becomes blurrier.,a,"The question as phrased does not describe a standard astronomical phenomenon, as the moon's clarity (sharpness) does not ""gradually"" change in a consistent way like its phases do. However, if this is a trick question or refers to atmospheric conditions (like haze or clouds), the answer depends on the context.

If this is a logic puzzle where the moon is moving further away or being obscured by atmosphere:
**Option B**",b,0,,,,gemma4it_tb_uniform1_no_video.json
uniform,1,no_video,1516,379,TimeBlind/videos/mcq_vid_00079_0.mp4,How do the animals in the video change over time? Option A: They go from two cats and a dog to just two cats. Option B: They go from two cats to two cats and a dog.,a,"Please provide the video you are referring to! Since I cannot see a video unless you upload it or provide a link, I cannot determine whether the answer is A or B.",a,1,,,,gemma4it_tb_uniform1_no_video.json
uniform,1,no_video,1517,379,TimeBlind/videos/mcq_vid_00079_1.mp4,How do the animals in the video change over time? Option A: They go from two cats and a dog to just two cats. Option B: They go from two cats to two cats and a dog.,b,"Please provide the video you are referring to! Since I cannot see a video unless you upload it or provide a link, I cannot determine whether the answer is A or B.",a,0,,,,gemma4it_tb_uniform1_no_video.json
uniform,1,no_video,1518,379,TimeBlind/videos/mcq_vid_00079_0.mp4,How do the animals in the video change over time? Option A: They go from two cats to two cats and a dog. Option B: They go from two cats and a dog to just two cats.,b,"Please provide the video you are referring to! Since I cannot see a video unless you upload it or provide a link, I cannot determine whether the answer is A or B.",a,0,,,,gemma4it_tb_uniform1_no_video.json
uniform,1,no_video,1519,379,TimeBlind/videos/mcq_vid_00079_1.mp4,How do the animals in the video change over time? Option A: They go from two cats to two cats and a dog. Option B: They go from two cats and a dog to just two cats.,a,"Please provide the video you are referring to! Since I cannot see a video unless you upload it or provide a link, I cannot determine whether the answer is A or B.",a,1,,,,gemma4it_tb_uniform1_no_video.json
uniform,1,no_video,1520,380,TimeBlind/videos/mcq_vid_00080_0.mp4,How does the kitten's position change relative to the box? Option A: The kitten moves from inside the box to outside the box. Option B: The kitten moves from outside the box to inside the box.,a,"Please provide the description or the video/image you are referring to so I can determine the correct answer. Without the context of the kitten's movement, I cannot select Option A or B.",a,1,,,,gemma4it_tb_uniform1_no_video.json
uniform,1,no_video,1521,380,TimeBlind/videos/mcq_vid_00080_1.mp4,How does the kitten's position change relative to the box? Option A: The kitten moves from inside the box to outside the box. Option B: The kitten moves from outside the box to inside the box.,b,"Please provide the description or the video/image you are referring to so I can determine the correct answer. Without the context of the kitten's movement, I cannot select Option A or B.",a,0,,,,gemma4it_tb_uniform1_no_video.json
uniform,1,no_video,1522,380,TimeBlind/videos/mcq_vid_00080_0.mp4,How does the kitten's position change relative to the box? Option A: The kitten moves from outside the box to inside the box. Option B: The kitten moves from inside the box to outside the box.,b,Please provide the image or description of the kitten and the box so I can determine the correct answer.,,0,,,,gemma4it_tb_uniform1_no_video.json
uniform,1,no_video,1523,380,TimeBlind/videos/mcq_vid_00080_1.mp4,How does the kitten's position change relative to the box? Option A: The kitten moves from outside the box to inside the box. Option B: The kitten moves from inside the box to outside the box.,a,Please provide the image or description of the kitten and the box so I can determine the correct answer.,,0,,,,gemma4it_tb_uniform1_no_video.json
uniform,1,no_video,1524,381,TimeBlind/videos/mcq_vid_00081_0.mp4,How does the number of dogs in the video change over time? Option A: It increases from two to four. Option B: It decreases from four to two.,a,"Please provide the video you are referring to. Since I cannot see a video in your prompt, I cannot determine whether the number of dogs increases or decreases.",a,1,,,,gemma4it_tb_uniform1_no_video.json
uniform,1,no_video,1525,381,TimeBlind/videos/mcq_vid_00081_1.mp4,How does the number of dogs in the video change over time? Option A: It increases from two to four. Option B: It decreases from four to two.,b,"Please provide the video you are referring to. Since I cannot see a video in your prompt, I cannot determine whether the number of dogs increases or decreases.",a,0,,,,gemma4it_tb_uniform1_no_video.json
uniform,1,no_video,1526,381,TimeBlind/videos/mcq_vid_00081_0.mp4,How does the number of dogs in the video change over time? Option A: It decreases from four to two. Option B: It increases from two to four.,b,"Please provide the video you are referring to. Since I cannot see a video in your prompt, I cannot determine whether the number of dogs increases or decreases.",a,0,,,,gemma4it_tb_uniform1_no_video.json
uniform,1,no_video,1527,381,TimeBlind/videos/mcq_vid_00081_1.mp4,How does the number of dogs in the video change over time? Option A: It decreases from four to two. Option B: It increases from two to four.,a,"Please provide the video you are referring to. Since I cannot see a video in your prompt, I cannot determine whether the number of dogs increases or decreases.",a,1,,,,gemma4it_tb_uniform1_no_video.json
uniform,1,no_video,1528,382,TimeBlind/videos/mcq_vid_00082_0.mp4,How does the room's lighting change? Option A: The lighting changes from dark to light. Option B: The lighting changes from light to dark.,a,"Please provide the text, video, or context you are referring to so I can determine the correct answer. Without the source material, I cannot identify which option is correct.",,0,,,,gemma4it_tb_uniform1_no_video.json
uniform,1,no_video,1529,382,TimeBlind/videos/mcq_vid_00082_1.mp4,How does the room's lighting change? Option A: The lighting changes from dark to light. Option B: The lighting changes from light to dark.,b,"Please provide the text, video, or context you are referring to so I can determine the correct answer. Without the source material, I cannot identify which option is correct.",,0,,,,gemma4it_tb_uniform1_no_video.json
uniform,1,no_video,1530,382,TimeBlind/videos/mcq_vid_00082_0.mp4,How does the room's lighting change? Option A: The lighting changes from light to dark. Option B: The lighting changes from dark to light.,b,"Please provide the text, video, or context you are referring to so I can determine the correct answer. Without the source material, I cannot identify which option is correct.",,0,,,,gemma4it_tb_uniform1_no_video.json
uniform,1,no_video,1531,382,TimeBlind/videos/mcq_vid_00082_1.mp4,How does the room's lighting change? Option A: The lighting changes from light to dark. Option B: The lighting changes from dark to light.,a,"Please provide the text, video, or context you are referring to so I can determine the correct answer. Without the source material, I cannot identify which option is correct.",,0,,,,gemma4it_tb_uniform1_no_video.json
uniform,1,no_video,1532,383,TimeBlind/videos/mcq_vid_00083_0.mp4,How does the charging status of the battery icon in the top-right corner of the phone screen change? Option A: It changes from charging to not charging. Option B: It changes from not charging to charging.,a,B,b,0,,,,gemma4it_tb_uniform1_no_video.json
uniform,1,no_video,1533,383,TimeBlind/videos/mcq_vid_00083_1.mp4,How does the charging status of the battery icon in the top-right corner of the phone screen change? Option A: It changes from charging to not charging. Option B: It changes from not charging to charging.,b,B,b,1,,,,gemma4it_tb_uniform1_no_video.json
uniform,1,no_video,1534,383,TimeBlind/videos/mcq_vid_00083_0.mp4,How does the charging status of the battery icon in the top-right corner of the phone screen change? Option A: It changes from not charging to charging. Option B: It changes from charging to not charging.,b,A,a,0,,,,gemma4it_tb_uniform1_no_video.json
uniform,1,no_video,1535,383,TimeBlind/videos/mcq_vid_00083_1.mp4,How does the charging status of the battery icon in the top-right corner of the phone screen change? Option A: It changes from not charging to charging. Option B: It changes from charging to not charging.,a,A,a,1,,,,gemma4it_tb_uniform1_no_video.json
uniform,1,no_video,1536,384,TimeBlind/videos/mcq_vid_00084_0.mp4,How does the color of the battery icon in the top-right corner of the screen change? Option A: It changes from green to white. Option B: It changes from white to green.,a,A,a,1,,,,gemma4it_tb_uniform1_no_video.json
uniform,1,no_video,1537,384,TimeBlind/videos/mcq_vid_00084_1.mp4,How does the color of the battery icon in the top-right corner of the screen change? Option A: It changes from green to white. Option B: It changes from white to green.,b,A,a,0,,,,gemma4it_tb_uniform1_no_video.json
uniform,1,no_video,1538,384,TimeBlind/videos/mcq_vid_00084_0.mp4,How does the color of the battery icon in the top-right corner of the screen change? Option A: It changes from white to green. Option B: It changes from green to white.,b,"The answer depends on the specific device and operating system, as there is no universal standard. However, in many common interfaces (like some versions of Android or specific themes), the battery icon often turns **green** when it is fully charged or at a high percentage, and **white** (or another neutral color) when it is discharging or at a lower level.

Since the question asks for a specific choice between two options without providing a specific device context, and ""Green"" is the most common indicator for ""Full/Good"" status:

**Option A**",a,0,,,,gemma4it_tb_uniform1_no_video.json
uniform,1,no_video,1539,384,TimeBlind/videos/mcq_vid_00084_1.mp4,How does the color of the battery icon in the top-right corner of the screen change? Option A: It changes from white to green. Option B: It changes from green to white.,a,"The answer depends on the specific device and operating system, as there is no universal standard. However, in many common interfaces (like some versions of Android or specific themes), the battery icon often turns **green** when it is fully charged or at a high percentage, and **white** (or another neutral color) when it is discharging or at a lower level.

Since the question asks for a specific choice between two options without providing a specific device context, and ""Green"" is the most common indicator for ""Full/Good"" status:

**Option A**",a,1,,,,gemma4it_tb_uniform1_no_video.json
uniform,1,no_video,1540,385,TimeBlind/videos/mcq_vid_00085_0.mp4,What happens when they try to stand the egg upright in the video? Option A: It doesn't stay upright. Option B: It stays upright.,a,"Please provide the video or a description of the video you are referring to. Since I cannot see the video without a link or an upload, I cannot determine the correct answer.",a,1,,,,gemma4it_tb_uniform1_no_video.json
uniform,1,no_video,1541,385,TimeBlind/videos/mcq_vid_00085_1.mp4,What happens when they try to stand the egg upright in the video? Option A: It doesn't stay upright. Option B: It stays upright.,b,"Please provide the video or a description of the video you are referring to. Since I cannot see the video without a link or an upload, I cannot determine the correct answer.",a,0,,,,gemma4it_tb_uniform1_no_video.json
uniform,1,no_video,1542,385,TimeBlind/videos/mcq_vid_00085_0.mp4,What happens when they try to stand the egg upright in the video? Option A: It stays upright. Option B: It doesn't stay upright.,b,"Please provide the video or a description of the video you are referring to. Since I cannot see the video without a link or an upload, I cannot determine the correct answer.",a,0,,,,gemma4it_tb_uniform1_no_video.json
uniform,1,no_video,1543,385,TimeBlind/videos/mcq_vid_00085_1.mp4,What happens when they try to stand the egg upright in the video? Option A: It stays upright. Option B: It doesn't stay upright.,a,"Please provide the video or a description of the video you are referring to. Since I cannot see the video without a link or an upload, I cannot determine the correct answer.",a,1,,,,gemma4it_tb_uniform1_no_video.json
uniform,1,no_video,1544,386,TimeBlind/videos/mcq_vid_00086_0.mp4,Which of the following correctly describes the duration each object is held in the video? Option A: The blue and yellow can is held for about 3 seconds. Option B: The blue and yellow can is held for about 10 seconds.,a,"To provide the correct answer, I would need to see the video you are referring to. Since no video was attached to your message, I cannot determine the duration.

Please provide the video or a link to it, and I will be happy to tell you whether Option A or Option B is correct.",a,1,,,,gemma4it_tb_uniform1_no_video.json
uniform,1,no_video,1545,386,TimeBlind/videos/mcq_vid_00086_1.mp4,Which of the following correctly describes the duration each object is held in the video? Option A: The blue and yellow can is held for about 3 seconds. Option B: The blue and yellow can is held for about 10 seconds.,b,"To provide the correct answer, I would need to see the video you are referring to. Since no video was attached to your message, I cannot determine the duration.

Please provide the video or a link to it, and I will be happy to tell you whether Option A or Option B is correct.",a,0,,,,gemma4it_tb_uniform1_no_video.json
uniform,1,no_video,1546,386,TimeBlind/videos/mcq_vid_00086_0.mp4,Which of the following correctly describes the duration each object is held in the video? Option A: The blue and yellow can is held for about 10 seconds. Option B: The blue and yellow can is held for about 3 seconds.,b,Please provide the video you are referring to so I can analyze the duration and give you the correct answer.,,0,,,,gemma4it_tb_uniform1_no_video.json
uniform,1,no_video,1547,386,TimeBlind/videos/mcq_vid_00086_1.mp4,Which of the following correctly describes the duration each object is held in the video? Option A: The blue and yellow can is held for about 10 seconds. Option B: The blue and yellow can is held for about 3 seconds.,a,Please provide the video you are referring to so I can analyze the duration and give you the correct answer.,,0,,,,gemma4it_tb_uniform1_no_video.json
uniform,1,no_video,1548,387,TimeBlind/videos/mcq_vid_00087_0.mp4,How does the number of fingers the man is holding up change in the video? Option A: It goes from two to three. Option B: It goes from three to two.,a,"Please provide the video you are referring to. Since no video was attached to your message, I cannot see the man or count his fingers. 

Once you provide the video, I will be able to tell you if the answer is **Option A** or **Option B**.",a,1,,,,gemma4it_tb_uniform1_no_video.json
uniform,1,no_video,1549,387,TimeBlind/videos/mcq_vid_00087_1.mp4,How does the number of fingers the man is holding up change in the video? Option A: It goes from two to three. Option B: It goes from three to two.,b,"Please provide the video you are referring to. Since no video was attached to your message, I cannot see the man or count his fingers. 

Once you provide the video, I will be able to tell you if the answer is **Option A** or **Option B**.",a,0,,,,gemma4it_tb_uniform1_no_video.json
uniform,1,no_video,1550,387,TimeBlind/videos/mcq_vid_00087_0.mp4,How does the number of fingers the man is holding up change in the video? Option A: It goes from three to two. Option B: It goes from two to three.,b,"To provide the correct answer, I would need to see the video you are referring to. Since no video was attached to your request, I cannot determine whether the number of fingers changes from three to two or two to three.

Please provide the video or a description of the actions, and I will be happy to help!",a,0,,,,gemma4it_tb_uniform1_no_video.json
uniform,1,no_video,1551,387,TimeBlind/videos/mcq_vid_00087_1.mp4,How does the number of fingers the man is holding up change in the video? Option A: It goes from three to two. Option B: It goes from two to three.,a,"To provide the correct answer, I would need to see the video you are referring to. Since no video was attached to your request, I cannot determine whether the number of fingers changes from three to two or two to three.

Please provide the video or a description of the actions, and I will be happy to help!",a,1,,,,gemma4it_tb_uniform1_no_video.json
uniform,1,no_video,1552,388,TimeBlind/videos/mcq_vid_00088_0.mp4,"As the video progresses, how does the visibility of the ceiling with strip lights change? Option A: It gradually comes into view. Option B: It gradually disappears from view.",a,"Please provide the video you are referring to. Since I cannot see a video in your prompt, I am unable to determine whether the ceiling with strip lights comes into view or disappears.",a,1,,,,gemma4it_tb_uniform1_no_video.json
uniform,1,no_video,1553,388,TimeBlind/videos/mcq_vid_00088_1.mp4,"As the video progresses, how does the visibility of the ceiling with strip lights change? Option A: It gradually comes into view. Option B: It gradually disappears from view.",b,"Please provide the video you are referring to. Since I cannot see a video in your prompt, I am unable to determine whether the ceiling with strip lights comes into view or disappears.",a,0,,,,gemma4it_tb_uniform1_no_video.json
uniform,1,no_video,1554,388,TimeBlind/videos/mcq_vid_00088_0.mp4,"As the video progresses, how does the visibility of the ceiling with strip lights change? Option A: It gradually disappears from view. Option B: It gradually comes into view.",b,"Please provide the video or a description of the video you are referring to. Since I cannot see the video without it being provided, I am unable to determine whether the ceiling with strip lights disappears or comes into view.",a,0,,,,gemma4it_tb_uniform1_no_video.json
uniform,1,no_video,1555,388,TimeBlind/videos/mcq_vid_00088_1.mp4,"As the video progresses, how does the visibility of the ceiling with strip lights change? Option A: It gradually disappears from view. Option B: It gradually comes into view.",a,"Please provide the video or a description of the video you are referring to. Since I cannot see the video without it being provided, I am unable to determine whether the ceiling with strip lights disappears or comes into view.",a,1,,,,gemma4it_tb_uniform1_no_video.json
uniform,1,no_video,1556,389,TimeBlind/videos/mcq_vid_00089_0.mp4,Which of the following describes how the person turns the door handle? Option A: The person turns the door handle gently. Option B: The person turns the door handle forcefully.,a,"To provide an accurate answer, I would need to see the video, image, or text description you are referring to. Since no context was provided in your prompt, I cannot determine which action occurred.

Please provide the source material, and I will be happy to select Option A or B for you.",a,1,,,,gemma4it_tb_uniform1_no_video.json
uniform,1,no_video,1557,389,TimeBlind/videos/mcq_vid_00089_1.mp4,Which of the following describes how the person turns the door handle? Option A: The person turns the door handle gently. Option B: The person turns the door handle forcefully.,b,"To provide an accurate answer, I would need to see the video, image, or text description you are referring to. Since no context was provided in your prompt, I cannot determine which action occurred.

Please provide the source material, and I will be happy to select Option A or B for you.",a,0,,,,gemma4it_tb_uniform1_no_video.json
uniform,1,no_video,1558,389,TimeBlind/videos/mcq_vid_00089_0.mp4,Which of the following describes how the person turns the door handle? Option A: The person turns the door handle forcefully. Option B: The person turns the door handle gently.,b,"To provide an accurate answer, I would need to see the image or video you are referring to. Since no media was provided in your prompt, I cannot determine the correct option.

Please provide the visual context, and I will be happy to help!",,0,,,,gemma4it_tb_uniform1_no_video.json
uniform,1,no_video,1559,389,TimeBlind/videos/mcq_vid_00089_1.mp4,Which of the following describes how the person turns the door handle? Option A: The person turns the door handle forcefully. Option B: The person turns the door handle gently.,a,"To provide an accurate answer, I would need to see the image or video you are referring to. Since no media was provided in your prompt, I cannot determine the correct option.

Please provide the visual context, and I will be happy to help!",,0,,,,gemma4it_tb_uniform1_no_video.json
uniform,1,no_video,1560,390,TimeBlind/videos/mcq_vid_00090_0.mp4,Which of the following accurately describes how the wiping motion changes in the video? Option A: The person wipes the whiteboard with strokes that gradually become larger. Option B: The person wipes the whiteboard with strokes that gradually become smaller.,a,"To provide an accurate answer, I would need to see the video you are referring to. Since no video was attached to your message, I cannot determine which motion is occurring.

Please provide the video or a description of it, and I will be happy to help you choose the correct option.",a,1,,,,gemma4it_tb_uniform1_no_video.json
uniform,1,no_video,1561,390,TimeBlind/videos/mcq_vid_00090_1.mp4,Which of the following accurately describes how the wiping motion changes in the video? Option A: The person wipes the whiteboard with strokes that gradually become larger. Option B: The person wipes the whiteboard with strokes that gradually become smaller.,b,"To provide an accurate answer, I would need to see the video you are referring to. Since no video was attached to your message, I cannot determine which motion is occurring.

Please provide the video or a description of it, and I will be happy to help you choose the correct option.",a,0,,,,gemma4it_tb_uniform1_no_video.json
uniform,1,no_video,1562,390,TimeBlind/videos/mcq_vid_00090_0.mp4,Which of the following accurately describes how the wiping motion changes in the video? Option A: The person wipes the whiteboard with strokes that gradually become smaller. Option B: The person wipes the whiteboard with strokes that gradually become larger.,b,"To provide an accurate answer, I would need to see the video you are referring to. Since no video was attached to your message, I cannot determine which motion is occurring.

Please provide the video or a description of it, and I will be happy to help you choose the correct option.",a,0,,,,gemma4it_tb_uniform1_no_video.json
uniform,1,no_video,1563,390,TimeBlind/videos/mcq_vid_00090_1.mp4,Which of the following accurately describes how the wiping motion changes in the video? Option A: The person wipes the whiteboard with strokes that gradually become smaller. Option B: The person wipes the whiteboard with strokes that gradually become larger.,a,"To provide an accurate answer, I would need to see the video you are referring to. Since no video was attached to your message, I cannot determine which motion is occurring.

Please provide the video or a description of it, and I will be happy to help you choose the correct option.",a,1,,,,gemma4it_tb_uniform1_no_video.json
uniform,1,no_video,1564,391,TimeBlind/videos/mcq_vid_00091_0.mp4,"After looking straight ahead, where does he look while standing on the snowboard? Option A: He turns his head and looks to his left. Option B: He turns his head to his left, then looks forward again.",a,"Based on the context of typical descriptions for this type of action sequence:

**Option A**",a,1,,,,gemma4it_tb_uniform1_no_video.json
uniform,1,no_video,1565,391,TimeBlind/videos/mcq_vid_00091_1.mp4,"After looking straight ahead, where does he look while standing on the snowboard? Option A: He turns his head and looks to his left. Option B: He turns his head to his left, then looks forward again.",b,"Based on the context of typical descriptions for this type of action sequence:

**Option A**",a,0,,,,gemma4it_tb_uniform1_no_video.json
uniform,1,no_video,1566,391,TimeBlind/videos/mcq_vid_00091_0.mp4,"After looking straight ahead, where does he look while standing on the snowboard? Option A: He turns his head to his left, then looks forward again. Option B: He turns his head and looks to his left.",b,"Based on the typical structure of such descriptive tasks, the answer is:

B",b,1,,,,gemma4it_tb_uniform1_no_video.json
uniform,1,no_video,1567,391,TimeBlind/videos/mcq_vid_00091_1.mp4,"After looking straight ahead, where does he look while standing on the snowboard? Option A: He turns his head to his left, then looks forward again. Option B: He turns his head and looks to his left.",a,"Based on the typical structure of such descriptive tasks, the answer is:

B",b,0,,,,gemma4it_tb_uniform1_no_video.json
uniform,1,no_video,1568,392,TimeBlind/videos/mcq_vid_00092_0.mp4,How does the man's posture change over time? Option A: He goes from standing upright to bending over. Option B: He goes from bending over to standing upright.,a,Please provide the video or description of the man you are referring to so I can give you the correct answer.,,0,,,,gemma4it_tb_uniform1_no_video.json
uniform,1,no_video,1569,392,TimeBlind/videos/mcq_vid_00092_1.mp4,How does the man's posture change over time? Option A: He goes from standing upright to bending over. Option B: He goes from bending over to standing upright.,b,Please provide the video or description of the man you are referring to so I can give you the correct answer.,,0,,,,gemma4it_tb_uniform1_no_video.json
uniform,1,no_video,1570,392,TimeBlind/videos/mcq_vid_00092_0.mp4,How does the man's posture change over time? Option A: He goes from bending over to standing upright. Option B: He goes from standing upright to bending over.,b,"Please provide the video or description of the man's actions so I can determine the correct answer. Without the context of the media, I cannot identify which posture change occurs.",,0,,,,gemma4it_tb_uniform1_no_video.json
uniform,1,no_video,1571,392,TimeBlind/videos/mcq_vid_00092_1.mp4,How does the man's posture change over time? Option A: He goes from bending over to standing upright. Option B: He goes from standing upright to bending over.,a,"Please provide the video or description of the man's actions so I can determine the correct answer. Without the context of the media, I cannot identify which posture change occurs.",,0,,,,gemma4it_tb_uniform1_no_video.json
uniform,1,no_video,1572,393,TimeBlind/videos/mcq_vid_00093_0.mp4,How does the person's posture change? Option A: From upright to leaning. Option B: From leaning to upright.,a,"Please provide the text, image, or video description you are referring to so I can determine the correct answer.",,0,,,,gemma4it_tb_uniform1_no_video.json
uniform,1,no_video,1573,393,TimeBlind/videos/mcq_vid_00093_1.mp4,How does the person's posture change? Option A: From upright to leaning. Option B: From leaning to upright.,b,"Please provide the text, image, or video description you are referring to so I can determine the correct answer.",,0,,,,gemma4it_tb_uniform1_no_video.json
uniform,1,no_video,1574,393,TimeBlind/videos/mcq_vid_00093_0.mp4,How does the person's posture change? Option A: From leaning to upright. Option B: From upright to leaning.,b,"Please provide the text, image, or video description you are referring to so I can determine the correct answer.",,0,,,,gemma4it_tb_uniform1_no_video.json
uniform,1,no_video,1575,393,TimeBlind/videos/mcq_vid_00093_1.mp4,How does the person's posture change? Option A: From leaning to upright. Option B: From upright to leaning.,a,"Please provide the text, image, or video description you are referring to so I can determine the correct answer.",,0,,,,gemma4it_tb_uniform1_no_video.json
uniform,1,no_video,1576,394,TimeBlind/videos/mcq_vid_00094_0.mp4,"In the video, which direction does the person glide across the frame? Option A: From left to right. Option B: From right to left.",a,"Please provide the video you are referring to! You haven't attached or linked a video yet. Once you provide it, I will be able to tell you if the person glides from left to right (Option A) or right to left (Option B).",a,1,,,,gemma4it_tb_uniform1_no_video.json
uniform,1,no_video,1577,394,TimeBlind/videos/mcq_vid_00094_1.mp4,"In the video, which direction does the person glide across the frame? Option A: From left to right. Option B: From right to left.",b,"Please provide the video you are referring to! You haven't attached or linked a video yet. Once you provide it, I will be able to tell you if the person glides from left to right (Option A) or right to left (Option B).",a,0,,,,gemma4it_tb_uniform1_no_video.json
uniform,1,no_video,1578,394,TimeBlind/videos/mcq_vid_00094_0.mp4,"In the video, which direction does the person glide across the frame? Option A: From right to left. Option B: From left to right.",b,"Please provide the video you are referring to! You haven't attached or linked a video yet. Once you provide it, I will be able to tell you whether the person glides from right to left (Option A) or left to right (Option B).",a,0,,,,gemma4it_tb_uniform1_no_video.json
uniform,1,no_video,1579,394,TimeBlind/videos/mcq_vid_00094_1.mp4,"In the video, which direction does the person glide across the frame? Option A: From right to left. Option B: From left to right.",a,"Please provide the video you are referring to! You haven't attached or linked a video yet. Once you provide it, I will be able to tell you whether the person glides from right to left (Option A) or left to right (Option B).",a,1,,,,gemma4it_tb_uniform1_no_video.json
uniform,1,no_video,1580,395,TimeBlind/videos/mcq_vid_00095_0.mp4,How does the robot's posture change? Option A: It goes from standing to squatting. Option B: It goes from squatting to standing.,a,Please provide the video or description of the robot's movement so I can determine the correct answer.,,0,,,,gemma4it_tb_uniform1_no_video.json
uniform,1,no_video,1581,395,TimeBlind/videos/mcq_vid_00095_1.mp4,How does the robot's posture change? Option A: It goes from standing to squatting. Option B: It goes from squatting to standing.,b,Please provide the video or description of the robot's movement so I can determine the correct answer.,,0,,,,gemma4it_tb_uniform1_no_video.json
uniform,1,no_video,1582,395,TimeBlind/videos/mcq_vid_00095_0.mp4,How does the robot's posture change? Option A: It goes from squatting to standing. Option B: It goes from standing to squatting.,b,Please provide the video or description of the robot's movement so I can determine the correct answer.,,0,,,,gemma4it_tb_uniform1_no_video.json
uniform,1,no_video,1583,395,TimeBlind/videos/mcq_vid_00095_1.mp4,How does the robot's posture change? Option A: It goes from squatting to standing. Option B: It goes from standing to squatting.,a,Please provide the video or description of the robot's movement so I can determine the correct answer.,,0,,,,gemma4it_tb_uniform1_no_video.json
uniform,1,no_video,1584,396,TimeBlind/videos/mcq_vid_00096_0.mp4,What is the humanoid robot doing with its body and arms? Option A: It squats down and extends its arms. Option B: It stands up and pulls its arms in.,a,Please provide the image or video you are referring to so I can see the robot's actions and give you the correct answer.,,0,,,,gemma4it_tb_uniform1_no_video.json
uniform,1,no_video,1585,396,TimeBlind/videos/mcq_vid_00096_1.mp4,What is the humanoid robot doing with its body and arms? Option A: It squats down and extends its arms. Option B: It stands up and pulls its arms in.,b,Please provide the image or video you are referring to so I can see the robot's actions and give you the correct answer.,,0,,,,gemma4it_tb_uniform1_no_video.json
uniform,1,no_video,1586,396,TimeBlind/videos/mcq_vid_00096_0.mp4,What is the humanoid robot doing with its body and arms? Option A: It stands up and pulls its arms in. Option B: It squats down and extends its arms.,b,Please provide the image or video you are referring to so I can see the robot's actions and give you the correct answer.,,0,,,,gemma4it_tb_uniform1_no_video.json
uniform,1,no_video,1587,396,TimeBlind/videos/mcq_vid_00096_1.mp4,What is the humanoid robot doing with its body and arms? Option A: It stands up and pulls its arms in. Option B: It squats down and extends its arms.,a,Please provide the image or video you are referring to so I can see the robot's actions and give you the correct answer.,,0,,,,gemma4it_tb_uniform1_no_video.json
uniform,1,no_video,1588,397,TimeBlind/videos/mcq_vid_00097_0.mp4,"In what order does the person press the pump on the skincare bottle in the video? Option A: First quickly, then slowly. Option B: First slowly, then quickly.",a,"Please provide the video you are referring to! You haven't attached or linked a video to your message. Once you provide the video, I will be able to tell you whether the answer is Option A or Option B.",a,1,,,,gemma4it_tb_uniform1_no_video.json
uniform,1,no_video,1589,397,TimeBlind/videos/mcq_vid_00097_1.mp4,"In what order does the person press the pump on the skincare bottle in the video? Option A: First quickly, then slowly. Option B: First slowly, then quickly.",b,"Please provide the video you are referring to! You haven't attached or linked a video to your message. Once you provide the video, I will be able to tell you whether the answer is Option A or Option B.",a,0,,,,gemma4it_tb_uniform1_no_video.json
uniform,1,no_video,1590,397,TimeBlind/videos/mcq_vid_00097_0.mp4,"In what order does the person press the pump on the skincare bottle in the video? Option A: First slowly, then quickly. Option B: First quickly, then slowly.",b,"Please provide the video you are referring to! You haven't attached or linked a video to your message. Once you provide the video, I will be able to tell you whether the answer is Option A or Option B.",a,0,,,,gemma4it_tb_uniform1_no_video.json
uniform,1,no_video,1591,397,TimeBlind/videos/mcq_vid_00097_1.mp4,"In what order does the person press the pump on the skincare bottle in the video? Option A: First slowly, then quickly. Option B: First quickly, then slowly.",a,"Please provide the video you are referring to! You haven't attached or linked a video to your message. Once you provide the video, I will be able to tell you whether the answer is Option A or Option B.",a,1,,,,gemma4it_tb_uniform1_no_video.json
uniform,1,no_video,1592,398,TimeBlind/videos/mcq_vid_00098_0.mp4,"At the beginning of the video, how does the person press the pump? Option A: He presses it firmly. Option B: He presses it gently.",a,"Please provide the video you are referring to. Since I cannot see a video in your message, I am unable to determine whether the person presses the pump firmly or gently.",a,1,,,,gemma4it_tb_uniform1_no_video.json
uniform,1,no_video,1593,398,TimeBlind/videos/mcq_vid_00098_1.mp4,"At the beginning of the video, how does the person press the pump? Option A: He presses it firmly. Option B: He presses it gently.",b,"Please provide the video you are referring to. Since I cannot see a video in your message, I am unable to determine whether the person presses the pump firmly or gently.",a,0,,,,gemma4it_tb_uniform1_no_video.json
uniform,1,no_video,1594,398,TimeBlind/videos/mcq_vid_00098_0.mp4,"At the beginning of the video, how does the person press the pump? Option A: He presses it gently. Option B: He presses it firmly.",b,"Please provide the video you are referring to. Since I cannot see a video in your prompt, I am unable to determine the correct answer.",a,0,,,,gemma4it_tb_uniform1_no_video.json
uniform,1,no_video,1595,398,TimeBlind/videos/mcq_vid_00098_1.mp4,"At the beginning of the video, how does the person press the pump? Option A: He presses it gently. Option B: He presses it firmly.",a,"Please provide the video you are referring to. Since I cannot see a video in your prompt, I am unable to determine the correct answer.",a,1,,,,gemma4it_tb_uniform1_no_video.json
uniform,1,no_video,1596,399,TimeBlind/videos/mcq_vid_00099_0.mp4,How many white cars appear in total in the video? Option A: One white car appears. Option B: Two white cars appear.,a,"Please provide the video you are referring to. Since no video was attached to your message, I cannot see the content to determine the correct answer.",,0,,,,gemma4it_tb_uniform1_no_video.json
uniform,1,no_video,1597,399,TimeBlind/videos/mcq_vid_00099_1.mp4,How many white cars appear in total in the video? Option A: One white car appears. Option B: Two white cars appear.,b,"Please provide the video you are referring to. Since no video was attached to your message, I cannot see the content to determine the correct answer.",,0,,,,gemma4it_tb_uniform1_no_video.json
uniform,1,no_video,1598,399,TimeBlind/videos/mcq_vid_00099_0.mp4,How many white cars appear in total in the video? Option A: Two white cars appear. Option B: One white car appears.,b,"To provide the correct answer, I would need to see the video you are referring to. Since no video was attached to your message, I cannot count the cars.

Please provide the video or a description of it, and I will be happy to help you choose between Option A and Option B.",a,0,,,,gemma4it_tb_uniform1_no_video.json
uniform,1,no_video,1599,399,TimeBlind/videos/mcq_vid_00099_1.mp4,How many white cars appear in total in the video? Option A: Two white cars appear. Option B: One white car appears.,a,"To provide the correct answer, I would need to see the video you are referring to. Since no video was attached to your message, I cannot count the cars.

Please provide the video or a description of it, and I will be happy to help you choose between Option A and Option B.",a,1,,,,gemma4it_tb_uniform1_no_video.json
uniform,1,no_video,1600,400,TimeBlind/videos/mcq_vid_00100_0.mp4,"How does the speed of the leg shaking change over the course of the video? Option A: They shake slowly at first, then rapidly. Option B: They shake rapidly at first, then slowly.",a,"Please provide the video you are referring to! You haven't attached or linked a video yet. Once you provide it, I will be able to tell you whether the answer is A or B.",a,1,,,,gemma4it_tb_uniform1_no_video.json
uniform,1,no_video,1601,400,TimeBlind/videos/mcq_vid_00100_1.mp4,"How does the speed of the leg shaking change over the course of the video? Option A: They shake slowly at first, then rapidly. Option B: They shake rapidly at first, then slowly.",b,"Please provide the video you are referring to! You haven't attached or linked a video yet. Once you provide it, I will be able to tell you whether the answer is A or B.",a,0,,,,gemma4it_tb_uniform1_no_video.json
uniform,1,no_video,1602,400,TimeBlind/videos/mcq_vid_00100_0.mp4,"How does the speed of the leg shaking change over the course of the video? Option A: They shake rapidly at first, then slowly. Option B: They shake slowly at first, then rapidly.",b,"Please provide the video you are referring to! You haven't attached or linked a video yet. Once you provide it, I will be able to tell you whether the answer is Option A or Option B.",a,0,,,,gemma4it_tb_uniform1_no_video.json
uniform,1,no_video,1603,400,TimeBlind/videos/mcq_vid_00100_1.mp4,"How does the speed of the leg shaking change over the course of the video? Option A: They shake rapidly at first, then slowly. Option B: They shake slowly at first, then rapidly.",a,"Please provide the video you are referring to! You haven't attached or linked a video yet. Once you provide it, I will be able to tell you whether the answer is Option A or Option B.",a,1,,,,gemma4it_tb_uniform1_no_video.json
uniform,1,no_video,1604,401,TimeBlind/videos/mcq_vid_00101_0.mp4,"At the beginning of the video, how much does the person swing their leg? Option A: They swings his leg with small movements. Option B: They swings his leg with large movements.",a,Please provide the video you are referring to so I can analyze it and give you the correct answer.,,0,,,,gemma4it_tb_uniform1_no_video.json
uniform,1,no_video,1605,401,TimeBlind/videos/mcq_vid_00101_1.mp4,"At the beginning of the video, how much does the person swing their leg? Option A: They swings his leg with small movements. Option B: They swings his leg with large movements.",b,Please provide the video you are referring to so I can analyze it and give you the correct answer.,,0,,,,gemma4it_tb_uniform1_no_video.json
uniform,1,no_video,1606,401,TimeBlind/videos/mcq_vid_00101_0.mp4,"At the beginning of the video, how much does the person swing their leg? Option A: They swings his leg with large movements. Option B: They swings his leg with small movements.",b,Please provide the video you are referring to so I can analyze it and give you the correct answer.,,0,,,,gemma4it_tb_uniform1_no_video.json
uniform,1,no_video,1607,401,TimeBlind/videos/mcq_vid_00101_1.mp4,"At the beginning of the video, how much does the person swing their leg? Option A: They swings his leg with large movements. Option B: They swings his leg with small movements.",a,Please provide the video you are referring to so I can analyze it and give you the correct answer.,,0,,,,gemma4it_tb_uniform1_no_video.json
uniform,1,no_video,1608,402,TimeBlind/videos/mcq_vid_00102_0.mp4,"In the video, how does the height of the tennis ball’s bounce on the racket change over time? Option A: At first, he bounces the ball high; later, he bounces it lower. Option B: At first, he bounces the ball low; later, he bounces it higher.",a,"Please provide the video or a description of the video you are referring to. Since I cannot see the video without it being provided, I cannot determine whether the answer is A or B.",a,1,,,,gemma4it_tb_uniform1_no_video.json
uniform,1,no_video,1609,402,TimeBlind/videos/mcq_vid_00102_1.mp4,"In the video, how does the height of the tennis ball’s bounce on the racket change over time? Option A: At first, he bounces the ball high; later, he bounces it lower. Option B: At first, he bounces the ball low; later, he bounces it higher.",b,"Please provide the video or a description of the video you are referring to. Since I cannot see the video without it being provided, I cannot determine whether the answer is A or B.",a,0,,,,gemma4it_tb_uniform1_no_video.json
uniform,1,no_video,1610,402,TimeBlind/videos/mcq_vid_00102_0.mp4,"In the video, how does the height of the tennis ball’s bounce on the racket change over time? Option A: At first, he bounces the ball low; later, he bounces it higher. Option B: At first, he bounces the ball high; later, he bounces it lower.",b,"Please provide the video or a description of the video you are referring to. Since I cannot see the video without it being provided, I cannot determine whether the answer is A or B.",a,0,,,,gemma4it_tb_uniform1_no_video.json
uniform,1,no_video,1611,402,TimeBlind/videos/mcq_vid_00102_1.mp4,"In the video, how does the height of the tennis ball’s bounce on the racket change over time? Option A: At first, he bounces the ball low; later, he bounces it higher. Option B: At first, he bounces the ball high; later, he bounces it lower.",a,"Please provide the video or a description of the video you are referring to. Since I cannot see the video without it being provided, I cannot determine whether the answer is A or B.",a,1,,,,gemma4it_tb_uniform1_no_video.json
uniform,1,no_video,1612,403,TimeBlind/videos/mcq_vid_00103_0.mp4,"In the video, how many times does the person hit the ball with the tennis racket? Option A: 8 times. Option B: 12 times.",a,"Please provide the video you are referring to. Since I cannot see a video in your prompt, I am unable to count the hits. Once you provide the video or a link to it, I can give you the correct answer.",a,1,,,,gemma4it_tb_uniform1_no_video.json
uniform,1,no_video,1613,403,TimeBlind/videos/mcq_vid_00103_1.mp4,"In the video, how many times does the person hit the ball with the tennis racket? Option A: 8 times. Option B: 12 times.",b,"Please provide the video you are referring to. Since I cannot see a video in your prompt, I am unable to count the hits. Once you provide the video or a link to it, I can give you the correct answer.",a,0,,,,gemma4it_tb_uniform1_no_video.json
uniform,1,no_video,1614,403,TimeBlind/videos/mcq_vid_00103_0.mp4,"In the video, how many times does the person hit the ball with the tennis racket? Option A: 12 times. Option B: 8 times.",b,"Please provide the video you are referring to. Since I cannot see a video in your prompt, I am unable to count the hits. Once you provide the video or a link to it, I can give you the correct answer.",a,0,,,,gemma4it_tb_uniform1_no_video.json
uniform,1,no_video,1615,403,TimeBlind/videos/mcq_vid_00103_1.mp4,"In the video, how many times does the person hit the ball with the tennis racket? Option A: 12 times. Option B: 8 times.",a,"Please provide the video you are referring to. Since I cannot see a video in your prompt, I am unable to count the hits. Once you provide the video or a link to it, I can give you the correct answer.",a,1,,,,gemma4it_tb_uniform1_no_video.json
uniform,1,no_video,1616,404,TimeBlind/videos/mcq_vid_00104_0.mp4,"In the video, how does the size of the person’s tennis-racket swings change over time? Option A: At the beginning, the swings are small; later, the swings are larger. Option B: At the beginning, the swings are large; later, the swings are smaller.",a,"Please provide the video you are referring to. Since I cannot see a video unless it is attached or linked, I cannot determine the correct answer. 

Once you provide the video, I will be able to tell you if the answer is **Option A** or **Option B**.",a,1,,,,gemma4it_tb_uniform1_no_video.json
uniform,1,no_video,1617,404,TimeBlind/videos/mcq_vid_00104_1.mp4,"In the video, how does the size of the person’s tennis-racket swings change over time? Option A: At the beginning, the swings are small; later, the swings are larger. Option B: At the beginning, the swings are large; later, the swings are smaller.",b,"Please provide the video you are referring to. Since I cannot see a video unless it is attached or linked, I cannot determine the correct answer. 

Once you provide the video, I will be able to tell you if the answer is **Option A** or **Option B**.",a,0,,,,gemma4it_tb_uniform1_no_video.json
uniform,1,no_video,1618,404,TimeBlind/videos/mcq_vid_00104_0.mp4,"In the video, how does the size of the person’s tennis-racket swings change over time? Option A: At the beginning, the swings are large; later, the swings are smaller. Option B: At the beginning, the swings are small; later, the swings are larger.",b,"Please provide the video or a description of the video you are referring to. Since I cannot see the video without it being provided, I cannot determine whether the answer is A or B.",a,0,,,,gemma4it_tb_uniform1_no_video.json
uniform,1,no_video,1619,404,TimeBlind/videos/mcq_vid_00104_1.mp4,"In the video, how does the size of the person’s tennis-racket swings change over time? Option A: At the beginning, the swings are large; later, the swings are smaller. Option B: At the beginning, the swings are small; later, the swings are larger.",a,"Please provide the video or a description of the video you are referring to. Since I cannot see the video without it being provided, I cannot determine whether the answer is A or B.",a,1,,,,gemma4it_tb_uniform1_no_video.json
uniform,1,no_video,1620,405,TimeBlind/videos/mcq_vid_00105_0.mp4,"In the video, how many times does the boy swing the racket forward? Option A: Five times. Option B: Six times.",a,"Please provide the video you are referring to! You haven't attached or linked a video to your message. 

Once you provide the video, I will be able to count the swings and tell you whether the answer is **Option A** or **Option B**.",a,1,,,,gemma4it_tb_uniform1_no_video.json
uniform,1,no_video,1621,405,TimeBlind/videos/mcq_vid_00105_1.mp4,"In the video, how many times does the boy swing the racket forward? Option A: Five times. Option B: Six times.",b,"Please provide the video you are referring to! You haven't attached or linked a video to your message. 

Once you provide the video, I will be able to count the swings and tell you whether the answer is **Option A** or **Option B**.",a,0,,,,gemma4it_tb_uniform1_no_video.json
uniform,1,no_video,1622,405,TimeBlind/videos/mcq_vid_00105_0.mp4,"In the video, how many times does the boy swing the racket forward? Option A: Six times. Option B: Five times.",b,"Please provide the video you are referring to! You haven't attached or linked a video to your message. 

Once you provide the video, I will be able to count the swings and tell you whether the answer is **Option A** or **Option B**.",a,0,,,,gemma4it_tb_uniform1_no_video.json
uniform,1,no_video,1623,405,TimeBlind/videos/mcq_vid_00105_1.mp4,"In the video, how many times does the boy swing the racket forward? Option A: Six times. Option B: Five times.",a,"Please provide the video you are referring to! You haven't attached or linked a video to your message. 

Once you provide the video, I will be able to count the swings and tell you whether the answer is **Option A** or **Option B**.",a,1,,,,gemma4it_tb_uniform1_no_video.json
uniform,1,no_video,1624,406,TimeBlind/videos/mcq_vid_00106_0.mp4,"How does the boy’s long-jump distance change over time? Option A: He starts with longer jumps, then they get shorter. Option B: He starts with shorter jumps, then they get longer.",a,"To provide the correct answer, I would need to see the specific graph, data table, or description of the boy's jumps that you are referring to.

However, in most educational contexts involving a ""learning curve"" or ""practice"" scenario:
*   If the boy is **practicing**, the answer is usually **Option B** (he gets better over time).
*   If the boy is **getting tired**, the answer is usually **Option A** (he gets weaker over time).

Please provide the image or data for a definitive answer.",b,0,,,,gemma4it_tb_uniform1_no_video.json
uniform,1,no_video,1625,406,TimeBlind/videos/mcq_vid_00106_1.mp4,"How does the boy’s long-jump distance change over time? Option A: He starts with longer jumps, then they get shorter. Option B: He starts with shorter jumps, then they get longer.",b,"To provide the correct answer, I would need to see the specific graph, data table, or description of the boy's jumps that you are referring to.

However, in most educational contexts involving a ""learning curve"" or ""practice"" scenario:
*   If the boy is **practicing**, the answer is usually **Option B** (he gets better over time).
*   If the boy is **getting tired**, the answer is usually **Option A** (he gets weaker over time).

Please provide the image or data for a definitive answer.",b,1,,,,gemma4it_tb_uniform1_no_video.json
uniform,1,no_video,1626,406,TimeBlind/videos/mcq_vid_00106_0.mp4,"How does the boy’s long-jump distance change over time? Option A: He starts with shorter jumps, then they get longer. Option B: He starts with longer jumps, then they get shorter.",b,"To provide the correct answer, I would need to see the specific graph, data table, or description of the boy's jumps that you are referring to.

However, in most educational contexts involving a ""learning curve"" or ""practice"" scenario:
*   If the boy is **practicing**, the answer is usually **Option A** (he gets better over time).
*   If the boy is **getting tired**, the answer is usually **Option B**.

Please provide the image or data, and I will give you the definitive answer.",a,0,,,,gemma4it_tb_uniform1_no_video.json
uniform,1,no_video,1627,406,TimeBlind/videos/mcq_vid_00106_1.mp4,"How does the boy’s long-jump distance change over time? Option A: He starts with shorter jumps, then they get longer. Option B: He starts with longer jumps, then they get shorter.",a,"To provide the correct answer, I would need to see the specific graph, data table, or description of the boy's jumps that you are referring to.

However, in most educational contexts involving a ""learning curve"" or ""practice"" scenario:
*   If the boy is **practicing**, the answer is usually **Option A** (he gets better over time).
*   If the boy is **getting tired**, the answer is usually **Option B**.

Please provide the image or data, and I will give you the definitive answer.",a,1,,,,gemma4it_tb_uniform1_no_video.json
uniform,1,no_video,1628,407,TimeBlind/videos/mcq_vid_00107_0.mp4,How much does the boy bend his knees when landing his first long jump compared to his last long jump? Option A: He bends his knees more when landing his first long jump than when landing his last long jump. Option B: He bends his knees less when landing his first long jump than when landing his last long jump.,a,"To provide the correct answer, I would need to see the video or image sequence you are referring to. Since no media was attached to your request, I cannot observe the boy's actions.

Please provide the video or description, and I will be happy to help you choose between Option A and Option B.",a,1,,,,gemma4it_tb_uniform1_no_video.json
uniform,1,no_video,1629,407,TimeBlind/videos/mcq_vid_00107_1.mp4,How much does the boy bend his knees when landing his first long jump compared to his last long jump? Option A: He bends his knees more when landing his first long jump than when landing his last long jump. Option B: He bends his knees less when landing his first long jump than when landing his last long jump.,b,"To provide the correct answer, I would need to see the video or image sequence you are referring to. Since no media was attached to your request, I cannot observe the boy's actions.

Please provide the video or description, and I will be happy to help you choose between Option A and Option B.",a,0,,,,gemma4it_tb_uniform1_no_video.json
uniform,1,no_video,1630,407,TimeBlind/videos/mcq_vid_00107_0.mp4,How much does the boy bend his knees when landing his first long jump compared to his last long jump? Option A: He bends his knees less when landing his first long jump than when landing his last long jump. Option B: He bends his knees more when landing his first long jump than when landing his last long jump.,b,"To provide the correct answer, I would need to see the specific video, image, or text description you are referring to.

However, if this is a question based on a standard observation of a learner's progression in long jump:
*   **Option A** is often the correct observation in a learning context, as a beginner might land ""stiff-legged"" (less bend) and improve their technique by absorbing the impact with more knee flexion (more bend) by the final attempt.
*   **Option B** might be correct if the boy becomes fatigued or loses form by the end.

**Please provide the",a,0,,,,gemma4it_tb_uniform1_no_video.json
uniform,1,no_video,1631,407,TimeBlind/videos/mcq_vid_00107_1.mp4,How much does the boy bend his knees when landing his first long jump compared to his last long jump? Option A: He bends his knees less when landing his first long jump than when landing his last long jump. Option B: He bends his knees more when landing his first long jump than when landing his last long jump.,a,"To provide the correct answer, I would need to see the specific video, image, or text description you are referring to.

However, if this is a question based on a standard observation of a learner's progression in long jump:
*   **Option A** is often the correct observation in a learning context, as a beginner might land ""stiff-legged"" (less bend) and improve their technique by absorbing the impact with more knee flexion (more bend) by the final attempt.
*   **Option B** might be correct if the boy becomes fatigued or loses form by the end.

**Please provide the",a,1,,,,gemma4it_tb_uniform1_no_video.json
uniform,1,no_video,1632,408,TimeBlind/videos/mcq_vid_00108_0.mp4,"In the video, how does the range of the person’s hip-and-torso twisting change over time? Option A: The twisting is larger at the beginning and smaller later. Option B: The twisting is smaller at the beginning and larger later.",a,"Please provide the video or a description of the video you are referring to. Since I cannot see the video without it being provided, I am unable to determine whether the twisting is larger at the beginning or later.",a,1,,,,gemma4it_tb_uniform1_no_video.json
uniform,1,no_video,1633,408,TimeBlind/videos/mcq_vid_00108_1.mp4,"In the video, how does the range of the person’s hip-and-torso twisting change over time? Option A: The twisting is larger at the beginning and smaller later. Option B: The twisting is smaller at the beginning and larger later.",b,"Please provide the video or a description of the video you are referring to. Since I cannot see the video without it being provided, I am unable to determine whether the twisting is larger at the beginning or later.",a,0,,,,gemma4it_tb_uniform1_no_video.json
uniform,1,no_video,1634,408,TimeBlind/videos/mcq_vid_00108_0.mp4,"In the video, how does the range of the person’s hip-and-torso twisting change over time? Option A: The twisting is smaller at the beginning and larger later. Option B: The twisting is larger at the beginning and smaller later.",b,"Please provide the video or a description of the video you are referring to. Since I cannot see the video without it being provided, I am unable to determine whether the answer is Option A or Option B.",a,0,,,,gemma4it_tb_uniform1_no_video.json
uniform,1,no_video,1635,408,TimeBlind/videos/mcq_vid_00108_1.mp4,"In the video, how does the range of the person’s hip-and-torso twisting change over time? Option A: The twisting is smaller at the beginning and larger later. Option B: The twisting is larger at the beginning and smaller later.",a,"Please provide the video or a description of the video you are referring to. Since I cannot see the video without it being provided, I am unable to determine whether the answer is Option A or Option B.",a,1,,,,gemma4it_tb_uniform1_no_video.json
uniform,1,no_video,1636,409,TimeBlind/videos/mcq_vid_00109_0.mp4,"How does the shaking of the branches change over time? Option A: The branches shake vigorously at first, then gently. Option B: The branches shake gently at first, then vigorously.",a,"To provide a definitive answer, I would need the specific text, video, or context you are referring to. However, in most literary descriptions of a storm or a sudden gust of wind, the progression is typically:

**Option A: The branches shake vigorously at first, then gently.** (This describes a gust of wind passing by).

If this is based on a specific story or test question, please provide the passage!",a,1,,,,gemma4it_tb_uniform1_no_video.json
uniform,1,no_video,1637,409,TimeBlind/videos/mcq_vid_00109_1.mp4,"How does the shaking of the branches change over time? Option A: The branches shake vigorously at first, then gently. Option B: The branches shake gently at first, then vigorously.",b,"To provide a definitive answer, I would need the specific text, video, or context you are referring to. However, in most literary descriptions of a storm or a sudden gust of wind, the progression is typically:

**Option A: The branches shake vigorously at first, then gently.** (This describes a gust of wind passing by).

If this is based on a specific story or test question, please provide the passage!",a,0,,,,gemma4it_tb_uniform1_no_video.json
uniform,1,no_video,1638,409,TimeBlind/videos/mcq_vid_00109_0.mp4,"How does the shaking of the branches change over time? Option A: The branches shake gently at first, then vigorously. Option B: The branches shake vigorously at first, then gently.",b,"To provide a definitive answer, I would need the specific text, video, or context you are referring to. However, in most literary descriptions of a storm or a growing wind, the progression typically follows a specific pattern.

If this is based on a standard reading comprehension passage where a storm builds in intensity:
**Option A**

If you can provide the source text, I can confirm which is correct.",a,0,,,,gemma4it_tb_uniform1_no_video.json
uniform,1,no_video,1639,409,TimeBlind/videos/mcq_vid_00109_1.mp4,"How does the shaking of the branches change over time? Option A: The branches shake gently at first, then vigorously. Option B: The branches shake vigorously at first, then gently.",a,"To provide a definitive answer, I would need the specific text, video, or context you are referring to. However, in most literary descriptions of a storm or a growing wind, the progression typically follows a specific pattern.

If this is based on a standard reading comprehension passage where a storm builds in intensity:
**Option A**

If you can provide the source text, I can confirm which is correct.",a,1,,,,gemma4it_tb_uniform1_no_video.json
uniform,1,no_video,1640,410,TimeBlind/videos/mcq_vid_00110_0.mp4,"At the beginning of the video, how do the branches shake? Option A: The branches shake vigorously at first. Option B: The branches shake gently at first.",a,"Please provide the video you are referring to! You haven't attached or linked a video yet. Once you provide the video, I will be able to tell you whether the answer is Option A or Option B.",a,1,,,,gemma4it_tb_uniform1_no_video.json
uniform,1,no_video,1641,410,TimeBlind/videos/mcq_vid_00110_1.mp4,"At the beginning of the video, how do the branches shake? Option A: The branches shake vigorously at first. Option B: The branches shake gently at first.",b,"Please provide the video you are referring to! You haven't attached or linked a video yet. Once you provide the video, I will be able to tell you whether the answer is Option A or Option B.",a,0,,,,gemma4it_tb_uniform1_no_video.json
uniform,1,no_video,1642,410,TimeBlind/videos/mcq_vid_00110_0.mp4,"At the beginning of the video, how do the branches shake? Option A: The branches shake gently at first. Option B: The branches shake vigorously at first.",b,"Please provide the video you are referring to. Since I cannot see a video in your prompt, I am unable to determine whether the branches shake gently or vigorously.",a,0,,,,gemma4it_tb_uniform1_no_video.json
uniform,1,no_video,1643,410,TimeBlind/videos/mcq_vid_00110_1.mp4,"At the beginning of the video, how do the branches shake? Option A: The branches shake gently at first. Option B: The branches shake vigorously at first.",a,"Please provide the video you are referring to. Since I cannot see a video in your prompt, I am unable to determine whether the branches shake gently or vigorously.",a,1,,,,gemma4it_tb_uniform1_no_video.json
uniform,1,no_video,1644,411,TimeBlind/videos/mcq_vid_00111_0.mp4,How does the height of the girl's high kicks change over time? Option A: She starts with high kicks and then kicks lower. Option B: She starts with low kicks and then kicks higher.,a,"To provide the correct answer, I would need to see the video or image sequence you are referring to. However, based on typical patterns in such questions:

If the girl is warming up or building momentum, the answer is usually **B**.
If she is tiring out or finishing a routine, the answer is usually **A**.

Please provide the media or context for a definitive answer.",b,0,,,,gemma4it_tb_uniform1_no_video.json
uniform,1,no_video,1645,411,TimeBlind/videos/mcq_vid_00111_1.mp4,How does the height of the girl's high kicks change over time? Option A: She starts with high kicks and then kicks lower. Option B: She starts with low kicks and then kicks higher.,b,"To provide the correct answer, I would need to see the video or image sequence you are referring to. However, based on typical patterns in such questions:

If the girl is warming up or building momentum, the answer is usually **B**.
If she is tiring out or finishing a routine, the answer is usually **A**.

Please provide the media or context for a definitive answer.",b,1,,,,gemma4it_tb_uniform1_no_video.json
uniform,1,no_video,1646,411,TimeBlind/videos/mcq_vid_00111_0.mp4,How does the height of the girl's high kicks change over time? Option A: She starts with low kicks and then kicks higher. Option B: She starts with high kicks and then kicks lower.,b,"To provide the correct answer, I would need to see the video or image sequence you are referring to. However, based on typical patterns in sports or dance demonstrations:

If she is warming up or practicing, the answer is often **Option A**.
If she is tiring out or performing a specific routine that descends, the answer is often **Option B**.

Please provide the media or context so I can give you the definitive answer.",a,0,,,,gemma4it_tb_uniform1_no_video.json
uniform,1,no_video,1647,411,TimeBlind/videos/mcq_vid_00111_1.mp4,How does the height of the girl's high kicks change over time? Option A: She starts with low kicks and then kicks higher. Option B: She starts with high kicks and then kicks lower.,a,"To provide the correct answer, I would need to see the video or image sequence you are referring to. However, based on typical patterns in sports or dance demonstrations:

If she is warming up or practicing, the answer is often **Option A**.
If she is tiring out or performing a specific routine that descends, the answer is often **Option B**.

Please provide the media or context so I can give you the definitive answer.",a,1,,,,gemma4it_tb_uniform1_no_video.json
uniform,1,no_video,1648,412,TimeBlind/videos/mcq_vid_00112_0.mp4,"How does the spin rate of an upright tennis racket change over time? Option A: It spins quickly at first, then slows down. Option B: It spins slowly at first, then speeds up.",a,Option A,a,1,,,,gemma4it_tb_uniform1_no_video.json
uniform,1,no_video,1649,412,TimeBlind/videos/mcq_vid_00112_1.mp4,"How does the spin rate of an upright tennis racket change over time? Option A: It spins quickly at first, then slows down. Option B: It spins slowly at first, then speeds up.",b,Option A,a,0,,,,gemma4it_tb_uniform1_no_video.json
uniform,1,no_video,1650,412,TimeBlind/videos/mcq_vid_00112_0.mp4,"How does the spin rate of an upright tennis racket change over time? Option A: It spins slowly at first, then speeds up. Option B: It spins quickly at first, then slows down.",b,Option B,b,1,,,,gemma4it_tb_uniform1_no_video.json
uniform,1,no_video,1651,412,TimeBlind/videos/mcq_vid_00112_1.mp4,"How does the spin rate of an upright tennis racket change over time? Option A: It spins slowly at first, then speeds up. Option B: It spins quickly at first, then slows down.",a,Option B,b,0,,,,gemma4it_tb_uniform1_no_video.json
uniform,1,no_video,1652,413,TimeBlind/videos/mcq_vid_00113_0.mp4,"At the start of the video, how does the girl wave her hand? Option A: She starts by waving with large, sweeping motions. Option B: She starts by waving with small, subtle motions.",a,"Please provide the video you are referring to! You haven't attached or linked a video yet. Once you provide the video, I will be able to tell you whether the answer is Option A or Option B.",a,1,,,,gemma4it_tb_uniform1_no_video.json
uniform,1,no_video,1653,413,TimeBlind/videos/mcq_vid_00113_1.mp4,"At the start of the video, how does the girl wave her hand? Option A: She starts by waving with large, sweeping motions. Option B: She starts by waving with small, subtle motions.",b,"Please provide the video you are referring to! You haven't attached or linked a video yet. Once you provide the video, I will be able to tell you whether the answer is Option A or Option B.",a,0,,,,gemma4it_tb_uniform1_no_video.json
uniform,1,no_video,1654,413,TimeBlind/videos/mcq_vid_00113_0.mp4,"At the start of the video, how does the girl wave her hand? Option A: She starts by waving with small, subtle motions. Option B: She starts by waving with large, sweeping motions.",b,"Please provide the video you are referring to! You haven't attached or linked a video yet. Once you provide it, I will be able to tell you whether the answer is Option A or Option B.",a,0,,,,gemma4it_tb_uniform1_no_video.json
uniform,1,no_video,1655,413,TimeBlind/videos/mcq_vid_00113_1.mp4,"At the start of the video, how does the girl wave her hand? Option A: She starts by waving with small, subtle motions. Option B: She starts by waving with large, sweeping motions.",a,"Please provide the video you are referring to! You haven't attached or linked a video yet. Once you provide it, I will be able to tell you whether the answer is Option A or Option B.",a,1,,,,gemma4it_tb_uniform1_no_video.json
uniform,1,no_video,1656,414,TimeBlind/videos/mcq_vid_00114_0.mp4,"How does the rate at which the girl pulls the car door handle change? Option A: She pulls it rapidly at first, then more slowly. Option B: She pulls it slowly at first, then more quickly.",a,"To provide the correct answer, I would need to see the video or description of the scene you are referring to. However, in most standard physics or observation problems involving a person opening a heavy car door:

**Option A** is the most common physical behavior (applying a quick initial force to overcome inertia, then slowing down as the door reaches its opening limit).

If you can provide the context or the video link, I can give you the definitive answer.",a,1,,,,gemma4it_tb_uniform1_no_video.json
uniform,1,no_video,1657,414,TimeBlind/videos/mcq_vid_00114_1.mp4,"How does the rate at which the girl pulls the car door handle change? Option A: She pulls it rapidly at first, then more slowly. Option B: She pulls it slowly at first, then more quickly.",b,"To provide the correct answer, I would need to see the video or description of the scene you are referring to. However, in most standard physics or observation problems involving a person opening a heavy car door:

**Option A** is the most common physical behavior (applying a quick initial force to overcome inertia, then slowing down as the door reaches its opening limit).

If you can provide the context or the video link, I can give you the definitive answer.",a,0,,,,gemma4it_tb_uniform1_no_video.json
uniform,1,no_video,1658,414,TimeBlind/videos/mcq_vid_00114_0.mp4,"How does the rate at which the girl pulls the car door handle change? Option A: She pulls it slowly at first, then more quickly. Option B: She pulls it rapidly at first, then more slowly.",b,"To provide the correct answer, I would need to see the video or description of the scene you are referring to. However, based on typical physics problems or common video scenarios involving opening a heavy car door:

If the door is heavy or stuck, she would likely pull **rapidly at first** to overcome inertia, then **more slowly** as the door begins to swing open.

If you are referring to a specific standardized test or video clip, please provide the context. Without the visual, I cannot determine the correct option.",a,0,,,,gemma4it_tb_uniform1_no_video.json
uniform,1,no_video,1659,414,TimeBlind/videos/mcq_vid_00114_1.mp4,"How does the rate at which the girl pulls the car door handle change? Option A: She pulls it slowly at first, then more quickly. Option B: She pulls it rapidly at first, then more slowly.",a,"To provide the correct answer, I would need to see the video or description of the scene you are referring to. However, based on typical physics problems or common video scenarios involving opening a heavy car door:

If the door is heavy or stuck, she would likely pull **rapidly at first** to overcome inertia, then **more slowly** as the door begins to swing open.

If you are referring to a specific standardized test or video clip, please provide the context. Without the visual, I cannot determine the correct option.",a,1,,,,gemma4it_tb_uniform1_no_video.json
uniform,1,no_video,1660,415,TimeBlind/videos/mcq_vid_00115_0.mp4,"Early on, how frequently does the girl pull the car door handle? Option A: She pulls it repeatedly at a high rate at first. Option B: She pulls it repeatedly at a low rate at first.",a,A,a,1,,,,gemma4it_tb_uniform1_no_video.json
uniform,1,no_video,1661,415,TimeBlind/videos/mcq_vid_00115_1.mp4,"Early on, how frequently does the girl pull the car door handle? Option A: She pulls it repeatedly at a high rate at first. Option B: She pulls it repeatedly at a low rate at first.",b,A,a,0,,,,gemma4it_tb_uniform1_no_video.json
uniform,1,no_video,1662,415,TimeBlind/videos/mcq_vid_00115_0.mp4,"Early on, how frequently does the girl pull the car door handle? Option A: She pulls it repeatedly at a low rate at first. Option B: She pulls it repeatedly at a high rate at first.",b,A,a,0,,,,gemma4it_tb_uniform1_no_video.json
uniform,1,no_video,1663,415,TimeBlind/videos/mcq_vid_00115_1.mp4,"Early on, how frequently does the girl pull the car door handle? Option A: She pulls it repeatedly at a low rate at first. Option B: She pulls it repeatedly at a high rate at first.",a,A,a,1,,,,gemma4it_tb_uniform1_no_video.json
uniform,1,no_video,1664,416,TimeBlind/videos/mcq_vid_00116_0.mp4,"How does the pace of rubbing the kitten's head change in the video? Option A: The person rubs the kitten's head quickly at first, then more slowly. Option B: The person rubs the kitten's head slowly at first, then faster.",a,"Please provide the video you are referring to! You haven't attached or linked a video to your message. 

Once you provide the video, I will be able to tell you whether the answer is **Option A** or **Option B**.",a,1,,,,gemma4it_tb_uniform1_no_video.json
uniform,1,no_video,1665,416,TimeBlind/videos/mcq_vid_00116_1.mp4,"How does the pace of rubbing the kitten's head change in the video? Option A: The person rubs the kitten's head quickly at first, then more slowly. Option B: The person rubs the kitten's head slowly at first, then faster.",b,"Please provide the video you are referring to! You haven't attached or linked a video to your message. 

Once you provide the video, I will be able to tell you whether the answer is **Option A** or **Option B**.",a,0,,,,gemma4it_tb_uniform1_no_video.json
uniform,1,no_video,1666,416,TimeBlind/videos/mcq_vid_00116_0.mp4,"How does the pace of rubbing the kitten's head change in the video? Option A: The person rubs the kitten's head slowly at first, then faster. Option B: The person rubs the kitten's head quickly at first, then more slowly.",b,"Please provide the video you are referring to! You haven't attached or linked a video to your message. 

Once you provide the video, I will be able to tell you whether the answer is **Option A** or **Option B**.",a,0,,,,gemma4it_tb_uniform1_no_video.json
uniform,1,no_video,1667,416,TimeBlind/videos/mcq_vid_00116_1.mp4,"How does the pace of rubbing the kitten's head change in the video? Option A: The person rubs the kitten's head slowly at first, then faster. Option B: The person rubs the kitten's head quickly at first, then more slowly.",a,"Please provide the video you are referring to! You haven't attached or linked a video to your message. 

Once you provide the video, I will be able to tell you whether the answer is **Option A** or **Option B**.",a,1,,,,gemma4it_tb_uniform1_no_video.json
uniform,1,no_video,1668,417,TimeBlind/videos/mcq_vid_00117_0.mp4,"At the beginning, how does the person rub the kitten’s head? Option A: The person rubs the kitten’s head quickly. Option B: The person rubs the kitten’s head slowly.",a,"Please provide the text or video description you are referring to so I can determine the correct answer. Without the context, I cannot identify which action occurred.",,0,,,,gemma4it_tb_uniform1_no_video.json
uniform,1,no_video,1669,417,TimeBlind/videos/mcq_vid_00117_1.mp4,"At the beginning, how does the person rub the kitten’s head? Option A: The person rubs the kitten’s head quickly. Option B: The person rubs the kitten’s head slowly.",b,"Please provide the text or video description you are referring to so I can determine the correct answer. Without the context, I cannot identify which action occurred.",,0,,,,gemma4it_tb_uniform1_no_video.json
uniform,1,no_video,1670,417,TimeBlind/videos/mcq_vid_00117_0.mp4,"At the beginning, how does the person rub the kitten’s head? Option A: The person rubs the kitten’s head slowly. Option B: The person rubs the kitten’s head quickly.",b,Please provide the text or video description you are referring to so I can determine the correct answer.,,0,,,,gemma4it_tb_uniform1_no_video.json
uniform,1,no_video,1671,417,TimeBlind/videos/mcq_vid_00117_1.mp4,"At the beginning, how does the person rub the kitten’s head? Option A: The person rubs the kitten’s head slowly. Option B: The person rubs the kitten’s head quickly.",a,Please provide the text or video description you are referring to so I can determine the correct answer.,,0,,,,gemma4it_tb_uniform1_no_video.json
uniform,1,no_video,1672,418,TimeBlind/videos/mcq_vid_00118_0.mp4,"In the video, how does the range of motion change as the person moves the cat’s front paws in and out? Option A: The movements start small and become larger later. Option B: The movements start large and become smaller later.",a,"Please provide the video or a description of the video you are referring to. Since I cannot see the video without it being provided, I cannot determine whether the range of motion starts small and becomes larger (Option A) or starts large and becomes smaller (Option B).",a,1,,,,gemma4it_tb_uniform1_no_video.json
uniform,1,no_video,1673,418,TimeBlind/videos/mcq_vid_00118_1.mp4,"In the video, how does the range of motion change as the person moves the cat’s front paws in and out? Option A: The movements start small and become larger later. Option B: The movements start large and become smaller later.",b,"Please provide the video or a description of the video you are referring to. Since I cannot see the video without it being provided, I cannot determine whether the range of motion starts small and becomes larger (Option A) or starts large and becomes smaller (Option B).",a,0,,,,gemma4it_tb_uniform1_no_video.json
uniform,1,no_video,1674,418,TimeBlind/videos/mcq_vid_00118_0.mp4,"In the video, how does the range of motion change as the person moves the cat’s front paws in and out? Option A: The movements start large and become smaller later. Option B: The movements start small and become larger later.",b,"Please provide the video you are referring to. Since I cannot see a video unless it is attached or linked, I am unable to determine the correct answer.",a,0,,,,gemma4it_tb_uniform1_no_video.json
uniform,1,no_video,1675,418,TimeBlind/videos/mcq_vid_00118_1.mp4,"In the video, how does the range of motion change as the person moves the cat’s front paws in and out? Option A: The movements start large and become smaller later. Option B: The movements start small and become larger later.",a,"Please provide the video you are referring to. Since I cannot see a video unless it is attached or linked, I am unable to determine the correct answer.",a,1,,,,gemma4it_tb_uniform1_no_video.json
uniform,1,no_video,1676,419,TimeBlind/videos/mcq_vid_00119_0.mp4,What do the puppy's eyes do as the girl kisses it? Option A: The puppy closes its eyes for a moment. Option B: The puppy keeps its eyes open the whole time.,a,"Please provide the text or context you are referring to, as you haven't included the story or description. Once you provide the passage, I can tell you whether the answer is A or B.",a,1,,,,gemma4it_tb_uniform1_no_video.json
uniform,1,no_video,1677,419,TimeBlind/videos/mcq_vid_00119_1.mp4,What do the puppy's eyes do as the girl kisses it? Option A: The puppy closes its eyes for a moment. Option B: The puppy keeps its eyes open the whole time.,b,"Please provide the text or context you are referring to, as you haven't included the story or description. Once you provide the passage, I can tell you whether the answer is A or B.",a,0,,,,gemma4it_tb_uniform1_no_video.json
uniform,1,no_video,1678,419,TimeBlind/videos/mcq_vid_00119_0.mp4,What do the puppy's eyes do as the girl kisses it? Option A: The puppy keeps its eyes open the whole time. Option B: The puppy closes its eyes for a moment.,b,"Please provide the text or video you are referring to so I can give you the correct answer. Without the context, I cannot determine which option is correct.",,0,,,,gemma4it_tb_uniform1_no_video.json
uniform,1,no_video,1679,419,TimeBlind/videos/mcq_vid_00119_1.mp4,What do the puppy's eyes do as the girl kisses it? Option A: The puppy keeps its eyes open the whole time. Option B: The puppy closes its eyes for a moment.,a,"Please provide the text or video you are referring to so I can give you the correct answer. Without the context, I cannot determine which option is correct.",,0,,,,gemma4it_tb_uniform1_no_video.json
uniform,1,no_video,1680,420,TimeBlind/videos/mcq_vid_00120_0.mp4,How quickly is this person rubbing their hands at first? Option A: They are rubbing their hands quickly. Option B: They are rubbing their hands slowly.,a,Please provide the video or description of the person you are referring to so I can give you the correct answer.,,0,,,,gemma4it_tb_uniform1_no_video.json
uniform,1,no_video,1681,420,TimeBlind/videos/mcq_vid_00120_1.mp4,How quickly is this person rubbing their hands at first? Option A: They are rubbing their hands quickly. Option B: They are rubbing their hands slowly.,b,Please provide the video or description of the person you are referring to so I can give you the correct answer.,,0,,,,gemma4it_tb_uniform1_no_video.json
uniform,1,no_video,1682,420,TimeBlind/videos/mcq_vid_00120_0.mp4,How quickly is this person rubbing their hands at first? Option A: They are rubbing their hands slowly. Option B: They are rubbing their hands quickly.,b,Please provide the video or description of the person you are referring to so I can give you the correct answer.,,0,,,,gemma4it_tb_uniform1_no_video.json
uniform,1,no_video,1683,420,TimeBlind/videos/mcq_vid_00120_1.mp4,How quickly is this person rubbing their hands at first? Option A: They are rubbing their hands slowly. Option B: They are rubbing their hands quickly.,a,Please provide the video or description of the person you are referring to so I can give you the correct answer.,,0,,,,gemma4it_tb_uniform1_no_video.json
uniform,1,no_video,1684,421,TimeBlind/videos/mcq_vid_00121_0.mp4,How does the boy clap at first? Option A: He claps slowly at first. Option B: He claps quickly at first.,a,"To provide the correct answer, I would need the specific text or context you are referring to. However, if this is based on a common reading comprehension passage (such as one describing a child's reaction to a performance or a game), please provide the text.

If you are asking me to choose based on a specific story not provided here, I cannot give a definitive answer. **Please provide the story or context.**",a,1,,,,gemma4it_tb_uniform1_no_video.json
uniform,1,no_video,1685,421,TimeBlind/videos/mcq_vid_00121_1.mp4,How does the boy clap at first? Option A: He claps slowly at first. Option B: He claps quickly at first.,b,"To provide the correct answer, I would need the specific text or context you are referring to. However, if this is based on a common reading comprehension passage (such as one describing a child's reaction to a performance or a game), please provide the text.

If you are asking me to choose based on a specific story not provided here, I cannot give a definitive answer. **Please provide the story or context.**",a,0,,,,gemma4it_tb_uniform1_no_video.json
uniform,1,no_video,1686,421,TimeBlind/videos/mcq_vid_00121_0.mp4,How does the boy clap at first? Option A: He claps quickly at first. Option B: He claps slowly at first.,b,"Please provide the text or context you are referring to so I can give you the correct answer. Without the source material, I cannot determine whether the boy claps quickly or slowly.",,0,,,,gemma4it_tb_uniform1_no_video.json
uniform,1,no_video,1687,421,TimeBlind/videos/mcq_vid_00121_1.mp4,How does the boy clap at first? Option A: He claps quickly at first. Option B: He claps slowly at first.,a,"Please provide the text or context you are referring to so I can give you the correct answer. Without the source material, I cannot determine whether the boy claps quickly or slowly.",,0,,,,gemma4it_tb_uniform1_no_video.json
uniform,1,no_video,1688,422,TimeBlind/videos/mcq_vid_00122_0.mp4,"At the beginning of the video, how fast does the vacuum cleaner move across the floor? Option A: It starts out moving slowly. Option B: It starts out moving quickly.",a,Please provide the video you are referring to so I can analyze it and give you the correct answer.,,0,,,,gemma4it_tb_uniform1_no_video.json
uniform,1,no_video,1689,422,TimeBlind/videos/mcq_vid_00122_1.mp4,"At the beginning of the video, how fast does the vacuum cleaner move across the floor? Option A: It starts out moving slowly. Option B: It starts out moving quickly.",b,Please provide the video you are referring to so I can analyze it and give you the correct answer.,,0,,,,gemma4it_tb_uniform1_no_video.json
uniform,1,no_video,1690,422,TimeBlind/videos/mcq_vid_00122_0.mp4,"At the beginning of the video, how fast does the vacuum cleaner move across the floor? Option A: It starts out moving quickly. Option B: It starts out moving slowly.",b,Please provide the video you are referring to so I can analyze it and give you the correct answer.,,0,,,,gemma4it_tb_uniform1_no_video.json
uniform,1,no_video,1691,422,TimeBlind/videos/mcq_vid_00122_1.mp4,"At the beginning of the video, how fast does the vacuum cleaner move across the floor? Option A: It starts out moving quickly. Option B: It starts out moving slowly.",a,Please provide the video you are referring to so I can analyze it and give you the correct answer.,,0,,,,gemma4it_tb_uniform1_no_video.json
uniform,1,no_video,1692,423,TimeBlind/videos/mcq_vid_00123_0.mp4,"How does the massage gun's speed change as it moves along the leg? Option A: It starts slowly, then speeds up. Option B: It starts quickly, then slows down.",a,"The correct answer is neither A nor B. A massage gun's speed is typically constant regardless of where it is moved on the leg, as the speed is controlled by a manual setting on the device itself. However, if this is a trick question based on a specific context not provided, there is no standard physical rule that dictates a change in speed based on location.

If you must choose between the two based on a hypothetical scenario where a user manually adjusts it:
**Neither A nor B is inherently correct.**",a,1,,,,gemma4it_tb_uniform1_no_video.json
uniform,1,no_video,1693,423,TimeBlind/videos/mcq_vid_00123_1.mp4,"How does the massage gun's speed change as it moves along the leg? Option A: It starts slowly, then speeds up. Option B: It starts quickly, then slows down.",b,"The correct answer is neither A nor B. A massage gun's speed is typically constant regardless of where it is moved on the leg, as the speed is controlled by a manual setting on the device itself. However, if this is a trick question based on a specific context not provided, there is no standard physical rule that dictates a change in speed based on location.

If you must choose between the two based on a hypothetical scenario where a user manually adjusts it:
**Neither A nor B is inherently correct.**",a,0,,,,gemma4it_tb_uniform1_no_video.json
uniform,1,no_video,1694,423,TimeBlind/videos/mcq_vid_00123_0.mp4,"How does the massage gun's speed change as it moves along the leg? Option A: It starts quickly, then slows down. Option B: It starts slowly, then speeds up.",b,"Based on the typical operation of a massage gun, the speed of the percussion head remains constant as it moves along the leg; however, if this is a specific question from a provided text or context not included in your prompt, please provide that context.

If this is a general question about how massage guns function, neither A nor B is technically correct as the motor speed is usually constant. If you are referring to a specific description where the user *perceives* a change or a specific device's behavior, please clarify.

Without additional context, there is no standard rule that a massage gun changes speed based on its position on",a,0,,,,gemma4it_tb_uniform1_no_video.json
uniform,1,no_video,1695,423,TimeBlind/videos/mcq_vid_00123_1.mp4,"How does the massage gun's speed change as it moves along the leg? Option A: It starts quickly, then slows down. Option B: It starts slowly, then speeds up.",a,"Based on the typical operation of a massage gun, the speed of the percussion head remains constant as it moves along the leg; however, if this is a specific question from a provided text or context not included in your prompt, please provide that context.

If this is a general question about how massage guns function, neither A nor B is technically correct as the motor speed is usually constant. If you are referring to a specific description where the user *perceives* a change or a specific device's behavior, please clarify.

Without additional context, there is no standard rule that a massage gun changes speed based on its position on",a,1,,,,gemma4it_tb_uniform1_no_video.json
uniform,1,no_video,1696,424,TimeBlind/videos/mcq_vid_00124_0.mp4,"In the video, how does the girl change her shirt? Option A: She changes from a red plaid shirt to a blue plaid shirt. Option B: She changes from a blue plaid shirt to a red plaid shirt.",a,"Please provide the video or a link to the video you are referring to. Since I cannot see the video you are watching, I am unable to determine whether the correct answer is Option A or Option B.",a,1,,,,gemma4it_tb_uniform1_no_video.json
uniform,1,no_video,1697,424,TimeBlind/videos/mcq_vid_00124_1.mp4,"In the video, how does the girl change her shirt? Option A: She changes from a red plaid shirt to a blue plaid shirt. Option B: She changes from a blue plaid shirt to a red plaid shirt.",b,"Please provide the video or a link to the video you are referring to. Since I cannot see the video you are watching, I am unable to determine whether the correct answer is Option A or Option B.",a,0,,,,gemma4it_tb_uniform1_no_video.json
uniform,1,no_video,1698,424,TimeBlind/videos/mcq_vid_00124_0.mp4,"In the video, how does the girl change her shirt? Option A: She changes from a blue plaid shirt to a red plaid shirt. Option B: She changes from a red plaid shirt to a blue plaid shirt.",b,"Please provide the video or a link to the video you are referring to. Since I cannot see the video you are watching, I am unable to determine whether the correct answer is Option A or Option B.",a,0,,,,gemma4it_tb_uniform1_no_video.json
uniform,1,no_video,1699,424,TimeBlind/videos/mcq_vid_00124_1.mp4,"In the video, how does the girl change her shirt? Option A: She changes from a blue plaid shirt to a red plaid shirt. Option B: She changes from a red plaid shirt to a blue plaid shirt.",a,"Please provide the video or a link to the video you are referring to. Since I cannot see the video you are watching, I am unable to determine whether the correct answer is Option A or Option B.",a,1,,,,gemma4it_tb_uniform1_no_video.json
uniform,1,no_video,1700,425,TimeBlind/videos/mcq_vid_00125_0.mp4,How does the girl's shirt change? Option A: She switches from a short-sleeved shirt to a long-sleeved shirt. Option B: She switches from a long-sleeved shirt to a short-sleeved shirt.,a,"Please provide the video or image sequence you are referring to! You haven't attached any media to your message. Once you provide the content, I will be able to tell you whether the answer is A or B.",a,1,,,,gemma4it_tb_uniform1_no_video.json
uniform,1,no_video,1701,425,TimeBlind/videos/mcq_vid_00125_1.mp4,How does the girl's shirt change? Option A: She switches from a short-sleeved shirt to a long-sleeved shirt. Option B: She switches from a long-sleeved shirt to a short-sleeved shirt.,b,"Please provide the video or image sequence you are referring to! You haven't attached any media to your message. Once you provide the content, I will be able to tell you whether the answer is A or B.",a,0,,,,gemma4it_tb_uniform1_no_video.json
uniform,1,no_video,1702,425,TimeBlind/videos/mcq_vid_00125_0.mp4,How does the girl's shirt change? Option A: She switches from a long-sleeved shirt to a short-sleeved shirt. Option B: She switches from a short-sleeved shirt to a long-sleeved shirt.,b,Please provide the video or image sequence you are referring to so I can see the change and give you the correct answer.,,0,,,,gemma4it_tb_uniform1_no_video.json
uniform,1,no_video,1703,425,TimeBlind/videos/mcq_vid_00125_1.mp4,How does the girl's shirt change? Option A: She switches from a long-sleeved shirt to a short-sleeved shirt. Option B: She switches from a short-sleeved shirt to a long-sleeved shirt.,a,Please provide the video or image sequence you are referring to so I can see the change and give you the correct answer.,,0,,,,gemma4it_tb_uniform1_no_video.json
uniform,1,no_video,1704,426,TimeBlind/videos/mcq_vid_00126_0.mp4,How does the girl's outfit change? Option A: She goes from wearing shorts to wearing pants. Option B: She goes from wearing pants to wearing shorts.,a,Please provide the video or description of the girl's outfit so I can determine the correct answer.,,0,,,,gemma4it_tb_uniform1_no_video.json
uniform,1,no_video,1705,426,TimeBlind/videos/mcq_vid_00126_1.mp4,How does the girl's outfit change? Option A: She goes from wearing shorts to wearing pants. Option B: She goes from wearing pants to wearing shorts.,b,Please provide the video or description of the girl's outfit so I can determine the correct answer.,,0,,,,gemma4it_tb_uniform1_no_video.json
uniform,1,no_video,1706,426,TimeBlind/videos/mcq_vid_00126_0.mp4,How does the girl's outfit change? Option A: She goes from wearing pants to wearing shorts. Option B: She goes from wearing shorts to wearing pants.,b,Please provide the image or description of the girl's outfit so I can determine the correct answer.,,0,,,,gemma4it_tb_uniform1_no_video.json
uniform,1,no_video,1707,426,TimeBlind/videos/mcq_vid_00126_1.mp4,How does the girl's outfit change? Option A: She goes from wearing pants to wearing shorts. Option B: She goes from wearing shorts to wearing pants.,a,Please provide the image or description of the girl's outfit so I can determine the correct answer.,,0,,,,gemma4it_tb_uniform1_no_video.json
uniform,1,no_video,1708,427,TimeBlind/videos/mcq_vid_00127_0.mp4,What is happening to the makeup on the hand? Option A: One hand applies makeup to the other hand. Option B: One hand wipes off the makeup from the other hand.,a,"Please provide the image or video you are referring to so I can see what is happening. Without the visual context, I cannot determine whether the makeup is being applied or wiped off.",,0,,,,gemma4it_tb_uniform1_no_video.json
uniform,1,no_video,1709,427,TimeBlind/videos/mcq_vid_00127_1.mp4,What is happening to the makeup on the hand? Option A: One hand applies makeup to the other hand. Option B: One hand wipes off the makeup from the other hand.,b,"Please provide the image or video you are referring to so I can see what is happening. Without the visual context, I cannot determine whether the makeup is being applied or wiped off.",,0,,,,gemma4it_tb_uniform1_no_video.json
uniform,1,no_video,1710,427,TimeBlind/videos/mcq_vid_00127_0.mp4,What is happening to the makeup on the hand? Option A: One hand wipes off the makeup from the other hand. Option B: One hand applies makeup to the other hand.,b,"To provide the correct answer, I would need to see the image you are referring to. However, based on the options provided:

If the action shows a hand spreading color or product onto the skin, the answer is **Option B**.
If the action shows a hand removing or smearing color away from the skin, the answer is **Option A**.

Please provide the image or describe the visual to get a definitive answer.",b,1,,,,gemma4it_tb_uniform1_no_video.json
uniform,1,no_video,1711,427,TimeBlind/videos/mcq_vid_00127_1.mp4,What is happening to the makeup on the hand? Option A: One hand wipes off the makeup from the other hand. Option B: One hand applies makeup to the other hand.,a,"To provide the correct answer, I would need to see the image you are referring to. However, based on the options provided:

If the action shows a hand spreading color or product onto the skin, the answer is **Option B**.
If the action shows a hand removing or smearing color away from the skin, the answer is **Option A**.

Please provide the image or describe the visual to get a definitive answer.",b,0,,,,gemma4it_tb_uniform1_no_video.json
uniform,1,no_video,1712,428,TimeBlind/videos/mcq_vid_00128_0.mp4,"How does the speed change as the hands scrub and rotate the small bottle under running water? Option A: The hands scrub the bottle slowly, then rotate it quickly. Option B: The hands scrub the bottle quickly, then rotate it slowly.",a,"Based on the typical progression of cleaning actions (scrubbing thoroughly first and then rotating to rinse or drain), the most common sequence is scrubbing quickly and then rotating slowly. However, without a specific context or video provided, this is a subjective interpretation of a physical action.

If this is based on a specific observation or test:
**Option B**",b,0,,,,gemma4it_tb_uniform1_no_video.json
uniform,1,no_video,1713,428,TimeBlind/videos/mcq_vid_00128_1.mp4,"How does the speed change as the hands scrub and rotate the small bottle under running water? Option A: The hands scrub the bottle slowly, then rotate it quickly. Option B: The hands scrub the bottle quickly, then rotate it slowly.",b,"Based on the typical progression of cleaning actions (scrubbing thoroughly first and then rotating to rinse or drain), the most common sequence is scrubbing quickly and then rotating slowly. However, without a specific context or video provided, this is a subjective interpretation of a physical action.

If this is based on a specific observation or test:
**Option B**",b,1,,,,gemma4it_tb_uniform1_no_video.json
uniform,1,no_video,1714,428,TimeBlind/videos/mcq_vid_00128_0.mp4,"How does the speed change as the hands scrub and rotate the small bottle under running water? Option A: The hands scrub the bottle quickly, then rotate it slowly. Option B: The hands scrub the bottle slowly, then rotate it quickly.",b,"To provide a definitive answer, I would need to see the specific video or context you are referring to, as this sounds like a description of a specific observation.

However, in most standard instructional videos or demonstrations involving cleaning a small bottle under running water (such as a ""how-to"" for cleaning a spice jar or a laboratory flask), the common motion is to **scrub the bottle quickly** to loosen debris and then **rotate it slowly** to ensure the water reaches all surfaces and to check for cleanliness.

If this is from a specific test or video:
**Option A** is the most common sequence for cleaning actions",a,0,,,,gemma4it_tb_uniform1_no_video.json
uniform,1,no_video,1715,428,TimeBlind/videos/mcq_vid_00128_1.mp4,"How does the speed change as the hands scrub and rotate the small bottle under running water? Option A: The hands scrub the bottle quickly, then rotate it slowly. Option B: The hands scrub the bottle slowly, then rotate it quickly.",a,"To provide a definitive answer, I would need to see the specific video or context you are referring to, as this sounds like a description of a specific observation.

However, in most standard instructional videos or demonstrations involving cleaning a small bottle under running water (such as a ""how-to"" for cleaning a spice jar or a laboratory flask), the common motion is to **scrub the bottle quickly** to loosen debris and then **rotate it slowly** to ensure the water reaches all surfaces and to check for cleanliness.

If this is from a specific test or video:
**Option A** is the most common sequence for cleaning actions",a,1,,,,gemma4it_tb_uniform1_no_video.json
uniform,1,no_video,1716,429,TimeBlind/videos/mcq_vid_00129_0.mp4,"At the beginning of the video, how do the hands scrub and rotate the small bottle? Option A: They start out gently. Option B: They start out vigorously.",a,"Please provide the video you are referring to. Since I cannot see a video in your prompt, I am unable to determine whether the hands start out gently or vigorously.",a,1,,,,gemma4it_tb_uniform1_no_video.json
uniform,1,no_video,1717,429,TimeBlind/videos/mcq_vid_00129_1.mp4,"At the beginning of the video, how do the hands scrub and rotate the small bottle? Option A: They start out gently. Option B: They start out vigorously.",b,"Please provide the video you are referring to. Since I cannot see a video in your prompt, I am unable to determine whether the hands start out gently or vigorously.",a,0,,,,gemma4it_tb_uniform1_no_video.json
uniform,1,no_video,1718,429,TimeBlind/videos/mcq_vid_00129_0.mp4,"At the beginning of the video, how do the hands scrub and rotate the small bottle? Option A: They start out vigorously. Option B: They start out gently.",b,"Please provide the video you are referring to. Since I cannot see a video in your prompt, I am unable to determine whether the hands start out vigorously or gently.",a,0,,,,gemma4it_tb_uniform1_no_video.json
uniform,1,no_video,1719,429,TimeBlind/videos/mcq_vid_00129_1.mp4,"At the beginning of the video, how do the hands scrub and rotate the small bottle? Option A: They start out vigorously. Option B: They start out gently.",a,"Please provide the video you are referring to. Since I cannot see a video in your prompt, I am unable to determine whether the hands start out vigorously or gently.",a,1,,,,gemma4it_tb_uniform1_no_video.json
uniform,1,no_video,1720,430,TimeBlind/videos/mcq_vid_00130_0.mp4,"At the beginning of the video, how does the girl rub her face? Option A: She rubs her face gently at first. Option B: She rubs her face vigorously at first.",a,"Please provide the video you are referring to! You haven't attached or linked a video yet. Once you provide the video, I will be able to tell you whether the answer is Option A or Option B.",a,1,,,,gemma4it_tb_uniform1_no_video.json
uniform,1,no_video,1721,430,TimeBlind/videos/mcq_vid_00130_1.mp4,"At the beginning of the video, how does the girl rub her face? Option A: She rubs her face gently at first. Option B: She rubs her face vigorously at first.",b,"Please provide the video you are referring to! You haven't attached or linked a video yet. Once you provide the video, I will be able to tell you whether the answer is Option A or Option B.",a,0,,,,gemma4it_tb_uniform1_no_video.json
uniform,1,no_video,1722,430,TimeBlind/videos/mcq_vid_00130_0.mp4,"At the beginning of the video, how does the girl rub her face? Option A: She rubs her face vigorously at first. Option B: She rubs her face gently at first.",b,"Please provide the video you are referring to! You haven't attached or linked a video yet. Once you provide the video, I will be able to tell you whether the answer is Option A or Option B.",a,0,,,,gemma4it_tb_uniform1_no_video.json
uniform,1,no_video,1723,430,TimeBlind/videos/mcq_vid_00130_1.mp4,"At the beginning of the video, how does the girl rub her face? Option A: She rubs her face vigorously at first. Option B: She rubs her face gently at first.",a,"Please provide the video you are referring to! You haven't attached or linked a video yet. Once you provide the video, I will be able to tell you whether the answer is Option A or Option B.",a,1,,,,gemma4it_tb_uniform1_no_video.json
uniform,1,no_video,1724,431,TimeBlind/videos/mcq_vid_00131_0.mp4,How do the clouds change shape in the video? Option A: They are constantly changing. Option B: They stay the same.,a,"Please provide the video you are referring to! Since I cannot see a video unless you upload or link one, I cannot determine the correct answer yet. 

Once you provide the video, I will be able to tell you if the answer is **A** or **B**.",a,1,,,,gemma4it_tb_uniform1_no_video.json
uniform,1,no_video,1725,431,TimeBlind/videos/mcq_vid_00131_1.mp4,How do the clouds change shape in the video? Option A: They are constantly changing. Option B: They stay the same.,b,"Please provide the video you are referring to! Since I cannot see a video unless you upload or link one, I cannot determine the correct answer yet. 

Once you provide the video, I will be able to tell you if the answer is **A** or **B**.",a,0,,,,gemma4it_tb_uniform1_no_video.json
uniform,1,no_video,1726,431,TimeBlind/videos/mcq_vid_00131_0.mp4,How do the clouds change shape in the video? Option A: They stay the same. Option B: They are constantly changing.,b,"Please provide the video you are referring to! Since I cannot see a video in your prompt, I cannot determine the correct answer. 

Once you provide the video, I will be able to tell you if the answer is **A** or **B**.",a,0,,,,gemma4it_tb_uniform1_no_video.json
uniform,1,no_video,1727,431,TimeBlind/videos/mcq_vid_00131_1.mp4,How do the clouds change shape in the video? Option A: They stay the same. Option B: They are constantly changing.,a,"Please provide the video you are referring to! Since I cannot see a video in your prompt, I cannot determine the correct answer. 

Once you provide the video, I will be able to tell you if the answer is **A** or **B**.",a,1,,,,gemma4it_tb_uniform1_no_video.json
uniform,1,no_video,1728,432,TimeBlind/videos/mcq_vid_00132_0.mp4,How does the number of animals on the sofa change? Option A: It increases from 0 to 3. Option B: It decreases from 3 to 0.,a,"To provide the correct answer, I would need to see the image or video you are referring to. However, based on the typical structure of these types of questions:

If the sofa starts empty and animals appear, the answer is **A**.
If there are animals on the sofa and they leave, the answer is **B**.

Please provide the visual context if you would like a definitive answer.",a,1,,,,gemma4it_tb_uniform1_no_video.json
uniform,1,no_video,1729,432,TimeBlind/videos/mcq_vid_00132_1.mp4,How does the number of animals on the sofa change? Option A: It increases from 0 to 3. Option B: It decreases from 3 to 0.,b,"To provide the correct answer, I would need to see the image or video you are referring to. However, based on the typical structure of these types of questions:

If the sofa starts empty and animals appear, the answer is **A**.
If there are animals on the sofa and they leave, the answer is **B**.

Please provide the visual context if you would like a definitive answer.",a,0,,,,gemma4it_tb_uniform1_no_video.json
uniform,1,no_video,1730,432,TimeBlind/videos/mcq_vid_00132_0.mp4,How does the number of animals on the sofa change? Option A: It decreases from 3 to 0. Option B: It increases from 0 to 3.,b,"To provide the correct answer, I would need to see the image or the context describing the sequence of events. However, based on the typical structure of these types of logic or visual puzzles:

If the sofa starts empty and animals are added, the answer is **B**.
If there are animals on the sofa and they all leave, the answer is **A**.

Since no image was provided, please check the visual:
*   If the first scene has **0** animals and the second has **3**, choose **B**.
*   If the first scene has **3** animals and the second has **0**,",b,1,,,,gemma4it_tb_uniform1_no_video.json
uniform,1,no_video,1731,432,TimeBlind/videos/mcq_vid_00132_1.mp4,How does the number of animals on the sofa change? Option A: It decreases from 3 to 0. Option B: It increases from 0 to 3.,a,"To provide the correct answer, I would need to see the image or the context describing the sequence of events. However, based on the typical structure of these types of logic or visual puzzles:

If the sofa starts empty and animals are added, the answer is **B**.
If there are animals on the sofa and they all leave, the answer is **A**.

Since no image was provided, please check the visual:
*   If the first scene has **0** animals and the second has **3**, choose **B**.
*   If the first scene has **3** animals and the second has **0**,",b,0,,,,gemma4it_tb_uniform1_no_video.json
uniform,1,no_video,1732,433,TimeBlind/videos/mcq_vid_00133_0.mp4,How does the number of oranges on the plate change? Option A: It increases from 2 to 4. Option B: It decreases from 4 to 2.,a,"To provide the correct answer, I would need to see the image or the context describing the change in the number of oranges. However, based on the typical structure of such questions:

If the number of oranges is being removed, the answer is **B**.
If the number of oranges is being added, the answer is **A**.

Please provide the image or description for a definitive answer.",b,0,,,,gemma4it_tb_uniform1_no_video.json
uniform,1,no_video,1733,433,TimeBlind/videos/mcq_vid_00133_1.mp4,How does the number of oranges on the plate change? Option A: It increases from 2 to 4. Option B: It decreases from 4 to 2.,b,"To provide the correct answer, I would need to see the image or the context describing the change in the number of oranges. However, based on the typical structure of such questions:

If the number of oranges is being removed, the answer is **B**.
If the number of oranges is being added, the answer is **A**.

Please provide the image or description for a definitive answer.",b,1,,,,gemma4it_tb_uniform1_no_video.json
uniform,1,no_video,1734,433,TimeBlind/videos/mcq_vid_00133_0.mp4,How does the number of oranges on the plate change? Option A: It decreases from 4 to 2. Option B: It increases from 2 to 4.,b,"To provide the correct answer, I would need to see the image or the context describing the sequence of events. However, based on the standard format of these types of questions:

If the number of oranges is being removed, the answer is **A**.
If the number of oranges is being added, the answer is **B**.

Please provide the image or description for a definitive answer.",a,0,,,,gemma4it_tb_uniform1_no_video.json
uniform,1,no_video,1735,433,TimeBlind/videos/mcq_vid_00133_1.mp4,How does the number of oranges on the plate change? Option A: It decreases from 4 to 2. Option B: It increases from 2 to 4.,a,"To provide the correct answer, I would need to see the image or the context describing the sequence of events. However, based on the standard format of these types of questions:

If the number of oranges is being removed, the answer is **A**.
If the number of oranges is being added, the answer is **B**.

Please provide the image or description for a definitive answer.",a,1,,,,gemma4it_tb_uniform1_no_video.json
uniform,1,no_video,1736,434,TimeBlind/videos/mcq_vid_00134_0.mp4,How does the person's position on the chair change? Option A: The person goes from sitting in the chair to standing on the chair. Option B: The person goes from standing on the chair to sitting in the chair.,a,"thought
<channel|>Please provide the video or image you are referring to so I can determine the correct answer.",,0,,,,gemma4it_tb_uniform1_no_video.json
uniform,1,no_video,1737,434,TimeBlind/videos/mcq_vid_00134_1.mp4,How does the person's position on the chair change? Option A: The person goes from sitting in the chair to standing on the chair. Option B: The person goes from standing on the chair to sitting in the chair.,b,"thought
<channel|>Please provide the video or image you are referring to so I can determine the correct answer.",,0,,,,gemma4it_tb_uniform1_no_video.json
uniform,1,no_video,1738,434,TimeBlind/videos/mcq_vid_00134_0.mp4,How does the person's position on the chair change? Option A: The person goes from standing on the chair to sitting in the chair. Option B: The person goes from sitting in the chair to standing on the chair.,b,"thought
<channel|>Please provide the video or image you are referring to so I can determine the correct answer.",,0,,,,gemma4it_tb_uniform1_no_video.json
uniform,1,no_video,1739,434,TimeBlind/videos/mcq_vid_00134_1.mp4,How does the person's position on the chair change? Option A: The person goes from standing on the chair to sitting in the chair. Option B: The person goes from sitting in the chair to standing on the chair.,a,"thought
<channel|>Please provide the video or image you are referring to so I can determine the correct answer.",,0,,,,gemma4it_tb_uniform1_no_video.json
uniform,1,no_video,1740,435,TimeBlind/videos/mcq_vid_00135_0.mp4,How does the way the person handles the cup change? Option A: They go from holding the cup to resting it on their palm. Option B: They go from resting the cup on their palm to holding it.,a,Please provide the video or description of the action you are referring to so I can determine the correct answer.,,0,,,,gemma4it_tb_uniform1_no_video.json
uniform,1,no_video,1741,435,TimeBlind/videos/mcq_vid_00135_1.mp4,How does the way the person handles the cup change? Option A: They go from holding the cup to resting it on their palm. Option B: They go from resting the cup on their palm to holding it.,b,Please provide the video or description of the action you are referring to so I can determine the correct answer.,,0,,,,gemma4it_tb_uniform1_no_video.json
uniform,1,no_video,1742,435,TimeBlind/videos/mcq_vid_00135_0.mp4,How does the way the person handles the cup change? Option A: They go from resting the cup on their palm to holding it. Option B: They go from holding the cup to resting it on their palm.,b,Please provide the video or description of the action you are referring to so I can give you the correct answer.,,0,,,,gemma4it_tb_uniform1_no_video.json
uniform,1,no_video,1743,435,TimeBlind/videos/mcq_vid_00135_1.mp4,How does the way the person handles the cup change? Option A: They go from resting the cup on their palm to holding it. Option B: They go from holding the cup to resting it on their palm.,a,Please provide the video or description of the action you are referring to so I can give you the correct answer.,,0,,,,gemma4it_tb_uniform1_no_video.json
uniform,1,no_video,1744,436,TimeBlind/videos/mcq_vid_00136_0.mp4,How does the person's interaction with the clothes change? Option A: The person goes from holding the clothes to wearing them. Option B: The person goes from wearing the clothes to holding them.,a,Please provide the video or description of the scene you are referring to so I can determine the correct answer.,,0,,,,gemma4it_tb_uniform1_no_video.json
uniform,1,no_video,1745,436,TimeBlind/videos/mcq_vid_00136_1.mp4,How does the person's interaction with the clothes change? Option A: The person goes from holding the clothes to wearing them. Option B: The person goes from wearing the clothes to holding them.,b,Please provide the video or description of the scene you are referring to so I can determine the correct answer.,,0,,,,gemma4it_tb_uniform1_no_video.json
uniform,1,no_video,1746,436,TimeBlind/videos/mcq_vid_00136_0.mp4,How does the person's interaction with the clothes change? Option A: The person goes from wearing the clothes to holding them. Option B: The person goes from holding the clothes to wearing them.,b,Please provide the video or description of the scene you are referring to so I can determine the correct answer.,,0,,,,gemma4it_tb_uniform1_no_video.json
uniform,1,no_video,1747,436,TimeBlind/videos/mcq_vid_00136_1.mp4,How does the person's interaction with the clothes change? Option A: The person goes from wearing the clothes to holding them. Option B: The person goes from holding the clothes to wearing them.,a,Please provide the video or description of the scene you are referring to so I can determine the correct answer.,,0,,,,gemma4it_tb_uniform1_no_video.json
uniform,1,no_video,1748,437,TimeBlind/videos/mcq_vid_00137_0.mp4,"In the video, how does the person interact with the door? Option A: They switch from pushing the door to pulling it. Option B: They switch from pulling the door to pushing it.",a,"Please provide the video or a description of the video you are referring to. Since I cannot see the video without it being provided, I am unable to determine whether the correct answer is Option A or Option B.",a,1,,,,gemma4it_tb_uniform1_no_video.json
uniform,1,no_video,1749,437,TimeBlind/videos/mcq_vid_00137_1.mp4,"In the video, how does the person interact with the door? Option A: They switch from pushing the door to pulling it. Option B: They switch from pulling the door to pushing it.",b,"Please provide the video or a description of the video you are referring to. Since I cannot see the video without it being provided, I am unable to determine whether the correct answer is Option A or Option B.",a,0,,,,gemma4it_tb_uniform1_no_video.json
uniform,1,no_video,1750,437,TimeBlind/videos/mcq_vid_00137_0.mp4,"In the video, how does the person interact with the door? Option A: They switch from pulling the door to pushing it. Option B: They switch from pushing the door to pulling it.",b,"Please provide the video you are referring to. Since I cannot see a video in your prompt, I am unable to determine whether the correct answer is A or B.",a,0,,,,gemma4it_tb_uniform1_no_video.json
uniform,1,no_video,1751,437,TimeBlind/videos/mcq_vid_00137_1.mp4,"In the video, how does the person interact with the door? Option A: They switch from pulling the door to pushing it. Option B: They switch from pushing the door to pulling it.",a,"Please provide the video you are referring to. Since I cannot see a video in your prompt, I am unable to determine whether the correct answer is A or B.",a,1,,,,gemma4it_tb_uniform1_no_video.json
uniform,1,no_video,1752,438,TimeBlind/videos/mcq_vid_00138_0.mp4,How does the puppy's posture change? Option A: The puppy goes from standing to sitting. Option B: The puppy goes from sitting to standing.,a,Please provide the video or description of the puppy's actions so I can determine the correct answer.,,0,,,,gemma4it_tb_uniform1_no_video.json
uniform,1,no_video,1753,438,TimeBlind/videos/mcq_vid_00138_1.mp4,How does the puppy's posture change? Option A: The puppy goes from standing to sitting. Option B: The puppy goes from sitting to standing.,b,Please provide the video or description of the puppy's actions so I can determine the correct answer.,,0,,,,gemma4it_tb_uniform1_no_video.json
uniform,1,no_video,1754,438,TimeBlind/videos/mcq_vid_00138_0.mp4,How does the puppy's posture change? Option A: The puppy goes from sitting to standing. Option B: The puppy goes from standing to sitting.,b,Please provide the video or description of the puppy's actions so I can determine the correct answer.,,0,,,,gemma4it_tb_uniform1_no_video.json
uniform,1,no_video,1755,438,TimeBlind/videos/mcq_vid_00138_1.mp4,How does the puppy's posture change? Option A: The puppy goes from sitting to standing. Option B: The puppy goes from standing to sitting.,a,Please provide the video or description of the puppy's actions so I can determine the correct answer.,,0,,,,gemma4it_tb_uniform1_no_video.json
uniform,1,no_video,1756,439,TimeBlind/videos/mcq_vid_00139_0.mp4,"What is the order of actions the person takes with the box? Option A: First opens the box, then closes it. Option B: First closes the box, then opens it.",a,"Please provide the text, video, or description of the actions you are referring to so I can determine the correct order.",,0,,,,gemma4it_tb_uniform1_no_video.json
uniform,1,no_video,1757,439,TimeBlind/videos/mcq_vid_00139_1.mp4,"What is the order of actions the person takes with the box? Option A: First opens the box, then closes it. Option B: First closes the box, then opens it.",b,"Please provide the text, video, or description of the actions you are referring to so I can determine the correct order.",,0,,,,gemma4it_tb_uniform1_no_video.json
uniform,1,no_video,1758,439,TimeBlind/videos/mcq_vid_00139_0.mp4,"What is the order of actions the person takes with the box? Option A: First closes the box, then opens it. Option B: First opens the box, then closes it.",b,"Please provide the text, video, or description of the actions you are referring to so I can determine the correct order.",,0,,,,gemma4it_tb_uniform1_no_video.json
uniform,1,no_video,1759,439,TimeBlind/videos/mcq_vid_00139_1.mp4,"What is the order of actions the person takes with the box? Option A: First closes the box, then opens it. Option B: First opens the box, then closes it.",a,"Please provide the text, video, or description of the actions you are referring to so I can determine the correct order.",,0,,,,gemma4it_tb_uniform1_no_video.json
uniform,1,no_video,1760,440,TimeBlind/videos/mcq_vid_00140_0.mp4,"In the video, what is the order of the person’s actions with the key? Option A: First, the person puts the key on the table, then picks it up. Option B: First, the person picks up the key, then puts it on the table.",a,"Please provide the video you are referring to! You haven't attached or linked a video to your message. 

Once you provide the video, I will be able to tell you whether the answer is **Option A** or **Option B**.",a,1,,,,gemma4it_tb_uniform1_no_video.json
uniform,1,no_video,1761,440,TimeBlind/videos/mcq_vid_00140_1.mp4,"In the video, what is the order of the person’s actions with the key? Option A: First, the person puts the key on the table, then picks it up. Option B: First, the person picks up the key, then puts it on the table.",b,"Please provide the video you are referring to! You haven't attached or linked a video to your message. 

Once you provide the video, I will be able to tell you whether the answer is **Option A** or **Option B**.",a,0,,,,gemma4it_tb_uniform1_no_video.json
uniform,1,no_video,1762,440,TimeBlind/videos/mcq_vid_00140_0.mp4,"In the video, what is the order of the person’s actions with the key? Option A: First, the person picks up the key, then puts it on the table. Option B: First, the person puts the key on the table, then picks it up.",b,"Please provide the video you are referring to! You haven't attached or linked a video to your message. 

Once you provide the video, I will be able to tell you whether the answer is **Option A** or **Option B**.",a,0,,,,gemma4it_tb_uniform1_no_video.json
uniform,1,no_video,1763,440,TimeBlind/videos/mcq_vid_00140_1.mp4,"In the video, what is the order of the person’s actions with the key? Option A: First, the person picks up the key, then puts it on the table. Option B: First, the person puts the key on the table, then picks it up.",a,"Please provide the video you are referring to! You haven't attached or linked a video to your message. 

Once you provide the video, I will be able to tell you whether the answer is **Option A** or **Option B**.",a,1,,,,gemma4it_tb_uniform1_no_video.json
uniform,1,no_video,1764,441,TimeBlind/videos/mcq_vid_00141_0.mp4,"In the video, what does the person do with the light? Option A: They turn the light on first, then turn it off. Option B: They turn the light off first, then turn it on.",a,"Please provide the video you are referring to! You haven't attached or linked a video to your message. Once you provide the video, I will be able to tell you whether the answer is Option A or Option B.",a,1,,,,gemma4it_tb_uniform1_no_video.json
uniform,1,no_video,1765,441,TimeBlind/videos/mcq_vid_00141_1.mp4,"In the video, what does the person do with the light? Option A: They turn the light on first, then turn it off. Option B: They turn the light off first, then turn it on.",b,"Please provide the video you are referring to! You haven't attached or linked a video to your message. Once you provide the video, I will be able to tell you whether the answer is Option A or Option B.",a,0,,,,gemma4it_tb_uniform1_no_video.json
uniform,1,no_video,1766,441,TimeBlind/videos/mcq_vid_00141_0.mp4,"In the video, what does the person do with the light? Option A: They turn the light off first, then turn it on. Option B: They turn the light on first, then turn it off.",b,"Please provide the video you are referring to! You haven't attached or linked a video to your message. Once you provide the video, I will be able to tell you whether the answer is Option A or Option B.",a,0,,,,gemma4it_tb_uniform1_no_video.json
uniform,1,no_video,1767,441,TimeBlind/videos/mcq_vid_00141_1.mp4,"In the video, what does the person do with the light? Option A: They turn the light off first, then turn it on. Option B: They turn the light on first, then turn it off.",a,"Please provide the video you are referring to! You haven't attached or linked a video to your message. Once you provide the video, I will be able to tell you whether the answer is Option A or Option B.",a,1,,,,gemma4it_tb_uniform1_no_video.json
uniform,1,no_video,1768,442,TimeBlind/videos/mcq_vid_00142_0.mp4,"In the video, what does the person do first? Option A: They pour water into the cup first, then drink the water in the cup. Option B: They drink the water in the cup first, then pour more water into the cup.",a,"Please provide the video you are referring to! You haven't attached or linked a video to your message. Once you provide the video, I will be able to tell you whether the answer is Option A or Option B.",a,1,,,,gemma4it_tb_uniform1_no_video.json
uniform,1,no_video,1769,442,TimeBlind/videos/mcq_vid_00142_1.mp4,"In the video, what does the person do first? Option A: They pour water into the cup first, then drink the water in the cup. Option B: They drink the water in the cup first, then pour more water into the cup.",b,"Please provide the video you are referring to! You haven't attached or linked a video to your message. Once you provide the video, I will be able to tell you whether the answer is Option A or Option B.",a,0,,,,gemma4it_tb_uniform1_no_video.json
uniform,1,no_video,1770,442,TimeBlind/videos/mcq_vid_00142_0.mp4,"In the video, what does the person do first? Option A: They drink the water in the cup first, then pour more water into the cup. Option B: They pour water into the cup first, then drink the water in the cup.",b,"Please provide the video or a description of the video you are referring to. Since I cannot see the video without it being attached or linked, I cannot determine whether the correct answer is A or B.",a,0,,,,gemma4it_tb_uniform1_no_video.json
uniform,1,no_video,1771,442,TimeBlind/videos/mcq_vid_00142_1.mp4,"In the video, what does the person do first? Option A: They drink the water in the cup first, then pour more water into the cup. Option B: They pour water into the cup first, then drink the water in the cup.",a,"Please provide the video or a description of the video you are referring to. Since I cannot see the video without it being attached or linked, I cannot determine whether the correct answer is A or B.",a,1,,,,gemma4it_tb_uniform1_no_video.json
uniform,1,no_video,1772,443,TimeBlind/videos/mcq_vid_00143_0.mp4,When does the girl sit on the sofa? Option A: She sits on the sofa while the boy drinks water. Option B: She sits on the sofa after the boy finishes drinking water.,a,"Based on the information provided, there is no specific time given for either option. However, if this is a logic or reading comprehension question where you must choose the most likely sequence or a specific answer from a provided context:

**B**",a,1,,,,gemma4it_tb_uniform1_no_video.json
uniform,1,no_video,1773,443,TimeBlind/videos/mcq_vid_00143_1.mp4,When does the girl sit on the sofa? Option A: She sits on the sofa while the boy drinks water. Option B: She sits on the sofa after the boy finishes drinking water.,b,"Based on the information provided, there is no specific time given for either option. However, if this is a logic or reading comprehension question where you must choose the most likely sequence or a specific answer from a provided context:

**B**",a,0,,,,gemma4it_tb_uniform1_no_video.json
uniform,1,no_video,1774,443,TimeBlind/videos/mcq_vid_00143_0.mp4,When does the girl sit on the sofa? Option A: She sits on the sofa after the boy finishes drinking water. Option B: She sits on the sofa while the boy drinks water.,b,"Based on the information provided, there is no context or story given to determine which event occurs. However, if this is a logic puzzle where you must choose one, please provide the accompanying text.

If you are asking me to choose based on a specific scenario not listed, please provide it. Otherwise, I cannot determine the correct answer.",a,0,,,,gemma4it_tb_uniform1_no_video.json
uniform,1,no_video,1775,443,TimeBlind/videos/mcq_vid_00143_1.mp4,When does the girl sit on the sofa? Option A: She sits on the sofa after the boy finishes drinking water. Option B: She sits on the sofa while the boy drinks water.,a,"Based on the information provided, there is no context or story given to determine which event occurs. However, if this is a logic puzzle where you must choose one, please provide the accompanying text.

If you are asking me to choose based on a specific scenario not listed, please provide it. Otherwise, I cannot determine the correct answer.",a,1,,,,gemma4it_tb_uniform1_no_video.json
uniform,1,no_video,1776,444,TimeBlind/videos/mcq_vid_00144_0.mp4,When do the boy and girl start chatting? Option A: They start chatting as soon as the girl sits on the sofa. Option B: They start chatting sometime after the girl sits on the sofa.,a,"Please provide the text, video, or context you are referring to so I can determine the correct answer. Without the source material, I cannot tell you when the characters start chatting.",,0,,,,gemma4it_tb_uniform1_no_video.json
uniform,1,no_video,1777,444,TimeBlind/videos/mcq_vid_00144_1.mp4,When do the boy and girl start chatting? Option A: They start chatting as soon as the girl sits on the sofa. Option B: They start chatting sometime after the girl sits on the sofa.,b,"Please provide the text, video, or context you are referring to so I can determine the correct answer. Without the source material, I cannot tell you when the characters start chatting.",,0,,,,gemma4it_tb_uniform1_no_video.json
uniform,1,no_video,1778,444,TimeBlind/videos/mcq_vid_00144_0.mp4,When do the boy and girl start chatting? Option A: They start chatting sometime after the girl sits on the sofa. Option B: They start chatting as soon as the girl sits on the sofa.,b,"To provide the correct answer, I would need to see the specific video, text, or context you are referring to. However, based on typical narrative structures in such scenarios:

If the action of sitting is the immediate trigger for the conversation, the answer is **B**.
If there is a pause, a look, or a separate action before they speak, the answer is **A**.

Please provide the source material if you would like a definitive choice.",b,1,,,,gemma4it_tb_uniform1_no_video.json
uniform,1,no_video,1779,444,TimeBlind/videos/mcq_vid_00144_1.mp4,When do the boy and girl start chatting? Option A: They start chatting sometime after the girl sits on the sofa. Option B: They start chatting as soon as the girl sits on the sofa.,a,"To provide the correct answer, I would need to see the specific video, text, or context you are referring to. However, based on typical narrative structures in such scenarios:

If the action of sitting is the immediate trigger for the conversation, the answer is **B**.
If there is a pause, a look, or a separate action before they speak, the answer is **A**.

Please provide the source material if you would like a definitive choice.",b,0,,,,gemma4it_tb_uniform1_no_video.json
uniform,1,no_video,1780,445,TimeBlind/videos/mcq_vid_00145_0.mp4,What is the timing of the girl talking to the boy in relation to her phone use? Option A: The girl talks to the boy while using her phone. Option B: The girl talks to the boy after using her phone.,a,"thought
<channel|>Please provide the video, image, or description of the scene you are referring to. Without the context of the media, I cannot determine the correct timing.",,0,,,,gemma4it_tb_uniform1_no_video.json
uniform,1,no_video,1781,445,TimeBlind/videos/mcq_vid_00145_1.mp4,What is the timing of the girl talking to the boy in relation to her phone use? Option A: The girl talks to the boy while using her phone. Option B: The girl talks to the boy after using her phone.,b,"thought
<channel|>Please provide the video, image, or description of the scene you are referring to. Without the context of the media, I cannot determine the correct timing.",,0,,,,gemma4it_tb_uniform1_no_video.json
uniform,1,no_video,1782,445,TimeBlind/videos/mcq_vid_00145_0.mp4,What is the timing of the girl talking to the boy in relation to her phone use? Option A: The girl talks to the boy after using her phone. Option B: The girl talks to the boy while using her phone.,b,"thought
<channel|>Please provide the video, image, or description of the scene you are referring to. Without the context of the media, I cannot determine the correct timing.",,0,,,,gemma4it_tb_uniform1_no_video.json
uniform,1,no_video,1783,445,TimeBlind/videos/mcq_vid_00145_1.mp4,What is the timing of the girl talking to the boy in relation to her phone use? Option A: The girl talks to the boy after using her phone. Option B: The girl talks to the boy while using her phone.,a,"thought
<channel|>Please provide the video, image, or description of the scene you are referring to. Without the context of the media, I cannot determine the correct timing.",,0,,,,gemma4it_tb_uniform1_no_video.json
uniform,1,no_video,1784,446,TimeBlind/videos/mcq_vid_00146_0.mp4,"Who spends more time on their phone, the boy or the girl? Option A: The boy spends more time on his phone. Option B: The girl spends more time on her phone.",a,"To provide an accurate answer, I need the context, data, or a description of the specific scenario you are referring to. Please provide the text or information regarding the boy and the girl's phone usage.",a,1,,,,gemma4it_tb_uniform1_no_video.json
uniform,1,no_video,1785,446,TimeBlind/videos/mcq_vid_00146_1.mp4,"Who spends more time on their phone, the boy or the girl? Option A: The boy spends more time on his phone. Option B: The girl spends more time on her phone.",b,"To provide an accurate answer, I need the context, data, or a description of the specific scenario you are referring to. Please provide the text or information regarding the boy and the girl's phone usage.",a,0,,,,gemma4it_tb_uniform1_no_video.json
uniform,1,no_video,1786,446,TimeBlind/videos/mcq_vid_00146_0.mp4,"Who spends more time on their phone, the boy or the girl? Option A: The girl spends more time on her phone. Option B: The boy spends more time on his phone.",b,"To provide an accurate answer, I need the context, data, or a description of the specific scenario you are referring to. Please provide the details, and I will be happy to help you choose between Option A and Option B.",a,0,,,,gemma4it_tb_uniform1_no_video.json
uniform,1,no_video,1787,446,TimeBlind/videos/mcq_vid_00146_1.mp4,"Who spends more time on their phone, the boy or the girl? Option A: The girl spends more time on her phone. Option B: The boy spends more time on his phone.",a,"To provide an accurate answer, I need the context, data, or a description of the specific scenario you are referring to. Please provide the details, and I will be happy to help you choose between Option A and Option B.",a,1,,,,gemma4it_tb_uniform1_no_video.json
uniform,1,no_video,1788,447,TimeBlind/videos/mcq_vid_00147_0.mp4,"In the video, how long does the girl hold the cat and the dog? Option A: She holds the cat for a long time and the dog for a short time. Option B: She holds the cat for a short time and the dog for a long time.",a,"Please provide the video or a link to the video you are referring to. Since I cannot see the video you are watching, I am unable to determine the correct answer.",a,1,,,,gemma4it_tb_uniform1_no_video.json
uniform,1,no_video,1789,447,TimeBlind/videos/mcq_vid_00147_1.mp4,"In the video, how long does the girl hold the cat and the dog? Option A: She holds the cat for a long time and the dog for a short time. Option B: She holds the cat for a short time and the dog for a long time.",b,"Please provide the video or a link to the video you are referring to. Since I cannot see the video you are watching, I am unable to determine the correct answer.",a,0,,,,gemma4it_tb_uniform1_no_video.json
uniform,1,no_video,1790,447,TimeBlind/videos/mcq_vid_00147_0.mp4,"In the video, how long does the girl hold the cat and the dog? Option A: She holds the cat for a short time and the dog for a long time. Option B: She holds the cat for a long time and the dog for a short time.",b,"Please provide the video you are referring to. Since I cannot see a video in your prompt, I am unable to determine the correct answer.",a,0,,,,gemma4it_tb_uniform1_no_video.json
uniform,1,no_video,1791,447,TimeBlind/videos/mcq_vid_00147_1.mp4,"In the video, how long does the girl hold the cat and the dog? Option A: She holds the cat for a short time and the dog for a long time. Option B: She holds the cat for a long time and the dog for a short time.",a,"Please provide the video you are referring to. Since I cannot see a video in your prompt, I am unable to determine the correct answer.",a,1,,,,gemma4it_tb_uniform1_no_video.json
uniform,1,no_video,1792,448,TimeBlind/videos/mcq_vid_00148_0.mp4,How many people pick up the remote in the video? Option A: Both people pick up the remote. Option B: Only one person picks up the remote.,a,"Please provide the video you are referring to. Since I cannot see a video in your message, I am unable to determine the correct answer.",a,1,,,,gemma4it_tb_uniform1_no_video.json
uniform,1,no_video,1793,448,TimeBlind/videos/mcq_vid_00148_1.mp4,How many people pick up the remote in the video? Option A: Both people pick up the remote. Option B: Only one person picks up the remote.,b,"Please provide the video you are referring to. Since I cannot see a video in your message, I am unable to determine the correct answer.",a,0,,,,gemma4it_tb_uniform1_no_video.json
uniform,1,no_video,1794,448,TimeBlind/videos/mcq_vid_00148_0.mp4,How many people pick up the remote in the video? Option A: Only one person picks up the remote. Option B: Both people pick up the remote.,b,"Please provide the video you are referring to. Since I cannot see a video in your message, I am unable to determine the correct answer.",a,0,,,,gemma4it_tb_uniform1_no_video.json
uniform,1,no_video,1795,448,TimeBlind/videos/mcq_vid_00148_1.mp4,How many people pick up the remote in the video? Option A: Only one person picks up the remote. Option B: Both people pick up the remote.,a,"Please provide the video you are referring to. Since I cannot see a video in your message, I am unable to determine the correct answer.",a,1,,,,gemma4it_tb_uniform1_no_video.json
uniform,1,no_video,1796,449,TimeBlind/videos/mcq_vid_00149_0.mp4,"In the video, do the girl and the boy pick up the same book or different books? Option A: They both pick up the same book. Option B: They pick up different books.",a,"Please provide the video you are referring to. Since I cannot see a video in your message, I am unable to determine the correct answer.",a,1,,,,gemma4it_tb_uniform1_no_video.json
uniform,1,no_video,1797,449,TimeBlind/videos/mcq_vid_00149_1.mp4,"In the video, do the girl and the boy pick up the same book or different books? Option A: They both pick up the same book. Option B: They pick up different books.",b,"Please provide the video you are referring to. Since I cannot see a video in your message, I am unable to determine the correct answer.",a,0,,,,gemma4it_tb_uniform1_no_video.json
uniform,1,no_video,1798,449,TimeBlind/videos/mcq_vid_00149_0.mp4,"In the video, do the girl and the boy pick up the same book or different books? Option A: They pick up different books. Option B: They both pick up the same book.",b,"Please provide the video or a description of the video you are referring to. Since I cannot see the video without it being attached or linked, I am unable to determine the correct answer.",a,0,,,,gemma4it_tb_uniform1_no_video.json
uniform,1,no_video,1799,449,TimeBlind/videos/mcq_vid_00149_1.mp4,"In the video, do the girl and the boy pick up the same book or different books? Option A: They pick up different books. Option B: They both pick up the same book.",a,"Please provide the video or a description of the video you are referring to. Since I cannot see the video without it being attached or linked, I am unable to determine the correct answer.",a,1,,,,gemma4it_tb_uniform1_no_video.json
uniform,1,no_video,1800,450,TimeBlind/videos/mcq_vid_00150_0.mp4,"In the video, how does the first person's jump distance compare to the second person's? Option A: The first person jumps farther than the second person. Option B: The first person doesn't jump as far as the second person.",a,"Please provide the video or a description of the video you are referring to. Since I cannot see the video without it being attached or linked, I am unable to determine the correct answer.",a,1,,,,gemma4it_tb_uniform1_no_video.json
uniform,1,no_video,1801,450,TimeBlind/videos/mcq_vid_00150_1.mp4,"In the video, how does the first person's jump distance compare to the second person's? Option A: The first person jumps farther than the second person. Option B: The first person doesn't jump as far as the second person.",b,"Please provide the video or a description of the video you are referring to. Since I cannot see the video without it being attached or linked, I am unable to determine the correct answer.",a,0,,,,gemma4it_tb_uniform1_no_video.json
uniform,1,no_video,1802,450,TimeBlind/videos/mcq_vid_00150_0.mp4,"In the video, how does the first person's jump distance compare to the second person's? Option A: The first person doesn't jump as far as the second person. Option B: The first person jumps farther than the second person.",b,"Please provide the video or a description of the video you are referring to. Since I cannot see the video without it being attached or linked, I am unable to determine the correct answer.",a,0,,,,gemma4it_tb_uniform1_no_video.json
uniform,1,no_video,1803,450,TimeBlind/videos/mcq_vid_00150_1.mp4,"In the video, how does the first person's jump distance compare to the second person's? Option A: The first person doesn't jump as far as the second person. Option B: The first person jumps farther than the second person.",a,"Please provide the video or a description of the video you are referring to. Since I cannot see the video without it being attached or linked, I am unable to determine the correct answer.",a,1,,,,gemma4it_tb_uniform1_no_video.json
uniform,1,no_video,1804,451,TimeBlind/videos/mcq_vid_00151_0.mp4,"In the video, does the boy pick up the cup more times or fewer times than the girl does? Option A: The boy picks up the cup more times than the girl does. Option B: The boy picks up the cup fewer times than the girl does.",a,"Please provide the video you are referring to. Since I cannot see a video in your prompt, I am unable to determine the correct answer.",a,1,,,,gemma4it_tb_uniform1_no_video.json
uniform,1,no_video,1805,451,TimeBlind/videos/mcq_vid_00151_1.mp4,"In the video, does the boy pick up the cup more times or fewer times than the girl does? Option A: The boy picks up the cup more times than the girl does. Option B: The boy picks up the cup fewer times than the girl does.",b,"Please provide the video you are referring to. Since I cannot see a video in your prompt, I am unable to determine the correct answer.",a,0,,,,gemma4it_tb_uniform1_no_video.json
uniform,1,no_video,1806,451,TimeBlind/videos/mcq_vid_00151_0.mp4,"In the video, does the boy pick up the cup more times or fewer times than the girl does? Option A: The boy picks up the cup fewer times than the girl does. Option B: The boy picks up the cup more times than the girl does.",b,"Please provide the video you are referring to. Since I cannot see a video in your prompt, I am unable to determine the correct answer.",a,0,,,,gemma4it_tb_uniform1_no_video.json
uniform,1,no_video,1807,451,TimeBlind/videos/mcq_vid_00151_1.mp4,"In the video, does the boy pick up the cup more times or fewer times than the girl does? Option A: The boy picks up the cup fewer times than the girl does. Option B: The boy picks up the cup more times than the girl does.",a,"Please provide the video you are referring to. Since I cannot see a video in your prompt, I am unable to determine the correct answer.",a,1,,,,gemma4it_tb_uniform1_no_video.json
uniform,1,no_video,1808,452,TimeBlind/videos/mcq_vid_00152_0.mp4,"In the video, what is the person doing with the cup? Option A: Picking up the cup. Option B: Pretending to pick up the cup.",a,"Please provide the video or a link to the video you are referring to. Since I cannot see the video yet, I am unable to determine whether the person is actually picking up the cup or pretending to do so.",a,1,,,,gemma4it_tb_uniform1_no_video.json
uniform,1,no_video,1809,452,TimeBlind/videos/mcq_vid_00152_1.mp4,"In the video, what is the person doing with the cup? Option A: Picking up the cup. Option B: Pretending to pick up the cup.",b,"Please provide the video or a link to the video you are referring to. Since I cannot see the video yet, I am unable to determine whether the person is actually picking up the cup or pretending to do so.",a,0,,,,gemma4it_tb_uniform1_no_video.json
uniform,1,no_video,1810,452,TimeBlind/videos/mcq_vid_00152_0.mp4,"In the video, what is the person doing with the cup? Option A: Pretending to pick up the cup. Option B: Picking up the cup.",b,"Please provide the video or a description of the video you are referring to. Since I cannot see the video without it being provided, I cannot determine whether the correct answer is Option A or Option B.",a,0,,,,gemma4it_tb_uniform1_no_video.json
uniform,1,no_video,1811,452,TimeBlind/videos/mcq_vid_00152_1.mp4,"In the video, what is the person doing with the cup? Option A: Pretending to pick up the cup. Option B: Picking up the cup.",a,"Please provide the video or a description of the video you are referring to. Since I cannot see the video without it being provided, I cannot determine whether the correct answer is Option A or Option B.",a,1,,,,gemma4it_tb_uniform1_no_video.json
uniform,1,no_video,1812,453,TimeBlind/videos/mcq_vid_00153_0.mp4,What is being done with the hair dryer and the power outlet? Option A: Plugging the hair dryer into the power outlet. Option B: Unplugging the hair dryer from the power outlet.,a,Please provide the image or description of the scene so I can determine the correct answer.,,0,,,,gemma4it_tb_uniform1_no_video.json
uniform,1,no_video,1813,453,TimeBlind/videos/mcq_vid_00153_1.mp4,What is being done with the hair dryer and the power outlet? Option A: Plugging the hair dryer into the power outlet. Option B: Unplugging the hair dryer from the power outlet.,b,Please provide the image or description of the scene so I can determine the correct answer.,,0,,,,gemma4it_tb_uniform1_no_video.json
uniform,1,no_video,1814,453,TimeBlind/videos/mcq_vid_00153_0.mp4,What is being done with the hair dryer and the power outlet? Option A: Unplugging the hair dryer from the power outlet. Option B: Plugging the hair dryer into the power outlet.,b,Please provide the image or description of the scene so I can determine the correct answer.,,0,,,,gemma4it_tb_uniform1_no_video.json
uniform,1,no_video,1815,453,TimeBlind/videos/mcq_vid_00153_1.mp4,What is being done with the hair dryer and the power outlet? Option A: Unplugging the hair dryer from the power outlet. Option B: Plugging the hair dryer into the power outlet.,a,Please provide the image or description of the scene so I can determine the correct answer.,,0,,,,gemma4it_tb_uniform1_no_video.json
uniform,1,no_video,1816,454,TimeBlind/videos/mcq_vid_00154_0.mp4,"In the video, what is the person doing with the ball? Option A: Throwing the ball. Option B: Catching the ball.",a,"Please provide the video or a description of the video you are referring to. Since I cannot see a video unless it is attached or linked, I cannot determine whether the person is throwing or catching the ball.",a,1,,,,gemma4it_tb_uniform1_no_video.json
uniform,1,no_video,1817,454,TimeBlind/videos/mcq_vid_00154_1.mp4,"In the video, what is the person doing with the ball? Option A: Throwing the ball. Option B: Catching the ball.",b,"Please provide the video or a description of the video you are referring to. Since I cannot see a video unless it is attached or linked, I cannot determine whether the person is throwing or catching the ball.",a,0,,,,gemma4it_tb_uniform1_no_video.json
uniform,1,no_video,1818,454,TimeBlind/videos/mcq_vid_00154_0.mp4,"In the video, what is the person doing with the ball? Option A: Catching the ball. Option B: Throwing the ball.",b,"Please provide the video or a description of the video you are referring to. Since I cannot see a video unless it is attached or linked, I cannot determine whether the person is catching or throwing the ball.",a,0,,,,gemma4it_tb_uniform1_no_video.json
uniform,1,no_video,1819,454,TimeBlind/videos/mcq_vid_00154_1.mp4,"In the video, what is the person doing with the ball? Option A: Catching the ball. Option B: Throwing the ball.",a,"Please provide the video or a description of the video you are referring to. Since I cannot see a video unless it is attached or linked, I cannot determine whether the person is catching or throwing the ball.",a,1,,,,gemma4it_tb_uniform1_no_video.json
uniform,1,no_video,1820,455,TimeBlind/videos/mcq_vid_00155_0.mp4,How many times does the light turn on and off in the video? Option A: Twice. Option B: Three times.,a,"Please provide the video you are referring to. Since I cannot see a video in your prompt, I am unable to determine the correct answer.",a,1,,,,gemma4it_tb_uniform1_no_video.json
uniform,1,no_video,1821,455,TimeBlind/videos/mcq_vid_00155_1.mp4,How many times does the light turn on and off in the video? Option A: Twice. Option B: Three times.,b,"Please provide the video you are referring to. Since I cannot see a video in your prompt, I am unable to determine the correct answer.",a,0,,,,gemma4it_tb_uniform1_no_video.json
uniform,1,no_video,1822,455,TimeBlind/videos/mcq_vid_00155_0.mp4,How many times does the light turn on and off in the video? Option A: Three times. Option B: Twice.,b,"Please provide the video you are referring to. Since I cannot see a video in your prompt, I cannot determine the correct answer.",a,0,,,,gemma4it_tb_uniform1_no_video.json
uniform,1,no_video,1823,455,TimeBlind/videos/mcq_vid_00155_1.mp4,How many times does the light turn on and off in the video? Option A: Three times. Option B: Twice.,a,"Please provide the video you are referring to. Since I cannot see a video in your prompt, I cannot determine the correct answer.",a,1,,,,gemma4it_tb_uniform1_no_video.json
uniform,1,no_video,1824,456,TimeBlind/videos/mcq_vid_00156_0.mp4,"In the video, how many books does the person flip through? Option A: Two books. Option B: Three books.",a,"Please provide the video you are referring to. Since I cannot see a video in your prompt, I am unable to count the books. Once you provide the video or a link to it, I can give you the correct answer.",a,1,,,,gemma4it_tb_uniform1_no_video.json
uniform,1,no_video,1825,456,TimeBlind/videos/mcq_vid_00156_1.mp4,"In the video, how many books does the person flip through? Option A: Two books. Option B: Three books.",b,"Please provide the video you are referring to. Since I cannot see a video in your prompt, I am unable to count the books. Once you provide the video or a link to it, I can give you the correct answer.",a,0,,,,gemma4it_tb_uniform1_no_video.json
uniform,1,no_video,1826,456,TimeBlind/videos/mcq_vid_00156_0.mp4,"In the video, how many books does the person flip through? Option A: Three books. Option B: Two books.",b,"Please provide the video you are referring to! You haven't attached or linked a video to your message. Once you provide the video, I will be able to tell you whether the answer is Option A or Option B.",a,0,,,,gemma4it_tb_uniform1_no_video.json
uniform,1,no_video,1827,456,TimeBlind/videos/mcq_vid_00156_1.mp4,"In the video, how many books does the person flip through? Option A: Three books. Option B: Two books.",a,"Please provide the video you are referring to! You haven't attached or linked a video to your message. Once you provide the video, I will be able to tell you whether the answer is Option A or Option B.",a,1,,,,gemma4it_tb_uniform1_no_video.json
uniform,1,no_video,1828,457,TimeBlind/videos/mcq_vid_00157_0.mp4,"In what order does the person draw the shapes on the paper in the video? Option A: A square first, then a circle. Option B: A circle first, then a square.",a,"Please provide the video you are referring to! You haven't attached or linked a video to your message. Once you provide the video, I will be able to tell you whether the answer is Option A or Option B.",a,1,,,,gemma4it_tb_uniform1_no_video.json
uniform,1,no_video,1829,457,TimeBlind/videos/mcq_vid_00157_1.mp4,"In what order does the person draw the shapes on the paper in the video? Option A: A square first, then a circle. Option B: A circle first, then a square.",b,"Please provide the video you are referring to! You haven't attached or linked a video to your message. Once you provide the video, I will be able to tell you whether the answer is Option A or Option B.",a,0,,,,gemma4it_tb_uniform1_no_video.json
uniform,1,no_video,1830,457,TimeBlind/videos/mcq_vid_00157_0.mp4,"In what order does the person draw the shapes on the paper in the video? Option A: A circle first, then a square. Option B: A square first, then a circle.",b,"Please provide the video you are referring to! You haven't attached or linked a video to your message. Once you provide the video, I will be able to tell you whether the answer is Option A or Option B.",a,0,,,,gemma4it_tb_uniform1_no_video.json
uniform,1,no_video,1831,457,TimeBlind/videos/mcq_vid_00157_1.mp4,"In what order does the person draw the shapes on the paper in the video? Option A: A circle first, then a square. Option B: A square first, then a circle.",a,"Please provide the video you are referring to! You haven't attached or linked a video to your message. Once you provide the video, I will be able to tell you whether the answer is Option A or Option B.",a,1,,,,gemma4it_tb_uniform1_no_video.json
uniform,1,no_video,1832,458,TimeBlind/videos/mcq_vid_00158_0.mp4,"In the video, which word does the person type first? Option A: The person types ""food"" first, then ""apple"". Option B: The person types ""apple"" first, then ""food"".",a,"Please provide the video you are referring to. Since I cannot see a video in your prompt, I am unable to determine which word was typed first.",a,1,,,,gemma4it_tb_uniform1_no_video.json
uniform,1,no_video,1833,458,TimeBlind/videos/mcq_vid_00158_1.mp4,"In the video, which word does the person type first? Option A: The person types ""food"" first, then ""apple"". Option B: The person types ""apple"" first, then ""food"".",b,"Please provide the video you are referring to. Since I cannot see a video in your prompt, I am unable to determine which word was typed first.",a,0,,,,gemma4it_tb_uniform1_no_video.json
uniform,1,no_video,1834,458,TimeBlind/videos/mcq_vid_00158_0.mp4,"In the video, which word does the person type first? Option A: The person types ""apple"" first, then ""food"". Option B: The person types ""food"" first, then ""apple"".",b,"Please provide the video you are referring to. Since you haven't attached or linked a video, I cannot see what the person is typing. Once you provide the video, I will be able to tell you whether the answer is Option A or Option B.",a,0,,,,gemma4it_tb_uniform1_no_video.json
uniform,1,no_video,1835,458,TimeBlind/videos/mcq_vid_00158_1.mp4,"In the video, which word does the person type first? Option A: The person types ""apple"" first, then ""food"". Option B: The person types ""food"" first, then ""apple"".",a,"Please provide the video you are referring to. Since you haven't attached or linked a video, I cannot see what the person is typing. Once you provide the video, I will be able to tell you whether the answer is Option A or Option B.",a,1,,,,gemma4it_tb_uniform1_no_video.json
uniform,1,no_video,1836,459,TimeBlind/videos/mcq_vid_00159_0.mp4,"From the camera's perspective, which way is the ball spinning? Option A: To the left. Option B: To the right.",a,"To provide the correct answer, I need to see the video or image you are referring to. Please upload the media, and I will be happy to tell you whether the ball is spinning to the left (Option A) or to the right (Option B).",a,1,,,,gemma4it_tb_uniform1_no_video.json
uniform,1,no_video,1837,459,TimeBlind/videos/mcq_vid_00159_1.mp4,"From the camera's perspective, which way is the ball spinning? Option A: To the left. Option B: To the right.",b,"To provide the correct answer, I need to see the video or image you are referring to. Please upload the media, and I will be happy to tell you whether the ball is spinning to the left (Option A) or to the right (Option B).",a,0,,,,gemma4it_tb_uniform1_no_video.json
uniform,1,no_video,1838,459,TimeBlind/videos/mcq_vid_00159_0.mp4,"From the camera's perspective, which way is the ball spinning? Option A: To the right. Option B: To the left.",b,"To provide the correct answer, I need to see the video or image you are referring to. Please upload the media, and I will be happy to tell you if the ball is spinning to the right (Option A) or to the left (Option B).",a,0,,,,gemma4it_tb_uniform1_no_video.json
uniform,1,no_video,1839,459,TimeBlind/videos/mcq_vid_00159_1.mp4,"From the camera's perspective, which way is the ball spinning? Option A: To the right. Option B: To the left.",a,"To provide the correct answer, I need to see the video or image you are referring to. Please upload the media, and I will be happy to tell you if the ball is spinning to the right (Option A) or to the left (Option B).",a,1,,,,gemma4it_tb_uniform1_no_video.json
uniform,1,no_video,1840,460,TimeBlind/videos/mcq_vid_00160_0.mp4,"At the beginning of the video, how fast is the person jumping rope? Option A: They jump rope quickly. Option B: They jump rope slowly.",a,"Please provide the video you are referring to! You haven't attached or linked a video yet. Once you provide it, I will be able to tell you whether the answer is Option A or Option B.",a,1,,,,gemma4it_tb_uniform1_no_video.json
uniform,1,no_video,1841,460,TimeBlind/videos/mcq_vid_00160_1.mp4,"At the beginning of the video, how fast is the person jumping rope? Option A: They jump rope quickly. Option B: They jump rope slowly.",b,"Please provide the video you are referring to! You haven't attached or linked a video yet. Once you provide it, I will be able to tell you whether the answer is Option A or Option B.",a,0,,,,gemma4it_tb_uniform1_no_video.json
uniform,1,no_video,1842,460,TimeBlind/videos/mcq_vid_00160_0.mp4,"At the beginning of the video, how fast is the person jumping rope? Option A: They jump rope slowly. Option B: They jump rope quickly.",b,"Please provide the video you are referring to! You haven't attached or linked a video yet. Once you provide it, I will be able to tell you whether the answer is Option A or Option B.",a,0,,,,gemma4it_tb_uniform1_no_video.json
uniform,1,no_video,1843,460,TimeBlind/videos/mcq_vid_00160_1.mp4,"At the beginning of the video, how fast is the person jumping rope? Option A: They jump rope slowly. Option B: They jump rope quickly.",a,"Please provide the video you are referring to! You haven't attached or linked a video yet. Once you provide it, I will be able to tell you whether the answer is Option A or Option B.",a,1,,,,gemma4it_tb_uniform1_no_video.json
uniform,1,no_video,1844,461,TimeBlind/videos/mcq_vid_00161_0.mp4,"While the man is holding it, how much does the wine glass rotate? Option A: It rotates about halfway around. Option B: It rotates at least one full turn.",a,"To provide an accurate answer, I would need to see the video or image you are referring to. However, based on common physics problems or visual puzzles involving a man holding a wine glass:

If the man is holding the glass and rotating it to pour or inspect it, and the motion is continuous:
**Option B** is the most common answer in contexts where the action is described as a full rotation.

If you can provide the visual context, I can give you a definitive answer. Otherwise, please check the specific source of your question.",b,0,,,,gemma4it_tb_uniform1_no_video.json
uniform,1,no_video,1845,461,TimeBlind/videos/mcq_vid_00161_1.mp4,"While the man is holding it, how much does the wine glass rotate? Option A: It rotates about halfway around. Option B: It rotates at least one full turn.",b,"To provide an accurate answer, I would need to see the video or image you are referring to. However, based on common physics problems or visual puzzles involving a man holding a wine glass:

If the man is holding the glass and rotating it to pour or inspect it, and the motion is continuous:
**Option B** is the most common answer in contexts where the action is described as a full rotation.

If you can provide the visual context, I can give you a definitive answer. Otherwise, please check the specific source of your question.",b,1,,,,gemma4it_tb_uniform1_no_video.json
uniform,1,no_video,1846,461,TimeBlind/videos/mcq_vid_00161_0.mp4,"While the man is holding it, how much does the wine glass rotate? Option A: It rotates at least one full turn. Option B: It rotates about halfway around.",b,"To provide an accurate answer, I would need to see the image or video you are referring to. Since no visual content was provided in your message, I cannot determine the rotation of the wine glass.

Please provide the image or video, and I will be happy to help you choose between Option A and Option B.",a,0,,,,gemma4it_tb_uniform1_no_video.json
uniform,1,no_video,1847,461,TimeBlind/videos/mcq_vid_00161_1.mp4,"While the man is holding it, how much does the wine glass rotate? Option A: It rotates at least one full turn. Option B: It rotates about halfway around.",a,"To provide an accurate answer, I would need to see the image or video you are referring to. Since no visual content was provided in your message, I cannot determine the rotation of the wine glass.

Please provide the image or video, and I will be happy to help you choose between Option A and Option B.",a,1,,,,gemma4it_tb_uniform1_no_video.json
uniform,1,no_video,1848,462,TimeBlind/videos/mcq_vid_00162_0.mp4,"In the video, does the person fold the clothes into a square? Option A: They don’t finish folding the clothes into a square. Option B: They successfully fold the clothes into a square.",a,"Please provide the video you are referring to. Since I cannot see a video in your prompt, I am unable to determine the correct answer.",a,1,,,,gemma4it_tb_uniform1_no_video.json
uniform,1,no_video,1849,462,TimeBlind/videos/mcq_vid_00162_1.mp4,"In the video, does the person fold the clothes into a square? Option A: They don’t finish folding the clothes into a square. Option B: They successfully fold the clothes into a square.",b,"Please provide the video you are referring to. Since I cannot see a video in your prompt, I am unable to determine the correct answer.",a,0,,,,gemma4it_tb_uniform1_no_video.json
uniform,1,no_video,1850,462,TimeBlind/videos/mcq_vid_00162_0.mp4,"In the video, does the person fold the clothes into a square? Option A: They successfully fold the clothes into a square. Option B: They don’t finish folding the clothes into a square.",b,"Please provide the video you are referring to. Since I cannot see a video in your prompt, I am unable to determine the correct answer.",a,0,,,,gemma4it_tb_uniform1_no_video.json
uniform,1,no_video,1851,462,TimeBlind/videos/mcq_vid_00162_1.mp4,"In the video, does the person fold the clothes into a square? Option A: They successfully fold the clothes into a square. Option B: They don’t finish folding the clothes into a square.",a,"Please provide the video you are referring to. Since I cannot see a video in your prompt, I am unable to determine the correct answer.",a,1,,,,gemma4it_tb_uniform1_no_video.json
uniform,1,no_video,1852,463,TimeBlind/videos/mcq_vid_00163_0.mp4,How completely does the person in the video close the door? Option A: The person in the video fails to close the door. Option B: The person in the video fully closes the door.,a,"Please provide the video you are referring to. Since I cannot see a video in your message, I am unable to determine whether the person closes the door or not.",a,1,,,,gemma4it_tb_uniform1_no_video.json
uniform,1,no_video,1853,463,TimeBlind/videos/mcq_vid_00163_1.mp4,How completely does the person in the video close the door? Option A: The person in the video fails to close the door. Option B: The person in the video fully closes the door.,b,"Please provide the video you are referring to. Since I cannot see a video in your message, I am unable to determine whether the person closes the door or not.",a,0,,,,gemma4it_tb_uniform1_no_video.json
uniform,1,no_video,1854,463,TimeBlind/videos/mcq_vid_00163_0.mp4,How completely does the person in the video close the door? Option A: The person in the video fully closes the door. Option B: The person in the video fails to close the door.,b,"Please provide the video you are referring to. Since I cannot see a video in your message, I am unable to determine whether the person closes the door or not.",a,0,,,,gemma4it_tb_uniform1_no_video.json
uniform,1,no_video,1855,463,TimeBlind/videos/mcq_vid_00163_1.mp4,How completely does the person in the video close the door? Option A: The person in the video fully closes the door. Option B: The person in the video fails to close the door.,a,"Please provide the video you are referring to. Since I cannot see a video in your message, I am unable to determine whether the person closes the door or not.",a,1,,,,gemma4it_tb_uniform1_no_video.json
uniform,1,no_video,1856,464,TimeBlind/videos/mcq_vid_00164_0.mp4,"Between these two portrait photos, which one has the darker portrait? Option A: The portrait in the first photo is darker than the one in the second. Option B: The portrait in the second photo is darker than the one in the first.",a,"Please provide the two photos you are referring to! You haven't attached or uploaded any images yet. Once you provide them, I will be able to tell you whether Option A or Option B is correct.",a,1,,,,gemma4it_tb_uniform1_no_video.json
uniform,1,no_video,1857,464,TimeBlind/videos/mcq_vid_00164_1.mp4,"Between these two portrait photos, which one has the darker portrait? Option A: The portrait in the first photo is darker than the one in the second. Option B: The portrait in the second photo is darker than the one in the first.",b,"Please provide the two photos you are referring to! You haven't attached or uploaded any images yet. Once you provide them, I will be able to tell you whether Option A or Option B is correct.",a,0,,,,gemma4it_tb_uniform1_no_video.json
uniform,1,no_video,1858,464,TimeBlind/videos/mcq_vid_00164_0.mp4,"Between these two portrait photos, which one has the darker portrait? Option A: The portrait in the second photo is darker than the one in the first. Option B: The portrait in the first photo is darker than the one in the second.",b,"Please provide the two photos you are referring to! You haven't attached or uploaded any images yet. Once you provide them, I will be able to tell you whether Option A or Option B is correct.",a,0,,,,gemma4it_tb_uniform1_no_video.json
uniform,1,no_video,1859,464,TimeBlind/videos/mcq_vid_00164_1.mp4,"Between these two portrait photos, which one has the darker portrait? Option A: The portrait in the second photo is darker than the one in the first. Option B: The portrait in the first photo is darker than the one in the second.",a,"Please provide the two photos you are referring to! You haven't attached or uploaded any images yet. Once you provide them, I will be able to tell you whether Option A or Option B is correct.",a,1,,,,gemma4it_tb_uniform1_no_video.json
uniform,1,no_video,1860,465,TimeBlind/videos/mcq_vid_00165_0.mp4,Which person jumps higher when they take turns? Option A: The person in white. Option B: The person in black.,a,"Please provide the image or a description of the scene so I can see the people and their actions. Without the visual context, I cannot determine who jumps higher.",a,1,,,,gemma4it_tb_uniform1_no_video.json
uniform,1,no_video,1861,465,TimeBlind/videos/mcq_vid_00165_1.mp4,Which person jumps higher when they take turns? Option A: The person in white. Option B: The person in black.,b,"Please provide the image or a description of the scene so I can see the people and their actions. Without the visual context, I cannot determine who jumps higher.",a,0,,,,gemma4it_tb_uniform1_no_video.json
uniform,1,no_video,1862,465,TimeBlind/videos/mcq_vid_00165_0.mp4,Which person jumps higher when they take turns? Option A: The person in black. Option B: The person in white.,b,"To provide an accurate answer, I need to see the image or video you are referring to. Please upload the file, and I will be happy to tell you which person jumps higher.",,0,,,,gemma4it_tb_uniform1_no_video.json
uniform,1,no_video,1863,465,TimeBlind/videos/mcq_vid_00165_1.mp4,Which person jumps higher when they take turns? Option A: The person in black. Option B: The person in white.,a,"To provide an accurate answer, I need to see the image or video you are referring to. Please upload the file, and I will be happy to tell you which person jumps higher.",,0,,,,gemma4it_tb_uniform1_no_video.json
uniform,1,no_video,1864,466,TimeBlind/videos/mcq_vid_00166_0.mp4,"In the video, how does the person react when the camera is pointed at them? Option A: They greet the camera. Option B: They don't greet the camera.",a,"Please provide the video or a link to the video you are referring to. Since I cannot see the video you are watching, I am unable to determine the correct answer.",a,1,,,,gemma4it_tb_uniform1_no_video.json
uniform,1,no_video,1865,466,TimeBlind/videos/mcq_vid_00166_1.mp4,"In the video, how does the person react when the camera is pointed at them? Option A: They greet the camera. Option B: They don't greet the camera.",b,"Please provide the video or a link to the video you are referring to. Since I cannot see the video you are watching, I am unable to determine the correct answer.",a,0,,,,gemma4it_tb_uniform1_no_video.json
uniform,1,no_video,1866,466,TimeBlind/videos/mcq_vid_00166_0.mp4,"In the video, how does the person react when the camera is pointed at them? Option A: They don't greet the camera. Option B: They greet the camera.",b,"Please provide the video or a description of the video you are referring to. Since I cannot see the video without it being provided, I am unable to determine the correct answer.",a,0,,,,gemma4it_tb_uniform1_no_video.json
uniform,1,no_video,1867,466,TimeBlind/videos/mcq_vid_00166_1.mp4,"In the video, how does the person react when the camera is pointed at them? Option A: They don't greet the camera. Option B: They greet the camera.",a,"Please provide the video or a description of the video you are referring to. Since I cannot see the video without it being provided, I am unable to determine the correct answer.",a,1,,,,gemma4it_tb_uniform1_no_video.json
uniform,1,no_video,1868,467,TimeBlind/videos/mcq_vid_00167_0.mp4,How is the door closing? Option A: Gently. Option B: Forcefully.,a,Please provide the context or a description of the door's movement so I can determine the correct answer.,a,1,,,,gemma4it_tb_uniform1_no_video.json
uniform,1,no_video,1869,467,TimeBlind/videos/mcq_vid_00167_1.mp4,How is the door closing? Option A: Gently. Option B: Forcefully.,b,Please provide the context or a description of the door's movement so I can determine the correct answer.,a,0,,,,gemma4it_tb_uniform1_no_video.json
uniform,1,no_video,1870,467,TimeBlind/videos/mcq_vid_00167_0.mp4,How is the door closing? Option A: Forcefully. Option B: Gently.,b,Please provide the context or a description of the door's movement so I can determine whether it is closing forcefully or gently.,a,0,,,,gemma4it_tb_uniform1_no_video.json
uniform,1,no_video,1871,467,TimeBlind/videos/mcq_vid_00167_1.mp4,How is the door closing? Option A: Forcefully. Option B: Gently.,a,Please provide the context or a description of the door's movement so I can determine whether it is closing forcefully or gently.,a,1,,,,gemma4it_tb_uniform1_no_video.json
uniform,1,no_video,1872,468,TimeBlind/videos/mcq_vid_00168_0.mp4,Which action is performed with the lychees and the plastic bag three times? Option A: The lychees are taken out of the plastic bag three times. Option B: The lychees are put into the plastic bag three times.,a,"To provide the correct answer, I would need the context or the specific text/video you are referring to. However, based on common logic in such problems:

If the context involves **storing** or **packing** the fruit, the answer is usually **B**.
If the context involves **inspecting** or **removing** the fruit, the answer is usually **A**.

Please provide the source text for a definitive answer.",b,0,,,,gemma4it_tb_uniform1_no_video.json
uniform,1,no_video,1873,468,TimeBlind/videos/mcq_vid_00168_1.mp4,Which action is performed with the lychees and the plastic bag three times? Option A: The lychees are taken out of the plastic bag three times. Option B: The lychees are put into the plastic bag three times.,b,"To provide the correct answer, I would need the context or the specific text/video you are referring to. However, based on common logic in such problems:

If the context involves **storing** or **packing** the fruit, the answer is usually **B**.
If the context involves **inspecting** or **removing** the fruit, the answer is usually **A**.

Please provide the source text for a definitive answer.",b,1,,,,gemma4it_tb_uniform1_no_video.json
uniform,1,no_video,1874,468,TimeBlind/videos/mcq_vid_00168_0.mp4,Which action is performed with the lychees and the plastic bag three times? Option A: The lychees are put into the plastic bag three times. Option B: The lychees are taken out of the plastic bag three times.,b,"To provide the correct answer, I would need the specific text, video, or context describing the actions being performed.

However, if this is a logic puzzle or a test based on a specific source you are looking at, please provide the description. Without the context, it is impossible to determine which action occurred.",a,0,,,,gemma4it_tb_uniform1_no_video.json
uniform,1,no_video,1875,468,TimeBlind/videos/mcq_vid_00168_1.mp4,Which action is performed with the lychees and the plastic bag three times? Option A: The lychees are put into the plastic bag three times. Option B: The lychees are taken out of the plastic bag three times.,a,"To provide the correct answer, I would need the specific text, video, or context describing the actions being performed.

However, if this is a logic puzzle or a test based on a specific source you are looking at, please provide the description. Without the context, it is impossible to determine which action occurred.",a,1,,,,gemma4it_tb_uniform1_no_video.json
uniform,1,no_video,1876,469,TimeBlind/videos/mcq_vid_00169_0.mp4,How many times are the lychees put in the plastic bag? Option A: Once. Option B: Three times.,a,"To provide the correct answer, I would need to see the video, image, or text description you are referring to. Since no context was provided in your message, I cannot determine the correct option.

Please provide the source material, and I will be happy to help!",,0,,,,gemma4it_tb_uniform1_no_video.json
uniform,1,no_video,1877,469,TimeBlind/videos/mcq_vid_00169_1.mp4,How many times are the lychees put in the plastic bag? Option A: Once. Option B: Three times.,b,"To provide the correct answer, I would need to see the video, image, or text description you are referring to. Since no context was provided in your message, I cannot determine the correct option.

Please provide the source material, and I will be happy to help!",,0,,,,gemma4it_tb_uniform1_no_video.json
uniform,1,no_video,1878,469,TimeBlind/videos/mcq_vid_00169_0.mp4,How many times are the lychees put in the plastic bag? Option A: Three times. Option B: Once.,b,"To provide the correct answer, I would need to see the specific video, text, or image you are referring to. However, if this is a question from a standardized test or a specific logic puzzle where the context is missing, please provide the source.

If you are asking based on a common logic riddle or a specific observation:
**Please provide the context so I can give you the correct option.**",a,0,,,,gemma4it_tb_uniform1_no_video.json
uniform,1,no_video,1879,469,TimeBlind/videos/mcq_vid_00169_1.mp4,How many times are the lychees put in the plastic bag? Option A: Three times. Option B: Once.,a,"To provide the correct answer, I would need to see the specific video, text, or image you are referring to. However, if this is a question from a standardized test or a specific logic puzzle where the context is missing, please provide the source.

If you are asking based on a common logic riddle or a specific observation:
**Please provide the context so I can give you the correct option.**",a,1,,,,gemma4it_tb_uniform1_no_video.json
uniform,1,no_video,1880,470,TimeBlind/videos/mcq_vid_00170_0.mp4,How does the number of eggplants in the person's left hand change over time? Option A: It gradually increases from 0 to 3. Option B: It gradually decreases from 3 to 0.,a,"To provide the correct answer, I would need to see the video or image sequence you are referring to. However, based on the typical structure of these types of questions:

If the person starts with no eggplants and picks them up, the answer is **A**.
If the person starts with eggplants and puts them down, the answer is **B**.

Please provide the visual context for a definitive answer.",a,1,,,,gemma4it_tb_uniform1_no_video.json
uniform,1,no_video,1881,470,TimeBlind/videos/mcq_vid_00170_1.mp4,How does the number of eggplants in the person's left hand change over time? Option A: It gradually increases from 0 to 3. Option B: It gradually decreases from 3 to 0.,b,"To provide the correct answer, I would need to see the video or image sequence you are referring to. However, based on the typical structure of these types of questions:

If the person starts with no eggplants and picks them up, the answer is **A**.
If the person starts with eggplants and puts them down, the answer is **B**.

Please provide the visual context for a definitive answer.",a,0,,,,gemma4it_tb_uniform1_no_video.json
uniform,1,no_video,1882,470,TimeBlind/videos/mcq_vid_00170_0.mp4,How does the number of eggplants in the person's left hand change over time? Option A: It gradually decreases from 3 to 0. Option B: It gradually increases from 0 to 3.,b,"To provide the correct answer, I would need to see the video or image sequence you are referring to. However, based on the typical structure of these types of questions:

If the person starts with no eggplants and picks them up, the answer is **B**.
If the person starts with eggplants and puts them down, the answer is **A**.

Please provide the visual context for a definitive answer.",b,1,,,,gemma4it_tb_uniform1_no_video.json
uniform,1,no_video,1883,470,TimeBlind/videos/mcq_vid_00170_1.mp4,How does the number of eggplants in the person's left hand change over time? Option A: It gradually decreases from 3 to 0. Option B: It gradually increases from 0 to 3.,a,"To provide the correct answer, I would need to see the video or image sequence you are referring to. However, based on the typical structure of these types of questions:

If the person starts with no eggplants and picks them up, the answer is **B**.
If the person starts with eggplants and puts them down, the answer is **A**.

Please provide the visual context for a definitive answer.",b,0,,,,gemma4it_tb_uniform1_no_video.json
uniform,1,no_video,1884,471,TimeBlind/videos/mcq_vid_00171_0.mp4,"Is this person touching the screen? Option A: Yes, this person is touching the screen. Option B: No, this person is not touching the screen.",a,Please provide the image you are referring to so I can give you the correct answer.,,0,,,,gemma4it_tb_uniform1_no_video.json
uniform,1,no_video,1885,471,TimeBlind/videos/mcq_vid_00171_1.mp4,"Is this person touching the screen? Option A: Yes, this person is touching the screen. Option B: No, this person is not touching the screen.",b,Please provide the image you are referring to so I can give you the correct answer.,,0,,,,gemma4it_tb_uniform1_no_video.json
uniform,1,no_video,1886,471,TimeBlind/videos/mcq_vid_00171_0.mp4,"Is this person touching the screen? Option A: No, this person is not touching the screen. Option B: Yes, this person is touching the screen.",b,Please provide the image you are referring to so I can give you the correct answer.,,0,,,,gemma4it_tb_uniform1_no_video.json
uniform,1,no_video,1887,471,TimeBlind/videos/mcq_vid_00171_1.mp4,"Is this person touching the screen? Option A: No, this person is not touching the screen. Option B: Yes, this person is touching the screen.",a,Please provide the image you are referring to so I can give you the correct answer.,,0,,,,gemma4it_tb_uniform1_no_video.json
uniform,1,no_video,1888,472,TimeBlind/videos/mcq_vid_00172_0.mp4,"Over the course of the video, how many new items are added to the self-checkout screen? Option A: Two new items. Option B: Three new items.",a,"Please provide the video or a description of the video you are referring to. Since I cannot see the video without it being provided, I am unable to determine the correct answer.",a,1,,,,gemma4it_tb_uniform1_no_video.json
uniform,1,no_video,1889,472,TimeBlind/videos/mcq_vid_00172_1.mp4,"Over the course of the video, how many new items are added to the self-checkout screen? Option A: Two new items. Option B: Three new items.",b,"Please provide the video or a description of the video you are referring to. Since I cannot see the video without it being provided, I am unable to determine the correct answer.",a,0,,,,gemma4it_tb_uniform1_no_video.json
uniform,1,no_video,1890,472,TimeBlind/videos/mcq_vid_00172_0.mp4,"Over the course of the video, how many new items are added to the self-checkout screen? Option A: Three new items. Option B: Two new items.",b,"Please provide the video or a description of the video you are referring to. Since I cannot see the video without it being provided, I am unable to determine the correct answer.",a,0,,,,gemma4it_tb_uniform1_no_video.json
uniform,1,no_video,1891,472,TimeBlind/videos/mcq_vid_00172_1.mp4,"Over the course of the video, how many new items are added to the self-checkout screen? Option A: Three new items. Option B: Two new items.",a,"Please provide the video or a description of the video you are referring to. Since I cannot see the video without it being provided, I am unable to determine the correct answer.",a,1,,,,gemma4it_tb_uniform1_no_video.json
uniform,1,no_video,1892,473,TimeBlind/videos/mcq_vid_00173_0.mp4,"What happens to the racket, and in what order? Option A: It is nearly still at first, then it is shaken. Option B: It is shaken at first, then it is nearly still.",a,Option B,b,0,,,,gemma4it_tb_uniform1_no_video.json
uniform,1,no_video,1893,473,TimeBlind/videos/mcq_vid_00173_1.mp4,"What happens to the racket, and in what order? Option A: It is nearly still at first, then it is shaken. Option B: It is shaken at first, then it is nearly still.",b,Option B,b,1,,,,gemma4it_tb_uniform1_no_video.json
uniform,1,no_video,1894,473,TimeBlind/videos/mcq_vid_00173_0.mp4,"What happens to the racket, and in what order? Option A: It is shaken at first, then it is nearly still. Option B: It is nearly still at first, then it is shaken.",b,A,a,0,,,,gemma4it_tb_uniform1_no_video.json
uniform,1,no_video,1895,473,TimeBlind/videos/mcq_vid_00173_1.mp4,"What happens to the racket, and in what order? Option A: It is shaken at first, then it is nearly still. Option B: It is nearly still at first, then it is shaken.",a,A,a,1,,,,gemma4it_tb_uniform1_no_video.json
uniform,1,no_video,1896,474,TimeBlind/videos/mcq_vid_00174_0.mp4,"Does the person flip the racket while walking in the video? Option A: No, the person does not flip the racket. Option B: Yes, the person flips the racket.",a,"Please provide the video you are referring to. Since no video was attached to your message, I cannot see the actions of the person. 

Once you provide the video, I will be able to tell you if the answer is **Option A** or **Option B**.",a,1,,,,gemma4it_tb_uniform1_no_video.json
uniform,1,no_video,1897,474,TimeBlind/videos/mcq_vid_00174_1.mp4,"Does the person flip the racket while walking in the video? Option A: No, the person does not flip the racket. Option B: Yes, the person flips the racket.",b,"Please provide the video you are referring to. Since no video was attached to your message, I cannot see the actions of the person. 

Once you provide the video, I will be able to tell you if the answer is **Option A** or **Option B**.",a,0,,,,gemma4it_tb_uniform1_no_video.json
uniform,1,no_video,1898,474,TimeBlind/videos/mcq_vid_00174_0.mp4,"Does the person flip the racket while walking in the video? Option A: Yes, the person flips the racket. Option B: No, the person does not flip the racket.",b,"Please provide the video you are referring to. Since no video was attached to your message, I cannot see the action and therefore cannot determine the correct answer.",,0,,,,gemma4it_tb_uniform1_no_video.json
uniform,1,no_video,1899,474,TimeBlind/videos/mcq_vid_00174_1.mp4,"Does the person flip the racket while walking in the video? Option A: Yes, the person flips the racket. Option B: No, the person does not flip the racket.",a,"Please provide the video you are referring to. Since no video was attached to your message, I cannot see the action and therefore cannot determine the correct answer.",,0,,,,gemma4it_tb_uniform1_no_video.json
uniform,1,no_video,1900,475,TimeBlind/videos/mcq_vid_00175_0.mp4,What is the person doing as they flip the racket in the video? Option A: Standing still. Option B: Walking.,a,"Please provide the video you are referring to. Since I cannot see a video in your prompt, I am unable to determine whether the person is standing still or walking.",a,1,,,,gemma4it_tb_uniform1_no_video.json
uniform,1,no_video,1901,475,TimeBlind/videos/mcq_vid_00175_1.mp4,What is the person doing as they flip the racket in the video? Option A: Standing still. Option B: Walking.,b,"Please provide the video you are referring to. Since I cannot see a video in your prompt, I am unable to determine whether the person is standing still or walking.",a,0,,,,gemma4it_tb_uniform1_no_video.json
uniform,1,no_video,1902,475,TimeBlind/videos/mcq_vid_00175_0.mp4,What is the person doing as they flip the racket in the video? Option A: Walking. Option B: Standing still.,b,"Please provide the video you are referring to. Since I cannot see a video in your prompt, I am unable to determine whether the person is walking or standing still.",a,0,,,,gemma4it_tb_uniform1_no_video.json
uniform,1,no_video,1903,475,TimeBlind/videos/mcq_vid_00175_1.mp4,What is the person doing as they flip the racket in the video? Option A: Walking. Option B: Standing still.,a,"Please provide the video you are referring to. Since I cannot see a video in your prompt, I am unable to determine whether the person is walking or standing still.",a,1,,,,gemma4it_tb_uniform1_no_video.json
uniform,1,no_video,1904,476,TimeBlind/videos/mcq_vid_00176_0.mp4,"In total, how many shuttlecocks appear in the video? Option A: 4. Option B: 5.",a,"To provide the correct answer, I would need to see the video you are referring to. Since no video was attached to your request, I cannot count the shuttlecocks.

Please provide the video or a link to it, and I will be happy to help you choose between Option A and Option B.",a,1,,,,gemma4it_tb_uniform1_no_video.json
uniform,1,no_video,1905,476,TimeBlind/videos/mcq_vid_00176_1.mp4,"In total, how many shuttlecocks appear in the video? Option A: 4. Option B: 5.",b,"To provide the correct answer, I would need to see the video you are referring to. Since no video was attached to your request, I cannot count the shuttlecocks.

Please provide the video or a link to it, and I will be happy to help you choose between Option A and Option B.",a,0,,,,gemma4it_tb_uniform1_no_video.json
uniform,1,no_video,1906,476,TimeBlind/videos/mcq_vid_00176_0.mp4,"In total, how many shuttlecocks appear in the video? Option A: 5. Option B: 4.",b,"To provide the correct answer, I would need to see the video you are referring to. Since no video was attached to your request, I cannot count the shuttlecocks.

Please provide the video or a link to it, and I will be happy to help you choose between Option A and Option B.",a,0,,,,gemma4it_tb_uniform1_no_video.json
uniform,1,no_video,1907,476,TimeBlind/videos/mcq_vid_00176_1.mp4,"In total, how many shuttlecocks appear in the video? Option A: 5. Option B: 4.",a,"To provide the correct answer, I would need to see the video you are referring to. Since no video was attached to your request, I cannot count the shuttlecocks.

Please provide the video or a link to it, and I will be happy to help you choose between Option A and Option B.",a,1,,,,gemma4it_tb_uniform1_no_video.json
uniform,1,no_video,1908,477,TimeBlind/videos/mcq_vid_00177_0.mp4,How many times does the racket get flipped to the left? Option A: Twice. Option B: Three times.,a,"To provide the correct answer, I would need to see the video, image, or description of the sequence you are referring to. Since no media was provided in your prompt, I cannot determine the count.

Please provide the context or the media, and I will be happy to tell you if it is Option A or B.",a,1,,,,gemma4it_tb_uniform1_no_video.json
uniform,1,no_video,1909,477,TimeBlind/videos/mcq_vid_00177_1.mp4,How many times does the racket get flipped to the left? Option A: Twice. Option B: Three times.,b,"To provide the correct answer, I would need to see the video, image, or description of the sequence you are referring to. Since no media was provided in your prompt, I cannot determine the count.

Please provide the context or the media, and I will be happy to tell you if it is Option A or B.",a,0,,,,gemma4it_tb_uniform1_no_video.json
uniform,1,no_video,1910,477,TimeBlind/videos/mcq_vid_00177_0.mp4,How many times does the racket get flipped to the left? Option A: Three times. Option B: Twice.,b,"To provide the correct answer, I would need to see the video or description of the sequence you are referring to. However, based on common logic puzzles or specific media clips often associated with this question:

If this is from a specific test or video where the racket is flipped twice:
**B**",a,0,,,,gemma4it_tb_uniform1_no_video.json
uniform,1,no_video,1911,477,TimeBlind/videos/mcq_vid_00177_1.mp4,How many times does the racket get flipped to the left? Option A: Three times. Option B: Twice.,a,"To provide the correct answer, I would need to see the video or description of the sequence you are referring to. However, based on common logic puzzles or specific media clips often associated with this question:

If this is from a specific test or video where the racket is flipped twice:
**B**",a,1,,,,gemma4it_tb_uniform1_no_video.json
uniform,1,no_video,1912,478,TimeBlind/videos/mcq_vid_00178_0.mp4,How far does the racket rotate to the left before returning to its original position? Option A: It rotates about 90° to the left. Option B: It rotates about 180° to the left.,a,"To provide the correct answer, I would need to see the specific image, video, or description of the movement you are referring to.

However, if this is a question based on a standard physics or geometry problem involving a racket swinging in a full semi-circle or a specific arc:

*   If the racket swings from one side to the opposite side (like a full half-turn), the answer is **Option B (180°)**.
*   If the racket swings from a vertical position to a horizontal position (or vice versa), the answer is **Option A (90°)**.

Please provide",b,0,,,,gemma4it_tb_uniform1_no_video.json
uniform,1,no_video,1913,478,TimeBlind/videos/mcq_vid_00178_1.mp4,How far does the racket rotate to the left before returning to its original position? Option A: It rotates about 90° to the left. Option B: It rotates about 180° to the left.,b,"To provide the correct answer, I would need to see the specific image, video, or description of the movement you are referring to.

However, if this is a question based on a standard physics or geometry problem involving a racket swinging in a full semi-circle or a specific arc:

*   If the racket swings from one side to the opposite side (like a full half-turn), the answer is **Option B (180°)**.
*   If the racket swings from a vertical position to a horizontal position (or vice versa), the answer is **Option A (90°)**.

Please provide",b,1,,,,gemma4it_tb_uniform1_no_video.json
uniform,1,no_video,1914,478,TimeBlind/videos/mcq_vid_00178_0.mp4,How far does the racket rotate to the left before returning to its original position? Option A: It rotates about 180° to the left. Option B: It rotates about 90° to the left.,b,"To provide the correct answer, I would need to see the specific image, video, or description of the movement you are referring to.

However, if this is a question based on a standard physics or geometry problem involving a racket swinging in a semi-circle or a quarter-circle:

*   If it swings from one side to the opposite side, it is **Option A (180°)**.
*   If it swings from a vertical to a horizontal position (or vice versa), it is **Option B (90°)**.

Please provide the context or the visual, and I will give you the",a,0,,,,gemma4it_tb_uniform1_no_video.json
uniform,1,no_video,1915,478,TimeBlind/videos/mcq_vid_00178_1.mp4,How far does the racket rotate to the left before returning to its original position? Option A: It rotates about 180° to the left. Option B: It rotates about 90° to the left.,a,"To provide the correct answer, I would need to see the specific image, video, or description of the movement you are referring to.

However, if this is a question based on a standard physics or geometry problem involving a racket swinging in a semi-circle or a quarter-circle:

*   If it swings from one side to the opposite side, it is **Option A (180°)**.
*   If it swings from a vertical to a horizontal position (or vice versa), it is **Option B (90°)**.

Please provide the context or the visual, and I will give you the",a,1,,,,gemma4it_tb_uniform1_no_video.json
uniform,1,no_video,1916,479,TimeBlind/videos/mcq_vid_00179_0.mp4,Does the racket wobble noticeably? Option A: The racket does not wobble noticeably. Option B: The racket wobbles noticeably.,a,"To provide an accurate answer, I would need to see a video or a description of the specific racket you are referring to. Since no context or media was provided in your prompt, I cannot determine the physical behavior of the object.

Please provide the relevant information or media, and I will be happy to help!",a,1,,,,gemma4it_tb_uniform1_no_video.json
uniform,1,no_video,1917,479,TimeBlind/videos/mcq_vid_00179_1.mp4,Does the racket wobble noticeably? Option A: The racket does not wobble noticeably. Option B: The racket wobbles noticeably.,b,"To provide an accurate answer, I would need to see a video or a description of the specific racket you are referring to. Since no context or media was provided in your prompt, I cannot determine the physical behavior of the object.

Please provide the relevant information or media, and I will be happy to help!",a,0,,,,gemma4it_tb_uniform1_no_video.json
uniform,1,no_video,1918,479,TimeBlind/videos/mcq_vid_00179_0.mp4,Does the racket wobble noticeably? Option A: The racket wobbles noticeably. Option B: The racket does not wobble noticeably.,b,"To provide an accurate answer, I would need to see a video or a description of the specific racket you are referring to. Since no context or media was provided in your prompt, I cannot determine the physical behavior of the object.

Please provide the relevant information or media, and I will be happy to help!",a,0,,,,gemma4it_tb_uniform1_no_video.json
uniform,1,no_video,1919,479,TimeBlind/videos/mcq_vid_00179_1.mp4,Does the racket wobble noticeably? Option A: The racket wobbles noticeably. Option B: The racket does not wobble noticeably.,a,"To provide an accurate answer, I would need to see a video or a description of the specific racket you are referring to. Since no context or media was provided in your prompt, I cannot determine the physical behavior of the object.

Please provide the relevant information or media, and I will be happy to help!",a,1,,,,gemma4it_tb_uniform1_no_video.json
uniform,1,no_video,1920,480,TimeBlind/videos/mcq_vid_00180_0.mp4,What is the person doing as they turn the racket? Option A: Standing still. Option B: Walking.,a,"To provide the correct answer, I would need to see the image or video you are referring to. However, based on typical contexts for such questions:

If the person is performing a sports action (like a tennis serve or a badminton stroke) and the focus is on the movement of the racket, they are often **Option A: Standing still** (or in a stable stance).

If you can provide the image, I can give you the definitive answer.",a,1,,,,gemma4it_tb_uniform1_no_video.json
uniform,1,no_video,1921,480,TimeBlind/videos/mcq_vid_00180_1.mp4,What is the person doing as they turn the racket? Option A: Standing still. Option B: Walking.,b,"To provide the correct answer, I would need to see the image or video you are referring to. However, based on typical contexts for such questions:

If the person is performing a sports action (like a tennis serve or a badminton stroke) and the focus is on the movement of the racket, they are often **Option A: Standing still** (or in a stable stance).

If you can provide the image, I can give you the definitive answer.",a,0,,,,gemma4it_tb_uniform1_no_video.json
uniform,1,no_video,1922,480,TimeBlind/videos/mcq_vid_00180_0.mp4,What is the person doing as they turn the racket? Option A: Walking. Option B: Standing still.,b,"To provide the correct answer, I would need to see the image or video you are referring to. However, based on the typical context of such questions:

If the person is in motion, the answer is **A**.
If the person is stationary, the answer is **B**.

Please provide the visual context for a definitive answer.",a,0,,,,gemma4it_tb_uniform1_no_video.json
uniform,1,no_video,1923,480,TimeBlind/videos/mcq_vid_00180_1.mp4,What is the person doing as they turn the racket? Option A: Walking. Option B: Standing still.,a,"To provide the correct answer, I would need to see the image or video you are referring to. However, based on the typical context of such questions:

If the person is in motion, the answer is **A**.
If the person is stationary, the answer is **B**.

Please provide the visual context for a definitive answer.",a,1,,,,gemma4it_tb_uniform1_no_video.json
uniform,1,no_video,1924,481,TimeBlind/videos/mcq_vid_00181_0.mp4,"What does the person do first? Option A: They rotate the racket first, then move forward. Option B: They move forward first, then rotate the racket.",a,"Please provide the text, video, or context describing the action you are referring to. Without the source material, I cannot determine which action occurs first.",,0,,,,gemma4it_tb_uniform1_no_video.json
uniform,1,no_video,1925,481,TimeBlind/videos/mcq_vid_00181_1.mp4,"What does the person do first? Option A: They rotate the racket first, then move forward. Option B: They move forward first, then rotate the racket.",b,"Please provide the text, video, or context describing the action you are referring to. Without the source material, I cannot determine which action occurs first.",,0,,,,gemma4it_tb_uniform1_no_video.json
uniform,1,no_video,1926,481,TimeBlind/videos/mcq_vid_00181_0.mp4,"What does the person do first? Option A: They move forward first, then rotate the racket. Option B: They rotate the racket first, then move forward.",b,"Please provide the text, video, or description of the action you are referring to so I can determine the correct answer.",,0,,,,gemma4it_tb_uniform1_no_video.json
uniform,1,no_video,1927,481,TimeBlind/videos/mcq_vid_00181_1.mp4,"What does the person do first? Option A: They move forward first, then rotate the racket. Option B: They rotate the racket first, then move forward.",a,"Please provide the text, video, or description of the action you are referring to so I can determine the correct answer.",,0,,,,gemma4it_tb_uniform1_no_video.json
uniform,1,no_video,1928,482,TimeBlind/videos/mcq_vid_00182_0.mp4,Is the player's badminton racket touching the net? Option A: The racket does not appear to be touching the net. Option B: The racket is clearly touching the net.,a,"To provide an accurate answer, I would need to see the image or video you are referring to. Please provide the visual content, and I will be happy to tell you if the racket is touching the net.",,0,,,,gemma4it_tb_uniform1_no_video.json
uniform,1,no_video,1929,482,TimeBlind/videos/mcq_vid_00182_1.mp4,Is the player's badminton racket touching the net? Option A: The racket does not appear to be touching the net. Option B: The racket is clearly touching the net.,b,"To provide an accurate answer, I would need to see the image or video you are referring to. Please provide the visual content, and I will be happy to tell you if the racket is touching the net.",,0,,,,gemma4it_tb_uniform1_no_video.json
uniform,1,no_video,1930,482,TimeBlind/videos/mcq_vid_00182_0.mp4,Is the player's badminton racket touching the net? Option A: The racket is clearly touching the net. Option B: The racket does not appear to be touching the net.,b,"To provide an accurate answer, I would need to see the image or video you are referring to. Please provide the visual content, and I will be happy to tell you if the answer is Option A or Option B.",a,0,,,,gemma4it_tb_uniform1_no_video.json
uniform,1,no_video,1931,482,TimeBlind/videos/mcq_vid_00182_1.mp4,Is the player's badminton racket touching the net? Option A: The racket is clearly touching the net. Option B: The racket does not appear to be touching the net.,a,"To provide an accurate answer, I would need to see the image or video you are referring to. Please provide the visual content, and I will be happy to tell you if the answer is Option A or Option B.",a,1,,,,gemma4it_tb_uniform1_no_video.json
uniform,1,no_video,1932,483,TimeBlind/videos/mcq_vid_00183_0.mp4,How many times does the person swing the racket in the video? Option A: Three times. Option B: Four times.,a,"Please provide the video you are referring to. Since I cannot see a video in your message, I am unable to count the swings. Once you provide the video or a link to it, I can give you the correct answer.",a,1,,,,gemma4it_tb_uniform1_no_video.json
uniform,1,no_video,1933,483,TimeBlind/videos/mcq_vid_00183_1.mp4,How many times does the person swing the racket in the video? Option A: Three times. Option B: Four times.,b,"Please provide the video you are referring to. Since I cannot see a video in your message, I am unable to count the swings. Once you provide the video or a link to it, I can give you the correct answer.",a,0,,,,gemma4it_tb_uniform1_no_video.json
uniform,1,no_video,1934,483,TimeBlind/videos/mcq_vid_00183_0.mp4,How many times does the person swing the racket in the video? Option A: Four times. Option B: Three times.,b,"Please provide the video you are referring to! You haven't attached or linked a video to your message. Once you provide the video, I will be able to count the swings and give you the correct option.",a,0,,,,gemma4it_tb_uniform1_no_video.json
uniform,1,no_video,1935,483,TimeBlind/videos/mcq_vid_00183_1.mp4,How many times does the person swing the racket in the video? Option A: Four times. Option B: Three times.,a,"Please provide the video you are referring to! You haven't attached or linked a video to your message. Once you provide the video, I will be able to count the swings and give you the correct option.",a,1,,,,gemma4it_tb_uniform1_no_video.json
uniform,1,no_video,1936,484,TimeBlind/videos/mcq_vid_00184_0.mp4,How far does the ball travel on the first hit compared with the second? Option A: The ball travels a shorter distance on the first hit than on the second. Option B: The ball travels a longer distance on the first hit than on the second.,a,"To provide the correct answer, I need to see the image or the description of the scenario you are referring to (e.g., a physics problem involving a ball being hit with different forces, angles, or speeds).

However, if this is a standard physics problem where the **second hit** involves a **greater force** or a **more optimal angle** (closer to 45 degrees) than the first hit, the answer is usually **Option A**.

If you can provide the details or the image, I can give you the definitive answer.",a,1,,,,gemma4it_tb_uniform1_no_video.json
uniform,1,no_video,1937,484,TimeBlind/videos/mcq_vid_00184_1.mp4,How far does the ball travel on the first hit compared with the second? Option A: The ball travels a shorter distance on the first hit than on the second. Option B: The ball travels a longer distance on the first hit than on the second.,b,"To provide the correct answer, I need to see the image or the description of the scenario you are referring to (e.g., a physics problem involving a ball being hit with different forces, angles, or speeds).

However, if this is a standard physics problem where the **second hit** involves a **greater force** or a **more optimal angle** (closer to 45 degrees) than the first hit, the answer is usually **Option A**.

If you can provide the details or the image, I can give you the definitive answer.",a,0,,,,gemma4it_tb_uniform1_no_video.json
uniform,1,no_video,1938,484,TimeBlind/videos/mcq_vid_00184_0.mp4,How far does the ball travel on the first hit compared with the second? Option A: The ball travels a longer distance on the first hit than on the second. Option B: The ball travels a shorter distance on the first hit than on the second.,b,"To provide the correct answer, I need to see the image or the description of the scenario you are referring to.

However, if this is a standard physics or logic problem involving a ball being hit twice (for example, a ball hit into a wall and bouncing back, or a ball hit with decreasing force), please provide the context.

**Please upload the image or describe the situation so I can give you the correct option.**",a,0,,,,gemma4it_tb_uniform1_no_video.json
uniform,1,no_video,1939,484,TimeBlind/videos/mcq_vid_00184_1.mp4,How far does the ball travel on the first hit compared with the second? Option A: The ball travels a longer distance on the first hit than on the second. Option B: The ball travels a shorter distance on the first hit than on the second.,a,"To provide the correct answer, I need to see the image or the description of the scenario you are referring to.

However, if this is a standard physics or logic problem involving a ball being hit twice (for example, a ball hit into a wall and bouncing back, or a ball hit with decreasing force), please provide the context.

**Please upload the image or describe the situation so I can give you the correct option.**",a,1,,,,gemma4it_tb_uniform1_no_video.json
uniform,1,no_video,1940,485,TimeBlind/videos/mcq_vid_00185_0.mp4,"In the video, how does the height of the second shot compare to the distance of the first shot? Option A: The height of the second shot is less than the distance of the first shot. Option B: The height of the second shot is greater than the distance of the first shot.",a,"Please provide the video or a description of the shots you are referring to. Since no video was attached to your message, I cannot see the content to determine the correct answer.",a,1,,,,gemma4it_tb_uniform1_no_video.json
uniform,1,no_video,1941,485,TimeBlind/videos/mcq_vid_00185_1.mp4,"In the video, how does the height of the second shot compare to the distance of the first shot? Option A: The height of the second shot is less than the distance of the first shot. Option B: The height of the second shot is greater than the distance of the first shot.",b,"Please provide the video or a description of the shots you are referring to. Since no video was attached to your message, I cannot see the content to determine the correct answer.",a,0,,,,gemma4it_tb_uniform1_no_video.json
uniform,1,no_video,1942,485,TimeBlind/videos/mcq_vid_00185_0.mp4,"In the video, how does the height of the second shot compare to the distance of the first shot? Option A: The height of the second shot is greater than the distance of the first shot. Option B: The height of the second shot is less than the distance of the first shot.",b,"Please provide the video or a description of the shots you are referring to. Since no video was attached to your message, I cannot see the content to determine the correct answer.",a,0,,,,gemma4it_tb_uniform1_no_video.json
uniform,1,no_video,1943,485,TimeBlind/videos/mcq_vid_00185_1.mp4,"In the video, how does the height of the second shot compare to the distance of the first shot? Option A: The height of the second shot is greater than the distance of the first shot. Option B: The height of the second shot is less than the distance of the first shot.",a,"Please provide the video or a description of the shots you are referring to. Since no video was attached to your message, I cannot see the content to determine the correct answer.",a,1,,,,gemma4it_tb_uniform1_no_video.json
uniform,1,no_video,1944,486,TimeBlind/videos/mcq_vid_00186_0.mp4,What happens on the man’s first and second swings? Option A: He hits the ball on his first swing but misses on his second. Option B: He misses on his first swing but hits the ball on his second.,a,"thought
<channel|>Please provide the text, image, or context describing the man's actions. Without the source material, I cannot determine whether the answer is A or B.",a,1,,,,gemma4it_tb_uniform1_no_video.json
uniform,1,no_video,1945,486,TimeBlind/videos/mcq_vid_00186_1.mp4,What happens on the man’s first and second swings? Option A: He hits the ball on his first swing but misses on his second. Option B: He misses on his first swing but hits the ball on his second.,b,"thought
<channel|>Please provide the text, image, or context describing the man's actions. Without the source material, I cannot determine whether the answer is A or B.",a,0,,,,gemma4it_tb_uniform1_no_video.json
uniform,1,no_video,1946,486,TimeBlind/videos/mcq_vid_00186_0.mp4,What happens on the man’s first and second swings? Option A: He misses on his first swing but hits the ball on his second. Option B: He hits the ball on his first swing but misses on his second.,b,"thought
<channel|>Please provide the text or context describing the man's swings so I can determine the correct answer. Without the source material, I cannot identify which option is correct.",,0,,,,gemma4it_tb_uniform1_no_video.json
uniform,1,no_video,1947,486,TimeBlind/videos/mcq_vid_00186_1.mp4,What happens on the man’s first and second swings? Option A: He misses on his first swing but hits the ball on his second. Option B: He hits the ball on his first swing but misses on his second.,a,"thought
<channel|>Please provide the text or context describing the man's swings so I can determine the correct answer. Without the source material, I cannot identify which option is correct.",,0,,,,gemma4it_tb_uniform1_no_video.json
uniform,1,no_video,1948,487,TimeBlind/videos/mcq_vid_00187_0.mp4,"In the video, how many times does the player hit the ball with the racket? Option A: He hits the ball four times. Option B: He hits the ball five times.",a,"Please provide the video you are referring to. Since I cannot see a video in your prompt, I am unable to count the hits. Once you provide the video or a link to it, I can give you the correct answer.",a,1,,,,gemma4it_tb_uniform1_no_video.json
uniform,1,no_video,1949,487,TimeBlind/videos/mcq_vid_00187_1.mp4,"In the video, how many times does the player hit the ball with the racket? Option A: He hits the ball four times. Option B: He hits the ball five times.",b,"Please provide the video you are referring to. Since I cannot see a video in your prompt, I am unable to count the hits. Once you provide the video or a link to it, I can give you the correct answer.",a,0,,,,gemma4it_tb_uniform1_no_video.json
uniform,1,no_video,1950,487,TimeBlind/videos/mcq_vid_00187_0.mp4,"In the video, how many times does the player hit the ball with the racket? Option A: He hits the ball five times. Option B: He hits the ball four times.",b,"Please provide the video you are referring to! You haven't attached or linked a video to your message. 

Once you provide the video, I will be able to count the hits and tell you whether the answer is **Option A** or **Option B**.",a,0,,,,gemma4it_tb_uniform1_no_video.json
uniform,1,no_video,1951,487,TimeBlind/videos/mcq_vid_00187_1.mp4,"In the video, how many times does the player hit the ball with the racket? Option A: He hits the ball five times. Option B: He hits the ball four times.",a,"Please provide the video you are referring to! You haven't attached or linked a video to your message. 

Once you provide the video, I will be able to count the hits and tell you whether the answer is **Option A** or **Option B**.",a,1,,,,gemma4it_tb_uniform1_no_video.json
uniform,1,no_video,1952,488,TimeBlind/videos/mcq_vid_00188_0.mp4,Does the person catch the falling shuttlecock with their hand? Option A: The person successfully catches the falling shuttlecock with their hand. Option B: The person does not catch the falling shuttlecock with their hand.,a,Please provide the video or image you are referring to so I can see the action and give you the correct answer.,,0,,,,gemma4it_tb_uniform1_no_video.json
uniform,1,no_video,1953,488,TimeBlind/videos/mcq_vid_00188_1.mp4,Does the person catch the falling shuttlecock with their hand? Option A: The person successfully catches the falling shuttlecock with their hand. Option B: The person does not catch the falling shuttlecock with their hand.,b,Please provide the video or image you are referring to so I can see the action and give you the correct answer.,,0,,,,gemma4it_tb_uniform1_no_video.json
uniform,1,no_video,1954,488,TimeBlind/videos/mcq_vid_00188_0.mp4,Does the person catch the falling shuttlecock with their hand? Option A: The person does not catch the falling shuttlecock with their hand. Option B: The person successfully catches the falling shuttlecock with their hand.,b,"To provide an accurate answer, I need to see the video or image you are referring to. Please provide the media, and I will be happy to tell you whether the answer is Option A or Option B.",a,0,,,,gemma4it_tb_uniform1_no_video.json
uniform,1,no_video,1955,488,TimeBlind/videos/mcq_vid_00188_1.mp4,Does the person catch the falling shuttlecock with their hand? Option A: The person does not catch the falling shuttlecock with their hand. Option B: The person successfully catches the falling shuttlecock with their hand.,a,"To provide an accurate answer, I need to see the video or image you are referring to. Please provide the media, and I will be happy to tell you whether the answer is Option A or Option B.",a,1,,,,gemma4it_tb_uniform1_no_video.json
uniform,1,no_video,1956,489,TimeBlind/videos/mcq_vid_00189_0.mp4,How many shuttlecocks does the person end up holding? Option A: 4. Option B: 3.,a,"To provide the correct answer, I would need the context or the description of the problem you are referring to (e.g., a word problem or a video description).

However, if this is a common logic puzzle where a person starts with a certain number and gives some away or picks some up, please provide the text.

If you are asking me to choose based on a specific missing prompt, please provide it. Otherwise, I cannot determine which option is correct.",a,1,,,,gemma4it_tb_uniform1_no_video.json
uniform,1,no_video,1957,489,TimeBlind/videos/mcq_vid_00189_1.mp4,How many shuttlecocks does the person end up holding? Option A: 4. Option B: 3.,b,"To provide the correct answer, I would need the context or the description of the problem you are referring to (e.g., a word problem or a video description).

However, if this is a common logic puzzle where a person starts with a certain number and gives some away or picks some up, please provide the text.

If you are asking me to choose based on a specific missing prompt, please provide it. Otherwise, I cannot determine which option is correct.",a,0,,,,gemma4it_tb_uniform1_no_video.json
uniform,1,no_video,1958,489,TimeBlind/videos/mcq_vid_00189_0.mp4,How many shuttlecocks does the person end up holding? Option A: 3. Option B: 4.,b,"To provide the correct answer, I would need the context or the description of the problem you are referring to (e.g., a word problem or a video description).

However, if this is a common logic puzzle where a person starts with a certain amount and gains/loses others, please provide the text.

If you are asking me to choose based on a specific missing prompt, please provide it. Otherwise, I cannot determine if it is A or B.",a,0,,,,gemma4it_tb_uniform1_no_video.json
uniform,1,no_video,1959,489,TimeBlind/videos/mcq_vid_00189_1.mp4,How many shuttlecocks does the person end up holding? Option A: 3. Option B: 4.,a,"To provide the correct answer, I would need the context or the description of the problem you are referring to (e.g., a word problem or a video description).

However, if this is a common logic puzzle where a person starts with a certain amount and gains/loses others, please provide the text.

If you are asking me to choose based on a specific missing prompt, please provide it. Otherwise, I cannot determine if it is A or B.",a,1,,,,gemma4it_tb_uniform1_no_video.json
uniform,1,no_video,1960,490,TimeBlind/videos/mcq_vid_00190_0.mp4,"While the person is picking up the shuttlecocks, does any shuttlecock slip out of his hand and fall? Option A: None of the shuttlecocks fall from his hand while he’s picking them up. Option B: One shuttlecock slips from his hand and falls while he’s picking them up.",a,"To provide an accurate answer, I would need to see the video or description of the scene you are referring to. Since no media was provided in your prompt, I cannot determine the outcome.

Please provide the video or a detailed description of the action.",a,1,,,,gemma4it_tb_uniform1_no_video.json
uniform,1,no_video,1961,490,TimeBlind/videos/mcq_vid_00190_1.mp4,"While the person is picking up the shuttlecocks, does any shuttlecock slip out of his hand and fall? Option A: None of the shuttlecocks fall from his hand while he’s picking them up. Option B: One shuttlecock slips from his hand and falls while he’s picking them up.",b,"To provide an accurate answer, I would need to see the video or description of the scene you are referring to. Since no media was provided in your prompt, I cannot determine the outcome.

Please provide the video or a detailed description of the action.",a,0,,,,gemma4it_tb_uniform1_no_video.json
uniform,1,no_video,1962,490,TimeBlind/videos/mcq_vid_00190_0.mp4,"While the person is picking up the shuttlecocks, does any shuttlecock slip out of his hand and fall? Option A: One shuttlecock slips from his hand and falls while he’s picking them up. Option B: None of the shuttlecocks fall from his hand while he’s picking them up.",b,"To provide an accurate answer, I would need to see the video or description of the scene you are referring to. Since no media was provided in your prompt, I cannot determine which option is correct.

Please provide the video or a detailed description of the action.",a,0,,,,gemma4it_tb_uniform1_no_video.json
uniform,1,no_video,1963,490,TimeBlind/videos/mcq_vid_00190_1.mp4,"While the person is picking up the shuttlecocks, does any shuttlecock slip out of his hand and fall? Option A: One shuttlecock slips from his hand and falls while he’s picking them up. Option B: None of the shuttlecocks fall from his hand while he’s picking them up.",a,"To provide an accurate answer, I would need to see the video or description of the scene you are referring to. Since no media was provided in your prompt, I cannot determine which option is correct.

Please provide the video or a detailed description of the action.",a,1,,,,gemma4it_tb_uniform1_no_video.json
uniform,1,no_video,1964,491,TimeBlind/videos/mcq_vid_00191_0.mp4,Which color does the sphere stay for longer? Option A: It stays red longer than it stays yellow. Option B: It stays yellow longer than it stays red.,a,"To provide an accurate answer, I would need to see the video or image sequence you are referring to, as you haven't provided the media.

However, if this is a question based on a specific common test or a video you intended to attach, please provide the link or description.

If you are asking me to choose based on a hypothetical scenario where no data is provided, I cannot make a determination. Please provide the visual context!",a,1,,,,gemma4it_tb_uniform1_no_video.json
uniform,1,no_video,1965,491,TimeBlind/videos/mcq_vid_00191_1.mp4,Which color does the sphere stay for longer? Option A: It stays red longer than it stays yellow. Option B: It stays yellow longer than it stays red.,b,"To provide an accurate answer, I would need to see the video or image sequence you are referring to, as you haven't provided the media.

However, if this is a question based on a specific common test or a video you intended to attach, please provide the link or description.

If you are asking me to choose based on a hypothetical scenario where no data is provided, I cannot make a determination. Please provide the visual context!",a,0,,,,gemma4it_tb_uniform1_no_video.json
uniform,1,no_video,1966,491,TimeBlind/videos/mcq_vid_00191_0.mp4,Which color does the sphere stay for longer? Option A: It stays yellow longer than it stays red. Option B: It stays red longer than it stays yellow.,b,"To provide an accurate answer, I would need to see the video or image sequence you are referring to, as you haven't provided the media.

However, if this is a common logic puzzle or a specific test question where the sphere changes colors:

*   If the sphere is **red** for a majority of the duration, the answer is **B**.
*   If the sphere is **yellow** for a majority of the duration, the answer is **A**.

Please provide the video or describe the timing, and I will give you the correct letter.",a,0,,,,gemma4it_tb_uniform1_no_video.json
uniform,1,no_video,1967,491,TimeBlind/videos/mcq_vid_00191_1.mp4,Which color does the sphere stay for longer? Option A: It stays yellow longer than it stays red. Option B: It stays red longer than it stays yellow.,a,"To provide an accurate answer, I would need to see the video or image sequence you are referring to, as you haven't provided the media.

However, if this is a common logic puzzle or a specific test question where the sphere changes colors:

*   If the sphere is **red** for a majority of the duration, the answer is **B**.
*   If the sphere is **yellow** for a majority of the duration, the answer is **A**.

Please provide the video or describe the timing, and I will give you the correct letter.",a,1,,,,gemma4it_tb_uniform1_no_video.json
uniform,1,no_video,1968,492,TimeBlind/videos/mcq_vid_00192_0.mp4,How do the two 3D shapes change color? Option A: Suddenly. Option B: Gradually.,a,Please provide the image or a description of the animation you are referring to so I can give you the correct answer.,a,1,,,,gemma4it_tb_uniform1_no_video.json
uniform,1,no_video,1969,492,TimeBlind/videos/mcq_vid_00192_1.mp4,How do the two 3D shapes change color? Option A: Suddenly. Option B: Gradually.,b,Please provide the image or a description of the animation you are referring to so I can give you the correct answer.,a,0,,,,gemma4it_tb_uniform1_no_video.json
uniform,1,no_video,1970,492,TimeBlind/videos/mcq_vid_00192_0.mp4,How do the two 3D shapes change color? Option A: Gradually. Option B: Suddenly.,b,"Please provide the image or description of the 3D shapes you are referring to, as there is no context provided in your message. Once you provide the visual or description, I can tell you if the change is Option A or Option B.",a,0,,,,gemma4it_tb_uniform1_no_video.json
uniform,1,no_video,1971,492,TimeBlind/videos/mcq_vid_00192_1.mp4,How do the two 3D shapes change color? Option A: Gradually. Option B: Suddenly.,a,"Please provide the image or description of the 3D shapes you are referring to, as there is no context provided in your message. Once you provide the visual or description, I can tell you if the change is Option A or Option B.",a,1,,,,gemma4it_tb_uniform1_no_video.json
uniform,1,no_video,1972,493,TimeBlind/videos/mcq_vid_00193_0.mp4,How do the cube and the sphere compare in how long they take to change color? Option A: The cube and the sphere take the same amount of time to change color. Option B: The cube takes longer to change color than the sphere.,a,"To provide a definitive answer, I would need to see the specific context, video, or description of the experiment you are referring to.

However, in most physics or logic problems involving these two shapes:
*   If they are made of the same material and are the same size, they usually change color at the same rate (**Option A**).
*   If the cube has a larger surface area relative to its volume or a different heat distribution, it might differ (**Option B**).

**Please provide the context or the source material so I can give you the correct letter.**",a,1,,,,gemma4it_tb_uniform1_no_video.json
uniform,1,no_video,1973,493,TimeBlind/videos/mcq_vid_00193_1.mp4,How do the cube and the sphere compare in how long they take to change color? Option A: The cube and the sphere take the same amount of time to change color. Option B: The cube takes longer to change color than the sphere.,b,"To provide a definitive answer, I would need to see the specific context, video, or description of the experiment you are referring to.

However, in most physics or logic problems involving these two shapes:
*   If they are made of the same material and are the same size, they usually change color at the same rate (**Option A**).
*   If the cube has a larger surface area relative to its volume or a different heat distribution, it might differ (**Option B**).

**Please provide the context or the source material so I can give you the correct letter.**",a,0,,,,gemma4it_tb_uniform1_no_video.json
uniform,1,no_video,1974,493,TimeBlind/videos/mcq_vid_00193_0.mp4,How do the cube and the sphere compare in how long they take to change color? Option A: The cube takes longer to change color than the sphere. Option B: The cube and the sphere take the same amount of time to change color.,b,"To provide a definitive answer, I would need to see the specific video, image, or description of the experiment you are referring to.

However, in most standard physics or logic problems involving these two shapes:

*   If the shapes are made of the same material and are the same size, they usually change color at the **same rate** (Option B).
*   If the cube has a larger surface area relative to its volume or a different material property, it might differ.

**Please provide the context or the source material so I can give you the correct letter.**",b,1,,,,gemma4it_tb_uniform1_no_video.json
uniform,1,no_video,1975,493,TimeBlind/videos/mcq_vid_00193_1.mp4,How do the cube and the sphere compare in how long they take to change color? Option A: The cube takes longer to change color than the sphere. Option B: The cube and the sphere take the same amount of time to change color.,a,"To provide a definitive answer, I would need to see the specific video, image, or description of the experiment you are referring to.

However, in most standard physics or logic problems involving these two shapes:

*   If the shapes are made of the same material and are the same size, they usually change color at the **same rate** (Option B).
*   If the cube has a larger surface area relative to its volume or a different material property, it might differ.

**Please provide the context or the source material so I can give you the correct letter.**",b,0,,,,gemma4it_tb_uniform1_no_video.json
uniform,1,no_video,1976,494,TimeBlind/videos/mcq_vid_00194_0.mp4,How do the cube and the sphere change color in relation to each other? Option A: The sphere starts changing color right after the cube finishes. Option B: Their color changes overlap for a while.,a,"To provide the correct answer, I would need to see the video or description of the animation you are referring to.

However, if this is a question based on a specific standardized test or a known visual puzzle:

**Please provide the video or context.**

If you are asking me to choose based on a common pattern in these types of logic tests, please provide the source. Without the visual input, I cannot determine if the transitions are sequential (A) or simultaneous (B).",a,1,,,,gemma4it_tb_uniform1_no_video.json
uniform,1,no_video,1977,494,TimeBlind/videos/mcq_vid_00194_1.mp4,How do the cube and the sphere change color in relation to each other? Option A: The sphere starts changing color right after the cube finishes. Option B: Their color changes overlap for a while.,b,"To provide the correct answer, I would need to see the video or description of the animation you are referring to.

However, if this is a question based on a specific standardized test or a known visual puzzle:

**Please provide the video or context.**

If you are asking me to choose based on a common pattern in these types of logic tests, please provide the source. Without the visual input, I cannot determine if the transitions are sequential (A) or simultaneous (B).",a,0,,,,gemma4it_tb_uniform1_no_video.json
uniform,1,no_video,1978,494,TimeBlind/videos/mcq_vid_00194_0.mp4,How do the cube and the sphere change color in relation to each other? Option A: Their color changes overlap for a while. Option B: The sphere starts changing color right after the cube finishes.,b,"To provide the correct answer, I would need to see the video or description of the animation you are referring to. However, based on common logic in these types of visual reasoning tests:

If the objects change colors simultaneously or during the same time frame, the answer is **Option A**.
If there is a distinct sequence where one finishes before the other begins, the answer is **Option B**.

Please provide the visual context if you would like a definitive answer.",a,0,,,,gemma4it_tb_uniform1_no_video.json
uniform,1,no_video,1979,494,TimeBlind/videos/mcq_vid_00194_1.mp4,How do the cube and the sphere change color in relation to each other? Option A: Their color changes overlap for a while. Option B: The sphere starts changing color right after the cube finishes.,a,"To provide the correct answer, I would need to see the video or description of the animation you are referring to. However, based on common logic in these types of visual reasoning tests:

If the objects change colors simultaneously or during the same time frame, the answer is **Option A**.
If there is a distinct sequence where one finishes before the other begins, the answer is **Option B**.

Please provide the visual context if you would like a definitive answer.",a,1,,,,gemma4it_tb_uniform1_no_video.json
uniform,1,no_video,1980,495,TimeBlind/videos/mcq_vid_00195_0.mp4,How does the timing of the color change compare between the left and right objects? Option A: The left and right objects change color at the same time. Option B: The left object starts changing color before the right object.,a,"To provide an accurate answer, I would need to see the specific image or video you are referring to. However, based on the structure of your question, it appears you are asking for a comparison of a visual stimulus.

If you can provide the image or describe the sequence, I can give you the correct option. If this is a test of a specific video where the left object reacts first, the answer is typically **B**. If they are synchronized, the answer is **A**.

Please provide the visual context for a definitive answer.",a,1,,,,gemma4it_tb_uniform1_no_video.json
uniform,1,no_video,1981,495,TimeBlind/videos/mcq_vid_00195_1.mp4,How does the timing of the color change compare between the left and right objects? Option A: The left and right objects change color at the same time. Option B: The left object starts changing color before the right object.,b,"To provide an accurate answer, I would need to see the specific image or video you are referring to. However, based on the structure of your question, it appears you are asking for a comparison of a visual stimulus.

If you can provide the image or describe the sequence, I can give you the correct option. If this is a test of a specific video where the left object reacts first, the answer is typically **B**. If they are synchronized, the answer is **A**.

Please provide the visual context for a definitive answer.",a,0,,,,gemma4it_tb_uniform1_no_video.json
uniform,1,no_video,1982,495,TimeBlind/videos/mcq_vid_00195_0.mp4,How does the timing of the color change compare between the left and right objects? Option A: The left object starts changing color before the right object. Option B: The left and right objects change color at the same time.,b,"To provide an accurate answer, I would need to see the image or video you are referring to. Since no visual content was provided in your message, I cannot determine the timing of the color change.

Please upload the media, and I will be happy to tell you if the answer is **A** or **B**.",a,0,,,,gemma4it_tb_uniform1_no_video.json
uniform,1,no_video,1983,495,TimeBlind/videos/mcq_vid_00195_1.mp4,How does the timing of the color change compare between the left and right objects? Option A: The left object starts changing color before the right object. Option B: The left and right objects change color at the same time.,a,"To provide an accurate answer, I would need to see the image or video you are referring to. Since no visual content was provided in your message, I cannot determine the timing of the color change.

Please upload the media, and I will be happy to tell you if the answer is **A** or **B**.",a,1,,,,gemma4it_tb_uniform1_no_video.json
uniform,1,no_video,1984,496,TimeBlind/videos/mcq_vid_00196_0.mp4,Which object finishes changing color first? Option A: The cube finishes changing color before the sphere does. Option B: The cube finishes changing color after the sphere does.,a,"To provide the correct answer, I need to see the video or description of the objects changing color. Since no media was provided in your prompt, please provide the video or a description of the sequence.

However, if this is a logic test based on a specific provided context I cannot see, please provide that context. Otherwise, I cannot determine which object finishes first.",a,1,,,,gemma4it_tb_uniform1_no_video.json
uniform,1,no_video,1985,496,TimeBlind/videos/mcq_vid_00196_1.mp4,Which object finishes changing color first? Option A: The cube finishes changing color before the sphere does. Option B: The cube finishes changing color after the sphere does.,b,"To provide the correct answer, I need to see the video or description of the objects changing color. Since no media was provided in your prompt, please provide the video or a description of the sequence.

However, if this is a logic test based on a specific provided context I cannot see, please provide that context. Otherwise, I cannot determine which object finishes first.",a,0,,,,gemma4it_tb_uniform1_no_video.json
uniform,1,no_video,1986,496,TimeBlind/videos/mcq_vid_00196_0.mp4,Which object finishes changing color first? Option A: The cube finishes changing color after the sphere does. Option B: The cube finishes changing color before the sphere does.,b,"To provide a definitive answer, I would need the specific context, video, or description of the scene you are referring to.

However, if this is a logic puzzle based on the phrasing provided:
*   **Option A** implies the **Sphere** finishes first.
*   **Option B** implies the **Cube** finishes first.

Please provide the source material so I can identify which object finishes first.",a,0,,,,gemma4it_tb_uniform1_no_video.json
uniform,1,no_video,1987,496,TimeBlind/videos/mcq_vid_00196_1.mp4,Which object finishes changing color first? Option A: The cube finishes changing color after the sphere does. Option B: The cube finishes changing color before the sphere does.,a,"To provide a definitive answer, I would need the specific context, video, or description of the scene you are referring to.

However, if this is a logic puzzle based on the phrasing provided:
*   **Option A** implies the **Sphere** finishes first.
*   **Option B** implies the **Cube** finishes first.

Please provide the source material so I can identify which object finishes first.",a,1,,,,gemma4it_tb_uniform1_no_video.json
uniform,1,no_video,1988,497,TimeBlind/videos/mcq_vid_00197_0.mp4,How does the timing of the color change compare between the left object and the right object? Option A: The right object starts changing color immediately after the left object finishes. Option B: There is a delay after the left object finishes changing color before the right object starts.,a,"To provide an accurate answer, I would need to see the video or image sequence you are referring to. However, based on the standard format of these types of questions:

If the right object begins its transition the moment the left object completes its transition, the answer is **Option A**.
If there is a visible pause or gap in time between the two events, the answer is **Option B**.

Please provide the visual context if you would like a definitive selection.",a,1,,,,gemma4it_tb_uniform1_no_video.json
uniform,1,no_video,1989,497,TimeBlind/videos/mcq_vid_00197_1.mp4,How does the timing of the color change compare between the left object and the right object? Option A: The right object starts changing color immediately after the left object finishes. Option B: There is a delay after the left object finishes changing color before the right object starts.,b,"To provide an accurate answer, I would need to see the video or image sequence you are referring to. However, based on the standard format of these types of questions:

If the right object begins its transition the moment the left object completes its transition, the answer is **Option A**.
If there is a visible pause or gap in time between the two events, the answer is **Option B**.

Please provide the visual context if you would like a definitive selection.",a,0,,,,gemma4it_tb_uniform1_no_video.json
uniform,1,no_video,1990,497,TimeBlind/videos/mcq_vid_00197_0.mp4,How does the timing of the color change compare between the left object and the right object? Option A: There is a delay after the left object finishes changing color before the right object starts. Option B: The right object starts changing color immediately after the left object finishes.,b,"To provide an accurate answer, I would need to see the video or image sequence you are referring to. However, based on the standard structure of these types of visual reasoning questions:

If the right object begins its transition the moment the left object completes its transition, the answer is **B**.
If there is a visible pause or gap between the two actions, the answer is **A**.

Please provide the visual context if you would like a definitive selection.",b,1,,,,gemma4it_tb_uniform1_no_video.json
uniform,1,no_video,1991,497,TimeBlind/videos/mcq_vid_00197_1.mp4,How does the timing of the color change compare between the left object and the right object? Option A: There is a delay after the left object finishes changing color before the right object starts. Option B: The right object starts changing color immediately after the left object finishes.,a,"To provide an accurate answer, I would need to see the video or image sequence you are referring to. However, based on the standard structure of these types of visual reasoning questions:

If the right object begins its transition the moment the left object completes its transition, the answer is **B**.
If there is a visible pause or gap between the two actions, the answer is **A**.

Please provide the visual context if you would like a definitive selection.",b,0,,,,gemma4it_tb_uniform1_no_video.json
uniform,1,no_video,1992,498,TimeBlind/videos/mcq_vid_00198_0.mp4,How does the sphere's color change over time? Option A: It gradually shifts from pink to yellow. Option B: It gradually shifts from yellow to pink.,a,"To provide the correct answer, I would need to see the specific video or image sequence you are referring to, as your prompt does not include a source.

However, if this is based on a common visual test or a specific known animation:
**Please provide the context or the media, and I will identify the correct option.**",a,1,,,,gemma4it_tb_uniform1_no_video.json
uniform,1,no_video,1993,498,TimeBlind/videos/mcq_vid_00198_1.mp4,How does the sphere's color change over time? Option A: It gradually shifts from pink to yellow. Option B: It gradually shifts from yellow to pink.,b,"To provide the correct answer, I would need to see the specific video or image sequence you are referring to, as your prompt does not include a source.

However, if this is based on a common visual test or a specific known animation:
**Please provide the context or the media, and I will identify the correct option.**",a,0,,,,gemma4it_tb_uniform1_no_video.json
uniform,1,no_video,1994,498,TimeBlind/videos/mcq_vid_00198_0.mp4,How does the sphere's color change over time? Option A: It gradually shifts from yellow to pink. Option B: It gradually shifts from pink to yellow.,b,"To provide the correct answer, I would need to see the specific video or image sequence you are referring to, as your prompt does not include a source.

However, if this is based on a common visual test or a specific known animation:
**Please provide the context or the media, and I will identify the correct option.**",a,0,,,,gemma4it_tb_uniform1_no_video.json
uniform,1,no_video,1995,498,TimeBlind/videos/mcq_vid_00198_1.mp4,How does the sphere's color change over time? Option A: It gradually shifts from yellow to pink. Option B: It gradually shifts from pink to yellow.,a,"To provide the correct answer, I would need to see the specific video or image sequence you are referring to, as your prompt does not include a source.

However, if this is based on a common visual test or a specific known animation:
**Please provide the context or the media, and I will identify the correct option.**",a,1,,,,gemma4it_tb_uniform1_no_video.json
uniform,1,no_video,1996,499,TimeBlind/videos/mcq_vid_00199_0.mp4,How does the sphere's color change from pink to yellow? Option A: It changes gradually. Option B: It changes suddenly.,a,"To provide the correct answer, I would need to see the specific video, animation, or description you are referring to.

However, in most standard visual transitions or animations involving a color shift from pink to yellow:
**Option A** is the most common way colors transition in visual media.

If you can provide the context or the source, I can give you a definitive answer.",a,1,,,,gemma4it_tb_uniform1_no_video.json
uniform,1,no_video,1997,499,TimeBlind/videos/mcq_vid_00199_1.mp4,How does the sphere's color change from pink to yellow? Option A: It changes gradually. Option B: It changes suddenly.,b,"To provide the correct answer, I would need to see the specific video, animation, or description you are referring to.

However, in most standard visual transitions or animations involving a color shift from pink to yellow:
**Option A** is the most common way colors transition in visual media.

If you can provide the context or the source, I can give you a definitive answer.",a,0,,,,gemma4it_tb_uniform1_no_video.json
uniform,1,no_video,1998,499,TimeBlind/videos/mcq_vid_00199_0.mp4,How does the sphere's color change from pink to yellow? Option A: It changes suddenly. Option B: It changes gradually.,b,"To provide the correct answer, I would need to see the specific video, animation, or description you are referring to.

However, in most visual media, transitions between colors are typically designed to be smooth. If this is a question from a specific test or observation task:

*   If the color flips instantly in one frame: **A**
*   If the color fades or blends through shades of orange/peach: **B**

Please provide the context or the media if you would like a definitive answer.",a,0,,,,gemma4it_tb_uniform1_no_video.json
uniform,1,no_video,1999,499,TimeBlind/videos/mcq_vid_00199_1.mp4,How does the sphere's color change from pink to yellow? Option A: It changes suddenly. Option B: It changes gradually.,a,"To provide the correct answer, I would need to see the specific video, animation, or description you are referring to.

However, in most visual media, transitions between colors are typically designed to be smooth. If this is a question from a specific test or observation task:

*   If the color flips instantly in one frame: **A**
*   If the color fades or blends through shades of orange/peach: **B**

Please provide the context or the media if you would like a definitive answer.",a,1,,,,gemma4it_tb_uniform1_no_video.json
uniform,1,no_video,2000,500,TimeBlind/videos/mcq_vid_00200_0.mp4,How does the cube’s volume change throughout the video? Option A: The cube’s volume varies. Option B: The cube’s volume stays the same throughout the video.,a,"Please provide the video or a description of the video you are referring to. Since I cannot see the video without it being attached or linked, I cannot determine whether the volume changes or stays the same.",a,1,,,,gemma4it_tb_uniform1_no_video.json
uniform,1,no_video,2001,500,TimeBlind/videos/mcq_vid_00200_1.mp4,How does the cube’s volume change throughout the video? Option A: The cube’s volume varies. Option B: The cube’s volume stays the same throughout the video.,b,"Please provide the video or a description of the video you are referring to. Since I cannot see the video without it being attached or linked, I cannot determine whether the volume changes or stays the same.",a,0,,,,gemma4it_tb_uniform1_no_video.json
uniform,1,no_video,2002,500,TimeBlind/videos/mcq_vid_00200_0.mp4,How does the cube’s volume change throughout the video? Option A: The cube’s volume stays the same throughout the video. Option B: The cube’s volume varies.,b,"Please provide the video you are referring to. Since I cannot see a video in your prompt, I cannot determine the correct answer. 

If you provide the video or describe the actions taking place, I will be happy to help you choose between Option A and Option B.",a,0,,,,gemma4it_tb_uniform1_no_video.json
uniform,1,no_video,2003,500,TimeBlind/videos/mcq_vid_00200_1.mp4,How does the cube’s volume change throughout the video? Option A: The cube’s volume stays the same throughout the video. Option B: The cube’s volume varies.,a,"Please provide the video you are referring to. Since I cannot see a video in your prompt, I cannot determine the correct answer. 

If you provide the video or describe the actions taking place, I will be happy to help you choose between Option A and Option B.",a,1,,,,gemma4it_tb_uniform1_no_video.json
uniform,1,no_video,2004,501,TimeBlind/videos/mcq_vid_00201_0.mp4,How does the volume of the object on the left change over the course of the video? Option A: Its volume decreases. Option B: Its volume increases.,a,"Please provide the video you are referring to. Since I cannot see the video in your prompt, I am unable to determine whether the volume of the object on the left increases or decreases.",,0,,,,gemma4it_tb_uniform1_no_video.json
uniform,1,no_video,2005,501,TimeBlind/videos/mcq_vid_00201_1.mp4,How does the volume of the object on the left change over the course of the video? Option A: Its volume decreases. Option B: Its volume increases.,b,"Please provide the video you are referring to. Since I cannot see the video in your prompt, I am unable to determine whether the volume of the object on the left increases or decreases.",,0,,,,gemma4it_tb_uniform1_no_video.json
uniform,1,no_video,2006,501,TimeBlind/videos/mcq_vid_00201_0.mp4,How does the volume of the object on the left change over the course of the video? Option A: Its volume increases. Option B: Its volume decreases.,b,"Please provide the video you are referring to. Since I cannot see the video yet, I am unable to determine whether the volume of the object on the left increases or decreases.",,0,,,,gemma4it_tb_uniform1_no_video.json
uniform,1,no_video,2007,501,TimeBlind/videos/mcq_vid_00201_1.mp4,How does the volume of the object on the left change over the course of the video? Option A: Its volume increases. Option B: Its volume decreases.,a,"Please provide the video you are referring to. Since I cannot see the video yet, I am unable to determine whether the volume of the object on the left increases or decreases.",,0,,,,gemma4it_tb_uniform1_no_video.json
uniform,1,no_video,2008,502,TimeBlind/videos/mcq_vid_00202_0.mp4,Which sphere changes size in the video? Option A: The sphere on the left. Option B: The sphere on the right.,a,"Please provide the video you are referring to. Since I cannot see a video in your prompt, I am unable to determine which sphere changes size. Once you provide the video, I can give you the correct answer.",a,1,,,,gemma4it_tb_uniform1_no_video.json
uniform,1,no_video,2009,502,TimeBlind/videos/mcq_vid_00202_1.mp4,Which sphere changes size in the video? Option A: The sphere on the left. Option B: The sphere on the right.,b,"Please provide the video you are referring to. Since I cannot see a video in your prompt, I am unable to determine which sphere changes size. Once you provide the video, I can give you the correct answer.",a,0,,,,gemma4it_tb_uniform1_no_video.json
uniform,1,no_video,2010,502,TimeBlind/videos/mcq_vid_00202_0.mp4,Which sphere changes size in the video? Option A: The sphere on the right. Option B: The sphere on the left.,b,"Please provide the video you are referring to. Since I cannot see a video in your prompt, I am unable to determine which sphere changes size. Once you provide the video, I can give you the correct answer.",a,0,,,,gemma4it_tb_uniform1_no_video.json
uniform,1,no_video,2011,502,TimeBlind/videos/mcq_vid_00202_1.mp4,Which sphere changes size in the video? Option A: The sphere on the right. Option B: The sphere on the left.,a,"Please provide the video you are referring to. Since I cannot see a video in your prompt, I am unable to determine which sphere changes size. Once you provide the video, I can give you the correct answer.",a,1,,,,gemma4it_tb_uniform1_no_video.json
uniform,1,no_video,2012,503,TimeBlind/videos/mcq_vid_00203_0.mp4,"How do the cube's and sphere's blink rates compare? Option A: The cube blinks faster, and the sphere blinks slower. Option B: The cube blinks slower, and the sphere blinks faster.",a,"thought
<channel|>To provide the correct answer, I would need to see the specific video, image, or context you are referring to, as ""the cube"" and ""the sphere"" are not standard objects with inherent blink rates.

However, if this is a question based on a specific test or visual puzzle you are looking at, please provide the source or a description of the movement.

If you are unable to provide the context, I cannot determine the correct option.",a,1,,,,gemma4it_tb_uniform1_no_video.json
uniform,1,no_video,2013,503,TimeBlind/videos/mcq_vid_00203_1.mp4,"How do the cube's and sphere's blink rates compare? Option A: The cube blinks faster, and the sphere blinks slower. Option B: The cube blinks slower, and the sphere blinks faster.",b,"thought
<channel|>To provide the correct answer, I would need to see the specific video, image, or context you are referring to, as ""the cube"" and ""the sphere"" are not standard objects with inherent blink rates.

However, if this is a question based on a specific test or visual puzzle you are looking at, please provide the source or a description of the movement.

If you are unable to provide the context, I cannot determine the correct option.",a,0,,,,gemma4it_tb_uniform1_no_video.json
uniform,1,no_video,2014,503,TimeBlind/videos/mcq_vid_00203_0.mp4,"How do the cube's and sphere's blink rates compare? Option A: The cube blinks slower, and the sphere blinks faster. Option B: The cube blinks faster, and the sphere blinks slower.",b,"thought
<channel|>To provide the correct answer, I would need to see the specific video, image, or context you are referring to, as ""the cube"" and ""the sphere"" are not standard objects with inherent blink rates.

However, if this is a question based on a specific test or visual puzzle you are looking at, please provide the source or a description of the movement.

If you are unable to provide the context, I cannot determine if the answer is A or B.",a,0,,,,gemma4it_tb_uniform1_no_video.json
uniform,1,no_video,2015,503,TimeBlind/videos/mcq_vid_00203_1.mp4,"How do the cube's and sphere's blink rates compare? Option A: The cube blinks slower, and the sphere blinks faster. Option B: The cube blinks faster, and the sphere blinks slower.",a,"thought
<channel|>To provide the correct answer, I would need to see the specific video, image, or context you are referring to, as ""the cube"" and ""the sphere"" are not standard objects with inherent blink rates.

However, if this is a question based on a specific test or visual puzzle you are looking at, please provide the source or a description of the movement.

If you are unable to provide the context, I cannot determine if the answer is A or B.",a,1,,,,gemma4it_tb_uniform1_no_video.json
uniform,1,no_video,2016,504,TimeBlind/videos/mcq_vid_00204_0.mp4,How do the yellow cube's and yellow sphere's color changes relate in time? Option A: The sphere starts and finishes its color change while the cube is changing color. Option B: The cube and the sphere change color at different times with no overlap.,a,"To provide the correct answer, I would need to see the video or description of the scene you are referring to. However, based on the typical structure of these types of logic/observation questions:

If the sphere completes its transition (e.g., from red to yellow) while the cube is still in the middle of its own transition, the answer is **Option A**.

If the cube finishes its change completely before the sphere begins, or vice versa, the answer is **Option B**.

Please provide the visual context or a description of the timing to get a definitive answer.",a,1,,,,gemma4it_tb_uniform1_no_video.json
uniform,1,no_video,2017,504,TimeBlind/videos/mcq_vid_00204_1.mp4,How do the yellow cube's and yellow sphere's color changes relate in time? Option A: The sphere starts and finishes its color change while the cube is changing color. Option B: The cube and the sphere change color at different times with no overlap.,b,"To provide the correct answer, I would need to see the video or description of the scene you are referring to. However, based on the typical structure of these types of logic/observation questions:

If the sphere completes its transition (e.g., from red to yellow) while the cube is still in the middle of its own transition, the answer is **Option A**.

If the cube finishes its change completely before the sphere begins, or vice versa, the answer is **Option B**.

Please provide the visual context or a description of the timing to get a definitive answer.",a,0,,,,gemma4it_tb_uniform1_no_video.json
uniform,1,no_video,2018,504,TimeBlind/videos/mcq_vid_00204_0.mp4,How do the yellow cube's and yellow sphere's color changes relate in time? Option A: The cube and the sphere change color at different times with no overlap. Option B: The sphere starts and finishes its color change while the cube is changing color.,b,"To provide the correct answer, I would need to see the video or description of the scene you are referring to. However, based on the structure of your question, it appears to be a logic or observation test.

If you can provide the video or a detailed description of the timing, I can give you the definitive answer.

If this is a hypothetical question based on a specific test:
**Please provide the source material so I can select A or B.**",a,0,,,,gemma4it_tb_uniform1_no_video.json
uniform,1,no_video,2019,504,TimeBlind/videos/mcq_vid_00204_1.mp4,How do the yellow cube's and yellow sphere's color changes relate in time? Option A: The cube and the sphere change color at different times with no overlap. Option B: The sphere starts and finishes its color change while the cube is changing color.,a,"To provide the correct answer, I would need to see the video or description of the scene you are referring to. However, based on the structure of your question, it appears to be a logic or observation test.

If you can provide the video or a detailed description of the timing, I can give you the definitive answer.

If this is a hypothetical question based on a specific test:
**Please provide the source material so I can select A or B.**",a,1,,,,gemma4it_tb_uniform1_no_video.json
uniform,1,no_video,2020,505,TimeBlind/videos/mcq_vid_00205_0.mp4,"How do the blinking speeds of the top and bottom lights in the video differ? Option A: The top light blinks quickly, and the bottom light blinks slowly. Option B: The top light blinks slowly, and the bottom light blinks quickly.",a,"Since there is no video provided in your prompt, I cannot see the lights to determine their blinking speeds. Please provide the video or a description of it so I can give you the correct answer.",a,1,,,,gemma4it_tb_uniform1_no_video.json
uniform,1,no_video,2021,505,TimeBlind/videos/mcq_vid_00205_1.mp4,"How do the blinking speeds of the top and bottom lights in the video differ? Option A: The top light blinks quickly, and the bottom light blinks slowly. Option B: The top light blinks slowly, and the bottom light blinks quickly.",b,"Since there is no video provided in your prompt, I cannot see the lights to determine their blinking speeds. Please provide the video or a description of it so I can give you the correct answer.",a,0,,,,gemma4it_tb_uniform1_no_video.json
uniform,1,no_video,2022,505,TimeBlind/videos/mcq_vid_00205_0.mp4,"How do the blinking speeds of the top and bottom lights in the video differ? Option A: The top light blinks slowly, and the bottom light blinks quickly. Option B: The top light blinks quickly, and the bottom light blinks slowly.",b,"Since there is no video provided in your prompt, I cannot see the lights to determine their blinking speeds. Please provide the video or a description of it so I can give you the correct answer.",a,0,,,,gemma4it_tb_uniform1_no_video.json
uniform,1,no_video,2023,505,TimeBlind/videos/mcq_vid_00205_1.mp4,"How do the blinking speeds of the top and bottom lights in the video differ? Option A: The top light blinks slowly, and the bottom light blinks quickly. Option B: The top light blinks quickly, and the bottom light blinks slowly.",a,"Since there is no video provided in your prompt, I cannot see the lights to determine their blinking speeds. Please provide the video or a description of it so I can give you the correct answer.",a,1,,,,gemma4it_tb_uniform1_no_video.json
uniform,1,no_video,2024,506,TimeBlind/videos/mcq_vid_00206_0.mp4,"How do the cone and the sphere's blink rates compare? Option A: The cone blinks at a higher rate, while the sphere blinks at a lower rate. Option B: The cone blinks at a lower rate, while the sphere blinks at a higher rate.",a,"To provide a definitive answer, I would need to see the specific context, video, or data set you are referring to (as ""cone"" and ""sphere"" are generic objects and do not have inherent ""blink rates"" unless defined in a specific problem or experiment).

However, if this is based on a common logic puzzle or a specific visual test where the **cone** is observed to pulse/blink faster than the **sphere**:

**Option A**",a,1,,,,gemma4it_tb_uniform1_no_video.json
uniform,1,no_video,2025,506,TimeBlind/videos/mcq_vid_00206_1.mp4,"How do the cone and the sphere's blink rates compare? Option A: The cone blinks at a higher rate, while the sphere blinks at a lower rate. Option B: The cone blinks at a lower rate, while the sphere blinks at a higher rate.",b,"To provide a definitive answer, I would need to see the specific context, video, or data set you are referring to (as ""cone"" and ""sphere"" are generic objects and do not have inherent ""blink rates"" unless defined in a specific problem or experiment).

However, if this is based on a common logic puzzle or a specific visual test where the **cone** is observed to pulse/blink faster than the **sphere**:

**Option A**",a,0,,,,gemma4it_tb_uniform1_no_video.json
uniform,1,no_video,2026,506,TimeBlind/videos/mcq_vid_00206_0.mp4,"How do the cone and the sphere's blink rates compare? Option A: The cone blinks at a lower rate, while the sphere blinks at a higher rate. Option B: The cone blinks at a higher rate, while the sphere blinks at a lower rate.",b,"To provide a definitive answer, I would need to see the specific context, video, or data set you are referring to (as ""cone"" and ""sphere"" are generic objects and do not have inherent ""blink rates"" unless defined in a specific problem or experiment).

However, if this is based on a common logic puzzle or a specific visual test where the cone is observed to pulse/blink faster than the sphere:

**Option B** (The cone blinks at a higher rate, while the sphere blinks at a lower rate) is the most common configuration in such comparative problems.

If you can provide the source or",b,1,,,,gemma4it_tb_uniform1_no_video.json
uniform,1,no_video,2027,506,TimeBlind/videos/mcq_vid_00206_1.mp4,"How do the cone and the sphere's blink rates compare? Option A: The cone blinks at a lower rate, while the sphere blinks at a higher rate. Option B: The cone blinks at a higher rate, while the sphere blinks at a lower rate.",a,"To provide a definitive answer, I would need to see the specific context, video, or data set you are referring to (as ""cone"" and ""sphere"" are generic objects and do not have inherent ""blink rates"" unless defined in a specific problem or experiment).

However, if this is based on a common logic puzzle or a specific visual test where the cone is observed to pulse/blink faster than the sphere:

**Option B** (The cone blinks at a higher rate, while the sphere blinks at a lower rate) is the most common configuration in such comparative problems.

If you can provide the source or",b,0,,,,gemma4it_tb_uniform1_no_video.json
uniform,1,no_video,2028,507,TimeBlind/videos/mcq_vid_00207_0.mp4,"How does the sphere’s color change over time? Option A: It gradually changes from green to yellow, then suddenly changes back to green. Option B: It suddenly changes from green to yellow, then gradually changes back to green.",a,"To provide the correct answer, I would need to see the specific video or animation you are referring to, as your question describes a visual sequence without providing the source material.

However, if this is a question from a specific test or dataset (such as a video understanding task), please provide the context or the video link.

If you are asking me to choose based on a common pattern in such tests:
**Option B** is a more common sequence in visual transitions (sudden change followed by a gradual fade/transition).

Please provide the video or context for a definitive answer.",b,0,,,,gemma4it_tb_uniform1_no_video.json
uniform,1,no_video,2029,507,TimeBlind/videos/mcq_vid_00207_1.mp4,"How does the sphere’s color change over time? Option A: It gradually changes from green to yellow, then suddenly changes back to green. Option B: It suddenly changes from green to yellow, then gradually changes back to green.",b,"To provide the correct answer, I would need to see the specific video or animation you are referring to, as your question describes a visual sequence without providing the source material.

However, if this is a question from a specific test or dataset (such as a video understanding task), please provide the context or the video link.

If you are asking me to choose based on a common pattern in such tests:
**Option B** is a more common sequence in visual transitions (sudden change followed by a gradual fade/transition).

Please provide the video or context for a definitive answer.",b,1,,,,gemma4it_tb_uniform1_no_video.json
uniform,1,no_video,2030,507,TimeBlind/videos/mcq_vid_00207_0.mp4,"How does the sphere’s color change over time? Option A: It suddenly changes from green to yellow, then gradually changes back to green. Option B: It gradually changes from green to yellow, then suddenly changes back to green.",b,"To provide the correct answer, I would need to see the specific video or animation you are referring to, as your question describes a visual sequence without providing the source material.

However, if this is a question based on a common standardized test or a specific logic puzzle where the sequence is defined:

**Please provide the video or context.**

If you are asking me to choose based on a specific known prompt (like a common AI evaluation task), please clarify. Without the visual, I cannot determine if the transition is ""sudden"" or ""gradual.""",a,0,,,,gemma4it_tb_uniform1_no_video.json
uniform,1,no_video,2031,507,TimeBlind/videos/mcq_vid_00207_1.mp4,"How does the sphere’s color change over time? Option A: It suddenly changes from green to yellow, then gradually changes back to green. Option B: It gradually changes from green to yellow, then suddenly changes back to green.",a,"To provide the correct answer, I would need to see the specific video or animation you are referring to, as your question describes a visual sequence without providing the source material.

However, if this is a question based on a common standardized test or a specific logic puzzle where the sequence is defined:

**Please provide the video or context.**

If you are asking me to choose based on a specific known prompt (like a common AI evaluation task), please clarify. Without the visual, I cannot determine if the transition is ""sudden"" or ""gradual.""",a,1,,,,gemma4it_tb_uniform1_no_video.json
uniform,1,no_video,2032,508,TimeBlind/videos/mcq_vid_00208_0.mp4,"How long does each object take to change its volume? Option A: The cube changes its volume over a long time, and the cylinder changes its volume in a short time. Option B: The cube changes its volume in a short time, and the cylinder changes its volume over a long time.",a,"To provide a definitive answer, the specific context (such as a physics problem, a video description, or a mathematical rate of change) is required. However, in most standard physics problems involving thermal expansion or pressure changes where a cube and a cylinder are compared:

If the question refers to a scenario where the **cube** is expanding/contracting faster (due to surface area or material properties) or if it is a specific observation from a provided text:

**Option A** (or B) depends entirely on the specific data provided in your source material. Since no data was provided, please check if the cube's rate of",a,1,,,,gemma4it_tb_uniform1_no_video.json
uniform,1,no_video,2033,508,TimeBlind/videos/mcq_vid_00208_1.mp4,"How long does each object take to change its volume? Option A: The cube changes its volume over a long time, and the cylinder changes its volume in a short time. Option B: The cube changes its volume in a short time, and the cylinder changes its volume over a long time.",b,"To provide a definitive answer, the specific context (such as a physics problem, a video description, or a mathematical rate of change) is required. However, in most standard physics problems involving thermal expansion or pressure changes where a cube and a cylinder are compared:

If the question refers to a scenario where the **cube** is expanding/contracting faster (due to surface area or material properties) or if it is a specific observation from a provided text:

**Option A** (or B) depends entirely on the specific data provided in your source material. Since no data was provided, please check if the cube's rate of",a,0,,,,gemma4it_tb_uniform1_no_video.json
uniform,1,no_video,2034,508,TimeBlind/videos/mcq_vid_00208_0.mp4,"How long does each object take to change its volume? Option A: The cube changes its volume in a short time, and the cylinder changes its volume over a long time. Option B: The cube changes its volume over a long time, and the cylinder changes its volume in a short time.",b,"To provide a definitive answer, the specific context (such as a physics problem, a video description, or a mathematical rate of change) is required. However, in most standard physics problems involving thermal expansion or uniform rates of change where the cylinder has a larger volume or surface area than the cube, the cylinder typically takes longer to change.

Without the specific data, but based on common textbook patterns:

**Option A**",a,0,,,,gemma4it_tb_uniform1_no_video.json
uniform,1,no_video,2035,508,TimeBlind/videos/mcq_vid_00208_1.mp4,"How long does each object take to change its volume? Option A: The cube changes its volume in a short time, and the cylinder changes its volume over a long time. Option B: The cube changes its volume over a long time, and the cylinder changes its volume in a short time.",a,"To provide a definitive answer, the specific context (such as a physics problem, a video description, or a mathematical rate of change) is required. However, in most standard physics problems involving thermal expansion or uniform rates of change where the cylinder has a larger volume or surface area than the cube, the cylinder typically takes longer to change.

Without the specific data, but based on common textbook patterns:

**Option A**",a,1,,,,gemma4it_tb_uniform1_no_video.json
uniform,1,no_video,2036,509,TimeBlind/videos/mcq_vid_00209_0.mp4,"Compared to the cylinder, how quickly is the cube's height increasing? Option A: The cube's height is increasing more slowly than the cylinder's. Option B: The cube's height is increasing more quickly than the cylinder's.",a,"To provide a definitive answer, the specific rates of change (derivatives) for the heights of the cube and the cylinder must be provided in the problem statement.

However, in standard calculus problems of this type (where a volume is constant and a shape is changing), the relationship depends on the specific dimensions and the rate of change of the volume. Without the numerical values or the specific context of the problem (e.g., ""a volume of $V$ is being reshaped from a cylinder to a cube""), it is impossible to determine the answer.

If this is a multiple-choice question from a specific source where the context",a,1,,,,gemma4it_tb_uniform1_no_video.json
uniform,1,no_video,2037,509,TimeBlind/videos/mcq_vid_00209_1.mp4,"Compared to the cylinder, how quickly is the cube's height increasing? Option A: The cube's height is increasing more slowly than the cylinder's. Option B: The cube's height is increasing more quickly than the cylinder's.",b,"To provide a definitive answer, the specific rates of change (derivatives) for the heights of the cube and the cylinder must be provided in the problem statement.

However, in standard calculus problems of this type (where a volume is constant and a shape is changing), the relationship depends on the specific dimensions and the rate of change of the volume. Without the numerical values or the specific context of the problem (e.g., ""a volume of $V$ is being reshaped from a cylinder to a cube""), it is impossible to determine the answer.

If this is a multiple-choice question from a specific source where the context",a,0,,,,gemma4it_tb_uniform1_no_video.json
uniform,1,no_video,2038,509,TimeBlind/videos/mcq_vid_00209_0.mp4,"Compared to the cylinder, how quickly is the cube's height increasing? Option A: The cube's height is increasing more quickly than the cylinder's. Option B: The cube's height is increasing more slowly than the cylinder's.",b,"To provide a definitive answer, the specific rates of change (derivatives) for the heights of the cube and the cylinder must be provided in the problem description.

However, in most standard calculus problems of this type (where a volume is constant and dimensions are changing), the answer depends on the specific values given for the initial dimensions and the rate of change of the other dimensions (like radius or side length).

Without the specific numerical values or the context of the problem's constraints, it is impossible to determine which is increasing faster. Please provide the full problem statement for a specific answer.

If this is a multiple-choice question",a,0,,,,gemma4it_tb_uniform1_no_video.json
uniform,1,no_video,2039,509,TimeBlind/videos/mcq_vid_00209_1.mp4,"Compared to the cylinder, how quickly is the cube's height increasing? Option A: The cube's height is increasing more quickly than the cylinder's. Option B: The cube's height is increasing more slowly than the cylinder's.",a,"To provide a definitive answer, the specific rates of change (derivatives) for the heights of the cube and the cylinder must be provided in the problem description.

However, in most standard calculus problems of this type (where a volume is constant and dimensions are changing), the answer depends on the specific values given for the initial dimensions and the rate of change of the other dimensions (like radius or side length).

Without the specific numerical values or the context of the problem's constraints, it is impossible to determine which is increasing faster. Please provide the full problem statement for a specific answer.

If this is a multiple-choice question",a,1,,,,gemma4it_tb_uniform1_no_video.json
uniform,1,no_video,2040,510,TimeBlind/videos/mcq_vid_00210_0.mp4,"In the video, the cube bends twice with a brief pause in between. How does the speed of the first bend compare to the second? Option A: The first bend is slower than the second. Option B: The first bend is faster than the second.",a,"To provide the correct answer, I would need to see the video you are referring to. However, based on the structure of your question, it appears you are asking for a comparison of speeds between two actions in a specific visual clip.

If you can describe the motion or provide the video, I can give you the definitive answer. If this is a test question where the video is implied to be a specific known example (like a common physics or animation demo), please let me know.

**Please provide the video or a description of the motion to receive the correct option.**",a,1,,,,gemma4it_tb_uniform1_no_video.json
uniform,1,no_video,2041,510,TimeBlind/videos/mcq_vid_00210_1.mp4,"In the video, the cube bends twice with a brief pause in between. How does the speed of the first bend compare to the second? Option A: The first bend is slower than the second. Option B: The first bend is faster than the second.",b,"To provide the correct answer, I would need to see the video you are referring to. However, based on the structure of your question, it appears you are asking for a comparison of speeds between two actions in a specific visual clip.

If you can describe the motion or provide the video, I can give you the definitive answer. If this is a test question where the video is implied to be a specific known example (like a common physics or animation demo), please let me know.

**Please provide the video or a description of the motion to receive the correct option.**",a,0,,,,gemma4it_tb_uniform1_no_video.json
uniform,1,no_video,2042,510,TimeBlind/videos/mcq_vid_00210_0.mp4,"In the video, the cube bends twice with a brief pause in between. How does the speed of the first bend compare to the second? Option A: The first bend is faster than the second. Option B: The first bend is slower than the second.",b,"To provide the correct answer, I would need to see the video you are referring to. However, based on the typical structure of these types of visual analysis questions:

If the first bend appears to move more quickly across the screen or completes its motion in a shorter duration than the second bend, the answer is **A**.
If the first bend appears to move more slowly or takes longer to complete its motion than the second bend, the answer is **B**.

Please provide the video or a description of the motion to get a definitive answer.",a,0,,,,gemma4it_tb_uniform1_no_video.json
uniform,1,no_video,2043,510,TimeBlind/videos/mcq_vid_00210_1.mp4,"In the video, the cube bends twice with a brief pause in between. How does the speed of the first bend compare to the second? Option A: The first bend is faster than the second. Option B: The first bend is slower than the second.",a,"To provide the correct answer, I would need to see the video you are referring to. However, based on the typical structure of these types of visual analysis questions:

If the first bend appears to move more quickly across the screen or completes its motion in a shorter duration than the second bend, the answer is **A**.
If the first bend appears to move more slowly or takes longer to complete its motion than the second bend, the answer is **B**.

Please provide the video or a description of the motion to get a definitive answer.",a,1,,,,gemma4it_tb_uniform1_no_video.json
uniform,1,no_video,2044,511,TimeBlind/videos/mcq_vid_00211_0.mp4,How does the cylinder's color transition from pink to red in the video? Option A: It changes gradually. Option B: It changes abruptly.,a,"To provide the correct answer, I would need to see the video you are referring to. However, in most standard visual demonstrations of color transitions (like a gradient or a morphing effect), the answer is typically:

**Option A**",a,1,,,,gemma4it_tb_uniform1_no_video.json
uniform,1,no_video,2045,511,TimeBlind/videos/mcq_vid_00211_1.mp4,How does the cylinder's color transition from pink to red in the video? Option A: It changes gradually. Option B: It changes abruptly.,b,"To provide the correct answer, I would need to see the video you are referring to. However, in most standard visual demonstrations of color transitions (like a gradient or a morphing effect), the answer is typically:

**Option A**",a,0,,,,gemma4it_tb_uniform1_no_video.json
uniform,1,no_video,2046,511,TimeBlind/videos/mcq_vid_00211_0.mp4,How does the cylinder's color transition from pink to red in the video? Option A: It changes abruptly. Option B: It changes gradually.,b,"To provide the correct answer, I would need to see the video you are referring to. However, in most standard visual demonstrations of color transitions (unless it is a jump cut), the change is typically smooth.

If this is a question based on a specific test or video clip provided in your context:
**Please provide the video or describe the motion.**

If you must choose based on a typical ""transition"" description:
**Option B** (It changes gradually) is the standard behavior for a ""transition.""",b,1,,,,gemma4it_tb_uniform1_no_video.json
uniform,1,no_video,2047,511,TimeBlind/videos/mcq_vid_00211_1.mp4,How does the cylinder's color transition from pink to red in the video? Option A: It changes abruptly. Option B: It changes gradually.,a,"To provide the correct answer, I would need to see the video you are referring to. However, in most standard visual demonstrations of color transitions (unless it is a jump cut), the change is typically smooth.

If this is a question based on a specific test or video clip provided in your context:
**Please provide the video or describe the motion.**

If you must choose based on a typical ""transition"" description:
**Option B** (It changes gradually) is the standard behavior for a ""transition.""",b,0,,,,gemma4it_tb_uniform1_no_video.json
uniform,1,no_video,2048,512,TimeBlind/videos/mcq_vid_00212_0.mp4,How does the color of the left sphere change? Option A: It changes from yellow to white. Option B: It changes from white to yellow.,a,Please provide the image or video you are referring to so I can see the spheres and give you the correct answer.,,0,,,,gemma4it_tb_uniform1_no_video.json
uniform,1,no_video,2049,512,TimeBlind/videos/mcq_vid_00212_1.mp4,How does the color of the left sphere change? Option A: It changes from yellow to white. Option B: It changes from white to yellow.,b,Please provide the image or video you are referring to so I can see the spheres and give you the correct answer.,,0,,,,gemma4it_tb_uniform1_no_video.json
uniform,1,no_video,2050,512,TimeBlind/videos/mcq_vid_00212_0.mp4,How does the color of the left sphere change? Option A: It changes from white to yellow. Option B: It changes from yellow to white.,b,Please provide the image or video you are referring to so I can see the spheres and give you the correct answer.,,0,,,,gemma4it_tb_uniform1_no_video.json
uniform,1,no_video,2051,512,TimeBlind/videos/mcq_vid_00212_1.mp4,How does the color of the left sphere change? Option A: It changes from white to yellow. Option B: It changes from yellow to white.,a,Please provide the image or video you are referring to so I can see the spheres and give you the correct answer.,,0,,,,gemma4it_tb_uniform1_no_video.json
uniform,1,no_video,2052,513,TimeBlind/videos/mcq_vid_00213_0.mp4,What happens to the color of the object on the right in the video? Option A: The object's color changes. Option B: The object's color does not change.,a,"Please provide the video you are referring to. Since I cannot see a video in your prompt, I am unable to determine the correct answer.",a,1,,,,gemma4it_tb_uniform1_no_video.json
uniform,1,no_video,2053,513,TimeBlind/videos/mcq_vid_00213_1.mp4,What happens to the color of the object on the right in the video? Option A: The object's color changes. Option B: The object's color does not change.,b,"Please provide the video you are referring to. Since I cannot see a video in your prompt, I am unable to determine the correct answer.",a,0,,,,gemma4it_tb_uniform1_no_video.json
uniform,1,no_video,2054,513,TimeBlind/videos/mcq_vid_00213_0.mp4,What happens to the color of the object on the right in the video? Option A: The object's color does not change. Option B: The object's color changes.,b,"Please provide the video you are referring to. Since I cannot see a video in your prompt, I am unable to determine the correct answer.",a,0,,,,gemma4it_tb_uniform1_no_video.json
uniform,1,no_video,2055,513,TimeBlind/videos/mcq_vid_00213_1.mp4,What happens to the color of the object on the right in the video? Option A: The object's color does not change. Option B: The object's color changes.,a,"Please provide the video you are referring to. Since I cannot see a video in your prompt, I am unable to determine the correct answer.",a,1,,,,gemma4it_tb_uniform1_no_video.json
uniform,1,no_video,2056,514,TimeBlind/videos/mcq_vid_00214_0.mp4,What happens after the sphere gradually changes from yellow to red? Option A: It immediately changes back to yellow. Option B: It stays red for a while before changing back to yellow.,a,"Based on the typical structure of such logic or observation puzzles, the most common progression is a transition that holds before reversing.

**Option B**",b,0,,,,gemma4it_tb_uniform1_no_video.json
uniform,1,no_video,2057,514,TimeBlind/videos/mcq_vid_00214_1.mp4,What happens after the sphere gradually changes from yellow to red? Option A: It immediately changes back to yellow. Option B: It stays red for a while before changing back to yellow.,b,"Based on the typical structure of such logic or observation puzzles, the most common progression is a transition that holds before reversing.

**Option B**",b,1,,,,gemma4it_tb_uniform1_no_video.json
uniform,1,no_video,2058,514,TimeBlind/videos/mcq_vid_00214_0.mp4,What happens after the sphere gradually changes from yellow to red? Option A: It stays red for a while before changing back to yellow. Option B: It immediately changes back to yellow.,b,"Based on the typical pattern of such descriptions (where a gradual change implies a transition to a new state), the most logical progression is that it remains in the new state for a period.

Option A",a,0,,,,gemma4it_tb_uniform1_no_video.json
uniform,1,no_video,2059,514,TimeBlind/videos/mcq_vid_00214_1.mp4,What happens after the sphere gradually changes from yellow to red? Option A: It stays red for a while before changing back to yellow. Option B: It immediately changes back to yellow.,a,"Based on the typical pattern of such descriptions (where a gradual change implies a transition to a new state), the most logical progression is that it remains in the new state for a period.

Option A",a,1,,,,gemma4it_tb_uniform1_no_video.json
uniform,1,no_video,2060,515,TimeBlind/videos/mcq_vid_00215_0.mp4,"The first time it bends, about how many degrees does the cylinder bend? Option A: About 30 degrees. Option B: About 60 degrees.",a,"To provide the correct answer, I would need to see the image or the specific problem description you are referring to. However, in many standard physics or engineering problems involving a cylinder bending under a specific load or constraint (such as a beam or a structural component), the answer often depends on the specific geometry provided.

If this is from a specific standardized test or textbook problem where a cylinder is being bent by a force:

*   If the bend is a slight deflection, it is often **Option A (About 30 degrees)**.
*   If the bend is a more significant structural deformation, it might be **Option B",a,1,,,,gemma4it_tb_uniform1_no_video.json
uniform,1,no_video,2061,515,TimeBlind/videos/mcq_vid_00215_1.mp4,"The first time it bends, about how many degrees does the cylinder bend? Option A: About 30 degrees. Option B: About 60 degrees.",b,"To provide the correct answer, I would need to see the image or the specific problem description you are referring to. However, in many standard physics or engineering problems involving a cylinder bending under a specific load or constraint (such as a beam or a structural component), the answer often depends on the specific geometry provided.

If this is from a specific standardized test or textbook problem where a cylinder is being bent by a force:

*   If the bend is a slight deflection, it is often **Option A (About 30 degrees)**.
*   If the bend is a more significant structural deformation, it might be **Option B",a,0,,,,gemma4it_tb_uniform1_no_video.json
uniform,1,no_video,2062,515,TimeBlind/videos/mcq_vid_00215_0.mp4,"The first time it bends, about how many degrees does the cylinder bend? Option A: About 60 degrees. Option B: About 30 degrees.",b,"To provide the correct answer, I would need to see the image or the specific context (such as a physics problem, a mechanical diagram, or a specific engineering scenario) you are referring to.

However, if this is a standard problem from a known textbook or exam (such as a common physics problem involving a cylinder under a specific load or a geometry problem), please provide the description or the image.

Without the context, I cannot determine if it is A or B. Please provide the source or description!",a,0,,,,gemma4it_tb_uniform1_no_video.json
uniform,1,no_video,2063,515,TimeBlind/videos/mcq_vid_00215_1.mp4,"The first time it bends, about how many degrees does the cylinder bend? Option A: About 60 degrees. Option B: About 30 degrees.",a,"To provide the correct answer, I would need to see the image or the specific context (such as a physics problem, a mechanical diagram, or a specific engineering scenario) you are referring to.

However, if this is a standard problem from a known textbook or exam (such as a common physics problem involving a cylinder under a specific load or a geometry problem), please provide the description or the image.

Without the context, I cannot determine if it is A or B. Please provide the source or description!",a,1,,,,gemma4it_tb_uniform1_no_video.json
uniform,1,no_video,2064,516,TimeBlind/videos/mcq_vid_00216_0.mp4,What does the person do with the cup while pouring milk into the coffee? Option A: The person doesn't shake the cup. Option B: The person keeps shaking the cup.,a,A,a,1,,,,gemma4it_tb_uniform1_no_video.json
uniform,1,no_video,2065,516,TimeBlind/videos/mcq_vid_00216_1.mp4,What does the person do with the cup while pouring milk into the coffee? Option A: The person doesn't shake the cup. Option B: The person keeps shaking the cup.,b,A,a,0,,,,gemma4it_tb_uniform1_no_video.json
uniform,1,no_video,2066,516,TimeBlind/videos/mcq_vid_00216_0.mp4,What does the person do with the cup while pouring milk into the coffee? Option A: The person keeps shaking the cup. Option B: The person doesn't shake the cup.,b,B,b,1,,,,gemma4it_tb_uniform1_no_video.json
uniform,1,no_video,2067,516,TimeBlind/videos/mcq_vid_00216_1.mp4,What does the person do with the cup while pouring milk into the coffee? Option A: The person keeps shaking the cup. Option B: The person doesn't shake the cup.,a,B,b,0,,,,gemma4it_tb_uniform1_no_video.json
uniform,1,no_video,2068,517,TimeBlind/videos/mcq_vid_00217_0.mp4,How many times does the person lift the dumbbell in the video? Option A: Three times. Option B: Four times.,a,"Please provide the video you are referring to! You haven't attached or linked a video to your message. Once you provide the video, I will be able to tell you whether the answer is Option A or Option B.",a,1,,,,gemma4it_tb_uniform1_no_video.json
uniform,1,no_video,2069,517,TimeBlind/videos/mcq_vid_00217_1.mp4,How many times does the person lift the dumbbell in the video? Option A: Three times. Option B: Four times.,b,"Please provide the video you are referring to! You haven't attached or linked a video to your message. Once you provide the video, I will be able to tell you whether the answer is Option A or Option B.",a,0,,,,gemma4it_tb_uniform1_no_video.json
uniform,1,no_video,2070,517,TimeBlind/videos/mcq_vid_00217_0.mp4,How many times does the person lift the dumbbell in the video? Option A: Four times. Option B: Three times.,b,"Please provide the video you are referring to! You haven't attached or linked a video to your message. Once you provide the video, I will be able to tell you whether the answer is Option A or Option B.",a,0,,,,gemma4it_tb_uniform1_no_video.json
uniform,1,no_video,2071,517,TimeBlind/videos/mcq_vid_00217_1.mp4,How many times does the person lift the dumbbell in the video? Option A: Four times. Option B: Three times.,a,"Please provide the video you are referring to! You haven't attached or linked a video to your message. Once you provide the video, I will be able to tell you whether the answer is Option A or Option B.",a,1,,,,gemma4it_tb_uniform1_no_video.json
uniform,1,no_video,2072,518,TimeBlind/videos/mcq_vid_00218_0.mp4,Which way is the screen swiped? Option A: To the right. Option B: To the left.,a,Please provide the image or context you are referring to so I can determine the correct direction.,,0,,,,gemma4it_tb_uniform1_no_video.json
uniform,1,no_video,2073,518,TimeBlind/videos/mcq_vid_00218_1.mp4,Which way is the screen swiped? Option A: To the right. Option B: To the left.,b,Please provide the image or context you are referring to so I can determine the correct direction.,,0,,,,gemma4it_tb_uniform1_no_video.json
uniform,1,no_video,2074,518,TimeBlind/videos/mcq_vid_00218_0.mp4,Which way is the screen swiped? Option A: To the left. Option B: To the right.,b,Please provide the image or context you are referring to so I can determine the correct direction.,,0,,,,gemma4it_tb_uniform1_no_video.json
uniform,1,no_video,2075,518,TimeBlind/videos/mcq_vid_00218_1.mp4,Which way is the screen swiped? Option A: To the left. Option B: To the right.,a,Please provide the image or context you are referring to so I can determine the correct direction.,,0,,,,gemma4it_tb_uniform1_no_video.json
uniform,1,no_video,2076,519,TimeBlind/videos/mcq_vid_00219_0.mp4,Which direction is the bottle cap being twisted? Option A: Clockwise. Option B: Counterclockwise.,a,"To provide the correct answer, I need to see the image or a description of the motion you are referring to. Please provide the visual or context, and I will be happy to tell you if it is Option A or B.",a,1,,,,gemma4it_tb_uniform1_no_video.json
uniform,1,no_video,2077,519,TimeBlind/videos/mcq_vid_00219_1.mp4,Which direction is the bottle cap being twisted? Option A: Clockwise. Option B: Counterclockwise.,b,"To provide the correct answer, I need to see the image or a description of the motion you are referring to. Please provide the visual or context, and I will be happy to tell you if it is Option A or B.",a,0,,,,gemma4it_tb_uniform1_no_video.json
uniform,1,no_video,2078,519,TimeBlind/videos/mcq_vid_00219_0.mp4,Which direction is the bottle cap being twisted? Option A: Counterclockwise. Option B: Clockwise.,b,"To provide the correct answer, I need to see the image or a description of the motion you are referring to. Please provide the visual or context, and I will be happy to tell you if it is Option A or B.",a,0,,,,gemma4it_tb_uniform1_no_video.json
uniform,1,no_video,2079,519,TimeBlind/videos/mcq_vid_00219_1.mp4,Which direction is the bottle cap being twisted? Option A: Counterclockwise. Option B: Clockwise.,a,"To provide the correct answer, I need to see the image or a description of the motion you are referring to. Please provide the visual or context, and I will be happy to tell you if it is Option A or B.",a,1,,,,gemma4it_tb_uniform1_no_video.json
uniform,1,no_video,2080,520,TimeBlind/videos/mcq_vid_00220_0.mp4,What stage of the free throw is the man in? Option A: He is still preparing to shoot. Option B: He has successfully made the shot.,a,"To provide an accurate answer, I would need to see the image you are referring to. Please upload the image, and I will be happy to tell you whether the man is in stage A or B.",a,1,,,,gemma4it_tb_uniform1_no_video.json
uniform,1,no_video,2081,520,TimeBlind/videos/mcq_vid_00220_1.mp4,What stage of the free throw is the man in? Option A: He is still preparing to shoot. Option B: He has successfully made the shot.,b,"To provide an accurate answer, I would need to see the image you are referring to. Please upload the image, and I will be happy to tell you whether the man is in stage A or B.",a,0,,,,gemma4it_tb_uniform1_no_video.json
uniform,1,no_video,2082,520,TimeBlind/videos/mcq_vid_00220_0.mp4,What stage of the free throw is the man in? Option A: He has successfully made the shot. Option B: He is still preparing to shoot.,b,Please provide the image you are referring to so I can determine the correct answer.,,0,,,,gemma4it_tb_uniform1_no_video.json
uniform,1,no_video,2083,520,TimeBlind/videos/mcq_vid_00220_1.mp4,What stage of the free throw is the man in? Option A: He has successfully made the shot. Option B: He is still preparing to shoot.,a,Please provide the image you are referring to so I can determine the correct answer.,,0,,,,gemma4it_tb_uniform1_no_video.json
uniform,1,no_video,2084,521,TimeBlind/videos/mcq_vid_00221_0.mp4,What happens on the boy’s first attempt in the video? Option A: The boy makes the basket on the first try. Option B: The boy misses the basket on the first try.,a,"Please provide the video or a description of it so I can see the boy's first attempt. Without the video, I cannot determine the correct answer.",a,1,,,,gemma4it_tb_uniform1_no_video.json
uniform,1,no_video,2085,521,TimeBlind/videos/mcq_vid_00221_1.mp4,What happens on the boy’s first attempt in the video? Option A: The boy makes the basket on the first try. Option B: The boy misses the basket on the first try.,b,"Please provide the video or a description of it so I can see the boy's first attempt. Without the video, I cannot determine the correct answer.",a,0,,,,gemma4it_tb_uniform1_no_video.json
uniform,1,no_video,2086,521,TimeBlind/videos/mcq_vid_00221_0.mp4,What happens on the boy’s first attempt in the video? Option A: The boy misses the basket on the first try. Option B: The boy makes the basket on the first try.,b,"Please provide the video or a description of it so I can see the boy's first attempt. Without the video, I cannot determine the correct answer.",a,0,,,,gemma4it_tb_uniform1_no_video.json
uniform,1,no_video,2087,521,TimeBlind/videos/mcq_vid_00221_1.mp4,What happens on the boy’s first attempt in the video? Option A: The boy misses the basket on the first try. Option B: The boy makes the basket on the first try.,a,"Please provide the video or a description of it so I can see the boy's first attempt. Without the video, I cannot determine the correct answer.",a,1,,,,gemma4it_tb_uniform1_no_video.json
uniform,1,no_video,2088,522,TimeBlind/videos/mcq_vid_00222_0.mp4,"How does the person walk forward in the video? Option A: The person walks forward slowly at first, then speeds up. Option B: The person walks forward quickly at first, then slows down.",a,"Please provide the video you are referring to. Since I cannot see a video in your prompt, I am unable to determine whether the correct answer is Option A or Option B.",a,1,,,,gemma4it_tb_uniform1_no_video.json
uniform,1,no_video,2089,522,TimeBlind/videos/mcq_vid_00222_1.mp4,"How does the person walk forward in the video? Option A: The person walks forward slowly at first, then speeds up. Option B: The person walks forward quickly at first, then slows down.",b,"Please provide the video you are referring to. Since I cannot see a video in your prompt, I am unable to determine whether the correct answer is Option A or Option B.",a,0,,,,gemma4it_tb_uniform1_no_video.json
uniform,1,no_video,2090,522,TimeBlind/videos/mcq_vid_00222_0.mp4,"How does the person walk forward in the video? Option A: The person walks forward quickly at first, then slows down. Option B: The person walks forward slowly at first, then speeds up.",b,"Please provide the video you are referring to. Since I cannot see a video in your prompt, I am unable to determine whether the person walks quickly at first or slowly at first.",a,0,,,,gemma4it_tb_uniform1_no_video.json
uniform,1,no_video,2091,522,TimeBlind/videos/mcq_vid_00222_1.mp4,"How does the person walk forward in the video? Option A: The person walks forward quickly at first, then slows down. Option B: The person walks forward slowly at first, then speeds up.",a,"Please provide the video you are referring to. Since I cannot see a video in your prompt, I am unable to determine whether the person walks quickly at first or slowly at first.",a,1,,,,gemma4it_tb_uniform1_no_video.json
uniform,1,no_video,2092,523,TimeBlind/videos/mcq_vid_00223_0.mp4,Which direction is the screen swiped? Option A: The screen is swiped up. Option B: The screen is swiped down.,a,Please provide the image or video you are referring to so I can determine the correct direction.,,0,,,,gemma4it_tb_uniform1_no_video.json
uniform,1,no_video,2093,523,TimeBlind/videos/mcq_vid_00223_1.mp4,Which direction is the screen swiped? Option A: The screen is swiped up. Option B: The screen is swiped down.,b,Please provide the image or video you are referring to so I can determine the correct direction.,,0,,,,gemma4it_tb_uniform1_no_video.json
uniform,1,no_video,2094,523,TimeBlind/videos/mcq_vid_00223_0.mp4,Which direction is the screen swiped? Option A: The screen is swiped down. Option B: The screen is swiped up.,b,Please provide the image or video you are referring to so I can determine the correct direction.,,0,,,,gemma4it_tb_uniform1_no_video.json
uniform,1,no_video,2095,523,TimeBlind/videos/mcq_vid_00223_1.mp4,Which direction is the screen swiped? Option A: The screen is swiped down. Option B: The screen is swiped up.,a,Please provide the image or video you are referring to so I can determine the correct direction.,,0,,,,gemma4it_tb_uniform1_no_video.json
uniform,1,no_video,2096,524,TimeBlind/videos/mcq_vid_00224_0.mp4,What does the person in the video do with the T-shirt? Option A: The person fully folds the T-shirt. Option B: The person does not fully fold the T-shirt.,a,"Please provide the video you are referring to! You haven't attached or linked a video to your message. 

Once you provide the video, I will be able to tell you whether the answer is **Option A** or **Option B**.",a,1,,,,gemma4it_tb_uniform1_no_video.json
uniform,1,no_video,2097,524,TimeBlind/videos/mcq_vid_00224_1.mp4,What does the person in the video do with the T-shirt? Option A: The person fully folds the T-shirt. Option B: The person does not fully fold the T-shirt.,b,"Please provide the video you are referring to! You haven't attached or linked a video to your message. 

Once you provide the video, I will be able to tell you whether the answer is **Option A** or **Option B**.",a,0,,,,gemma4it_tb_uniform1_no_video.json
uniform,1,no_video,2098,524,TimeBlind/videos/mcq_vid_00224_0.mp4,What does the person in the video do with the T-shirt? Option A: The person does not fully fold the T-shirt. Option B: The person fully folds the T-shirt.,b,"Please provide the video you are referring to. Since I cannot see a video in your message, I am unable to determine whether the person fully folds the T-shirt or not.",a,0,,,,gemma4it_tb_uniform1_no_video.json
uniform,1,no_video,2099,524,TimeBlind/videos/mcq_vid_00224_1.mp4,What does the person in the video do with the T-shirt? Option A: The person does not fully fold the T-shirt. Option B: The person fully folds the T-shirt.,a,"Please provide the video you are referring to. Since I cannot see a video in your message, I am unable to determine whether the person fully folds the T-shirt or not.",a,1,,,,gemma4it_tb_uniform1_no_video.json
uniform,1,no_video,2100,525,TimeBlind/videos/mcq_vid_00225_0.mp4,Which timing description matches what you see? Option A: The top strip finishes before the bottom strip turns on. Option B: The bottom strip turns on while the top strip is still lit.,a,Please provide the image or video you are referring to so I can see the timing and give you the correct answer.,,0,,,,gemma4it_tb_uniform1_no_video.json
uniform,1,no_video,2101,525,TimeBlind/videos/mcq_vid_00225_1.mp4,Which timing description matches what you see? Option A: The top strip finishes before the bottom strip turns on. Option B: The bottom strip turns on while the top strip is still lit.,b,Please provide the image or video you are referring to so I can see the timing and give you the correct answer.,,0,,,,gemma4it_tb_uniform1_no_video.json
uniform,1,no_video,2102,525,TimeBlind/videos/mcq_vid_00225_0.mp4,Which timing description matches what you see? Option A: The bottom strip turns on while the top strip is still lit. Option B: The top strip finishes before the bottom strip turns on.,b,Please provide the image or video you are referring to so I can determine which timing description matches.,,0,,,,gemma4it_tb_uniform1_no_video.json
uniform,1,no_video,2103,525,TimeBlind/videos/mcq_vid_00225_1.mp4,Which timing description matches what you see? Option A: The bottom strip turns on while the top strip is still lit. Option B: The top strip finishes before the bottom strip turns on.,a,Please provide the image or video you are referring to so I can determine which timing description matches.,,0,,,,gemma4it_tb_uniform1_no_video.json
uniform,1,no_video,2104,526,TimeBlind/videos/mcq_vid_00226_0.mp4,What’s true about the moment the top strip turns off? Option A: The bottom strip turns on at that exact moment. Option B: The bottom strip is already on before that moment.,a,"To provide a definitive answer, I would need the specific context, diagram, or logic puzzle you are referring to (as this sounds like a specific logic problem or a description of a circuit/sequence).

However, if this is based on a standard **sequential logic** or **alternating** pattern (where one turns off and the next turns on):
**A**

If this is based on an **overlapping** or **pre-emptive** sequence:
**B**

**Please provide the context or the image/description associated with this question for a certain answer.**",a,1,,,,gemma4it_tb_uniform1_no_video.json
uniform,1,no_video,2105,526,TimeBlind/videos/mcq_vid_00226_1.mp4,What’s true about the moment the top strip turns off? Option A: The bottom strip turns on at that exact moment. Option B: The bottom strip is already on before that moment.,b,"To provide a definitive answer, I would need the specific context, diagram, or logic puzzle you are referring to (as this sounds like a specific logic problem or a description of a circuit/sequence).

However, if this is based on a standard **sequential logic** or **alternating** pattern (where one turns off and the next turns on):
**A**

If this is based on an **overlapping** or **pre-emptive** sequence:
**B**

**Please provide the context or the image/description associated with this question for a certain answer.**",a,0,,,,gemma4it_tb_uniform1_no_video.json
uniform,1,no_video,2106,526,TimeBlind/videos/mcq_vid_00226_0.mp4,What’s true about the moment the top strip turns off? Option A: The bottom strip is already on before that moment. Option B: The bottom strip turns on at that exact moment.,b,"Based on the logic of sequential transitions (where one action completes as another begins), the standard interpretation is:

B",b,1,,,,gemma4it_tb_uniform1_no_video.json
uniform,1,no_video,2107,526,TimeBlind/videos/mcq_vid_00226_1.mp4,What’s true about the moment the top strip turns off? Option A: The bottom strip is already on before that moment. Option B: The bottom strip turns on at that exact moment.,a,"Based on the logic of sequential transitions (where one action completes as another begins), the standard interpretation is:

B",b,0,,,,gemma4it_tb_uniform1_no_video.json
uniform,1,no_video,2108,527,TimeBlind/videos/mcq_vid_00227_0.mp4,"Which start-and-end pattern matches the video? Option A: The top strip starts first, but the bottom strip ends last. Option B: The bottom strip starts first, but the top strip ends last.",a,Please provide the video you are referring to. I need to see the video to determine which pattern matches.,,0,,,,gemma4it_tb_uniform1_no_video.json
uniform,1,no_video,2109,527,TimeBlind/videos/mcq_vid_00227_1.mp4,"Which start-and-end pattern matches the video? Option A: The top strip starts first, but the bottom strip ends last. Option B: The bottom strip starts first, but the top strip ends last.",b,Please provide the video you are referring to. I need to see the video to determine which pattern matches.,,0,,,,gemma4it_tb_uniform1_no_video.json
uniform,1,no_video,2110,527,TimeBlind/videos/mcq_vid_00227_0.mp4,"Which start-and-end pattern matches the video? Option A: The bottom strip starts first, but the top strip ends last. Option B: The top strip starts first, but the bottom strip ends last.",b,"Please provide the video you are referring to. Since no video was attached to your message, I cannot determine which pattern matches. 

Once you provide the video, I will be able to tell you if the answer is **A** or **B**.",a,0,,,,gemma4it_tb_uniform1_no_video.json
uniform,1,no_video,2111,527,TimeBlind/videos/mcq_vid_00227_1.mp4,"Which start-and-end pattern matches the video? Option A: The bottom strip starts first, but the top strip ends last. Option B: The top strip starts first, but the bottom strip ends last.",a,"Please provide the video you are referring to. Since no video was attached to your message, I cannot determine which pattern matches. 

Once you provide the video, I will be able to tell you if the answer is **A** or **B**.",a,1,,,,gemma4it_tb_uniform1_no_video.json
uniform,1,no_video,2112,528,TimeBlind/videos/mcq_vid_00228_0.mp4,"After both strips turn on together, what happens next? Option A: The bottom strip stays lit longer than the top strip. Option B: The top strip stays lit longer than the bottom strip.",a,"To provide the correct answer, I would need to see the image or the description of the circuit/scenario you are referring to.

However, if this is a standard physics or logic problem involving a **series circuit** with two bulbs of different wattages (or resistances), the rule is:
*   The bulb with the **higher resistance** (lower wattage) will glow brighter and often ""burn out"" or be the focus of the circuit's behavior.
*   If the question refers to a **parallel circuit** with different battery capacities or resistances, the behavior changes.

**Please provide the image or the specific details",a,1,,,,gemma4it_tb_uniform1_no_video.json
uniform,1,no_video,2113,528,TimeBlind/videos/mcq_vid_00228_1.mp4,"After both strips turn on together, what happens next? Option A: The bottom strip stays lit longer than the top strip. Option B: The top strip stays lit longer than the bottom strip.",b,"To provide the correct answer, I would need to see the image or the description of the circuit/scenario you are referring to.

However, if this is a standard physics or logic problem involving a **series circuit** with two bulbs of different wattages (or resistances), the rule is:
*   The bulb with the **higher resistance** (lower wattage) will glow brighter and often ""burn out"" or be the focus of the circuit's behavior.
*   If the question refers to a **parallel circuit** with different battery capacities or resistances, the behavior changes.

**Please provide the image or the specific details",a,0,,,,gemma4it_tb_uniform1_no_video.json
uniform,1,no_video,2114,528,TimeBlind/videos/mcq_vid_00228_0.mp4,"After both strips turn on together, what happens next? Option A: The top strip stays lit longer than the bottom strip. Option B: The bottom strip stays lit longer than the top strip.",b,"To provide the correct answer, I would need to see the image or the description of the circuit/scenario you are referring to.

However, if this is a standard physics or logic problem involving two strips with different resistances or power sources:

*   If the **top strip** has a higher resistance or a weaker power source, **Option B** is usually the answer.
*   If the **bottom strip** has a higher resistance or a weaker power source, **Option A** is usually the answer.

Please provide the image or context so I can give you the definitive answer.",b,1,,,,gemma4it_tb_uniform1_no_video.json
uniform,1,no_video,2115,528,TimeBlind/videos/mcq_vid_00228_1.mp4,"After both strips turn on together, what happens next? Option A: The top strip stays lit longer than the bottom strip. Option B: The bottom strip stays lit longer than the top strip.",a,"To provide the correct answer, I would need to see the image or the description of the circuit/scenario you are referring to.

However, if this is a standard physics or logic problem involving two strips with different resistances or power sources:

*   If the **top strip** has a higher resistance or a weaker power source, **Option B** is usually the answer.
*   If the **bottom strip** has a higher resistance or a weaker power source, **Option A** is usually the answer.

Please provide the image or context so I can give you the definitive answer.",b,0,,,,gemma4it_tb_uniform1_no_video.json
uniform,1,no_video,2116,529,TimeBlind/videos/mcq_vid_00229_0.mp4,"They turn off at the same time. Which description fits the beginning? Option A: The bottom strip turns on first, then the top strip joins later. Option B: The top strip turns on first, then the bottom strip joins later.",a,"To provide the correct answer, I would need to see the video or the specific context you are referring to. However, based on the logic of your question:

If they turn off at the same time, but one turns on before the other, the description depends entirely on the visual sequence of the lights.

Please provide the video or a description of the sequence, and I will tell you if it is **A** or **B**.",a,1,,,,gemma4it_tb_uniform1_no_video.json
uniform,1,no_video,2117,529,TimeBlind/videos/mcq_vid_00229_1.mp4,"They turn off at the same time. Which description fits the beginning? Option A: The bottom strip turns on first, then the top strip joins later. Option B: The top strip turns on first, then the bottom strip joins later.",b,"To provide the correct answer, I would need to see the video or the specific context you are referring to. However, based on the logic of your question:

If they turn off at the same time, but one turns on before the other, the description depends entirely on the visual sequence of the lights.

Please provide the video or a description of the sequence, and I will tell you if it is **A** or **B**.",a,0,,,,gemma4it_tb_uniform1_no_video.json
uniform,1,no_video,2118,529,TimeBlind/videos/mcq_vid_00229_0.mp4,"They turn off at the same time. Which description fits the beginning? Option A: The top strip turns on first, then the bottom strip joins later. Option B: The bottom strip turns on first, then the top strip joins later.",b,"Based on the information provided, there is no description of the sequence in which the strips turn on, only that they turn off at the same time. Therefore, neither option can be determined from the text.

However, if this is a logic puzzle where one must be chosen based on a missing context or a specific pattern, please provide the preceding text. If you must choose one based on the prompt alone, there is insufficient information.

If you are asking which description fits a specific visual or logical sequence not provided here, please clarify. Otherwise, a choice cannot be made.",a,0,,,,gemma4it_tb_uniform1_no_video.json
uniform,1,no_video,2119,529,TimeBlind/videos/mcq_vid_00229_1.mp4,"They turn off at the same time. Which description fits the beginning? Option A: The top strip turns on first, then the bottom strip joins later. Option B: The bottom strip turns on first, then the top strip joins later.",a,"Based on the information provided, there is no description of the sequence in which the strips turn on, only that they turn off at the same time. Therefore, neither option can be determined from the text.

However, if this is a logic puzzle where one must be chosen based on a missing context or a specific pattern, please provide the preceding text. If you must choose one based on the prompt alone, there is insufficient information.

If you are asking which description fits a specific visual or logical sequence not provided here, please clarify. Otherwise, a choice cannot be made.",a,1,,,,gemma4it_tb_uniform1_no_video.json
uniform,1,no_video,2120,530,TimeBlind/videos/mcq_vid_00230_0.mp4,Which strip’s on-time fully covers the other strip’s on-time? Option A: The bottom strip covers the entire time the top strip is lit. Option B: The top strip covers the entire time the bottom strip is lit.,a,"To provide the correct answer, I need to see the image or the specific time intervals for the ""top strip"" and the ""bottom strip.""

Since no image or data was provided in your message, please **upload the image** or **provide the start and end times** for both strips.

Once you provide that information, I will be able to tell you if the answer is **A** or **B**.",a,1,,,,gemma4it_tb_uniform1_no_video.json
uniform,1,no_video,2121,530,TimeBlind/videos/mcq_vid_00230_1.mp4,Which strip’s on-time fully covers the other strip’s on-time? Option A: The bottom strip covers the entire time the top strip is lit. Option B: The top strip covers the entire time the bottom strip is lit.,b,"To provide the correct answer, I need to see the image or the specific time intervals for the ""top strip"" and the ""bottom strip.""

Since no image or data was provided in your message, please **upload the image** or **provide the start and end times** for both strips.

Once you provide that information, I will be able to tell you if the answer is **A** or **B**.",a,0,,,,gemma4it_tb_uniform1_no_video.json
uniform,1,no_video,2122,530,TimeBlind/videos/mcq_vid_00230_0.mp4,Which strip’s on-time fully covers the other strip’s on-time? Option A: The top strip covers the entire time the bottom strip is lit. Option B: The bottom strip covers the entire time the top strip is lit.,b,Please provide the image or the specific time intervals for the two strips so I can determine the correct answer.,,0,,,,gemma4it_tb_uniform1_no_video.json
uniform,1,no_video,2123,530,TimeBlind/videos/mcq_vid_00230_1.mp4,Which strip’s on-time fully covers the other strip’s on-time? Option A: The top strip covers the entire time the bottom strip is lit. Option B: The bottom strip covers the entire time the top strip is lit.,a,Please provide the image or the specific time intervals for the two strips so I can determine the correct answer.,,0,,,,gemma4it_tb_uniform1_no_video.json
uniform,1,no_video,2124,531,TimeBlind/videos/mcq_vid_00231_0.mp4,Which overall timing pattern matches the video? Option A: The two strips are perfectly synchronized from start to finish. Option B: The top strip finishes before the bottom strip starts.,a,"Please provide the video you are referring to. Since no video was attached to your message, I cannot determine which timing pattern matches.",,0,,,,gemma4it_tb_uniform1_no_video.json
uniform,1,no_video,2125,531,TimeBlind/videos/mcq_vid_00231_1.mp4,Which overall timing pattern matches the video? Option A: The two strips are perfectly synchronized from start to finish. Option B: The top strip finishes before the bottom strip starts.,b,"Please provide the video you are referring to. Since no video was attached to your message, I cannot determine which timing pattern matches.",,0,,,,gemma4it_tb_uniform1_no_video.json
uniform,1,no_video,2126,531,TimeBlind/videos/mcq_vid_00231_0.mp4,Which overall timing pattern matches the video? Option A: The top strip finishes before the bottom strip starts. Option B: The two strips are perfectly synchronized from start to finish.,b,"Please provide the video you are referring to. Since no video was attached to your message, I cannot determine which timing pattern matches.",,0,,,,gemma4it_tb_uniform1_no_video.json
uniform,1,no_video,2127,531,TimeBlind/videos/mcq_vid_00231_1.mp4,Which overall timing pattern matches the video? Option A: The top strip finishes before the bottom strip starts. Option B: The two strips are perfectly synchronized from start to finish.,a,"Please provide the video you are referring to. Since no video was attached to your message, I cannot determine which timing pattern matches.",,0,,,,gemma4it_tb_uniform1_no_video.json
uniform,1,no_video,2128,532,TimeBlind/videos/mcq_vid_00232_0.mp4,"What best describes the handoff from bottom to top? Option A: The top strip turns on the instant the bottom strip turns off. Option B: The bottom strip ends, and the top strip turns on after a noticeable gap.",a,A,a,1,,,,gemma4it_tb_uniform1_no_video.json
uniform,1,no_video,2129,532,TimeBlind/videos/mcq_vid_00232_1.mp4,"What best describes the handoff from bottom to top? Option A: The top strip turns on the instant the bottom strip turns off. Option B: The bottom strip ends, and the top strip turns on after a noticeable gap.",b,A,a,0,,,,gemma4it_tb_uniform1_no_video.json
uniform,1,no_video,2130,532,TimeBlind/videos/mcq_vid_00232_0.mp4,"What best describes the handoff from bottom to top? Option A: The bottom strip ends, and the top strip turns on after a noticeable gap. Option B: The top strip turns on the instant the bottom strip turns off.",b,B,b,1,,,,gemma4it_tb_uniform1_no_video.json
uniform,1,no_video,2131,532,TimeBlind/videos/mcq_vid_00232_1.mp4,"What best describes the handoff from bottom to top? Option A: The bottom strip ends, and the top strip turns on after a noticeable gap. Option B: The top strip turns on the instant the bottom strip turns off.",a,B,b,0,,,,gemma4it_tb_uniform1_no_video.json
uniform,1,no_video,2132,533,TimeBlind/videos/mcq_vid_00233_0.mp4,"Which description matches the transition between the two strips? Option A: The bottom strip finishes, then the top strip turns on later. Option B: The bottom strip turns on immediately as the top strip turns off.",a,Please provide the image or video you are referring to so I can analyze the transition and give you the correct answer.,,0,,,,gemma4it_tb_uniform1_no_video.json
uniform,1,no_video,2133,533,TimeBlind/videos/mcq_vid_00233_1.mp4,"Which description matches the transition between the two strips? Option A: The bottom strip finishes, then the top strip turns on later. Option B: The bottom strip turns on immediately as the top strip turns off.",b,Please provide the image or video you are referring to so I can analyze the transition and give you the correct answer.,,0,,,,gemma4it_tb_uniform1_no_video.json
uniform,1,no_video,2134,533,TimeBlind/videos/mcq_vid_00233_0.mp4,"Which description matches the transition between the two strips? Option A: The bottom strip turns on immediately as the top strip turns off. Option B: The bottom strip finishes, then the top strip turns on later.",b,"Please provide the image or a description of the two strips you are referring to. Without the visual context, I cannot determine which option is correct.",a,0,,,,gemma4it_tb_uniform1_no_video.json
uniform,1,no_video,2135,533,TimeBlind/videos/mcq_vid_00233_1.mp4,"Which description matches the transition between the two strips? Option A: The bottom strip turns on immediately as the top strip turns off. Option B: The bottom strip finishes, then the top strip turns on later.",a,"Please provide the image or a description of the two strips you are referring to. Without the visual context, I cannot determine which option is correct.",a,1,,,,gemma4it_tb_uniform1_no_video.json
uniform,1,no_video,2136,534,TimeBlind/videos/mcq_vid_00234_0.mp4,How does the top strip relate to the bottom strip’s on-time? Option A: The top strip stays on for the entire time the bottom strip is lit. Option B: The top strip turns off before the bottom strip is done.,a,Please provide the image or video you are referring to so I can see the strips and give you the correct answer.,,0,,,,gemma4it_tb_uniform1_no_video.json
uniform,1,no_video,2137,534,TimeBlind/videos/mcq_vid_00234_1.mp4,How does the top strip relate to the bottom strip’s on-time? Option A: The top strip stays on for the entire time the bottom strip is lit. Option B: The top strip turns off before the bottom strip is done.,b,Please provide the image or video you are referring to so I can see the strips and give you the correct answer.,,0,,,,gemma4it_tb_uniform1_no_video.json
uniform,1,no_video,2138,534,TimeBlind/videos/mcq_vid_00234_0.mp4,How does the top strip relate to the bottom strip’s on-time? Option A: The top strip turns off before the bottom strip is done. Option B: The top strip stays on for the entire time the bottom strip is lit.,b,"To provide the correct answer, I would need to see the image or description of the strips you are referring to.

However, if this is a logic puzzle or a standard visual test where the top strip is a subset of the bottom strip's duration:

**Option B** is the most common answer in these types of logic problems (where the top strip is contained within the bottom strip's timeframe).

If you can provide the image or more context, I can give you a definitive answer!",b,1,,,,gemma4it_tb_uniform1_no_video.json
uniform,1,no_video,2139,534,TimeBlind/videos/mcq_vid_00234_1.mp4,How does the top strip relate to the bottom strip’s on-time? Option A: The top strip turns off before the bottom strip is done. Option B: The top strip stays on for the entire time the bottom strip is lit.,a,"To provide the correct answer, I would need to see the image or description of the strips you are referring to.

However, if this is a logic puzzle or a standard visual test where the top strip is a subset of the bottom strip's duration:

**Option B** is the most common answer in these types of logic problems (where the top strip is contained within the bottom strip's timeframe).

If you can provide the image or more context, I can give you a definitive answer!",b,0,,,,gemma4it_tb_uniform1_no_video.json
uniform,1,no_video,2140,535,TimeBlind/videos/mcq_vid_00235_0.mp4,Which description best matches the start of the top strip? Option A: The top and bottom strips turn on together. Option B: The bottom strip is already on before the top strip turns on.,a,"To provide the correct answer, I would need to see the image or video you are referring to. Since no visual content was provided in your message, I cannot determine which strip turns on first.

Please **upload the image or video**, and I will be happy to tell you whether it is Option A or Option B.",a,1,,,,gemma4it_tb_uniform1_no_video.json
uniform,1,no_video,2141,535,TimeBlind/videos/mcq_vid_00235_1.mp4,Which description best matches the start of the top strip? Option A: The top and bottom strips turn on together. Option B: The bottom strip is already on before the top strip turns on.,b,"To provide the correct answer, I would need to see the image or video you are referring to. Since no visual content was provided in your message, I cannot determine which strip turns on first.

Please **upload the image or video**, and I will be happy to tell you whether it is Option A or Option B.",a,0,,,,gemma4it_tb_uniform1_no_video.json
uniform,1,no_video,2142,535,TimeBlind/videos/mcq_vid_00235_0.mp4,Which description best matches the start of the top strip? Option A: The bottom strip is already on before the top strip turns on. Option B: The top and bottom strips turn on together.,b,"To provide the correct answer, I would need to see the image or video you are referring to. Since no image was provided in your message, I cannot determine which strip turns on first.

Please **upload the image or video**, and I will be happy to tell you if the answer is A or B.",a,0,,,,gemma4it_tb_uniform1_no_video.json
uniform,1,no_video,2143,535,TimeBlind/videos/mcq_vid_00235_1.mp4,Which description best matches the start of the top strip? Option A: The bottom strip is already on before the top strip turns on. Option B: The top and bottom strips turn on together.,a,"To provide the correct answer, I would need to see the image or video you are referring to. Since no image was provided in your message, I cannot determine which strip turns on first.

Please **upload the image or video**, and I will be happy to tell you if the answer is A or B.",a,1,,,,gemma4it_tb_uniform1_no_video.json
uniform,1,no_video,2144,536,TimeBlind/videos/mcq_vid_00236_0.mp4,Which ending pattern matches the video? Option A: Both strips turn off at the same time. Option B: The bottom strip stays on after the top strip turns off.,a,Please provide the video you are referring to so I can analyze the ending pattern and give you the correct option.,,0,,,,gemma4it_tb_uniform1_no_video.json
uniform,1,no_video,2145,536,TimeBlind/videos/mcq_vid_00236_1.mp4,Which ending pattern matches the video? Option A: Both strips turn off at the same time. Option B: The bottom strip stays on after the top strip turns off.,b,Please provide the video you are referring to so I can analyze the ending pattern and give you the correct option.,,0,,,,gemma4it_tb_uniform1_no_video.json
uniform,1,no_video,2146,536,TimeBlind/videos/mcq_vid_00236_0.mp4,Which ending pattern matches the video? Option A: The bottom strip stays on after the top strip turns off. Option B: Both strips turn off at the same time.,b,Please provide the video you are referring to so I can analyze the ending pattern and give you the correct option.,,0,,,,gemma4it_tb_uniform1_no_video.json
uniform,1,no_video,2147,536,TimeBlind/videos/mcq_vid_00236_1.mp4,Which ending pattern matches the video? Option A: The bottom strip stays on after the top strip turns off. Option B: Both strips turn off at the same time.,a,Please provide the video you are referring to so I can analyze the ending pattern and give you the correct option.,,0,,,,gemma4it_tb_uniform1_no_video.json
uniform,1,no_video,2148,537,TimeBlind/videos/mcq_vid_00237_0.mp4,What happens when the top strip turns off? Option A: The bottom strip turns off at the same moment. Option B: The bottom strip stays on after the top strip turns off.,a,"Please provide the context, image, or description of the system you are referring to (e.g., a specific circuit, a logic puzzle, or a device description). Without the context, it is impossible to determine the correct behavior.",a,1,,,,gemma4it_tb_uniform1_no_video.json
uniform,1,no_video,2149,537,TimeBlind/videos/mcq_vid_00237_1.mp4,What happens when the top strip turns off? Option A: The bottom strip turns off at the same moment. Option B: The bottom strip stays on after the top strip turns off.,b,"Please provide the context, image, or description of the system you are referring to (e.g., a specific circuit, a logic puzzle, or a device description). Without the context, it is impossible to determine the correct behavior.",a,0,,,,gemma4it_tb_uniform1_no_video.json
uniform,1,no_video,2150,537,TimeBlind/videos/mcq_vid_00237_0.mp4,What happens when the top strip turns off? Option A: The bottom strip stays on after the top strip turns off. Option B: The bottom strip turns off at the same moment.,b,"To provide the correct answer, I would need the context of the specific logic, circuit, or problem description you are referring to (e.g., a logic gate diagram, a specific programming problem, or a physical switch setup).

However, if this is a standard logic problem where the strips are wired in **series**, the answer is **B**. If they are wired in **parallel** (or independent), the answer is **A**.

Please provide the context or the diagram for a definitive answer.",a,0,,,,gemma4it_tb_uniform1_no_video.json
uniform,1,no_video,2151,537,TimeBlind/videos/mcq_vid_00237_1.mp4,What happens when the top strip turns off? Option A: The bottom strip stays on after the top strip turns off. Option B: The bottom strip turns off at the same moment.,a,"To provide the correct answer, I would need the context of the specific logic, circuit, or problem description you are referring to (e.g., a logic gate diagram, a specific programming problem, or a physical switch setup).

However, if this is a standard logic problem where the strips are wired in **series**, the answer is **B**. If they are wired in **parallel** (or independent), the answer is **A**.

Please provide the context or the diagram for a definitive answer.",a,1,,,,gemma4it_tb_uniform1_no_video.json
uniform,1,no_video,2152,538,TimeBlind/videos/mcq_vid_00238_0.mp4,"Which timing description matches the video? Option A: The bottom strip turns on exactly when the top strip turns off. Option B: The bottom strip starts first, overlaps the top, and the top continues afterward.",a,"Please provide the video you are referring to! You haven't attached or linked a video yet. Once you provide it, I can tell you whether Option A or Option B is correct.",a,1,,,,gemma4it_tb_uniform1_no_video.json
uniform,1,no_video,2153,538,TimeBlind/videos/mcq_vid_00238_1.mp4,"Which timing description matches the video? Option A: The bottom strip turns on exactly when the top strip turns off. Option B: The bottom strip starts first, overlaps the top, and the top continues afterward.",b,"Please provide the video you are referring to! You haven't attached or linked a video yet. Once you provide it, I can tell you whether Option A or Option B is correct.",a,0,,,,gemma4it_tb_uniform1_no_video.json
uniform,1,no_video,2154,538,TimeBlind/videos/mcq_vid_00238_0.mp4,"Which timing description matches the video? Option A: The bottom strip starts first, overlaps the top, and the top continues afterward. Option B: The bottom strip turns on exactly when the top strip turns off.",b,"Please provide the video you are referring to! You haven't attached or linked a video yet. Once you provide it, I can tell you whether Option A or Option B is correct.",a,0,,,,gemma4it_tb_uniform1_no_video.json
uniform,1,no_video,2155,538,TimeBlind/videos/mcq_vid_00238_1.mp4,"Which timing description matches the video? Option A: The bottom strip starts first, overlaps the top, and the top continues afterward. Option B: The bottom strip turns on exactly when the top strip turns off.",a,"Please provide the video you are referring to! You haven't attached or linked a video yet. Once you provide it, I can tell you whether Option A or Option B is correct.",a,1,,,,gemma4it_tb_uniform1_no_video.json
uniform,1,no_video,2156,539,TimeBlind/videos/mcq_vid_00239_0.mp4,"Which description best matches the gap (or lack of one) between the strips? Option A: The top strip ends, then the bottom strip turns on later after a pause. Option B: The bottom strip ends at the exact moment the top strip turns on.",a,Please provide the image or video you are referring to so I can analyze the timing between the strips and give you the correct answer.,,0,,,,gemma4it_tb_uniform1_no_video.json
uniform,1,no_video,2157,539,TimeBlind/videos/mcq_vid_00239_1.mp4,"Which description best matches the gap (or lack of one) between the strips? Option A: The top strip ends, then the bottom strip turns on later after a pause. Option B: The bottom strip ends at the exact moment the top strip turns on.",b,Please provide the image or video you are referring to so I can analyze the timing between the strips and give you the correct answer.,,0,,,,gemma4it_tb_uniform1_no_video.json
uniform,1,no_video,2158,539,TimeBlind/videos/mcq_vid_00239_0.mp4,"Which description best matches the gap (or lack of one) between the strips? Option A: The bottom strip ends at the exact moment the top strip turns on. Option B: The top strip ends, then the bottom strip turns on later after a pause.",b,Please provide the image or video you are referring to so I can determine which description matches the strips.,,0,,,,gemma4it_tb_uniform1_no_video.json
uniform,1,no_video,2159,539,TimeBlind/videos/mcq_vid_00239_1.mp4,"Which description best matches the gap (or lack of one) between the strips? Option A: The bottom strip ends at the exact moment the top strip turns on. Option B: The top strip ends, then the bottom strip turns on later after a pause.",a,Please provide the image or video you are referring to so I can determine which description matches the strips.,,0,,,,gemma4it_tb_uniform1_no_video.json
uniform,1,no_video,2160,540,TimeBlind/videos/mcq_vid_00240_0.mp4,"Which description best matches how closely the strips are synchronized? Option A: They start together, but the bottom strip stays on longer. Option B: They turn on and off together for the entire sequence.",a,"Please provide the video or the context you are referring to so I can determine which description is correct. Without the visual or descriptive input, I cannot select an option.",,0,,,,gemma4it_tb_uniform1_no_video.json
uniform,1,no_video,2161,540,TimeBlind/videos/mcq_vid_00240_1.mp4,"Which description best matches how closely the strips are synchronized? Option A: They start together, but the bottom strip stays on longer. Option B: They turn on and off together for the entire sequence.",b,"Please provide the video or the context you are referring to so I can determine which description is correct. Without the visual or descriptive input, I cannot select an option.",,0,,,,gemma4it_tb_uniform1_no_video.json
uniform,1,no_video,2162,540,TimeBlind/videos/mcq_vid_00240_0.mp4,"Which description best matches how closely the strips are synchronized? Option A: They turn on and off together for the entire sequence. Option B: They start together, but the bottom strip stays on longer.",b,Please provide the video or the context you are referring to so I can determine which description is correct.,,0,,,,gemma4it_tb_uniform1_no_video.json
uniform,1,no_video,2163,540,TimeBlind/videos/mcq_vid_00240_1.mp4,"Which description best matches how closely the strips are synchronized? Option A: They turn on and off together for the entire sequence. Option B: They start together, but the bottom strip stays on longer.",a,Please provide the video or the context you are referring to so I can determine which description is correct.,,0,,,,gemma4it_tb_uniform1_no_video.json
uniform,1,no_video,2164,541,TimeBlind/videos/mcq_vid_00241_0.mp4,How does the bottom strip relate to the top strip’s on-time? Option A: The bottom strip is already on when the top strip turns on. Option B: The bottom strip turns on right when the top strip turns off.,a,"To provide the correct answer, I would need to see the image or the specific context/description of the ""top strip"" and ""bottom strip"" you are referring to.

However, if this is a logic puzzle or a specific test question where the visual is missing, please provide the description of the sequence.

If you are referring to a standard **alternating light sequence** (like a traffic light or a relay):
**Option B** is the most common logical progression.

If you are referring to a **pre-emptive sequence** (like a ""warm-up"" or ""base"" light):
**Option",b,0,,,,gemma4it_tb_uniform1_no_video.json
uniform,1,no_video,2165,541,TimeBlind/videos/mcq_vid_00241_1.mp4,How does the bottom strip relate to the top strip’s on-time? Option A: The bottom strip is already on when the top strip turns on. Option B: The bottom strip turns on right when the top strip turns off.,b,"To provide the correct answer, I would need to see the image or the specific context/description of the ""top strip"" and ""bottom strip"" you are referring to.

However, if this is a logic puzzle or a specific test question where the visual is missing, please provide the description of the sequence.

If you are referring to a standard **alternating light sequence** (like a traffic light or a relay):
**Option B** is the most common logical progression.

If you are referring to a **pre-emptive sequence** (like a ""warm-up"" or ""base"" light):
**Option",b,1,,,,gemma4it_tb_uniform1_no_video.json
uniform,1,no_video,2166,541,TimeBlind/videos/mcq_vid_00241_0.mp4,How does the bottom strip relate to the top strip’s on-time? Option A: The bottom strip turns on right when the top strip turns off. Option B: The bottom strip is already on when the top strip turns on.,b,"To provide the correct answer, I would need to see the specific image, diagram, or description of the ""top strip"" and ""bottom strip"" you are referring to.

However, if this is a logic puzzle or a standard sequence question:
*   **Option A** describes a **complementary/alternating** relationship (like a relay or a toggle).
*   **Option B** describes a **pre-existing/overlapping** state.

Please provide the context or image, and I will tell you which option is correct.",a,0,,,,gemma4it_tb_uniform1_no_video.json
uniform,1,no_video,2167,541,TimeBlind/videos/mcq_vid_00241_1.mp4,How does the bottom strip relate to the top strip’s on-time? Option A: The bottom strip turns on right when the top strip turns off. Option B: The bottom strip is already on when the top strip turns on.,a,"To provide the correct answer, I would need to see the specific image, diagram, or description of the ""top strip"" and ""bottom strip"" you are referring to.

However, if this is a logic puzzle or a standard sequence question:
*   **Option A** describes a **complementary/alternating** relationship (like a relay or a toggle).
*   **Option B** describes a **pre-existing/overlapping** state.

Please provide the context or image, and I will tell you which option is correct.",a,1,,,,gemma4it_tb_uniform1_no_video.json
uniform,1,no_video,2168,542,TimeBlind/videos/mcq_vid_00242_0.mp4,"Which ending description matches the video? Option A: The bottom strip turns off while the top strip stays on afterward. Option B: The strips turn off together, and the bottom strip started later.",a,"Please provide the video you are referring to! You haven't attached or linked a video yet. Once you provide it, I can tell you which option matches.",a,1,,,,gemma4it_tb_uniform1_no_video.json
uniform,1,no_video,2169,542,TimeBlind/videos/mcq_vid_00242_1.mp4,"Which ending description matches the video? Option A: The bottom strip turns off while the top strip stays on afterward. Option B: The strips turn off together, and the bottom strip started later.",b,"Please provide the video you are referring to! You haven't attached or linked a video yet. Once you provide it, I can tell you which option matches.",a,0,,,,gemma4it_tb_uniform1_no_video.json
uniform,1,no_video,2170,542,TimeBlind/videos/mcq_vid_00242_0.mp4,"Which ending description matches the video? Option A: The strips turn off together, and the bottom strip started later. Option B: The bottom strip turns off while the top strip stays on afterward.",b,Please provide the video you are referring to so I can analyze it and give you the correct answer.,,0,,,,gemma4it_tb_uniform1_no_video.json
uniform,1,no_video,2171,542,TimeBlind/videos/mcq_vid_00242_1.mp4,"Which ending description matches the video? Option A: The strips turn off together, and the bottom strip started later. Option B: The bottom strip turns off while the top strip stays on afterward.",a,Please provide the video you are referring to so I can analyze it and give you the correct answer.,,0,,,,gemma4it_tb_uniform1_no_video.json
uniform,1,no_video,2172,543,TimeBlind/videos/mcq_vid_00243_0.mp4,"Which description best matches when the top strip turns on? Option A: The top strip turns on while the bottom strip is already lit, and the top stays on after the bottom ends. Option B: The top strip turns on only after the bottom strip has completely finished.",a,"Please provide the context, video, or description of the sequence you are referring to. Without the source material, I cannot determine which option is correct.",,0,,,,gemma4it_tb_uniform1_no_video.json
uniform,1,no_video,2173,543,TimeBlind/videos/mcq_vid_00243_1.mp4,"Which description best matches when the top strip turns on? Option A: The top strip turns on while the bottom strip is already lit, and the top stays on after the bottom ends. Option B: The top strip turns on only after the bottom strip has completely finished.",b,"Please provide the context, video, or description of the sequence you are referring to. Without the source material, I cannot determine which option is correct.",,0,,,,gemma4it_tb_uniform1_no_video.json
uniform,1,no_video,2174,543,TimeBlind/videos/mcq_vid_00243_0.mp4,"Which description best matches when the top strip turns on? Option A: The top strip turns on only after the bottom strip has completely finished. Option B: The top strip turns on while the bottom strip is already lit, and the top stays on after the bottom ends.",b,"Please provide the context, video, or description of the sequence you are referring to. Without the source material, I cannot determine which option is correct.",,0,,,,gemma4it_tb_uniform1_no_video.json
uniform,1,no_video,2175,543,TimeBlind/videos/mcq_vid_00243_1.mp4,"Which description best matches when the top strip turns on? Option A: The top strip turns on only after the bottom strip has completely finished. Option B: The top strip turns on while the bottom strip is already lit, and the top stays on after the bottom ends.",a,"Please provide the context, video, or description of the sequence you are referring to. Without the source material, I cannot determine which option is correct.",,0,,,,gemma4it_tb_uniform1_no_video.json
uniform,1,no_video,2176,544,TimeBlind/videos/mcq_vid_00244_0.mp4,"Which description matches the overall timing between the strips? Option A: The two strips turn on and off together, perfectly in sync. Option B: The top strip stays on longer and fully covers the bottom strip’s on-time.",a,Please provide the image or a description of the strips you are referring to so I can determine the correct answer.,a,1,,,,gemma4it_tb_uniform1_no_video.json
uniform,1,no_video,2177,544,TimeBlind/videos/mcq_vid_00244_1.mp4,"Which description matches the overall timing between the strips? Option A: The two strips turn on and off together, perfectly in sync. Option B: The top strip stays on longer and fully covers the bottom strip’s on-time.",b,Please provide the image or a description of the strips you are referring to so I can determine the correct answer.,a,0,,,,gemma4it_tb_uniform1_no_video.json
uniform,1,no_video,2178,544,TimeBlind/videos/mcq_vid_00244_0.mp4,"Which description matches the overall timing between the strips? Option A: The top strip stays on longer and fully covers the bottom strip’s on-time. Option B: The two strips turn on and off together, perfectly in sync.",b,Please provide the image or video you are referring to so I can analyze the timing between the strips and give you the correct answer.,,0,,,,gemma4it_tb_uniform1_no_video.json
uniform,1,no_video,2179,544,TimeBlind/videos/mcq_vid_00244_1.mp4,"Which description matches the overall timing between the strips? Option A: The top strip stays on longer and fully covers the bottom strip’s on-time. Option B: The two strips turn on and off together, perfectly in sync.",a,Please provide the image or video you are referring to so I can analyze the timing between the strips and give you the correct answer.,,0,,,,gemma4it_tb_uniform1_no_video.json
uniform,1,no_video,2180,545,TimeBlind/videos/mcq_vid_00245_0.mp4,Which description matches the handoff between the two strips? Option A: The bottom strip starts only after a noticeable pause once the top strip is already off. Option B: The bottom strip starts the instant the top strip turns off.,a,"thought
<channel|>Please provide the video or image you are referring to so I can analyze the handoff between the two strips and give you the correct answer.",,0,,,,gemma4it_tb_uniform1_no_video.json
uniform,1,no_video,2181,545,TimeBlind/videos/mcq_vid_00245_1.mp4,Which description matches the handoff between the two strips? Option A: The bottom strip starts only after a noticeable pause once the top strip is already off. Option B: The bottom strip starts the instant the top strip turns off.,b,"thought
<channel|>Please provide the video or image you are referring to so I can analyze the handoff between the two strips and give you the correct answer.",,0,,,,gemma4it_tb_uniform1_no_video.json
uniform,1,no_video,2182,545,TimeBlind/videos/mcq_vid_00245_0.mp4,Which description matches the handoff between the two strips? Option A: The bottom strip starts the instant the top strip turns off. Option B: The bottom strip starts only after a noticeable pause once the top strip is already off.,b,"thought
<channel|>Please provide the image or video you are referring to so I can see the handoff between the two strips and give you the correct answer.",,0,,,,gemma4it_tb_uniform1_no_video.json
uniform,1,no_video,2183,545,TimeBlind/videos/mcq_vid_00245_1.mp4,Which description matches the handoff between the two strips? Option A: The bottom strip starts the instant the top strip turns off. Option B: The bottom strip starts only after a noticeable pause once the top strip is already off.,a,"thought
<channel|>Please provide the image or video you are referring to so I can see the handoff between the two strips and give you the correct answer.",,0,,,,gemma4it_tb_uniform1_no_video.json
uniform,1,no_video,2184,546,TimeBlind/videos/mcq_vid_00246_0.mp4,Which strip is still lit after the other one turns off? Option A: The bottom strip stays on after the top strip turns off. Option B: The top strip stays on after the bottom strip turns off.,a,"To provide the correct answer, I need to see the image or the description of the scenario you are referring to. Since no image or context was provided in your message, please upload the image or describe the situation.

However, if this is a logic puzzle where the ""top"" and ""bottom"" refer to a specific sequence or visual, please provide that detail!",a,1,,,,gemma4it_tb_uniform1_no_video.json
uniform,1,no_video,2185,546,TimeBlind/videos/mcq_vid_00246_1.mp4,Which strip is still lit after the other one turns off? Option A: The bottom strip stays on after the top strip turns off. Option B: The top strip stays on after the bottom strip turns off.,b,"To provide the correct answer, I need to see the image or the description of the scenario you are referring to. Since no image or context was provided in your message, please upload the image or describe the situation.

However, if this is a logic puzzle where the ""top"" and ""bottom"" refer to a specific sequence or visual, please provide that detail!",a,0,,,,gemma4it_tb_uniform1_no_video.json
uniform,1,no_video,2186,546,TimeBlind/videos/mcq_vid_00246_0.mp4,Which strip is still lit after the other one turns off? Option A: The top strip stays on after the bottom strip turns off. Option B: The bottom strip stays on after the top strip turns off.,b,"To provide the correct answer, I need to see the image or the description of the scenario you are referring to. Since no image or context was provided in your message, please upload the image or describe the situation.

However, if this is a logic puzzle where the information is missing, I cannot determine the answer. Please provide the visual or text context!",a,0,,,,gemma4it_tb_uniform1_no_video.json
uniform,1,no_video,2187,546,TimeBlind/videos/mcq_vid_00246_1.mp4,Which strip is still lit after the other one turns off? Option A: The top strip stays on after the bottom strip turns off. Option B: The bottom strip stays on after the top strip turns off.,a,"To provide the correct answer, I need to see the image or the description of the scenario you are referring to. Since no image or context was provided in your message, please upload the image or describe the situation.

However, if this is a logic puzzle where the information is missing, I cannot determine the answer. Please provide the visual or text context!",a,1,,,,gemma4it_tb_uniform1_no_video.json
uniform,1,no_video,2188,547,TimeBlind/videos/mcq_vid_00247_0.mp4,They start at the same moment. What happens at the end? Option A: The bottom strip stays lit after the top strip turns off. Option B: The top strip stays lit after the bottom strip turns off.,a,"To provide the correct answer, I would need the context or the description of the scenario (such as a physics problem involving fuses, chemical reactions, or electrical circuits).

However, if this is based on a standard logic puzzle or a specific physics problem involving **burning fuses of different lengths/thicknesses** (where the top strip is usually shorter or burns faster):

**Option B** is the most common answer in these types of problems (where the top strip finishes first).

If you can provide the description of the strips, I can give you the definitive answer.",b,0,,,,gemma4it_tb_uniform1_no_video.json
uniform,1,no_video,2189,547,TimeBlind/videos/mcq_vid_00247_1.mp4,They start at the same moment. What happens at the end? Option A: The bottom strip stays lit after the top strip turns off. Option B: The top strip stays lit after the bottom strip turns off.,b,"To provide the correct answer, I would need the context or the description of the scenario (such as a physics problem involving fuses, chemical reactions, or electrical circuits).

However, if this is based on a standard logic puzzle or a specific physics problem involving **burning fuses of different lengths/thicknesses** (where the top strip is usually shorter or burns faster):

**Option B** is the most common answer in these types of problems (where the top strip finishes first).

If you can provide the description of the strips, I can give you the definitive answer.",b,1,,,,gemma4it_tb_uniform1_no_video.json
uniform,1,no_video,2190,547,TimeBlind/videos/mcq_vid_00247_0.mp4,They start at the same moment. What happens at the end? Option A: The top strip stays lit after the bottom strip turns off. Option B: The bottom strip stays lit after the top strip turns off.,b,"To provide the correct answer, I need to see the description or image of the strips you are referring to (e.g., their lengths, speeds, or the rules of the ""race"").

However, if this is a logic puzzle where the **top strip is longer** or **moves slower** than the bottom strip, the answer is usually **Option A**. If the **bottom strip is longer** or **moves slower**, the answer is **Option B**.

Please provide the details of the strips so I can give you the definitive answer.",a,0,,,,gemma4it_tb_uniform1_no_video.json
uniform,1,no_video,2191,547,TimeBlind/videos/mcq_vid_00247_1.mp4,They start at the same moment. What happens at the end? Option A: The top strip stays lit after the bottom strip turns off. Option B: The bottom strip stays lit after the top strip turns off.,a,"To provide the correct answer, I need to see the description or image of the strips you are referring to (e.g., their lengths, speeds, or the rules of the ""race"").

However, if this is a logic puzzle where the **top strip is longer** or **moves slower** than the bottom strip, the answer is usually **Option A**. If the **bottom strip is longer** or **moves slower**, the answer is **Option B**.

Please provide the details of the strips so I can give you the definitive answer.",a,1,,,,gemma4it_tb_uniform1_no_video.json
uniform,1,no_video,2192,548,TimeBlind/videos/mcq_vid_00248_0.mp4,Which description matches how one strip fits inside the other? Option A: The top strip is completely contained within the bottom strip’s on-time. Option B: The bottom strip is completely contained within the top strip’s on-time.,a,"Please provide the image or the specific data/description of the strips you are referring to. Without the visual or contextual information, I cannot determine which strip is contained within the other.",,0,,,,gemma4it_tb_uniform1_no_video.json
uniform,1,no_video,2193,548,TimeBlind/videos/mcq_vid_00248_1.mp4,Which description matches how one strip fits inside the other? Option A: The top strip is completely contained within the bottom strip’s on-time. Option B: The bottom strip is completely contained within the top strip’s on-time.,b,"Please provide the image or the specific data/description of the strips you are referring to. Without the visual or contextual information, I cannot determine which strip is contained within the other.",,0,,,,gemma4it_tb_uniform1_no_video.json
uniform,1,no_video,2194,548,TimeBlind/videos/mcq_vid_00248_0.mp4,Which description matches how one strip fits inside the other? Option A: The bottom strip is completely contained within the top strip’s on-time. Option B: The top strip is completely contained within the bottom strip’s on-time.,b,Please provide the image or the specific data/description of the strips you are referring to so I can determine which option is correct.,,0,,,,gemma4it_tb_uniform1_no_video.json
uniform,1,no_video,2195,548,TimeBlind/videos/mcq_vid_00248_1.mp4,Which description matches how one strip fits inside the other? Option A: The bottom strip is completely contained within the top strip’s on-time. Option B: The top strip is completely contained within the bottom strip’s on-time.,a,Please provide the image or the specific data/description of the strips you are referring to so I can determine which option is correct.,,0,,,,gemma4it_tb_uniform1_no_video.json
uniform,1,no_video,2196,549,TimeBlind/videos/mcq_vid_00249_0.mp4,"They turn off at the same time. Which start pattern matches the video? Option A: The bottom strip turns on first, and the top strip joins later. Option B: The top strip turns on first, and the bottom strip joins later.",a,"Please provide the video you are referring to. Since I cannot see a video in your prompt, I am unable to determine which pattern matches. 

Once you provide the video, I can tell you if the answer is **A** or **B**.",a,1,,,,gemma4it_tb_uniform1_no_video.json
uniform,1,no_video,2197,549,TimeBlind/videos/mcq_vid_00249_1.mp4,"They turn off at the same time. Which start pattern matches the video? Option A: The bottom strip turns on first, and the top strip joins later. Option B: The top strip turns on first, and the bottom strip joins later.",b,"Please provide the video you are referring to. Since I cannot see a video in your prompt, I am unable to determine which pattern matches. 

Once you provide the video, I can tell you if the answer is **A** or **B**.",a,0,,,,gemma4it_tb_uniform1_no_video.json
uniform,1,no_video,2198,549,TimeBlind/videos/mcq_vid_00249_0.mp4,"They turn off at the same time. Which start pattern matches the video? Option A: The top strip turns on first, and the bottom strip joins later. Option B: The bottom strip turns on first, and the top strip joins later.",b,"Please provide the video or a description of the sequence so I can determine the correct answer. Without the visual input, I cannot identify which strip turns on first.",a,0,,,,gemma4it_tb_uniform1_no_video.json
uniform,1,no_video,2199,549,TimeBlind/videos/mcq_vid_00249_1.mp4,"They turn off at the same time. Which start pattern matches the video? Option A: The top strip turns on first, and the bottom strip joins later. Option B: The bottom strip turns on first, and the top strip joins later.",a,"Please provide the video or a description of the sequence so I can determine the correct answer. Without the visual input, I cannot identify which strip turns on first.",a,1,,,,gemma4it_tb_uniform1_no_video.json
uniform,1,no_video,2200,550,TimeBlind/videos/mcq_vid_00250_0.mp4,How does the top strip begin relative to the bottom strip ending? Option A: The top strip starts the instant the bottom strip turns off. Option B: The top strip starts only after the bottom strip has been off for a while.,a,"To provide an accurate answer, I would need to see the specific video, diagram, or description of the sequence you are referring to.

However, if this is a question based on a standard logic puzzle or a specific technical sequence (like a ""seamless transition"" or a ""relay"" system):

*   If the transition is **seamless**, the answer is **A**.
*   If there is a **delay or gap**, the answer is **B**.

Please provide the context or the media, and I will give you the correct letter.",a,1,,,,gemma4it_tb_uniform1_no_video.json
uniform,1,no_video,2201,550,TimeBlind/videos/mcq_vid_00250_1.mp4,How does the top strip begin relative to the bottom strip ending? Option A: The top strip starts the instant the bottom strip turns off. Option B: The top strip starts only after the bottom strip has been off for a while.,b,"To provide an accurate answer, I would need to see the specific video, diagram, or description of the sequence you are referring to.

However, if this is a question based on a standard logic puzzle or a specific technical sequence (like a ""seamless transition"" or a ""relay"" system):

*   If the transition is **seamless**, the answer is **A**.
*   If there is a **delay or gap**, the answer is **B**.

Please provide the context or the media, and I will give you the correct letter.",a,0,,,,gemma4it_tb_uniform1_no_video.json
uniform,1,no_video,2202,550,TimeBlind/videos/mcq_vid_00250_0.mp4,How does the top strip begin relative to the bottom strip ending? Option A: The top strip starts only after the bottom strip has been off for a while. Option B: The top strip starts the instant the bottom strip turns off.,b,"To provide the correct answer, I would need to see the specific video, diagram, or description of the sequence you are referring to.

However, if this is a question based on a standard logic puzzle or a specific technical sequence (like a ""seamless transition"" or a ""relay"" system):

*   If the transition is **seamless**, the answer is **B**.
*   If there is a **delay or gap**, the answer is **A**.

Please provide the context or the media, and I will give you the specific letter.",a,0,,,,gemma4it_tb_uniform1_no_video.json
uniform,1,no_video,2203,550,TimeBlind/videos/mcq_vid_00250_1.mp4,How does the top strip begin relative to the bottom strip ending? Option A: The top strip starts only after the bottom strip has been off for a while. Option B: The top strip starts the instant the bottom strip turns off.,a,"To provide the correct answer, I would need to see the specific video, diagram, or description of the sequence you are referring to.

However, if this is a question based on a standard logic puzzle or a specific technical sequence (like a ""seamless transition"" or a ""relay"" system):

*   If the transition is **seamless**, the answer is **B**.
*   If there is a **delay or gap**, the answer is **A**.

Please provide the context or the media, and I will give you the specific letter.",a,1,,,,gemma4it_tb_uniform1_no_video.json
uniform,1,no_video,2204,551,TimeBlind/videos/mcq_vid_00251_0.mp4,"Which overall synchronization pattern matches the video? Option A: The two strips are synchronized from start to finish. Option B: The two strips start together, but one keeps going longer.",a,Please provide the video you are referring to so I can analyze it and give you the correct answer.,,0,,,,gemma4it_tb_uniform1_no_video.json
uniform,1,no_video,2205,551,TimeBlind/videos/mcq_vid_00251_1.mp4,"Which overall synchronization pattern matches the video? Option A: The two strips are synchronized from start to finish. Option B: The two strips start together, but one keeps going longer.",b,Please provide the video you are referring to so I can analyze it and give you the correct answer.,,0,,,,gemma4it_tb_uniform1_no_video.json
uniform,1,no_video,2206,551,TimeBlind/videos/mcq_vid_00251_0.mp4,"Which overall synchronization pattern matches the video? Option A: The two strips start together, but one keeps going longer. Option B: The two strips are synchronized from start to finish.",b,"Please provide the video you are referring to! You haven't attached or linked a video yet. Once you provide it, I can tell you whether it matches Option A or Option B.",a,0,,,,gemma4it_tb_uniform1_no_video.json
uniform,1,no_video,2207,551,TimeBlind/videos/mcq_vid_00251_1.mp4,"Which overall synchronization pattern matches the video? Option A: The two strips start together, but one keeps going longer. Option B: The two strips are synchronized from start to finish.",a,"Please provide the video you are referring to! You haven't attached or linked a video yet. Once you provide it, I can tell you whether it matches Option A or Option B.",a,1,,,,gemma4it_tb_uniform1_no_video.json
uniform,1,no_video,2208,552,TimeBlind/videos/mcq_vid_00252_0.mp4,"When the bottom strip turns on, what is the top strip doing? Option A: The top strip has just turned off when the bottom strip turns on. Option B: The top strip is still lit when the bottom strip turns on.",a,"To provide the correct answer, I would need to see the specific image, video, or description of the sequence you are referring to.

However, if this is a logic puzzle based on a standard ""alternating"" or ""sequential"" pattern:
*   If the strips alternate (one on, one off), the answer is **Option A**.
*   If the strips are independent or both stay on, the answer is **Option B**.

Please provide the context or the visual, and I will give you the specific letter.",a,1,,,,gemma4it_tb_uniform1_no_video.json
uniform,1,no_video,2209,552,TimeBlind/videos/mcq_vid_00252_1.mp4,"When the bottom strip turns on, what is the top strip doing? Option A: The top strip has just turned off when the bottom strip turns on. Option B: The top strip is still lit when the bottom strip turns on.",b,"To provide the correct answer, I would need to see the specific image, video, or description of the sequence you are referring to.

However, if this is a logic puzzle based on a standard ""alternating"" or ""sequential"" pattern:
*   If the strips alternate (one on, one off), the answer is **Option A**.
*   If the strips are independent or both stay on, the answer is **Option B**.

Please provide the context or the visual, and I will give you the specific letter.",a,0,,,,gemma4it_tb_uniform1_no_video.json
uniform,1,no_video,2210,552,TimeBlind/videos/mcq_vid_00252_0.mp4,"When the bottom strip turns on, what is the top strip doing? Option A: The top strip is still lit when the bottom strip turns on. Option B: The top strip has just turned off when the bottom strip turns on.",b,"To provide the correct answer, I would need to see the video or image sequence you are referring to. However, based on common logic puzzles or specific video contexts often associated with this question:

If this is a sequence where the strips alternate: **Option B**
If this is a sequence where the strips stay on: **Option A**

Please provide the visual context for a definitive answer.",b,1,,,,gemma4it_tb_uniform1_no_video.json
uniform,1,no_video,2211,552,TimeBlind/videos/mcq_vid_00252_1.mp4,"When the bottom strip turns on, what is the top strip doing? Option A: The top strip is still lit when the bottom strip turns on. Option B: The top strip has just turned off when the bottom strip turns on.",a,"To provide the correct answer, I would need to see the video or image sequence you are referring to. However, based on common logic puzzles or specific video contexts often associated with this question:

If this is a sequence where the strips alternate: **Option B**
If this is a sequence where the strips stay on: **Option A**

Please provide the visual context for a definitive answer.",b,0,,,,gemma4it_tb_uniform1_no_video.json
uniform,1,no_video,2212,553,TimeBlind/videos/mcq_vid_00253_0.mp4,Which strip is on for the longer span overall? Option A: The top strip is the longer one and fully contains the bottom strip’s on-time. Option B: The bottom strip is the longer one and fully contains the top strip’s on-time.,a,Please provide the image or the description of the strips you are referring to so I can determine the correct answer.,,0,,,,gemma4it_tb_uniform1_no_video.json
uniform,1,no_video,2213,553,TimeBlind/videos/mcq_vid_00253_1.mp4,Which strip is on for the longer span overall? Option A: The top strip is the longer one and fully contains the bottom strip’s on-time. Option B: The bottom strip is the longer one and fully contains the top strip’s on-time.,b,Please provide the image or the description of the strips you are referring to so I can determine the correct answer.,,0,,,,gemma4it_tb_uniform1_no_video.json
uniform,1,no_video,2214,553,TimeBlind/videos/mcq_vid_00253_0.mp4,Which strip is on for the longer span overall? Option A: The bottom strip is the longer one and fully contains the top strip’s on-time. Option B: The top strip is the longer one and fully contains the bottom strip’s on-time.,b,Please provide the image or a description of the strips you are referring to so I can determine the correct answer.,a,0,,,,gemma4it_tb_uniform1_no_video.json
uniform,1,no_video,2215,553,TimeBlind/videos/mcq_vid_00253_1.mp4,Which strip is on for the longer span overall? Option A: The bottom strip is the longer one and fully contains the top strip’s on-time. Option B: The top strip is the longer one and fully contains the bottom strip’s on-time.,a,Please provide the image or a description of the strips you are referring to so I can determine the correct answer.,a,1,,,,gemma4it_tb_uniform1_no_video.json
uniform,1,no_video,2216,554,TimeBlind/videos/mcq_vid_00254_0.mp4,Which ending pattern matches the video? Option A: The two strips turn off at the same moment. Option B: The bottom strip stays on after the top strip turns off.,a,Please provide the video you are referring to so I can analyze it and give you the correct answer.,,0,,,,gemma4it_tb_uniform1_no_video.json
uniform,1,no_video,2217,554,TimeBlind/videos/mcq_vid_00254_1.mp4,Which ending pattern matches the video? Option A: The two strips turn off at the same moment. Option B: The bottom strip stays on after the top strip turns off.,b,Please provide the video you are referring to so I can analyze it and give you the correct answer.,,0,,,,gemma4it_tb_uniform1_no_video.json
uniform,1,no_video,2218,554,TimeBlind/videos/mcq_vid_00254_0.mp4,Which ending pattern matches the video? Option A: The bottom strip stays on after the top strip turns off. Option B: The two strips turn off at the same moment.,b,Please provide the video you are referring to so I can analyze the ending pattern and give you the correct option.,,0,,,,gemma4it_tb_uniform1_no_video.json
uniform,1,no_video,2219,554,TimeBlind/videos/mcq_vid_00254_1.mp4,Which ending pattern matches the video? Option A: The bottom strip stays on after the top strip turns off. Option B: The two strips turn off at the same moment.,a,Please provide the video you are referring to so I can analyze the ending pattern and give you the correct option.,,0,,,,gemma4it_tb_uniform1_no_video.json
uniform,1,no_video,2220,555,TimeBlind/videos/mcq_vid_00255_0.mp4,What’s the reason the computer isn’t charging? Option A: The power strip was switched off. Option B: The charger was unplugged from the power strip.,a,"I cannot determine the correct answer because you haven't provided any context, symptoms, or a description of the situation. Please provide more information so I can help you choose.",a,1,,,,gemma4it_tb_uniform1_no_video.json
uniform,1,no_video,2221,555,TimeBlind/videos/mcq_vid_00255_1.mp4,What’s the reason the computer isn’t charging? Option A: The power strip was switched off. Option B: The charger was unplugged from the power strip.,b,"I cannot determine the correct answer because you haven't provided any context, symptoms, or a description of the situation. Please provide more information so I can help you choose.",a,0,,,,gemma4it_tb_uniform1_no_video.json
uniform,1,no_video,2222,555,TimeBlind/videos/mcq_vid_00255_0.mp4,What’s the reason the computer isn’t charging? Option A: The charger was unplugged from the power strip. Option B: The power strip was switched off.,b,"I cannot determine the correct answer because you haven't provided any context, symptoms, or a description of the situation. Please provide the details of the problem so I can help you choose.",a,0,,,,gemma4it_tb_uniform1_no_video.json
uniform,1,no_video,2223,555,TimeBlind/videos/mcq_vid_00255_1.mp4,What’s the reason the computer isn’t charging? Option A: The charger was unplugged from the power strip. Option B: The power strip was switched off.,a,"I cannot determine the correct answer because you haven't provided any context, symptoms, or a description of the situation. Please provide the details of the problem so I can help you choose.",a,1,,,,gemma4it_tb_uniform1_no_video.json
uniform,1,no_video,2224,556,TimeBlind/videos/mcq_vid_00256_0.mp4,Why did folder 'folder_2' disappear from the screen? Option A: It was moved into folder 'folder_1'. Option B: It was moved to the Trash.,a,"Based on the information provided, there is no context or description of the actions taken to determine the correct answer. However, if this is a logic puzzle where the most common reason for a folder ""disappearing"" from a view (without being deleted) is nesting, the answer is often A. If it is a question about deletion, it is B.

Since no specific scenario was provided, I cannot determine the definitive answer. Please provide the context or the preceding text.",a,1,,,,gemma4it_tb_uniform1_no_video.json
uniform,1,no_video,2225,556,TimeBlind/videos/mcq_vid_00256_1.mp4,Why did folder 'folder_2' disappear from the screen? Option A: It was moved into folder 'folder_1'. Option B: It was moved to the Trash.,b,"Based on the information provided, there is no context or description of the actions taken to determine the correct answer. However, if this is a logic puzzle where the most common reason for a folder ""disappearing"" from a view (without being deleted) is nesting, the answer is often A. If it is a question about deletion, it is B.

Since no specific scenario was provided, I cannot determine the definitive answer. Please provide the context or the preceding text.",a,0,,,,gemma4it_tb_uniform1_no_video.json
uniform,1,no_video,2226,556,TimeBlind/videos/mcq_vid_00256_0.mp4,Why did folder 'folder_2' disappear from the screen? Option A: It was moved to the Trash. Option B: It was moved into folder 'folder_1'.,b,"To provide the correct answer, I would need to see the context, image, or description of the actions taken in your specific scenario.

However, if this is a logic puzzle or a test question where you are describing a sequence of events:

*   If the action was **""Drag folder_2 onto folder_1,""** the answer is **B**.
*   If the action was **""Drag folder_2 to the Trash,""** the answer is **A**.

Please provide the context if you would like me to select the specific option.",a,0,,,,gemma4it_tb_uniform1_no_video.json
uniform,1,no_video,2227,556,TimeBlind/videos/mcq_vid_00256_1.mp4,Why did folder 'folder_2' disappear from the screen? Option A: It was moved to the Trash. Option B: It was moved into folder 'folder_1'.,a,"To provide the correct answer, I would need to see the context, image, or description of the actions taken in your specific scenario.

However, if this is a logic puzzle or a test question where you are describing a sequence of events:

*   If the action was **""Drag folder_2 onto folder_1,""** the answer is **B**.
*   If the action was **""Drag folder_2 to the Trash,""** the answer is **A**.

Please provide the context if you would like me to select the specific option.",a,1,,,,gemma4it_tb_uniform1_no_video.json
uniform,1,no_video,2228,557,TimeBlind/videos/mcq_vid_00257_0.mp4,What caused the window to disappear from the screen? Option A: The Close button was clicked. Option B: The Minimize (Hide) button was clicked.,a,"Based on the information provided, it is impossible to determine which action occurred as both options result in the window no longer being visible on the main screen. However, if this is a logic puzzle where ""disappear"" implies the window is still open but hidden, the answer is typically B. If it implies the window is closed, it is A.

Without further context, a definitive choice cannot be made. Please provide more details.",a,1,,,,gemma4it_tb_uniform1_no_video.json
uniform,1,no_video,2229,557,TimeBlind/videos/mcq_vid_00257_1.mp4,What caused the window to disappear from the screen? Option A: The Close button was clicked. Option B: The Minimize (Hide) button was clicked.,b,"Based on the information provided, it is impossible to determine which action occurred as both options result in the window no longer being visible on the main screen. However, if this is a logic puzzle where ""disappear"" implies the window is still open but hidden, the answer is typically B. If it implies the window is closed, it is A.

Without further context, a definitive choice cannot be made. Please provide more details.",a,0,,,,gemma4it_tb_uniform1_no_video.json
uniform,1,no_video,2230,557,TimeBlind/videos/mcq_vid_00257_0.mp4,What caused the window to disappear from the screen? Option A: The Minimize (Hide) button was clicked. Option B: The Close button was clicked.,b,"Based on the information provided, it is impossible to determine which action occurred because both actions result in the window no longer being visible on the screen. However, if this is a multiple-choice question from a specific context where only one is correct, please provide the context.

Without further context, I cannot select one. If forced to choose based on the most common ""disappearance"" (where the window still exists in the taskbar), it would be A. If it is gone entirely, it would be B.

Please provide more context for a definitive answer.",a,0,,,,gemma4it_tb_uniform1_no_video.json
uniform,1,no_video,2231,557,TimeBlind/videos/mcq_vid_00257_1.mp4,What caused the window to disappear from the screen? Option A: The Minimize (Hide) button was clicked. Option B: The Close button was clicked.,a,"Based on the information provided, it is impossible to determine which action occurred because both actions result in the window no longer being visible on the screen. However, if this is a multiple-choice question from a specific context where only one is correct, please provide the context.

Without further context, I cannot select one. If forced to choose based on the most common ""disappearance"" (where the window still exists in the taskbar), it would be A. If it is gone entirely, it would be B.

Please provide more context for a definitive answer.",a,1,,,,gemma4it_tb_uniform1_no_video.json
uniform,1,no_video,2232,558,TimeBlind/videos/mcq_vid_00258_0.mp4,What caused the browser window to disappear from the screen? Option A: The close button was clicked. Option B: The minimize button was clicked.,a,"Based on the information provided, it is impossible to determine the cause as no context or description of the event was given. However, if this is a logic puzzle where ""disappearing"" implies it is no longer visible on the screen (as opposed to being hidden in the taskbar), the answer is typically:

A",a,1,,,,gemma4it_tb_uniform1_no_video.json
uniform,1,no_video,2233,558,TimeBlind/videos/mcq_vid_00258_1.mp4,What caused the browser window to disappear from the screen? Option A: The close button was clicked. Option B: The minimize button was clicked.,b,"Based on the information provided, it is impossible to determine the cause as no context or description of the event was given. However, if this is a logic puzzle where ""disappearing"" implies it is no longer visible on the screen (as opposed to being hidden in the taskbar), the answer is typically:

A",a,0,,,,gemma4it_tb_uniform1_no_video.json
uniform,1,no_video,2234,558,TimeBlind/videos/mcq_vid_00258_0.mp4,What caused the browser window to disappear from the screen? Option A: The minimize button was clicked. Option B: The close button was clicked.,b,"Based on the information provided, it is impossible to determine which action occurred as both options would result in the window no longer being visible on the screen. However, if this is a logic puzzle where only one answer is expected and no further context is given, there is no way to distinguish between them.

If you must choose one based on a specific context not provided here, please provide more details. Otherwise, a definitive choice cannot be made.",a,0,,,,gemma4it_tb_uniform1_no_video.json
uniform,1,no_video,2235,558,TimeBlind/videos/mcq_vid_00258_1.mp4,What caused the browser window to disappear from the screen? Option A: The minimize button was clicked. Option B: The close button was clicked.,a,"Based on the information provided, it is impossible to determine which action occurred as both options would result in the window no longer being visible on the screen. However, if this is a logic puzzle where only one answer is expected and no further context is given, there is no way to distinguish between them.

If you must choose one based on a specific context not provided here, please provide more details. Otherwise, a definitive choice cannot be made.",a,1,,,,gemma4it_tb_uniform1_no_video.json
uniform,1,no_video,2236,559,TimeBlind/videos/mcq_vid_00259_0.mp4,What caused the computer to open a new browser window? Option A: The trackpad was used to open it. Option B: The mouse was used to open it.,a,"Based on the information provided, it is impossible to determine whether the trackpad or the mouse was used, as both are input devices capable of performing that action. However, if this is a logic puzzle where only one answer is intended and no context was provided, there is no way to distinguish between them.

If you intended to provide a description or a scenario before the options, please provide it. Otherwise, I cannot select one.",a,1,,,,gemma4it_tb_uniform1_no_video.json
uniform,1,no_video,2237,559,TimeBlind/videos/mcq_vid_00259_1.mp4,What caused the computer to open a new browser window? Option A: The trackpad was used to open it. Option B: The mouse was used to open it.,b,"Based on the information provided, it is impossible to determine whether the trackpad or the mouse was used, as both are input devices capable of performing that action. However, if this is a logic puzzle where only one answer is intended and no context was provided, there is no way to distinguish between them.

If you intended to provide a description or a scenario before the options, please provide it. Otherwise, I cannot select one.",a,0,,,,gemma4it_tb_uniform1_no_video.json
uniform,1,no_video,2238,559,TimeBlind/videos/mcq_vid_00259_0.mp4,What caused the computer to open a new browser window? Option A: The mouse was used to open it. Option B: The trackpad was used to open it.,b,"Based on the information provided, it is impossible to determine whether the mouse or the trackpad was used, as both are input devices capable of performing the same action. However, if this is a logic puzzle where only one answer is intended and no further context is given, there is no way to distinguish between them.

If you must choose one based on a specific context not provided here, please provide the preceding text. Otherwise, the information is insufficient.",a,0,,,,gemma4it_tb_uniform1_no_video.json
uniform,1,no_video,2239,559,TimeBlind/videos/mcq_vid_00259_1.mp4,What caused the computer to open a new browser window? Option A: The mouse was used to open it. Option B: The trackpad was used to open it.,a,"Based on the information provided, it is impossible to determine whether the mouse or the trackpad was used, as both are input devices capable of performing the same action. However, if this is a logic puzzle where only one answer is intended and no further context is given, there is no way to distinguish between them.

If you must choose one based on a specific context not provided here, please provide the preceding text. Otherwise, the information is insufficient.",a,1,,,,gemma4it_tb_uniform1_no_video.json
uniform,1,no_video,2240,560,TimeBlind/videos/mcq_vid_00260_0.mp4,What caused the first app window on the computer to close? Option A: The mouse was used to close it. Option B: The trackpad was used to close it.,a,"Based on the information provided, there is no context or description of an event to determine which action occurred. However, if this is a logic puzzle or a specific test question where the answer is expected, please provide the preceding text.

Without context, it is impossible to determine the cause. If you must choose one:

**A**",a,1,,,,gemma4it_tb_uniform1_no_video.json
uniform,1,no_video,2241,560,TimeBlind/videos/mcq_vid_00260_1.mp4,What caused the first app window on the computer to close? Option A: The mouse was used to close it. Option B: The trackpad was used to close it.,b,"Based on the information provided, there is no context or description of an event to determine which action occurred. However, if this is a logic puzzle or a specific test question where the answer is expected, please provide the preceding text.

Without context, it is impossible to determine the cause. If you must choose one:

**A**",a,0,,,,gemma4it_tb_uniform1_no_video.json
uniform,1,no_video,2242,560,TimeBlind/videos/mcq_vid_00260_0.mp4,What caused the first app window on the computer to close? Option A: The trackpad was used to close it. Option B: The mouse was used to close it.,b,"Based on the information provided in your prompt, there is no context or description of an event occurring. However, if this is a logic puzzle or a specific test question where the answer is not provided in the text, I cannot determine the correct option.

If you intended to provide a story or a description before the question, please provide it so I can give you the correct answer.",a,0,,,,gemma4it_tb_uniform1_no_video.json
uniform,1,no_video,2243,560,TimeBlind/videos/mcq_vid_00260_1.mp4,What caused the first app window on the computer to close? Option A: The trackpad was used to close it. Option B: The mouse was used to close it.,a,"Based on the information provided in your prompt, there is no context or description of an event occurring. However, if this is a logic puzzle or a specific test question where the answer is not provided in the text, I cannot determine the correct option.

If you intended to provide a story or a description before the question, please provide it so I can give you the correct answer.",a,1,,,,gemma4it_tb_uniform1_no_video.json
uniform,1,no_video,2244,561,TimeBlind/videos/mcq_vid_00261_0.mp4,What caused the screen on the desk to shake? Option A: The desk was pushed. Option B: The screen was shaken directly.,a,"Based on the information provided, there is no context to determine the specific cause. However, if this is a logic puzzle where one must be chosen:

A",a,1,,,,gemma4it_tb_uniform1_no_video.json
uniform,1,no_video,2245,561,TimeBlind/videos/mcq_vid_00261_1.mp4,What caused the screen on the desk to shake? Option A: The desk was pushed. Option B: The screen was shaken directly.,b,"Based on the information provided, there is no context to determine the specific cause. However, if this is a logic puzzle where one must be chosen:

A",a,0,,,,gemma4it_tb_uniform1_no_video.json
uniform,1,no_video,2246,561,TimeBlind/videos/mcq_vid_00261_0.mp4,What caused the screen on the desk to shake? Option A: The screen was shaken directly. Option B: The desk was pushed.,b,"To provide a definitive answer, I would need the context of the story or the specific observation you are referring to. However, based on the logic of physics and common narrative structures:

If the desk is a stable surface and the screen is sitting on it, pushing the desk (Option B) would cause the screen to shake due to the transfer of kinetic energy. If the screen is being shaken while the desk remains still, it is Option A.

Without the source text, I cannot determine which occurred. Please provide the context if you would like a specific choice.",b,1,,,,gemma4it_tb_uniform1_no_video.json
uniform,1,no_video,2247,561,TimeBlind/videos/mcq_vid_00261_1.mp4,What caused the screen on the desk to shake? Option A: The screen was shaken directly. Option B: The desk was pushed.,a,"To provide a definitive answer, I would need the context of the story or the specific observation you are referring to. However, based on the logic of physics and common narrative structures:

If the desk is a stable surface and the screen is sitting on it, pushing the desk (Option B) would cause the screen to shake due to the transfer of kinetic energy. If the screen is being shaken while the desk remains still, it is Option A.

Without the source text, I cannot determine which occurred. Please provide the context if you would like a specific choice.",b,0,,,,gemma4it_tb_uniform1_no_video.json
uniform,1,no_video,2248,562,TimeBlind/videos/mcq_vid_00262_0.mp4,How hard does the person press the spray bottle at the start? Option A: It is pressed gently. Option B: It is pressed forcefully.,a,Please provide the video or image you are referring to so I can see the action and give you the correct answer.,,0,,,,gemma4it_tb_uniform1_no_video.json
uniform,1,no_video,2249,562,TimeBlind/videos/mcq_vid_00262_1.mp4,How hard does the person press the spray bottle at the start? Option A: It is pressed gently. Option B: It is pressed forcefully.,b,Please provide the video or image you are referring to so I can see the action and give you the correct answer.,,0,,,,gemma4it_tb_uniform1_no_video.json
uniform,1,no_video,2250,562,TimeBlind/videos/mcq_vid_00262_0.mp4,How hard does the person press the spray bottle at the start? Option A: It is pressed forcefully. Option B: It is pressed gently.,b,"To provide an accurate answer, I need to see the video or image you are referring to. Please provide the media, and I will tell you whether it is Option A or Option B.",a,0,,,,gemma4it_tb_uniform1_no_video.json
uniform,1,no_video,2251,562,TimeBlind/videos/mcq_vid_00262_1.mp4,How hard does the person press the spray bottle at the start? Option A: It is pressed forcefully. Option B: It is pressed gently.,a,"To provide an accurate answer, I need to see the video or image you are referring to. Please provide the media, and I will tell you whether it is Option A or Option B.",a,1,,,,gemma4it_tb_uniform1_no_video.json
uniform,1,no_video,2252,563,TimeBlind/videos/mcq_vid_00263_0.mp4,How does the scene in the video transition? Option A: It transitions from the hallway into the apartment. Option B: It transitions from the apartment into the hallway.,a,"Please provide the video you are referring to! You haven't attached or linked a video yet. Once you provide it, I can tell you whether the answer is Option A or Option B.",a,1,,,,gemma4it_tb_uniform1_no_video.json
uniform,1,no_video,2253,563,TimeBlind/videos/mcq_vid_00263_1.mp4,How does the scene in the video transition? Option A: It transitions from the hallway into the apartment. Option B: It transitions from the apartment into the hallway.,b,"Please provide the video you are referring to! You haven't attached or linked a video yet. Once you provide it, I can tell you whether the answer is Option A or Option B.",a,0,,,,gemma4it_tb_uniform1_no_video.json
uniform,1,no_video,2254,563,TimeBlind/videos/mcq_vid_00263_0.mp4,How does the scene in the video transition? Option A: It transitions from the apartment into the hallway. Option B: It transitions from the hallway into the apartment.,b,Please provide the video you are referring to so I can analyze the scene and give you the correct answer.,,0,,,,gemma4it_tb_uniform1_no_video.json
uniform,1,no_video,2255,563,TimeBlind/videos/mcq_vid_00263_1.mp4,How does the scene in the video transition? Option A: It transitions from the apartment into the hallway. Option B: It transitions from the hallway into the apartment.,a,Please provide the video you are referring to so I can analyze the scene and give you the correct answer.,,0,,,,gemma4it_tb_uniform1_no_video.json
uniform,1,no_video,2256,564,TimeBlind/videos/mcq_vid_00264_0.mp4,"What is the order of the button presses at the start of the video? Option A: They press the door-close button first, then a floor button. Option B: They press a floor button first, then the door-close button.",a,"Please provide the video you are referring to! You haven't attached or linked a video to your message. Once you provide the video, I will be able to tell you whether the answer is A or B.",a,1,,,,gemma4it_tb_uniform1_no_video.json
uniform,1,no_video,2257,564,TimeBlind/videos/mcq_vid_00264_1.mp4,"What is the order of the button presses at the start of the video? Option A: They press the door-close button first, then a floor button. Option B: They press a floor button first, then the door-close button.",b,"Please provide the video you are referring to! You haven't attached or linked a video to your message. Once you provide the video, I will be able to tell you whether the answer is A or B.",a,0,,,,gemma4it_tb_uniform1_no_video.json
uniform,1,no_video,2258,564,TimeBlind/videos/mcq_vid_00264_0.mp4,"What is the order of the button presses at the start of the video? Option A: They press a floor button first, then the door-close button. Option B: They press the door-close button first, then a floor button.",b,"Please provide the video you are referring to! You haven't attached or linked a video to your message. Once you provide the video, I will be able to tell you whether the answer is Option A or Option B.",a,0,,,,gemma4it_tb_uniform1_no_video.json
uniform,1,no_video,2259,564,TimeBlind/videos/mcq_vid_00264_1.mp4,"What is the order of the button presses at the start of the video? Option A: They press a floor button first, then the door-close button. Option B: They press the door-close button first, then a floor button.",a,"Please provide the video you are referring to! You haven't attached or linked a video to your message. Once you provide the video, I will be able to tell you whether the answer is Option A or Option B.",a,1,,,,gemma4it_tb_uniform1_no_video.json
uniform,1,no_video,2260,565,TimeBlind/videos/mcq_vid_00265_0.mp4,How many times is the elevator button pressed? Option A: It is pressed twice. Option B: It is pressed three times.,a,"To provide the correct answer, I would need the context, image, or description of the situation you are referring to. However, if this is a logic puzzle or a specific test question you are looking at, please provide the details.

If you are unable to provide the context, I cannot determine the answer. Please provide the story or image!",a,1,,,,gemma4it_tb_uniform1_no_video.json
uniform,1,no_video,2261,565,TimeBlind/videos/mcq_vid_00265_1.mp4,How many times is the elevator button pressed? Option A: It is pressed twice. Option B: It is pressed three times.,b,"To provide the correct answer, I would need the context, image, or description of the situation you are referring to. However, if this is a logic puzzle or a specific test question you are looking at, please provide the details.

If you are unable to provide the context, I cannot determine the answer. Please provide the story or image!",a,0,,,,gemma4it_tb_uniform1_no_video.json
uniform,1,no_video,2262,565,TimeBlind/videos/mcq_vid_00265_0.mp4,How many times is the elevator button pressed? Option A: It is pressed three times. Option B: It is pressed twice.,b,"To provide the correct answer, I would need the context, image, or description of the situation you are referring to. However, if this is a logic puzzle or a specific test question you are looking at, please provide the details.

If you are asking me to choose based on a missing prompt, I cannot determine the answer. Please provide the context!",a,0,,,,gemma4it_tb_uniform1_no_video.json
uniform,1,no_video,2263,565,TimeBlind/videos/mcq_vid_00265_1.mp4,How many times is the elevator button pressed? Option A: It is pressed three times. Option B: It is pressed twice.,a,"To provide the correct answer, I would need the context, image, or description of the situation you are referring to. However, if this is a logic puzzle or a specific test question you are looking at, please provide the details.

If you are asking me to choose based on a missing prompt, I cannot determine the answer. Please provide the context!",a,1,,,,gemma4it_tb_uniform1_no_video.json
uniform,1,no_video,2264,566,TimeBlind/videos/mcq_vid_00266_0.mp4,What causes the door to open? Option A: Someone kicks it open with their foot. Option B: Someone pushes it open with their hand.,a,"Both A and B are possible causes for a door to open. However, since you are asking for a single selection and both are valid actions, there is no definitive ""correct"" answer without further context.

If this is a logic puzzle where only one is intended, please provide more context. Otherwise, both are correct.",a,1,,,,gemma4it_tb_uniform1_no_video.json
uniform,1,no_video,2265,566,TimeBlind/videos/mcq_vid_00266_1.mp4,What causes the door to open? Option A: Someone kicks it open with their foot. Option B: Someone pushes it open with their hand.,b,"Both A and B are possible causes for a door to open. However, since you are asking for a single selection and both are valid actions, there is no definitive ""correct"" answer without further context.

If this is a logic puzzle where only one is intended, please provide more context. Otherwise, both are correct.",a,0,,,,gemma4it_tb_uniform1_no_video.json
uniform,1,no_video,2266,566,TimeBlind/videos/mcq_vid_00266_0.mp4,What causes the door to open? Option A: Someone pushes it open with their hand. Option B: Someone kicks it open with their foot.,b,A,a,0,,,,gemma4it_tb_uniform1_no_video.json
uniform,1,no_video,2267,566,TimeBlind/videos/mcq_vid_00266_1.mp4,What causes the door to open? Option A: Someone pushes it open with their hand. Option B: Someone kicks it open with their foot.,a,A,a,1,,,,gemma4it_tb_uniform1_no_video.json
uniform,1,no_video,2268,567,TimeBlind/videos/mcq_vid_00267_0.mp4,How much is the mouse rotated? Option A: It is rotated by a large amount. Option B: It is rotated by a small amount.,a,"To provide an accurate answer, I need to see the image or description of the mouse you are referring to. Please provide the visual context!",,0,,,,gemma4it_tb_uniform1_no_video.json
uniform,1,no_video,2269,567,TimeBlind/videos/mcq_vid_00267_1.mp4,How much is the mouse rotated? Option A: It is rotated by a large amount. Option B: It is rotated by a small amount.,b,"To provide an accurate answer, I need to see the image or description of the mouse you are referring to. Please provide the visual context!",,0,,,,gemma4it_tb_uniform1_no_video.json
uniform,1,no_video,2270,567,TimeBlind/videos/mcq_vid_00267_0.mp4,How much is the mouse rotated? Option A: It is rotated by a small amount. Option B: It is rotated by a large amount.,b,Please provide the image or a description of the mouse's position so I can determine the correct answer.,a,0,,,,gemma4it_tb_uniform1_no_video.json
uniform,1,no_video,2271,567,TimeBlind/videos/mcq_vid_00267_1.mp4,How much is the mouse rotated? Option A: It is rotated by a small amount. Option B: It is rotated by a large amount.,a,Please provide the image or a description of the mouse's position so I can determine the correct answer.,a,1,,,,gemma4it_tb_uniform1_no_video.json
uniform,1,no_video,2272,568,TimeBlind/videos/mcq_vid_00268_0.mp4,How does the yellow cup’s speed compare to the water bottle’s? Option A: The yellow cup moves faster than the water bottle. Option B: The yellow cup moves more slowly than the water bottle.,a,"To provide the correct answer, I need to see the image or video you are referring to. Please provide the visual context so I can compare the speeds of the yellow cup and the water bottle.",,0,,,,gemma4it_tb_uniform1_no_video.json
uniform,1,no_video,2273,568,TimeBlind/videos/mcq_vid_00268_1.mp4,How does the yellow cup’s speed compare to the water bottle’s? Option A: The yellow cup moves faster than the water bottle. Option B: The yellow cup moves more slowly than the water bottle.,b,"To provide the correct answer, I need to see the image or video you are referring to. Please provide the visual context so I can compare the speeds of the yellow cup and the water bottle.",,0,,,,gemma4it_tb_uniform1_no_video.json
uniform,1,no_video,2274,568,TimeBlind/videos/mcq_vid_00268_0.mp4,How does the yellow cup’s speed compare to the water bottle’s? Option A: The yellow cup moves more slowly than the water bottle. Option B: The yellow cup moves faster than the water bottle.,b,"To provide the correct answer, I need to see the image or video you are referring to. Please provide the visual context so I can compare the speeds of the yellow cup and the water bottle.",,0,,,,gemma4it_tb_uniform1_no_video.json
uniform,1,no_video,2275,568,TimeBlind/videos/mcq_vid_00268_1.mp4,How does the yellow cup’s speed compare to the water bottle’s? Option A: The yellow cup moves more slowly than the water bottle. Option B: The yellow cup moves faster than the water bottle.,a,"To provide the correct answer, I need to see the image or video you are referring to. Please provide the visual context so I can compare the speeds of the yellow cup and the water bottle.",,0,,,,gemma4it_tb_uniform1_no_video.json
uniform,1,no_video,2276,569,TimeBlind/videos/mcq_vid_00269_0.mp4,How does the yellow cup’s position change? Option A: It is tipped over from upright. Option B: It is set upright from being tipped over.,a,"To provide the correct answer, I would need to see the image or video you are referring to. However, based on the phrasing of your question, it sounds like a logic or observation test.

If the cup starts on its side and is moved to stand up, the answer is **B**.
If the cup starts standing up and is knocked over, the answer is **A**.

Please provide the visual context for a definitive answer.",a,1,,,,gemma4it_tb_uniform1_no_video.json
uniform,1,no_video,2277,569,TimeBlind/videos/mcq_vid_00269_1.mp4,How does the yellow cup’s position change? Option A: It is tipped over from upright. Option B: It is set upright from being tipped over.,b,"To provide the correct answer, I would need to see the image or video you are referring to. However, based on the phrasing of your question, it sounds like a logic or observation test.

If the cup starts on its side and is moved to stand up, the answer is **B**.
If the cup starts standing up and is knocked over, the answer is **A**.

Please provide the visual context for a definitive answer.",a,0,,,,gemma4it_tb_uniform1_no_video.json
uniform,1,no_video,2278,569,TimeBlind/videos/mcq_vid_00269_0.mp4,How does the yellow cup’s position change? Option A: It is set upright from being tipped over. Option B: It is tipped over from upright.,b,"To provide the correct answer, I would need to see the image or video you are referring to. However, based on the phrasing of your question:

If the cup starts on its side and is placed standing up, the answer is **Option A**.
If the cup starts standing up and is knocked over, the answer is **Option B**.

Please provide the visual context if you would like a definitive answer.",a,0,,,,gemma4it_tb_uniform1_no_video.json
uniform,1,no_video,2279,569,TimeBlind/videos/mcq_vid_00269_1.mp4,How does the yellow cup’s position change? Option A: It is set upright from being tipped over. Option B: It is tipped over from upright.,a,"To provide the correct answer, I would need to see the image or video you are referring to. However, based on the phrasing of your question:

If the cup starts on its side and is placed standing up, the answer is **Option A**.
If the cup starts standing up and is knocked over, the answer is **Option B**.

Please provide the visual context if you would like a definitive answer.",a,1,,,,gemma4it_tb_uniform1_no_video.json
uniform,1,no_video,2280,570,TimeBlind/videos/mcq_vid_00270_0.mp4,What causes the water bottle to fall off the table? Option A: It isn’t placed securely on the table. Option B: Someone pushes it off the table with their hand.,a,"Both options are possible causes, but without further context, there is no single ""correct"" answer. However, if this is a logic puzzle where you must choose the most direct physical action:

B",a,1,,,,gemma4it_tb_uniform1_no_video.json
uniform,1,no_video,2281,570,TimeBlind/videos/mcq_vid_00270_1.mp4,What causes the water bottle to fall off the table? Option A: It isn’t placed securely on the table. Option B: Someone pushes it off the table with their hand.,b,"Both options are possible causes, but without further context, there is no single ""correct"" answer. However, if this is a logic puzzle where you must choose the most direct physical action:

B",a,0,,,,gemma4it_tb_uniform1_no_video.json
uniform,1,no_video,2282,570,TimeBlind/videos/mcq_vid_00270_0.mp4,What causes the water bottle to fall off the table? Option A: Someone pushes it off the table with their hand. Option B: It isn’t placed securely on the table.,b,Option A,a,0,,,,gemma4it_tb_uniform1_no_video.json
uniform,1,no_video,2283,570,TimeBlind/videos/mcq_vid_00270_1.mp4,What causes the water bottle to fall off the table? Option A: Someone pushes it off the table with their hand. Option B: It isn’t placed securely on the table.,a,Option A,a,1,,,,gemma4it_tb_uniform1_no_video.json
uniform,1,no_video,2284,571,TimeBlind/videos/mcq_vid_00271_0.mp4,How much force is used to pull the tissue out of the box? Option A: It is pulled out gently. Option B: It is pulled out forcefully.,a,"To provide an accurate answer, I would need to see the specific context, image, or description of the action you are referring to.

However, if this is a general question about the standard way to remove a tissue from a box:
**Option A**",a,1,,,,gemma4it_tb_uniform1_no_video.json
uniform,1,no_video,2285,571,TimeBlind/videos/mcq_vid_00271_1.mp4,How much force is used to pull the tissue out of the box? Option A: It is pulled out gently. Option B: It is pulled out forcefully.,b,"To provide an accurate answer, I would need to see the specific context, image, or description of the action you are referring to.

However, if this is a general question about the standard way to remove a tissue from a box:
**Option A**",a,0,,,,gemma4it_tb_uniform1_no_video.json
uniform,1,no_video,2286,571,TimeBlind/videos/mcq_vid_00271_0.mp4,How much force is used to pull the tissue out of the box? Option A: It is pulled out forcefully. Option B: It is pulled out gently.,b,"To provide an accurate answer, I would need to see the specific context, image, or description of the action you are referring to.

However, if this is a general question about standard procedures (like removing a tissue from a box), the typical action is:

**Option B**",b,1,,,,gemma4it_tb_uniform1_no_video.json
uniform,1,no_video,2287,571,TimeBlind/videos/mcq_vid_00271_1.mp4,How much force is used to pull the tissue out of the box? Option A: It is pulled out forcefully. Option B: It is pulled out gently.,a,"To provide an accurate answer, I would need to see the specific context, image, or description of the action you are referring to.

However, if this is a general question about standard procedures (like removing a tissue from a box), the typical action is:

**Option B**",b,0,,,,gemma4it_tb_uniform1_no_video.json
uniform,1,no_video,2288,572,TimeBlind/videos/mcq_vid_00272_0.mp4,Why does very little water come out of the first bottle? Option A: The cap isn’t opened. Option B: There’s no water in the bottle.,a,"Without more context or a specific scenario provided, it is impossible to determine the correct answer. However, if this is a logic puzzle where ""very little"" implies some water is coming out, the answer would be **Option A** (a partially loose cap or a restricted opening), as Option B would result in no water at all.

If you are referring to a specific image or riddle not provided here, please provide the context. Otherwise, based on the phrasing ""very little"" (implying a small amount exists):

**Option A**",a,1,,,,gemma4it_tb_uniform1_no_video.json
uniform,1,no_video,2289,572,TimeBlind/videos/mcq_vid_00272_1.mp4,Why does very little water come out of the first bottle? Option A: The cap isn’t opened. Option B: There’s no water in the bottle.,b,"Without more context or a specific scenario provided, it is impossible to determine the correct answer. However, if this is a logic puzzle where ""very little"" implies some water is coming out, the answer would be **Option A** (a partially loose cap or a restricted opening), as Option B would result in no water at all.

If you are referring to a specific image or riddle not provided here, please provide the context. Otherwise, based on the phrasing ""very little"" (implying a small amount exists):

**Option A**",a,0,,,,gemma4it_tb_uniform1_no_video.json
uniform,1,no_video,2290,572,TimeBlind/videos/mcq_vid_00272_0.mp4,Why does very little water come out of the first bottle? Option A: There’s no water in the bottle. Option B: The cap isn’t opened.,b,B,b,1,,,,gemma4it_tb_uniform1_no_video.json
uniform,1,no_video,2291,572,TimeBlind/videos/mcq_vid_00272_1.mp4,Why does very little water come out of the first bottle? Option A: There’s no water in the bottle. Option B: The cap isn’t opened.,a,B,b,0,,,,gemma4it_tb_uniform1_no_video.json
uniform,1,no_video,2292,573,TimeBlind/videos/mcq_vid_00273_0.mp4,Why does very little water come out of the second bottle? Option A: There’s no water in the bottle. Option B: The cap isn’t opened.,a,"Without more context or a description of the situation, it is impossible to determine the correct answer. However, if this is a logic puzzle where the first bottle is full and the second is being poured from, the most common reason for a flow issue is a physical obstruction.

If you must choose one based on typical ""trick"" questions:
**Option B**",b,0,,,,gemma4it_tb_uniform1_no_video.json
uniform,1,no_video,2293,573,TimeBlind/videos/mcq_vid_00273_1.mp4,Why does very little water come out of the second bottle? Option A: There’s no water in the bottle. Option B: The cap isn’t opened.,b,"Without more context or a description of the situation, it is impossible to determine the correct answer. However, if this is a logic puzzle where the first bottle is full and the second is being poured from, the most common reason for a flow issue is a physical obstruction.

If you must choose one based on typical ""trick"" questions:
**Option B**",b,1,,,,gemma4it_tb_uniform1_no_video.json
uniform,1,no_video,2294,573,TimeBlind/videos/mcq_vid_00273_0.mp4,Why does very little water come out of the second bottle? Option A: The cap isn’t opened. Option B: There’s no water in the bottle.,b,"Without more context or a visual description of the situation, it is impossible to determine the correct answer. However, if this is a logic puzzle where ""very little"" water is coming out (implying some is coming out), the answer would be **Option A** (the cap is partially open or not fully opened). If no water were coming out at all, Option B would be more likely.

Since I must choose one:
**Option A**",a,0,,,,gemma4it_tb_uniform1_no_video.json
uniform,1,no_video,2295,573,TimeBlind/videos/mcq_vid_00273_1.mp4,Why does very little water come out of the second bottle? Option A: The cap isn’t opened. Option B: There’s no water in the bottle.,a,"Without more context or a visual description of the situation, it is impossible to determine the correct answer. However, if this is a logic puzzle where ""very little"" water is coming out (implying some is coming out), the answer would be **Option A** (the cap is partially open or not fully opened). If no water were coming out at all, Option B would be more likely.

Since I must choose one:
**Option A**",a,1,,,,gemma4it_tb_uniform1_no_video.json
uniform,1,no_video,2296,574,TimeBlind/videos/mcq_vid_00274_0.mp4,"How many times are the yellow cup and the water bottle picked up? Option A: The yellow cup is picked up three times, and the water bottle is picked up once. Option B: The yellow cup is picked up once, and the water bottle is picked up three times.",a,"To provide the correct answer, I would need to see the video, image, or text description you are referring to. Since no context was provided in your message, I cannot determine which option is correct.

Please provide the source material, and I will be happy to give you the answer!",,0,,,,gemma4it_tb_uniform1_no_video.json
uniform,1,no_video,2297,574,TimeBlind/videos/mcq_vid_00274_1.mp4,"How many times are the yellow cup and the water bottle picked up? Option A: The yellow cup is picked up three times, and the water bottle is picked up once. Option B: The yellow cup is picked up once, and the water bottle is picked up three times.",b,"To provide the correct answer, I would need to see the video, image, or text description you are referring to. Since no context was provided in your message, I cannot determine which option is correct.

Please provide the source material, and I will be happy to give you the answer!",,0,,,,gemma4it_tb_uniform1_no_video.json
uniform,1,no_video,2298,574,TimeBlind/videos/mcq_vid_00274_0.mp4,"How many times are the yellow cup and the water bottle picked up? Option A: The yellow cup is picked up once, and the water bottle is picked up three times. Option B: The yellow cup is picked up three times, and the water bottle is picked up once.",b,"To provide the correct answer, I would need to see the video, image, or text description you are referring to. Since no context was provided in your message, I cannot determine which option is correct.

Please provide the source material, and I will be happy to give you the answer!",,0,,,,gemma4it_tb_uniform1_no_video.json
uniform,1,no_video,2299,574,TimeBlind/videos/mcq_vid_00274_1.mp4,"How many times are the yellow cup and the water bottle picked up? Option A: The yellow cup is picked up once, and the water bottle is picked up three times. Option B: The yellow cup is picked up three times, and the water bottle is picked up once.",a,"To provide the correct answer, I would need to see the video, image, or text description you are referring to. Since no context was provided in your message, I cannot determine which option is correct.

Please provide the source material, and I will be happy to give you the answer!",,0,,,,gemma4it_tb_uniform1_no_video.json
uniform,1,no_video,2300,575,TimeBlind/videos/mcq_vid_00275_0.mp4,What happens to the phone stand? Option A: It is unfolded from a folded position. Option B: It is folded from an unfolded position.,a,"To provide the correct answer, I need to see the context (such as a video, a description, or a sequence of images) you are referring to.

However, if you are referring to a standard ""before and after"" logic where a phone stand is being set up for use:
**Option A** is the most common action for preparing a stand.

If you can provide the specific context, I can give you the definitive answer.",a,1,,,,gemma4it_tb_uniform1_no_video.json
uniform,1,no_video,2301,575,TimeBlind/videos/mcq_vid_00275_1.mp4,What happens to the phone stand? Option A: It is unfolded from a folded position. Option B: It is folded from an unfolded position.,b,"To provide the correct answer, I need to see the context (such as a video, a description, or a sequence of images) you are referring to.

However, if you are referring to a standard ""before and after"" logic where a phone stand is being set up for use:
**Option A** is the most common action for preparing a stand.

If you can provide the specific context, I can give you the definitive answer.",a,0,,,,gemma4it_tb_uniform1_no_video.json
uniform,1,no_video,2302,575,TimeBlind/videos/mcq_vid_00275_0.mp4,What happens to the phone stand? Option A: It is folded from an unfolded position. Option B: It is unfolded from a folded position.,b,"To provide the correct answer, I would need to see the image or the context of the action being described. However, based on the typical phrasing of such questions:

If the action shows the stand being opened up to be used, the answer is **Option B**.
If the action shows the stand being closed for storage, the answer is **Option A**.

Please provide the image or description for a definitive answer.",b,1,,,,gemma4it_tb_uniform1_no_video.json
uniform,1,no_video,2303,575,TimeBlind/videos/mcq_vid_00275_1.mp4,What happens to the phone stand? Option A: It is folded from an unfolded position. Option B: It is unfolded from a folded position.,a,"To provide the correct answer, I would need to see the image or the context of the action being described. However, based on the typical phrasing of such questions:

If the action shows the stand being opened up to be used, the answer is **Option B**.
If the action shows the stand being closed for storage, the answer is **Option A**.

Please provide the image or description for a definitive answer.",b,0,,,,gemma4it_tb_uniform1_no_video.json
uniform,1,no_video,2304,576,TimeBlind/videos/mcq_vid_00276_0.mp4,Which button press turns the light on? Option A: The second press turns it on. Option B: The first press turns it on.,a,"To provide the correct answer, I need to know the context of the light's current state (e.g., is it currently off or on?) or the specific logic of the switch (e.g., a toggle switch vs. a momentary push button).

However, if this is a logic puzzle where the light is currently **OFF** and you are asking which action initiates the ""on"" state:

**B**",a,1,,,,gemma4it_tb_uniform1_no_video.json
uniform,1,no_video,2305,576,TimeBlind/videos/mcq_vid_00276_1.mp4,Which button press turns the light on? Option A: The second press turns it on. Option B: The first press turns it on.,b,"To provide the correct answer, I need to know the context of the light's current state (e.g., is it currently off or on?) or the specific logic of the switch (e.g., a toggle switch vs. a momentary push button).

However, if this is a logic puzzle where the light is currently **OFF** and you are asking which action initiates the ""on"" state:

**B**",a,0,,,,gemma4it_tb_uniform1_no_video.json
uniform,1,no_video,2306,576,TimeBlind/videos/mcq_vid_00276_0.mp4,Which button press turns the light on? Option A: The first press turns it on. Option B: The second press turns it on.,b,"Please provide the context or the description of the situation (e.g., a riddle, a logic puzzle, or a specific scenario) so I can determine which button press turns the light on.",a,0,,,,gemma4it_tb_uniform1_no_video.json
uniform,1,no_video,2307,576,TimeBlind/videos/mcq_vid_00276_1.mp4,Which button press turns the light on? Option A: The first press turns it on. Option B: The second press turns it on.,a,"Please provide the context or the description of the situation (e.g., a riddle, a logic puzzle, or a specific scenario) so I can determine which button press turns the light on.",a,1,,,,gemma4it_tb_uniform1_no_video.json
uniform,1,no_video,2308,577,TimeBlind/videos/mcq_vid_00277_0.mp4,Which one turns on the light in the video? Option A: The wall switch turns it on. Option B: The remote control turns it on.,a,"Please provide the video or a description of the video so I can see which action turns on the light. Without the video, I cannot determine the correct answer.",a,1,,,,gemma4it_tb_uniform1_no_video.json
uniform,1,no_video,2309,577,TimeBlind/videos/mcq_vid_00277_1.mp4,Which one turns on the light in the video? Option A: The wall switch turns it on. Option B: The remote control turns it on.,b,"Please provide the video or a description of the video so I can see which action turns on the light. Without the video, I cannot determine the correct answer.",a,0,,,,gemma4it_tb_uniform1_no_video.json
uniform,1,no_video,2310,577,TimeBlind/videos/mcq_vid_00277_0.mp4,Which one turns on the light in the video? Option A: The remote control turns it on. Option B: The wall switch turns it on.,b,"Please provide the video or a description of the video so I can see which action turns on the light. Without the video, I cannot determine the correct answer.",a,0,,,,gemma4it_tb_uniform1_no_video.json
uniform,1,no_video,2311,577,TimeBlind/videos/mcq_vid_00277_1.mp4,Which one turns on the light in the video? Option A: The remote control turns it on. Option B: The wall switch turns it on.,a,"Please provide the video or a description of the video so I can see which action turns on the light. Without the video, I cannot determine the correct answer.",a,1,,,,gemma4it_tb_uniform1_no_video.json
uniform,1,no_video,2312,578,TimeBlind/videos/mcq_vid_00278_0.mp4,What causes the chair to move backward? Option A: The person pushes it backward with their leg. Option B: The person pushes it backward with their hand.,a,"To provide a definitive answer, I would need to see the specific image or context you are referring to. However, based on typical physics problems or common scenarios:

If the person is sitting in the chair and pushing off the floor with their feet, the answer is **Option A**.
If the person is standing and pushing the back of the chair with their hands, the answer is **Option B**.

Please provide the image or description for a specific choice.",a,1,,,,gemma4it_tb_uniform1_no_video.json
uniform,1,no_video,2313,578,TimeBlind/videos/mcq_vid_00278_1.mp4,What causes the chair to move backward? Option A: The person pushes it backward with their leg. Option B: The person pushes it backward with their hand.,b,"To provide a definitive answer, I would need to see the specific image or context you are referring to. However, based on typical physics problems or common scenarios:

If the person is sitting in the chair and pushing off the floor with their feet, the answer is **Option A**.
If the person is standing and pushing the back of the chair with their hands, the answer is **Option B**.

Please provide the image or description for a specific choice.",a,0,,,,gemma4it_tb_uniform1_no_video.json
uniform,1,no_video,2314,578,TimeBlind/videos/mcq_vid_00278_0.mp4,What causes the chair to move backward? Option A: The person pushes it backward with their hand. Option B: The person pushes it backward with their leg.,b,"Both options describe a valid way a chair could move backward. However, without a specific context or image provided to indicate which action is occurring, both are physically possible.

If this is a multiple-choice question from a specific test or observation where only one action is shown, please provide the context. Otherwise, both A and B are correct causes for the chair moving backward.

If you must choose one based on a standard ""pushing"" scenario:
**A**",a,0,,,,gemma4it_tb_uniform1_no_video.json
uniform,1,no_video,2315,578,TimeBlind/videos/mcq_vid_00278_1.mp4,What causes the chair to move backward? Option A: The person pushes it backward with their hand. Option B: The person pushes it backward with their leg.,a,"Both options describe a valid way a chair could move backward. However, without a specific context or image provided to indicate which action is occurring, both are physically possible.

If this is a multiple-choice question from a specific test or observation where only one action is shown, please provide the context. Otherwise, both A and B are correct causes for the chair moving backward.

If you must choose one based on a standard ""pushing"" scenario:
**A**",a,1,,,,gemma4it_tb_uniform1_no_video.json
uniform,1,no_video,2316,579,TimeBlind/videos/mcq_vid_00279_0.mp4,What causes the small box to fall over? Option A: It falls over because the chair shakes. Option B: It falls over because someone pushes it with their hand.,a,"To provide a definitive answer, I would need to see the specific image or context you are referring to. However, if this is a logic puzzle or a test question where you must choose based on a provided scenario:

If the context implies an external force from a person, the answer is **B**.
If the context implies a vibration or environmental cause, the answer is **A**.

Since no image was provided, please provide the context or image for a specific choice.",a,1,,,,gemma4it_tb_uniform1_no_video.json
uniform,1,no_video,2317,579,TimeBlind/videos/mcq_vid_00279_1.mp4,What causes the small box to fall over? Option A: It falls over because the chair shakes. Option B: It falls over because someone pushes it with their hand.,b,"To provide a definitive answer, I would need to see the specific image or context you are referring to. However, if this is a logic puzzle or a test question where you must choose based on a provided scenario:

If the context implies an external force from a person, the answer is **B**.
If the context implies a vibration or environmental cause, the answer is **A**.

Since no image was provided, please provide the context or image for a specific choice.",a,0,,,,gemma4it_tb_uniform1_no_video.json
uniform,1,no_video,2318,579,TimeBlind/videos/mcq_vid_00279_0.mp4,What causes the small box to fall over? Option A: It falls over because someone pushes it with their hand. Option B: It falls over because the chair shakes.,b,"To provide the correct answer, I would need to see the specific image or context you are referring to. However, based on typical logic puzzles of this type:

If the image shows a person interacting with the box, the answer is **A**.
If the image shows a person sitting on a chair and the box is on the floor/table nearby while the chair moves, the answer is **B**.

Please provide the image or description for a definitive answer.",a,0,,,,gemma4it_tb_uniform1_no_video.json
uniform,1,no_video,2319,579,TimeBlind/videos/mcq_vid_00279_1.mp4,What causes the small box to fall over? Option A: It falls over because someone pushes it with their hand. Option B: It falls over because the chair shakes.,a,"To provide the correct answer, I would need to see the specific image or context you are referring to. However, based on typical logic puzzles of this type:

If the image shows a person interacting with the box, the answer is **A**.
If the image shows a person sitting on a chair and the box is on the floor/table nearby while the chair moves, the answer is **B**.

Please provide the image or description for a definitive answer.",a,1,,,,gemma4it_tb_uniform1_no_video.json
uniform,1,no_video,2320,580,TimeBlind/videos/mcq_vid_00280_0.mp4,What causes the small box to fall over? Option A: It falls over because the chair shakes. Option B: It falls over because someone pushes it with their hand.,a,"To provide a definitive answer, I would need to see the specific image or context you are referring to. However, if this is a logic puzzle or a test question where you must choose based on a provided scenario:

If the context implies an external force from a person, the answer is **B**.
If the context implies a vibration or environmental cause, the answer is **A**.

Since no image was provided, please provide the context or image for a specific choice.",a,1,,,,gemma4it_tb_uniform1_no_video.json
uniform,1,no_video,2321,580,TimeBlind/videos/mcq_vid_00280_1.mp4,What causes the small box to fall over? Option A: It falls over because the chair shakes. Option B: It falls over because someone pushes it with their hand.,b,"To provide a definitive answer, I would need to see the specific image or context you are referring to. However, if this is a logic puzzle or a test question where you must choose based on a provided scenario:

If the context implies an external force from a person, the answer is **B**.
If the context implies a vibration or environmental cause, the answer is **A**.

Since no image was provided, please provide the context or image for a specific choice.",a,0,,,,gemma4it_tb_uniform1_no_video.json
uniform,1,no_video,2322,580,TimeBlind/videos/mcq_vid_00280_0.mp4,What causes the small box to fall over? Option A: It falls over because someone pushes it with their hand. Option B: It falls over because the chair shakes.,b,"To provide the correct answer, I would need to see the specific image or context you are referring to. However, based on typical logic puzzles of this type:

If the image shows a person interacting with the box, the answer is **A**.
If the image shows a person sitting on a chair and the box is on the floor/table nearby while the chair moves, the answer is **B**.

Please provide the image or description for a definitive answer.",a,0,,,,gemma4it_tb_uniform1_no_video.json
uniform,1,no_video,2323,580,TimeBlind/videos/mcq_vid_00280_1.mp4,What causes the small box to fall over? Option A: It falls over because someone pushes it with their hand. Option B: It falls over because the chair shakes.,a,"To provide the correct answer, I would need to see the specific image or context you are referring to. However, based on typical logic puzzles of this type:

If the image shows a person interacting with the box, the answer is **A**.
If the image shows a person sitting on a chair and the box is on the floor/table nearby while the chair moves, the answer is **B**.

Please provide the image or description for a definitive answer.",a,1,,,,gemma4it_tb_uniform1_no_video.json
uniform,1,no_video,2324,581,TimeBlind/videos/mcq_vid_00281_0.mp4,What causes the phone’s screen to light up? Option A: Someone taps the phone. Option B: The phone lights up automatically when it is picked up.,a,"Both A and B are common causes for a phone's screen to light up, but since the question asks to choose one:

A",a,1,,,,gemma4it_tb_uniform1_no_video.json
uniform,1,no_video,2325,581,TimeBlind/videos/mcq_vid_00281_1.mp4,What causes the phone’s screen to light up? Option A: Someone taps the phone. Option B: The phone lights up automatically when it is picked up.,b,"Both A and B are common causes for a phone's screen to light up, but since the question asks to choose one:

A",a,0,,,,gemma4it_tb_uniform1_no_video.json
uniform,1,no_video,2326,581,TimeBlind/videos/mcq_vid_00281_0.mp4,What causes the phone’s screen to light up? Option A: The phone lights up automatically when it is picked up. Option B: Someone taps the phone.,b,"The provided options do not cover all possible causes (such as notifications, alarms, or timers), but based on the choices given:

A",a,0,,,,gemma4it_tb_uniform1_no_video.json
uniform,1,no_video,2327,581,TimeBlind/videos/mcq_vid_00281_1.mp4,What causes the phone’s screen to light up? Option A: The phone lights up automatically when it is picked up. Option B: Someone taps the phone.,a,"The provided options do not cover all possible causes (such as notifications, alarms, or timers), but based on the choices given:

A",a,1,,,,gemma4it_tb_uniform1_no_video.json
uniform,1,no_video,2328,582,TimeBlind/videos/mcq_vid_00282_0.mp4,What causes the incoming call to disappear on the phone? Option A: The person swipes on the screen to decline the call. Option B: The person presses the mute switch on the side of the phone.,a,A,a,1,,,,gemma4it_tb_uniform1_no_video.json
uniform,1,no_video,2329,582,TimeBlind/videos/mcq_vid_00282_1.mp4,What causes the incoming call to disappear on the phone? Option A: The person swipes on the screen to decline the call. Option B: The person presses the mute switch on the side of the phone.,b,A,a,0,,,,gemma4it_tb_uniform1_no_video.json
uniform,1,no_video,2330,582,TimeBlind/videos/mcq_vid_00282_0.mp4,What causes the incoming call to disappear on the phone? Option A: The person presses the mute switch on the side of the phone. Option B: The person swipes on the screen to decline the call.,b,B,b,1,,,,gemma4it_tb_uniform1_no_video.json
uniform,1,no_video,2331,582,TimeBlind/videos/mcq_vid_00282_1.mp4,What causes the incoming call to disappear on the phone? Option A: The person presses the mute switch on the side of the phone. Option B: The person swipes on the screen to decline the call.,a,B,b,0,,,,gemma4it_tb_uniform1_no_video.json
uniform,1,no_video,2332,583,TimeBlind/videos/mcq_vid_00283_0.mp4,What causes the orange juice carton on the table to fall over? Option A: It is bumped by an elbow. Option B: Someone knocks it over with their hand.,a,"Both options describe a cause for the orange juice carton to fall over. However, without further context or a specific scenario provided, both are equally valid physical actions that would result in the carton falling.

If this is a multiple-choice question from a specific test or logic puzzle where only one answer is intended, please provide the context. Otherwise, both A and B are correct causes.

If you must choose one:
**A**",a,1,,,,gemma4it_tb_uniform1_no_video.json
uniform,1,no_video,2333,583,TimeBlind/videos/mcq_vid_00283_1.mp4,What causes the orange juice carton on the table to fall over? Option A: It is bumped by an elbow. Option B: Someone knocks it over with their hand.,b,"Both options describe a cause for the orange juice carton to fall over. However, without further context or a specific scenario provided, both are equally valid physical actions that would result in the carton falling.

If this is a multiple-choice question from a specific test or logic puzzle where only one answer is intended, please provide the context. Otherwise, both A and B are correct causes.

If you must choose one:
**A**",a,0,,,,gemma4it_tb_uniform1_no_video.json
uniform,1,no_video,2334,583,TimeBlind/videos/mcq_vid_00283_0.mp4,What causes the orange juice carton on the table to fall over? Option A: Someone knocks it over with their hand. Option B: It is bumped by an elbow.,b,A,a,0,,,,gemma4it_tb_uniform1_no_video.json
uniform,1,no_video,2335,583,TimeBlind/videos/mcq_vid_00283_1.mp4,What causes the orange juice carton on the table to fall over? Option A: Someone knocks it over with their hand. Option B: It is bumped by an elbow.,a,A,a,1,,,,gemma4it_tb_uniform1_no_video.json
uniform,1,no_video,2336,584,TimeBlind/videos/mcq_vid_00284_0.mp4,What causes the water spill on the table to disappear? Option A: It is wiped away with a paper towel. Option B: It is wiped away with a bare hand.,a,A,a,1,,,,gemma4it_tb_uniform1_no_video.json
uniform,1,no_video,2337,584,TimeBlind/videos/mcq_vid_00284_1.mp4,What causes the water spill on the table to disappear? Option A: It is wiped away with a paper towel. Option B: It is wiped away with a bare hand.,b,A,a,0,,,,gemma4it_tb_uniform1_no_video.json
uniform,1,no_video,2338,584,TimeBlind/videos/mcq_vid_00284_0.mp4,What causes the water spill on the table to disappear? Option A: It is wiped away with a bare hand. Option B: It is wiped away with a paper towel.,b,B,b,1,,,,gemma4it_tb_uniform1_no_video.json
uniform,1,no_video,2339,584,TimeBlind/videos/mcq_vid_00284_1.mp4,What causes the water spill on the table to disappear? Option A: It is wiped away with a bare hand. Option B: It is wiped away with a paper towel.,a,B,b,0,,,,gemma4it_tb_uniform1_no_video.json
uniform,1,no_video,2340,585,TimeBlind/videos/mcq_vid_00285_0.mp4,How much force is used to squeeze the cup at the start of the video? Option A: It is squeezed gently. Option B: It is squeezed forcefully.,a,"Please provide the video you are referring to. Since I cannot see a video in your prompt, I am unable to determine the correct answer.",a,1,,,,gemma4it_tb_uniform1_no_video.json
uniform,1,no_video,2341,585,TimeBlind/videos/mcq_vid_00285_1.mp4,How much force is used to squeeze the cup at the start of the video? Option A: It is squeezed gently. Option B: It is squeezed forcefully.,b,"Please provide the video you are referring to. Since I cannot see a video in your prompt, I am unable to determine the correct answer.",a,0,,,,gemma4it_tb_uniform1_no_video.json
uniform,1,no_video,2342,585,TimeBlind/videos/mcq_vid_00285_0.mp4,How much force is used to squeeze the cup at the start of the video? Option A: It is squeezed forcefully. Option B: It is squeezed gently.,b,"Please provide the video you are referring to. Since I cannot see a video in your prompt, I am unable to determine the correct answer.",a,0,,,,gemma4it_tb_uniform1_no_video.json
uniform,1,no_video,2343,585,TimeBlind/videos/mcq_vid_00285_1.mp4,How much force is used to squeeze the cup at the start of the video? Option A: It is squeezed forcefully. Option B: It is squeezed gently.,a,"Please provide the video you are referring to. Since I cannot see a video in your prompt, I am unable to determine the correct answer.",a,1,,,,gemma4it_tb_uniform1_no_video.json
uniform,1,no_video,2344,586,TimeBlind/videos/mcq_vid_00286_0.mp4,How many times does the person pull a tissue out of the tissue box? Option A: Four times. Option B: Three times.,a,"Please provide the text, video, or description of the situation you are referring to. Without the context of the story or scene, I cannot determine the correct answer.",,0,,,,gemma4it_tb_uniform1_no_video.json
uniform,1,no_video,2345,586,TimeBlind/videos/mcq_vid_00286_1.mp4,How many times does the person pull a tissue out of the tissue box? Option A: Four times. Option B: Three times.,b,"Please provide the text, video, or description of the situation you are referring to. Without the context of the story or scene, I cannot determine the correct answer.",,0,,,,gemma4it_tb_uniform1_no_video.json
uniform,1,no_video,2346,586,TimeBlind/videos/mcq_vid_00286_0.mp4,How many times does the person pull a tissue out of the tissue box? Option A: Three times. Option B: Four times.,b,"Please provide the text, video, or description of the situation you are referring to. Without the context of the story or scene, I cannot determine the correct answer.",,0,,,,gemma4it_tb_uniform1_no_video.json
uniform,1,no_video,2347,586,TimeBlind/videos/mcq_vid_00286_1.mp4,How many times does the person pull a tissue out of the tissue box? Option A: Three times. Option B: Four times.,a,"Please provide the text, video, or description of the situation you are referring to. Without the context of the story or scene, I cannot determine the correct answer.",,0,,,,gemma4it_tb_uniform1_no_video.json
uniform,1,no_video,2348,587,TimeBlind/videos/mcq_vid_00287_0.mp4,What happens to the size of the swaying motion? Option A: The swing gradually becomes wider. Option B: The swing gradually becomes smaller.,a,Option B,b,0,,,,gemma4it_tb_uniform1_no_video.json
uniform,1,no_video,2349,587,TimeBlind/videos/mcq_vid_00287_1.mp4,What happens to the size of the swaying motion? Option A: The swing gradually becomes wider. Option B: The swing gradually becomes smaller.,b,Option B,b,1,,,,gemma4it_tb_uniform1_no_video.json
uniform,1,no_video,2350,587,TimeBlind/videos/mcq_vid_00287_0.mp4,What happens to the size of the swaying motion? Option A: The swing gradually becomes smaller. Option B: The swing gradually becomes wider.,b,Option A,a,0,,,,gemma4it_tb_uniform1_no_video.json
uniform,1,no_video,2351,587,TimeBlind/videos/mcq_vid_00287_1.mp4,What happens to the size of the swaying motion? Option A: The swing gradually becomes smaller. Option B: The swing gradually becomes wider.,a,Option A,a,1,,,,gemma4it_tb_uniform1_no_video.json
uniform,1,no_video,2352,588,TimeBlind/videos/mcq_vid_00288_0.mp4,What happens to the size of the swaying motion over the clip? Option A: The swing gradually becomes wider. Option B: The swing gradually becomes smaller.,a,"To provide the correct answer, I would need to see the specific clip or description of the motion you are referring to.

However, in most physics problems involving a **pendulum** or a **swinging object** without an external force (like a person pushing it) to maintain its energy, the correct answer is typically:

**Option B**

(This is because friction and air resistance gradually remove energy from the system, causing the amplitude of the swing to decrease over time.)",b,0,,,,gemma4it_tb_uniform1_no_video.json
uniform,1,no_video,2353,588,TimeBlind/videos/mcq_vid_00288_1.mp4,What happens to the size of the swaying motion over the clip? Option A: The swing gradually becomes wider. Option B: The swing gradually becomes smaller.,b,"To provide the correct answer, I would need to see the specific clip or description of the motion you are referring to.

However, in most physics problems involving a **pendulum** or a **swinging object** without an external force (like a person pushing it) to maintain its energy, the correct answer is typically:

**Option B**

(This is because friction and air resistance gradually remove energy from the system, causing the amplitude of the swing to decrease over time.)",b,1,,,,gemma4it_tb_uniform1_no_video.json
uniform,1,no_video,2354,588,TimeBlind/videos/mcq_vid_00288_0.mp4,What happens to the size of the swaying motion over the clip? Option A: The swing gradually becomes smaller. Option B: The swing gradually becomes wider.,b,"To provide the correct answer, I would need to see the specific video clip or description you are referring to.

However, in most physics demonstrations involving a pendulum or a swaying object (like a swing) where friction and air resistance are present, the correct answer is typically:

**Option A**",a,0,,,,gemma4it_tb_uniform1_no_video.json
uniform,1,no_video,2355,588,TimeBlind/videos/mcq_vid_00288_1.mp4,What happens to the size of the swaying motion over the clip? Option A: The swing gradually becomes smaller. Option B: The swing gradually becomes wider.,a,"To provide the correct answer, I would need to see the specific video clip or description you are referring to.

However, in most physics demonstrations involving a pendulum or a swaying object (like a swing) where friction and air resistance are present, the correct answer is typically:

**Option A**",a,1,,,,gemma4it_tb_uniform1_no_video.json
uniform,1,no_video,2356,589,TimeBlind/videos/mcq_vid_00289_0.mp4,"In the video, how many times is the black mouse picked up? Option A: Twice. Option B: Three times.",a,"Please provide the video you are referring to! You haven't attached or linked a video to your message. Once you provide the video, I will be able to tell you whether the answer is Option A or Option B.",a,1,,,,gemma4it_tb_uniform1_no_video.json
uniform,1,no_video,2357,589,TimeBlind/videos/mcq_vid_00289_1.mp4,"In the video, how many times is the black mouse picked up? Option A: Twice. Option B: Three times.",b,"Please provide the video you are referring to! You haven't attached or linked a video to your message. Once you provide the video, I will be able to tell you whether the answer is Option A or Option B.",a,0,,,,gemma4it_tb_uniform1_no_video.json
uniform,1,no_video,2358,589,TimeBlind/videos/mcq_vid_00289_0.mp4,"In the video, how many times is the black mouse picked up? Option A: Three times. Option B: Twice.",b,"Please provide the video you are referring to. Since I cannot see a video in your prompt, I am unable to count the actions. Once you provide the video or a link to it, I can give you the correct answer.",a,0,,,,gemma4it_tb_uniform1_no_video.json
uniform,1,no_video,2359,589,TimeBlind/videos/mcq_vid_00289_1.mp4,"In the video, how many times is the black mouse picked up? Option A: Three times. Option B: Twice.",a,"Please provide the video you are referring to. Since I cannot see a video in your prompt, I am unable to count the actions. Once you provide the video or a link to it, I can give you the correct answer.",a,1,,,,gemma4it_tb_uniform1_no_video.json
uniform,1,no_video,2360,590,TimeBlind/videos/mcq_vid_00290_0.mp4,"In the video, why does the object fall off the table? Option A: The person pushes it. Option B: It is placed on the edge of the table.",a,"Please provide the video or a description of the video you are referring to. Since I cannot see the video without it being provided, I cannot determine whether the correct answer is A or B.",a,1,,,,gemma4it_tb_uniform1_no_video.json
uniform,1,no_video,2361,590,TimeBlind/videos/mcq_vid_00290_1.mp4,"In the video, why does the object fall off the table? Option A: The person pushes it. Option B: It is placed on the edge of the table.",b,"Please provide the video or a description of the video you are referring to. Since I cannot see the video without it being provided, I cannot determine whether the correct answer is A or B.",a,0,,,,gemma4it_tb_uniform1_no_video.json
uniform,1,no_video,2362,590,TimeBlind/videos/mcq_vid_00290_0.mp4,"In the video, why does the object fall off the table? Option A: It is placed on the edge of the table. Option B: The person pushes it.",b,"Please provide the video or a description of the video you are referring to. Since I cannot see the video without it being provided, I cannot determine whether the correct answer is A or B.",a,0,,,,gemma4it_tb_uniform1_no_video.json
uniform,1,no_video,2363,590,TimeBlind/videos/mcq_vid_00290_1.mp4,"In the video, why does the object fall off the table? Option A: It is placed on the edge of the table. Option B: The person pushes it.",a,"Please provide the video or a description of the video you are referring to. Since I cannot see the video without it being provided, I cannot determine whether the correct answer is A or B.",a,1,,,,gemma4it_tb_uniform1_no_video.json
uniform,1,no_video,2364,591,TimeBlind/videos/mcq_vid_00291_0.mp4,Why can't you see the chocolate jelly snack with the red lid on the tabletop anymore? Option A: It's blocked from view by a piece of paper. Option B: It's been put into a drawer.,a,"thought
<channel|>I cannot answer this question because there is no image or context provided to determine the location of the snack. Please provide the image or description.",,0,,,,gemma4it_tb_uniform1_no_video.json
uniform,1,no_video,2365,591,TimeBlind/videos/mcq_vid_00291_1.mp4,Why can't you see the chocolate jelly snack with the red lid on the tabletop anymore? Option A: It's blocked from view by a piece of paper. Option B: It's been put into a drawer.,b,"thought
<channel|>I cannot answer this question because there is no image or context provided to determine the location of the snack. Please provide the image or description.",,0,,,,gemma4it_tb_uniform1_no_video.json
uniform,1,no_video,2366,591,TimeBlind/videos/mcq_vid_00291_0.mp4,Why can't you see the chocolate jelly snack with the red lid on the tabletop anymore? Option A: It's been put into a drawer. Option B: It's blocked from view by a piece of paper.,b,"thought
<channel|>Since I do not have access to a live camera or a specific visual context provided in your prompt, I cannot see the tabletop. However, if this is a logic puzzle or a test of a specific scenario you have in mind, please provide the context.

If you are asking me to choose based on a hypothetical scenario where only one answer is correct, I cannot determine which one without the preceding information.

**Please provide the image or the context for the scene.**",a,0,,,,gemma4it_tb_uniform1_no_video.json
uniform,1,no_video,2367,591,TimeBlind/videos/mcq_vid_00291_1.mp4,Why can't you see the chocolate jelly snack with the red lid on the tabletop anymore? Option A: It's been put into a drawer. Option B: It's blocked from view by a piece of paper.,a,"thought
<channel|>Since I do not have access to a live camera or a specific visual context provided in your prompt, I cannot see the tabletop. However, if this is a logic puzzle or a test of a specific scenario you have in mind, please provide the context.

If you are asking me to choose based on a hypothetical scenario where only one answer is correct, I cannot determine which one without the preceding information.

**Please provide the image or the context for the scene.**",a,1,,,,gemma4it_tb_uniform1_no_video.json
uniform,1,no_video,2368,592,TimeBlind/videos/mcq_vid_00292_0.mp4,"In the video, how many times is the cup picked up? Option A: Four times. Option B: Five times.",a,"Please provide the video you are referring to. Since I cannot see a video in your prompt, I am unable to count the actions. Once you provide the video or a link to it, I can give you the correct answer.",a,1,,,,gemma4it_tb_uniform1_no_video.json
uniform,1,no_video,2369,592,TimeBlind/videos/mcq_vid_00292_1.mp4,"In the video, how many times is the cup picked up? Option A: Four times. Option B: Five times.",b,"Please provide the video you are referring to. Since I cannot see a video in your prompt, I am unable to count the actions. Once you provide the video or a link to it, I can give you the correct answer.",a,0,,,,gemma4it_tb_uniform1_no_video.json
uniform,1,no_video,2370,592,TimeBlind/videos/mcq_vid_00292_0.mp4,"In the video, how many times is the cup picked up? Option A: Five times. Option B: Four times.",b,"Please provide the video you are referring to. Since I cannot see a video in your prompt, I am unable to count the actions. Once you provide the video or a link to it, I can give you the correct answer.",a,0,,,,gemma4it_tb_uniform1_no_video.json
uniform,1,no_video,2371,592,TimeBlind/videos/mcq_vid_00292_1.mp4,"In the video, how many times is the cup picked up? Option A: Five times. Option B: Four times.",a,"Please provide the video you are referring to. Since I cannot see a video in your prompt, I am unable to count the actions. Once you provide the video or a link to it, I can give you the correct answer.",a,1,,,,gemma4it_tb_uniform1_no_video.json
uniform,1,no_video,2372,593,TimeBlind/videos/mcq_vid_00293_0.mp4,"In the video, how is the red BBQ sauce picked up? Option A: It is picked up gently. Option B: It is picked up forcefully.",a,"Please provide the video or a description of the video you are referring to. Since I cannot see the video without it being provided, I am unable to determine whether the sauce was picked up gently or forcefully.",a,1,,,,gemma4it_tb_uniform1_no_video.json
uniform,1,no_video,2373,593,TimeBlind/videos/mcq_vid_00293_1.mp4,"In the video, how is the red BBQ sauce picked up? Option A: It is picked up gently. Option B: It is picked up forcefully.",b,"Please provide the video or a description of the video you are referring to. Since I cannot see the video without it being provided, I am unable to determine whether the sauce was picked up gently or forcefully.",a,0,,,,gemma4it_tb_uniform1_no_video.json
uniform,1,no_video,2374,593,TimeBlind/videos/mcq_vid_00293_0.mp4,"In the video, how is the red BBQ sauce picked up? Option A: It is picked up forcefully. Option B: It is picked up gently.",b,"Please provide the video or a description of the video you are referring to. Since I cannot see the video without it being provided, I am unable to determine whether the sauce was picked up forcefully or gently.",a,0,,,,gemma4it_tb_uniform1_no_video.json
uniform,1,no_video,2375,593,TimeBlind/videos/mcq_vid_00293_1.mp4,"In the video, how is the red BBQ sauce picked up? Option A: It is picked up forcefully. Option B: It is picked up gently.",a,"Please provide the video or a description of the video you are referring to. Since I cannot see the video without it being provided, I am unable to determine whether the sauce was picked up forcefully or gently.",a,1,,,,gemma4it_tb_uniform1_no_video.json
uniform,1,no_video,2376,594,TimeBlind/videos/mcq_vid_00294_0.mp4,"In the video, what is the second item that gets picked up? Option A: A red bottle. Option B: A green and white bottle.",a,"Please provide the video or a link to the video you are referring to. Since I cannot see the video yet, I am unable to identify the items being picked up.",a,1,,,,gemma4it_tb_uniform1_no_video.json
uniform,1,no_video,2377,594,TimeBlind/videos/mcq_vid_00294_1.mp4,"In the video, what is the second item that gets picked up? Option A: A red bottle. Option B: A green and white bottle.",b,"Please provide the video or a link to the video you are referring to. Since I cannot see the video yet, I am unable to identify the items being picked up.",a,0,,,,gemma4it_tb_uniform1_no_video.json
uniform,1,no_video,2378,594,TimeBlind/videos/mcq_vid_00294_0.mp4,"In the video, what is the second item that gets picked up? Option A: A green and white bottle. Option B: A red bottle.",b,"Please provide the video or a link to the video you are referring to. Since I cannot see the video yet, I am unable to identify the items being picked up.",a,0,,,,gemma4it_tb_uniform1_no_video.json
uniform,1,no_video,2379,594,TimeBlind/videos/mcq_vid_00294_1.mp4,"In the video, what is the second item that gets picked up? Option A: A green and white bottle. Option B: A red bottle.",a,"Please provide the video or a link to the video you are referring to. Since I cannot see the video yet, I am unable to identify the items being picked up.",a,1,,,,gemma4it_tb_uniform1_no_video.json
uniform,1,no_video,2380,595,TimeBlind/videos/mcq_vid_00295_0.mp4,"Which of the following accurately describes the duration for which each object is held? Option A: The orange juice carton is held for a long time, and the milk carton for a short time. Option B: The orange juice carton is held for a short time, and the milk carton for a long time.",a,"To provide an accurate answer, I would need to see the specific video, image, or text description you are referring to. Since no context was provided in your prompt, I cannot determine which object is held longer.

Please provide the source material, and I will be happy to select the correct option for you.",,0,,,,gemma4it_tb_uniform1_no_video.json
uniform,1,no_video,2381,595,TimeBlind/videos/mcq_vid_00295_1.mp4,"Which of the following accurately describes the duration for which each object is held? Option A: The orange juice carton is held for a long time, and the milk carton for a short time. Option B: The orange juice carton is held for a short time, and the milk carton for a long time.",b,"To provide an accurate answer, I would need to see the specific video, image, or text description you are referring to. Since no context was provided in your prompt, I cannot determine which object is held longer.

Please provide the source material, and I will be happy to select the correct option for you.",,0,,,,gemma4it_tb_uniform1_no_video.json
uniform,1,no_video,2382,595,TimeBlind/videos/mcq_vid_00295_0.mp4,"Which of the following accurately describes the duration for which each object is held? Option A: The orange juice carton is held for a short time, and the milk carton for a long time. Option B: The orange juice carton is held for a long time, and the milk carton for a short time.",b,"To provide an accurate answer, I would need to see the specific video, image, or text description you are referring to, as your prompt does not include the source material.

However, if this is a question based on a standard cognitive test or a specific media clip often used in AI training:

**Please provide the context or the media, and I will tell you which option is correct.**",a,0,,,,gemma4it_tb_uniform1_no_video.json
uniform,1,no_video,2383,595,TimeBlind/videos/mcq_vid_00295_1.mp4,"Which of the following accurately describes the duration for which each object is held? Option A: The orange juice carton is held for a short time, and the milk carton for a long time. Option B: The orange juice carton is held for a long time, and the milk carton for a short time.",a,"To provide an accurate answer, I would need to see the specific video, image, or text description you are referring to, as your prompt does not include the source material.

However, if this is a question based on a standard cognitive test or a specific media clip often used in AI training:

**Please provide the context or the media, and I will tell you which option is correct.**",a,1,,,,gemma4it_tb_uniform1_no_video.json
uniform,1,no_video,2384,596,TimeBlind/videos/mcq_vid_00296_0.mp4,"Which of the following correctly describes the duration each object is held in the video? Option A: The milk carton is held for about 10 seconds, and the blue-and-yellow can is held for about 3 seconds. Option B: The milk carton is held for about 3 seconds, and the blue-and-yellow can is held for about 10 seconds.",a,"thought
<channel|>Please provide the video you are referring to. Since no video was attached to your message, I cannot determine which option is correct.",,0,,,,gemma4it_tb_uniform1_no_video.json
uniform,1,no_video,2385,596,TimeBlind/videos/mcq_vid_00296_1.mp4,"Which of the following correctly describes the duration each object is held in the video? Option A: The milk carton is held for about 10 seconds, and the blue-and-yellow can is held for about 3 seconds. Option B: The milk carton is held for about 3 seconds, and the blue-and-yellow can is held for about 10 seconds.",b,"thought
<channel|>Please provide the video you are referring to. Since no video was attached to your message, I cannot determine which option is correct.",,0,,,,gemma4it_tb_uniform1_no_video.json
uniform,1,no_video,2386,596,TimeBlind/videos/mcq_vid_00296_0.mp4,"Which of the following correctly describes the duration each object is held in the video? Option A: The milk carton is held for about 3 seconds, and the blue-and-yellow can is held for about 10 seconds. Option B: The milk carton is held for about 10 seconds, and the blue-and-yellow can is held for about 3 seconds.",b,"thought
<channel|>Please provide the video you are referring to. Since no video was attached to your message, I cannot determine which option is correct.",,0,,,,gemma4it_tb_uniform1_no_video.json
uniform,1,no_video,2387,596,TimeBlind/videos/mcq_vid_00296_1.mp4,"Which of the following correctly describes the duration each object is held in the video? Option A: The milk carton is held for about 3 seconds, and the blue-and-yellow can is held for about 10 seconds. Option B: The milk carton is held for about 10 seconds, and the blue-and-yellow can is held for about 3 seconds.",a,"thought
<channel|>Please provide the video you are referring to. Since no video was attached to your message, I cannot determine which option is correct.",,0,,,,gemma4it_tb_uniform1_no_video.json
uniform,1,no_video,2388,597,TimeBlind/videos/mcq_vid_00297_0.mp4,Which of the following describes the speed at which the milk carton is moved? Option A: The milk carton is moved slowly. Option B: The milk carton is moved quickly.,a,"To provide the correct answer, I would need to see the image or video you are referring to. However, if you are asking based on a specific context or a standard test question where the milk carton is being moved in a typical ""fast"" or ""slow"" motion:

Please provide the visual context, and I will select the correct option.",a,1,,,,gemma4it_tb_uniform1_no_video.json
uniform,1,no_video,2389,597,TimeBlind/videos/mcq_vid_00297_1.mp4,Which of the following describes the speed at which the milk carton is moved? Option A: The milk carton is moved slowly. Option B: The milk carton is moved quickly.,b,"To provide the correct answer, I would need to see the image or video you are referring to. However, if you are asking based on a specific context or a standard test question where the milk carton is being moved in a typical ""fast"" or ""slow"" motion:

Please provide the visual context, and I will select the correct option.",a,0,,,,gemma4it_tb_uniform1_no_video.json
uniform,1,no_video,2390,597,TimeBlind/videos/mcq_vid_00297_0.mp4,Which of the following describes the speed at which the milk carton is moved? Option A: The milk carton is moved quickly. Option B: The milk carton is moved slowly.,b,"To provide the correct answer, I would need to see the image or the context describing the movement of the milk carton. However, if this is a question based on a specific standardized test or a provided visual:

Please provide the image or description. If you cannot provide it, I cannot determine the correct option.",a,0,,,,gemma4it_tb_uniform1_no_video.json
uniform,1,no_video,2391,597,TimeBlind/videos/mcq_vid_00297_1.mp4,Which of the following describes the speed at which the milk carton is moved? Option A: The milk carton is moved quickly. Option B: The milk carton is moved slowly.,a,"To provide the correct answer, I would need to see the image or the context describing the movement of the milk carton. However, if this is a question based on a specific standardized test or a provided visual:

Please provide the image or description. If you cannot provide it, I cannot determine the correct option.",a,1,,,,gemma4it_tb_uniform1_no_video.json
uniform,1,no_video,2392,598,TimeBlind/videos/mcq_vid_00298_0.mp4,Which of the following accurately describes the duration for which the toy box is held? Option A: The toy box is held for approximately 5 seconds. Option B: The toy box is held for approximately 10 seconds.,a,"To provide an accurate answer, I would need the specific context, video, or text description you are referring to, as you haven't provided the source material.

However, if this is a question from a specific test or dataset (such as a video understanding task), please provide the source. If you are asking me to choose based on a common pattern in such tasks, I cannot do so without the data.

Please provide the context or the video/text description.",a,1,,,,gemma4it_tb_uniform1_no_video.json
uniform,1,no_video,2393,598,TimeBlind/videos/mcq_vid_00298_1.mp4,Which of the following accurately describes the duration for which the toy box is held? Option A: The toy box is held for approximately 5 seconds. Option B: The toy box is held for approximately 10 seconds.,b,"To provide an accurate answer, I would need the specific context, video, or text description you are referring to, as you haven't provided the source material.

However, if this is a question from a specific test or dataset (such as a video understanding task), please provide the source. If you are asking me to choose based on a common pattern in such tasks, I cannot do so without the data.

Please provide the context or the video/text description.",a,0,,,,gemma4it_tb_uniform1_no_video.json
uniform,1,no_video,2394,598,TimeBlind/videos/mcq_vid_00298_0.mp4,Which of the following accurately describes the duration for which the toy box is held? Option A: The toy box is held for approximately 10 seconds. Option B: The toy box is held for approximately 5 seconds.,b,"To provide an accurate answer, I would need the specific context, video, or text description you are referring to, as you haven't provided the source material.

However, if this is a question from a specific test or dataset (such as a video understanding task), please provide the source. If you cannot provide the source, I cannot determine which option is correct.",a,0,,,,gemma4it_tb_uniform1_no_video.json
uniform,1,no_video,2395,598,TimeBlind/videos/mcq_vid_00298_1.mp4,Which of the following accurately describes the duration for which the toy box is held? Option A: The toy box is held for approximately 10 seconds. Option B: The toy box is held for approximately 5 seconds.,a,"To provide an accurate answer, I would need the specific context, video, or text description you are referring to, as you haven't provided the source material.

However, if this is a question from a specific test or dataset (such as a video understanding task), please provide the source. If you cannot provide the source, I cannot determine which option is correct.",a,1,,,,gemma4it_tb_uniform1_no_video.json
uniform,1,no_video,2396,599,TimeBlind/videos/mcq_vid_00299_0.mp4,Which of the following accurately describes the speed at which the person makes marks on the board? Option A: The person uses a green pen to make marks slowly. Option B: The person uses a green pen to make marks quickly.,a,"thought
<channel|>To provide an accurate answer, I would need to see the specific video, image, or text description you are referring to. Since no context was provided in your prompt, I cannot determine the speed.

Please provide the source material, and I will be happy to select the correct option for you.",,0,,,,gemma4it_tb_uniform1_no_video.json
uniform,1,no_video,2397,599,TimeBlind/videos/mcq_vid_00299_1.mp4,Which of the following accurately describes the speed at which the person makes marks on the board? Option A: The person uses a green pen to make marks slowly. Option B: The person uses a green pen to make marks quickly.,b,"thought
<channel|>To provide an accurate answer, I would need to see the specific video, image, or text description you are referring to. Since no context was provided in your prompt, I cannot determine the speed.

Please provide the source material, and I will be happy to select the correct option for you.",,0,,,,gemma4it_tb_uniform1_no_video.json
uniform,1,no_video,2398,599,TimeBlind/videos/mcq_vid_00299_0.mp4,Which of the following accurately describes the speed at which the person makes marks on the board? Option A: The person uses a green pen to make marks quickly. Option B: The person uses a green pen to make marks slowly.,b,"thought
<channel|>To provide an accurate answer, I would need to see the specific video, image, or text description you are referring to. Since no context was provided in your prompt, I cannot determine the speed.

Please provide the source material, and I will be happy to select the correct option for you.",,0,,,,gemma4it_tb_uniform1_no_video.json
uniform,1,no_video,2399,599,TimeBlind/videos/mcq_vid_00299_1.mp4,Which of the following accurately describes the speed at which the person makes marks on the board? Option A: The person uses a green pen to make marks quickly. Option B: The person uses a green pen to make marks slowly.,a,"thought
<channel|>To provide an accurate answer, I would need to see the specific video, image, or text description you are referring to. Since no context was provided in your prompt, I cannot determine the speed.

Please provide the source material, and I will be happy to select the correct option for you.",,0,,,,gemma4it_tb_uniform1_no_video.json
