strategy,nframes,ablation,index,instance_id,video_path,question,gold,model_output,extracted,correct,frame_indices,f2c_scales,error,pred_file
hornet,4,none,0,0,TimeBlind/videos/vid_00000_0.mp4,Does the boy start eating shortly after the girl puts her cup down?,yes,No,no,0,,,,gemma4it_tb_hornet4.json
hornet,4,none,1,0,TimeBlind/videos/vid_00000_1.mp4,Does the boy start eating shortly after the girl puts her cup down?,no,No,no,1,,,,gemma4it_tb_hornet4.json
hornet,4,none,2,0,TimeBlind/videos/vid_00000_0.mp4,Does the boy start eating at the same time the girl sets her cup down?,no,No,no,1,,,,gemma4it_tb_hornet4.json
hornet,4,none,3,0,TimeBlind/videos/vid_00000_1.mp4,Does the boy start eating at the same time the girl sets her cup down?,yes,No,no,0,,,,gemma4it_tb_hornet4.json
hornet,4,none,4,1,TimeBlind/videos/vid_00001_0.mp4,Is the person's second racket swing faster than the first?,yes,No,no,0,,,,gemma4it_tb_hornet4.json
hornet,4,none,5,1,TimeBlind/videos/vid_00001_1.mp4,Is the person's second racket swing faster than the first?,no,No,no,1,,,,gemma4it_tb_hornet4.json
hornet,4,none,6,1,TimeBlind/videos/vid_00001_0.mp4,Does the person swing the badminton racket faster the first time than the second?,no,No,no,1,,,,gemma4it_tb_hornet4.json
hornet,4,none,7,1,TimeBlind/videos/vid_00001_1.mp4,Does the person swing the badminton racket faster the first time than the second?,yes,No,no,0,,,,gemma4it_tb_hornet4.json
hornet,4,none,8,2,TimeBlind/videos/vid_00002_0.mp4,Does the man hit the shuttlecock without moving his feet?,yes,No,no,0,,,,gemma4it_tb_hornet4.json
hornet,4,none,9,2,TimeBlind/videos/vid_00002_1.mp4,Does the man hit the shuttlecock without moving his feet?,no,No,no,1,,,,gemma4it_tb_hornet4.json
hornet,4,none,10,2,TimeBlind/videos/vid_00002_0.mp4,Is the man moving his feet when he hits the shuttlecock?,no,No,no,1,,,,gemma4it_tb_hornet4.json
hornet,4,none,11,2,TimeBlind/videos/vid_00002_1.mp4,Is the man moving his feet when he hits the shuttlecock?,yes,No,no,0,,,,gemma4it_tb_hornet4.json
hornet,4,none,12,3,TimeBlind/videos/vid_00003_0.mp4,Does the left side of the cigarette gradually change color from white to yellow?,yes,Yes,yes,1,,,,gemma4it_tb_hornet4.json
hornet,4,none,13,3,TimeBlind/videos/vid_00003_1.mp4,Does the left side of the cigarette gradually change color from white to yellow?,no,No,no,1,,,,gemma4it_tb_hornet4.json
hornet,4,none,14,3,TimeBlind/videos/vid_00003_0.mp4,Does the left side of the cigarette gradually change color from yellow to white?,no,No,no,1,,,,gemma4it_tb_hornet4.json
hornet,4,none,15,3,TimeBlind/videos/vid_00003_1.mp4,Does the left side of the cigarette gradually change color from yellow to white?,yes,No,no,0,,,,gemma4it_tb_hornet4.json
hornet,4,none,16,4,TimeBlind/videos/vid_00004_0.mp4,Is the sprout getting taller?,yes,Yes,yes,1,,,,gemma4it_tb_hornet4.json
hornet,4,none,17,4,TimeBlind/videos/vid_00004_1.mp4,Is the sprout getting taller?,no,No,no,1,,,,gemma4it_tb_hornet4.json
hornet,4,none,18,4,TimeBlind/videos/vid_00004_0.mp4,Is the sprout getting shorter?,no,No,no,1,,,,gemma4it_tb_hornet4.json
hornet,4,none,19,4,TimeBlind/videos/vid_00004_1.mp4,Is the sprout getting shorter?,yes,No,no,0,,,,gemma4it_tb_hornet4.json
hornet,4,none,20,5,TimeBlind/videos/vid_00005_0.mp4,Is the milk carton held for approximately 5 seconds?,yes,Yes,yes,1,,,,gemma4it_tb_hornet4.json
hornet,4,none,21,5,TimeBlind/videos/vid_00005_1.mp4,Is the milk carton held for approximately 5 seconds?,no,No,no,1,,,,gemma4it_tb_hornet4.json
hornet,4,none,22,5,TimeBlind/videos/vid_00005_0.mp4,Is the milk carton held for approximately 10 seconds?,no,No,no,1,,,,gemma4it_tb_hornet4.json
hornet,4,none,23,5,TimeBlind/videos/vid_00005_1.mp4,Is the milk carton held for approximately 10 seconds?,yes,No,no,0,,,,gemma4it_tb_hornet4.json
hornet,4,none,24,6,TimeBlind/videos/vid_00006_0.mp4,Does a little girl turn into an old woman?,yes,No,no,0,,,,gemma4it_tb_hornet4.json
hornet,4,none,25,6,TimeBlind/videos/vid_00006_1.mp4,Does a little girl turn into an old woman?,no,No,no,1,,,,gemma4it_tb_hornet4.json
hornet,4,none,26,6,TimeBlind/videos/vid_00006_0.mp4,Does an old woman turn into a little girl?,no,No,no,1,,,,gemma4it_tb_hornet4.json
hornet,4,none,27,6,TimeBlind/videos/vid_00006_1.mp4,Does an old woman turn into a little girl?,yes,No,no,0,,,,gemma4it_tb_hornet4.json
hornet,4,none,28,7,TimeBlind/videos/vid_00007_0.mp4,Does the person go from happy to sad?,yes,No,no,0,,,,gemma4it_tb_hornet4.json
hornet,4,none,29,7,TimeBlind/videos/vid_00007_1.mp4,Does the person go from happy to sad?,no,No,no,1,,,,gemma4it_tb_hornet4.json
hornet,4,none,30,7,TimeBlind/videos/vid_00007_0.mp4,Does the person go from being sad to being happy?,no,No,no,1,,,,gemma4it_tb_hornet4.json
hornet,4,none,31,7,TimeBlind/videos/vid_00007_1.mp4,Does the person go from being sad to being happy?,yes,Yes,yes,1,,,,gemma4it_tb_hornet4.json
hornet,4,none,32,8,TimeBlind/videos/vid_00008_0.mp4,Is the whole onion being cut into small pieces?,yes,No,no,0,,,,gemma4it_tb_hornet4.json
hornet,4,none,33,8,TimeBlind/videos/vid_00008_1.mp4,Is the whole onion being cut into small pieces?,no,No,no,1,,,,gemma4it_tb_hornet4.json
hornet,4,none,34,8,TimeBlind/videos/vid_00008_0.mp4,Do the onion pieces reassemble into a whole onion?,no,No,no,1,,,,gemma4it_tb_hornet4.json
hornet,4,none,35,8,TimeBlind/videos/vid_00008_1.mp4,Do the onion pieces reassemble into a whole onion?,yes,No,no,0,,,,gemma4it_tb_hornet4.json
hornet,4,none,36,9,TimeBlind/videos/vid_00009_0.mp4,Does the butter turn from solid to liquid?,yes,Yes,yes,1,,,,gemma4it_tb_hornet4.json
hornet,4,none,37,9,TimeBlind/videos/vid_00009_1.mp4,Does the butter turn from solid to liquid?,no,Yes,yes,0,,,,gemma4it_tb_hornet4.json
hornet,4,none,38,9,TimeBlind/videos/vid_00009_0.mp4,Does the butter turn from liquid to solid?,no,No,no,1,,,,gemma4it_tb_hornet4.json
hornet,4,none,39,9,TimeBlind/videos/vid_00009_1.mp4,Does the butter turn from liquid to solid?,yes,No,no,0,,,,gemma4it_tb_hornet4.json
hornet,4,none,40,10,TimeBlind/videos/vid_00010_0.mp4,"Does the clay change from an irregular, elongated shape into a sphere?",yes,Yes,yes,1,,,,gemma4it_tb_hornet4.json
hornet,4,none,41,10,TimeBlind/videos/vid_00010_1.mp4,"Does the clay change from an irregular, elongated shape into a sphere?",no,No,no,1,,,,gemma4it_tb_hornet4.json
hornet,4,none,42,10,TimeBlind/videos/vid_00010_0.mp4,"Does the clay change from a sphere into an irregular, elongated shape?",no,Yes,yes,0,,,,gemma4it_tb_hornet4.json
hornet,4,none,43,10,TimeBlind/videos/vid_00010_1.mp4,"Does the clay change from a sphere into an irregular, elongated shape?",yes,Yes,yes,1,,,,gemma4it_tb_hornet4.json
hornet,4,none,44,11,TimeBlind/videos/vid_00011_0.mp4,Is the pine cone spinning clockwise when viewed from above?,yes,No,no,0,,,,gemma4it_tb_hornet4.json
hornet,4,none,45,11,TimeBlind/videos/vid_00011_1.mp4,Is the pine cone spinning clockwise when viewed from above?,no,No,no,1,,,,gemma4it_tb_hornet4.json
hornet,4,none,46,11,TimeBlind/videos/vid_00011_0.mp4,Is the pine cone spinning counterclockwise when viewed from above?,no,No,no,1,,,,gemma4it_tb_hornet4.json
hornet,4,none,47,11,TimeBlind/videos/vid_00011_1.mp4,Is the pine cone spinning counterclockwise when viewed from above?,yes,No,no,0,,,,gemma4it_tb_hornet4.json
hornet,4,none,48,12,TimeBlind/videos/vid_00012_0.mp4,Is the pine cone going from closed to open?,yes,No,no,0,,,,gemma4it_tb_hornet4.json
hornet,4,none,49,12,TimeBlind/videos/vid_00012_1.mp4,Is the pine cone going from closed to open?,no,No,no,1,,,,gemma4it_tb_hornet4.json
hornet,4,none,50,12,TimeBlind/videos/vid_00012_0.mp4,Is the pine cone going from open to closed?,no,No,no,1,,,,gemma4it_tb_hornet4.json
hornet,4,none,51,12,TimeBlind/videos/vid_00012_1.mp4,Is the pine cone going from open to closed?,yes,No,no,0,,,,gemma4it_tb_hornet4.json
hornet,4,none,52,13,TimeBlind/videos/vid_00013_0.mp4,Does the seed coat move away from the soil?,yes,Yes,yes,1,,,,gemma4it_tb_hornet4.json
hornet,4,none,53,13,TimeBlind/videos/vid_00013_1.mp4,Does the seed coat move away from the soil?,no,Yes,yes,0,,,,gemma4it_tb_hornet4.json
hornet,4,none,54,13,TimeBlind/videos/vid_00013_0.mp4,Does the seed coat move toward the soil?,no,No,no,1,,,,gemma4it_tb_hornet4.json
hornet,4,none,55,13,TimeBlind/videos/vid_00013_1.mp4,Does the seed coat move toward the soil?,yes,No,no,0,,,,gemma4it_tb_hornet4.json
hornet,4,none,56,14,TimeBlind/videos/vid_00014_0.mp4,Is the pine tree getting taller?,yes,Yes,yes,1,,,,gemma4it_tb_hornet4.json
hornet,4,none,57,14,TimeBlind/videos/vid_00014_1.mp4,Is the pine tree getting taller?,no,No,no,1,,,,gemma4it_tb_hornet4.json
hornet,4,none,58,14,TimeBlind/videos/vid_00014_0.mp4,Is the pine tree getting shorter?,no,No,no,1,,,,gemma4it_tb_hornet4.json
hornet,4,none,59,14,TimeBlind/videos/vid_00014_1.mp4,Is the pine tree getting shorter?,yes,No,no,0,,,,gemma4it_tb_hornet4.json
hornet,4,none,60,15,TimeBlind/videos/vid_00015_0.mp4,Does the number of small black objects in the clear container go from one to five?,yes,No,no,0,,,,gemma4it_tb_hornet4.json
hornet,4,none,61,15,TimeBlind/videos/vid_00015_1.mp4,Does the number of small black objects in the clear container go from one to five?,no,No,no,1,,,,gemma4it_tb_hornet4.json
hornet,4,none,62,15,TimeBlind/videos/vid_00015_0.mp4,Does the number of small black objects in the transparent container decrease from five to one?,no,No,no,1,,,,gemma4it_tb_hornet4.json
hornet,4,none,63,15,TimeBlind/videos/vid_00015_1.mp4,Does the number of small black objects in the transparent container decrease from five to one?,yes,No,no,0,,,,gemma4it_tb_hornet4.json
hornet,4,none,64,16,TimeBlind/videos/vid_00016_0.mp4,Does the strawberry's color gradually change from light green to red?,yes,Yes,yes,1,,,,gemma4it_tb_hornet4.json
hornet,4,none,65,16,TimeBlind/videos/vid_00016_1.mp4,Does the strawberry's color gradually change from light green to red?,no,Yes,yes,0,,,,gemma4it_tb_hornet4.json
hornet,4,none,66,16,TimeBlind/videos/vid_00016_0.mp4,Does the strawberry's color gradually change from red to light green?,no,No,no,1,,,,gemma4it_tb_hornet4.json
hornet,4,none,67,16,TimeBlind/videos/vid_00016_1.mp4,Does the strawberry's color gradually change from red to light green?,yes,No,no,0,,,,gemma4it_tb_hornet4.json
hornet,4,none,68,17,TimeBlind/videos/vid_00017_0.mp4,"When viewed from above, does the topmost sprout rotate counterclockwise?",yes,No,no,0,,,,gemma4it_tb_hornet4.json
hornet,4,none,69,17,TimeBlind/videos/vid_00017_1.mp4,"When viewed from above, does the topmost sprout rotate counterclockwise?",no,No,no,1,,,,gemma4it_tb_hornet4.json
hornet,4,none,70,17,TimeBlind/videos/vid_00017_0.mp4,"When viewed from above, does the top sprout rotate clockwise?",no,No,no,1,,,,gemma4it_tb_hornet4.json
hornet,4,none,71,17,TimeBlind/videos/vid_00017_1.mp4,"When viewed from above, does the top sprout rotate clockwise?",yes,No,no,0,,,,gemma4it_tb_hornet4.json
hornet,4,none,72,18,TimeBlind/videos/vid_00018_0.mp4,Does the person wipe the whiteboard with small strokes?,yes,No,no,0,,,,gemma4it_tb_hornet4.json
hornet,4,none,73,18,TimeBlind/videos/vid_00018_1.mp4,Does the person wipe the whiteboard with small strokes?,no,No,no,1,,,,gemma4it_tb_hornet4.json
hornet,4,none,74,18,TimeBlind/videos/vid_00018_0.mp4,Does the person wipe the whiteboard with large strokes?,no,No,no,1,,,,gemma4it_tb_hornet4.json
hornet,4,none,75,18,TimeBlind/videos/vid_00018_1.mp4,Does the person wipe the whiteboard with large strokes?,yes,Yes,yes,1,,,,gemma4it_tb_hornet4.json
hornet,4,none,76,19,TimeBlind/videos/vid_00019_0.mp4,Does the number of leaves increase from one to three?,yes,No,no,0,,,,gemma4it_tb_hornet4.json
hornet,4,none,77,19,TimeBlind/videos/vid_00019_1.mp4,Does the number of leaves increase from one to three?,no,No,no,1,,,,gemma4it_tb_hornet4.json
hornet,4,none,78,19,TimeBlind/videos/vid_00019_0.mp4,Does the number of leaves decrease from three to one?,no,No,no,1,,,,gemma4it_tb_hornet4.json
hornet,4,none,79,19,TimeBlind/videos/vid_00019_1.mp4,Does the number of leaves decrease from three to one?,yes,No,no,0,,,,gemma4it_tb_hornet4.json
hornet,4,none,80,20,TimeBlind/videos/vid_00020_0.mp4,Does a seed come into view?,yes,Yes,yes,1,,,,gemma4it_tb_hornet4.json
hornet,4,none,81,20,TimeBlind/videos/vid_00020_1.mp4,Does a seed come into view?,no,Yes,yes,0,,,,gemma4it_tb_hornet4.json
hornet,4,none,82,20,TimeBlind/videos/vid_00020_0.mp4,Does the seed go out of view?,no,No,no,1,,,,gemma4it_tb_hornet4.json
hornet,4,none,83,20,TimeBlind/videos/vid_00020_1.mp4,Does the seed go out of view?,yes,No,no,0,,,,gemma4it_tb_hornet4.json
hornet,4,none,84,21,TimeBlind/videos/vid_00021_0.mp4,Does the box change from open to closed?,yes,No,no,0,,,,gemma4it_tb_hornet4.json
hornet,4,none,85,21,TimeBlind/videos/vid_00021_1.mp4,Does the box change from open to closed?,no,No,no,1,,,,gemma4it_tb_hornet4.json
hornet,4,none,86,21,TimeBlind/videos/vid_00021_0.mp4,Does the box change from closed to open?,no,No,no,1,,,,gemma4it_tb_hornet4.json
hornet,4,none,87,21,TimeBlind/videos/vid_00021_1.mp4,Does the box change from closed to open?,yes,No,no,0,,,,gemma4it_tb_hornet4.json
hornet,4,none,88,22,TimeBlind/videos/vid_00022_0.mp4,Does the molten glass change shape from an oval to a rectangle?,yes,No,no,0,,,,gemma4it_tb_hornet4.json
hornet,4,none,89,22,TimeBlind/videos/vid_00022_1.mp4,Does the molten glass change shape from an oval to a rectangle?,no,No,no,1,,,,gemma4it_tb_hornet4.json
hornet,4,none,90,22,TimeBlind/videos/vid_00022_0.mp4,Does the molten glass change from a rectangular shape to an oval?,no,No,no,1,,,,gemma4it_tb_hornet4.json
hornet,4,none,91,22,TimeBlind/videos/vid_00022_1.mp4,Does the molten glass change from a rectangular shape to an oval?,yes,No,no,0,,,,gemma4it_tb_hornet4.json
hornet,4,none,92,23,TimeBlind/videos/vid_00023_0.mp4,Does the red object change from teardrop-shaped to gourd-shaped?,yes,No,no,0,,,,gemma4it_tb_hornet4.json
hornet,4,none,93,23,TimeBlind/videos/vid_00023_1.mp4,Does the red object change from teardrop-shaped to gourd-shaped?,no,No,no,1,,,,gemma4it_tb_hornet4.json
hornet,4,none,94,23,TimeBlind/videos/vid_00023_0.mp4,Does the red object change shape from gourd-like to teardrop-shaped?,no,No,no,1,,,,gemma4it_tb_hornet4.json
hornet,4,none,95,23,TimeBlind/videos/vid_00023_1.mp4,Does the red object change shape from gourd-like to teardrop-shaped?,yes,No,no,0,,,,gemma4it_tb_hornet4.json
hornet,4,none,96,24,TimeBlind/videos/vid_00024_0.mp4,Does the clay change from an irregular shape to a bowl?,yes,Yes,yes,1,,,,gemma4it_tb_hornet4.json
hornet,4,none,97,24,TimeBlind/videos/vid_00024_1.mp4,Does the clay change from an irregular shape to a bowl?,no,Yes,yes,0,,,,gemma4it_tb_hornet4.json
hornet,4,none,98,24,TimeBlind/videos/vid_00024_0.mp4,Does the clay change from a bowl to an irregular shape?,no,No,no,1,,,,gemma4it_tb_hornet4.json
hornet,4,none,99,24,TimeBlind/videos/vid_00024_1.mp4,Does the clay change from a bowl to an irregular shape?,yes,Yes,yes,1,,,,gemma4it_tb_hornet4.json
hornet,4,none,100,25,TimeBlind/videos/vid_00025_0.mp4,Does the book change from closed to open?,yes,No,no,0,,,,gemma4it_tb_hornet4.json
hornet,4,none,101,25,TimeBlind/videos/vid_00025_1.mp4,Does the book change from closed to open?,no,No,no,1,,,,gemma4it_tb_hornet4.json
hornet,4,none,102,25,TimeBlind/videos/vid_00025_0.mp4,Does the book change from open to closed?,no,No,no,1,,,,gemma4it_tb_hornet4.json
hornet,4,none,103,25,TimeBlind/videos/vid_00025_1.mp4,Does the book change from open to closed?,yes,No,no,0,,,,gemma4it_tb_hornet4.json
hornet,4,none,104,26,TimeBlind/videos/vid_00026_0.mp4,Does one cup move away from the other cup?,yes,Yes,yes,1,,,,gemma4it_tb_hornet4.json
hornet,4,none,105,26,TimeBlind/videos/vid_00026_1.mp4,Does one cup move away from the other cup?,no,No,no,1,,,,gemma4it_tb_hornet4.json
hornet,4,none,106,26,TimeBlind/videos/vid_00026_0.mp4,Does one cup move closer to the other cup?,no,Yes,yes,0,,,,gemma4it_tb_hornet4.json
hornet,4,none,107,26,TimeBlind/videos/vid_00026_1.mp4,Does one cup move closer to the other cup?,yes,No,no,0,,,,gemma4it_tb_hornet4.json
hornet,4,none,108,27,TimeBlind/videos/vid_00027_0.mp4,Is the cup moved from one coaster to a smaller coaster?,yes,No,no,0,,,,gemma4it_tb_hornet4.json
hornet,4,none,109,27,TimeBlind/videos/vid_00027_1.mp4,Is the cup moved from one coaster to a smaller coaster?,no,No,no,1,,,,gemma4it_tb_hornet4.json
hornet,4,none,110,27,TimeBlind/videos/vid_00027_0.mp4,Is the cup moved from one coaster onto a larger coaster?,no,Yes,yes,0,,,,gemma4it_tb_hornet4.json
hornet,4,none,111,27,TimeBlind/videos/vid_00027_1.mp4,Is the cup moved from one coaster onto a larger coaster?,yes,No,no,0,,,,gemma4it_tb_hornet4.json
hornet,4,none,112,28,TimeBlind/videos/vid_00028_0.mp4,Does the person put the bowl into the bucket of liquid?,yes,No,no,0,,,,gemma4it_tb_hornet4.json
hornet,4,none,113,28,TimeBlind/videos/vid_00028_1.mp4,Does the person put the bowl into the bucket of liquid?,no,No,no,1,,,,gemma4it_tb_hornet4.json
hornet,4,none,114,28,TimeBlind/videos/vid_00028_0.mp4,Does the person take the bowl out of the bucket of liquid?,no,No,no,1,,,,gemma4it_tb_hornet4.json
hornet,4,none,115,28,TimeBlind/videos/vid_00028_1.mp4,Does the person take the bowl out of the bucket of liquid?,yes,No,no,0,,,,gemma4it_tb_hornet4.json
hornet,4,none,116,29,TimeBlind/videos/vid_00029_0.mp4,Does the bowl change color from light to dark?,yes,No,no,0,,,,gemma4it_tb_hornet4.json
hornet,4,none,117,29,TimeBlind/videos/vid_00029_1.mp4,Does the bowl change color from light to dark?,no,No,no,1,,,,gemma4it_tb_hornet4.json
hornet,4,none,118,29,TimeBlind/videos/vid_00029_0.mp4,Does the bowl's color change from dark to light?,no,No,no,1,,,,gemma4it_tb_hornet4.json
hornet,4,none,119,29,TimeBlind/videos/vid_00029_1.mp4,Does the bowl's color change from dark to light?,yes,No,no,0,,,,gemma4it_tb_hornet4.json
hornet,4,none,120,30,TimeBlind/videos/vid_00030_0.mp4,Does the color of the bowl change from beige to brown?,yes,No,no,0,,,,gemma4it_tb_hornet4.json
hornet,4,none,121,30,TimeBlind/videos/vid_00030_1.mp4,Does the color of the bowl change from beige to brown?,no,No,no,1,,,,gemma4it_tb_hornet4.json
hornet,4,none,122,30,TimeBlind/videos/vid_00030_0.mp4,Does the color of the bowl change from beige to white?,no,No,no,1,,,,gemma4it_tb_hornet4.json
hornet,4,none,123,30,TimeBlind/videos/vid_00030_1.mp4,Does the color of the bowl change from beige to white?,yes,No,no,0,,,,gemma4it_tb_hornet4.json
hornet,4,none,124,31,TimeBlind/videos/vid_00031_0.mp4,"When viewed from below, is the bowl rotating clockwise?",yes,No,no,0,,,,gemma4it_tb_hornet4.json
hornet,4,none,125,31,TimeBlind/videos/vid_00031_1.mp4,"When viewed from below, is the bowl rotating clockwise?",no,No,no,1,,,,gemma4it_tb_hornet4.json
hornet,4,none,126,31,TimeBlind/videos/vid_00031_0.mp4,"When viewed from below, is the bowl rotating counterclockwise?",no,No,no,1,,,,gemma4it_tb_hornet4.json
hornet,4,none,127,31,TimeBlind/videos/vid_00031_1.mp4,"When viewed from below, is the bowl rotating counterclockwise?",yes,No,no,0,,,,gemma4it_tb_hornet4.json
hornet,4,none,128,32,TimeBlind/videos/vid_00032_0.mp4,"From the camera's point of view, is the woman walking to the right?",yes,No,no,0,,,,gemma4it_tb_hornet4.json
hornet,4,none,129,32,TimeBlind/videos/vid_00032_1.mp4,"From the camera's point of view, is the woman walking to the right?",no,No,no,1,,,,gemma4it_tb_hornet4.json
hornet,4,none,130,32,TimeBlind/videos/vid_00032_0.mp4,Is the woman walking to the camera's left?,no,No,no,1,,,,gemma4it_tb_hornet4.json
hornet,4,none,131,32,TimeBlind/videos/vid_00032_1.mp4,Is the woman walking to the camera's left?,yes,No,no,0,,,,gemma4it_tb_hornet4.json
hornet,4,none,132,33,TimeBlind/videos/vid_00033_0.mp4,Does the reaction in the container gradually intensify?,yes,Yes,yes,1,,,,gemma4it_tb_hornet4.json
hornet,4,none,133,33,TimeBlind/videos/vid_00033_1.mp4,Does the reaction in the container gradually intensify?,no,Yes,yes,0,,,,gemma4it_tb_hornet4.json
hornet,4,none,134,33,TimeBlind/videos/vid_00033_0.mp4,Does the liquid's reaction in the container slow down over time?,no,Yes,yes,0,,,,gemma4it_tb_hornet4.json
hornet,4,none,135,33,TimeBlind/videos/vid_00033_1.mp4,Does the liquid's reaction in the container slow down over time?,yes,Yes,yes,1,,,,gemma4it_tb_hornet4.json
hornet,4,none,136,34,TimeBlind/videos/vid_00034_0.mp4,Does the liquid turn from white to brown?,yes,No,no,0,,,,gemma4it_tb_hornet4.json
hornet,4,none,137,34,TimeBlind/videos/vid_00034_1.mp4,Does the liquid turn from white to brown?,no,No,no,1,,,,gemma4it_tb_hornet4.json
hornet,4,none,138,34,TimeBlind/videos/vid_00034_0.mp4,Does the liquid change from brown to white?,no,No,no,1,,,,gemma4it_tb_hornet4.json
hornet,4,none,139,34,TimeBlind/videos/vid_00034_1.mp4,Does the liquid change from brown to white?,yes,No,no,0,,,,gemma4it_tb_hornet4.json
hornet,4,none,140,35,TimeBlind/videos/vid_00035_0.mp4,Does the color of the liquid change from light to dark?,yes,No,no,0,,,,gemma4it_tb_hornet4.json
hornet,4,none,141,35,TimeBlind/videos/vid_00035_1.mp4,Does the color of the liquid change from light to dark?,no,No,no,1,,,,gemma4it_tb_hornet4.json
hornet,4,none,142,35,TimeBlind/videos/vid_00035_0.mp4,Does the liquid change from dark to light?,no,No,no,1,,,,gemma4it_tb_hornet4.json
hornet,4,none,143,35,TimeBlind/videos/vid_00035_1.mp4,Does the liquid change from dark to light?,yes,No,no,0,,,,gemma4it_tb_hornet4.json
hornet,4,none,144,36,TimeBlind/videos/vid_00036_0.mp4,Does the liquid change from transparent to opaque?,yes,No,no,0,,,,gemma4it_tb_hornet4.json
hornet,4,none,145,36,TimeBlind/videos/vid_00036_1.mp4,Does the liquid change from transparent to opaque?,no,No,no,1,,,,gemma4it_tb_hornet4.json
hornet,4,none,146,36,TimeBlind/videos/vid_00036_0.mp4,Does the liquid turn from opaque to transparent?,no,No,no,1,,,,gemma4it_tb_hornet4.json
hornet,4,none,147,36,TimeBlind/videos/vid_00036_1.mp4,Does the liquid turn from opaque to transparent?,yes,No,no,0,,,,gemma4it_tb_hornet4.json
hornet,4,none,148,37,TimeBlind/videos/vid_00037_0.mp4,"When viewed from above, does the man turn counterclockwise?",yes,No,no,0,,,,gemma4it_tb_hornet4.json
hornet,4,none,149,37,TimeBlind/videos/vid_00037_1.mp4,"When viewed from above, does the man turn counterclockwise?",no,No,no,1,,,,gemma4it_tb_hornet4.json
hornet,4,none,150,37,TimeBlind/videos/vid_00037_0.mp4,"When viewed from above, does the man turn clockwise?",no,No,no,1,,,,gemma4it_tb_hornet4.json
hornet,4,none,151,37,TimeBlind/videos/vid_00037_1.mp4,"When viewed from above, does the man turn clockwise?",yes,No,no,0,,,,gemma4it_tb_hornet4.json
hornet,4,none,152,38,TimeBlind/videos/vid_00038_0.mp4,Is the woman raising her hands from her sides to over her head?,yes,No,no,0,,,,gemma4it_tb_hornet4.json
hornet,4,none,153,38,TimeBlind/videos/vid_00038_1.mp4,Is the woman raising her hands from her sides to over her head?,no,No,no,1,,,,gemma4it_tb_hornet4.json
hornet,4,none,154,38,TimeBlind/videos/vid_00038_0.mp4,Is the woman lowering her hands from over her head to her sides?,no,No,no,1,,,,gemma4it_tb_hornet4.json
hornet,4,none,155,38,TimeBlind/videos/vid_00038_1.mp4,Is the woman lowering her hands from over her head to her sides?,yes,No,no,0,,,,gemma4it_tb_hornet4.json
hornet,4,none,156,39,TimeBlind/videos/vid_00039_0.mp4,Does the woman first stretch to her left and then to her right?,yes,No,no,0,,,,gemma4it_tb_hornet4.json
hornet,4,none,157,39,TimeBlind/videos/vid_00039_1.mp4,Does the woman first stretch to her left and then to her right?,no,No,no,1,,,,gemma4it_tb_hornet4.json
hornet,4,none,158,39,TimeBlind/videos/vid_00039_0.mp4,Does the woman stretch to her right and then to her left?,no,No,no,1,,,,gemma4it_tb_hornet4.json
hornet,4,none,159,39,TimeBlind/videos/vid_00039_1.mp4,Does the woman stretch to her right and then to her left?,yes,No,no,0,,,,gemma4it_tb_hornet4.json
hornet,4,none,160,40,TimeBlind/videos/vid_00040_0.mp4,Does the squatting girl move from right to left across the frame?,yes,No,no,0,,,,gemma4it_tb_hornet4.json
hornet,4,none,161,40,TimeBlind/videos/vid_00040_1.mp4,Does the squatting girl move from right to left across the frame?,no,No,no,1,,,,gemma4it_tb_hornet4.json
hornet,4,none,162,40,TimeBlind/videos/vid_00040_0.mp4,Does the squatting girl move from left to right across the frame?,no,No,no,1,,,,gemma4it_tb_hornet4.json
hornet,4,none,163,40,TimeBlind/videos/vid_00040_1.mp4,Does the squatting girl move from left to right across the frame?,yes,No,no,0,,,,gemma4it_tb_hornet4.json
hornet,4,none,164,41,TimeBlind/videos/vid_00041_0.mp4,Does the girl go from standing to lying face down?,yes,No,no,0,,,,gemma4it_tb_hornet4.json
hornet,4,none,165,41,TimeBlind/videos/vid_00041_1.mp4,Does the girl go from standing to lying face down?,no,No,no,1,,,,gemma4it_tb_hornet4.json
hornet,4,none,166,41,TimeBlind/videos/vid_00041_0.mp4,Does the girl stand up after lying face down?,no,No,no,1,,,,gemma4it_tb_hornet4.json
hornet,4,none,167,41,TimeBlind/videos/vid_00041_1.mp4,Does the girl stand up after lying face down?,yes,No,no,0,,,,gemma4it_tb_hornet4.json
hornet,4,none,168,42,TimeBlind/videos/vid_00042_0.mp4,Does the clear liquid in the cup become cloudy and foamy?,yes,Yes,yes,1,,,,gemma4it_tb_hornet4.json
hornet,4,none,169,42,TimeBlind/videos/vid_00042_1.mp4,Does the clear liquid in the cup become cloudy and foamy?,no,Yes,yes,0,,,,gemma4it_tb_hornet4.json
hornet,4,none,170,42,TimeBlind/videos/vid_00042_0.mp4,Does the cloudy and foamy liquid in the cup turn clear?,no,No,no,1,,,,gemma4it_tb_hornet4.json
hornet,4,none,171,42,TimeBlind/videos/vid_00042_1.mp4,Does the cloudy and foamy liquid in the cup turn clear?,yes,Yes,yes,1,,,,gemma4it_tb_hornet4.json
hornet,4,none,172,43,TimeBlind/videos/vid_00043_0.mp4,Does the liquid level drop from half-full to just a thin layer?,yes,No,no,0,,,,gemma4it_tb_hornet4.json
hornet,4,none,173,43,TimeBlind/videos/vid_00043_1.mp4,Does the liquid level drop from half-full to just a thin layer?,no,No,no,1,,,,gemma4it_tb_hornet4.json
hornet,4,none,174,43,TimeBlind/videos/vid_00043_0.mp4,Does the liquid go from a thin layer to half full?,no,No,no,1,,,,gemma4it_tb_hornet4.json
hornet,4,none,175,43,TimeBlind/videos/vid_00043_1.mp4,Does the liquid go from a thin layer to half full?,yes,No,no,0,,,,gemma4it_tb_hornet4.json
hornet,4,none,176,44,TimeBlind/videos/vid_00044_0.mp4,"Is the man placing branches in the water one by one, moving from right to left?",yes,No,no,0,,,,gemma4it_tb_hornet4.json
hornet,4,none,177,44,TimeBlind/videos/vid_00044_1.mp4,"Is the man placing branches in the water one by one, moving from right to left?",no,No,no,1,,,,gemma4it_tb_hornet4.json
hornet,4,none,178,44,TimeBlind/videos/vid_00044_0.mp4,Is the man putting branches into the water one by one from left to right?,no,No,no,1,,,,gemma4it_tb_hornet4.json
hornet,4,none,179,44,TimeBlind/videos/vid_00044_1.mp4,Is the man putting branches into the water one by one from left to right?,yes,No,no,0,,,,gemma4it_tb_hornet4.json
hornet,4,none,180,45,TimeBlind/videos/vid_00045_0.mp4,Are the plant's white roots getting longer?,yes,Yes,yes,1,,,,gemma4it_tb_hornet4.json
hornet,4,none,181,45,TimeBlind/videos/vid_00045_1.mp4,Are the plant's white roots getting longer?,no,Yes,yes,0,,,,gemma4it_tb_hornet4.json
hornet,4,none,182,45,TimeBlind/videos/vid_00045_0.mp4,Are the plant’s white roots getting shorter?,no,No,no,1,,,,gemma4it_tb_hornet4.json
hornet,4,none,183,45,TimeBlind/videos/vid_00045_1.mp4,Are the plant’s white roots getting shorter?,yes,No,no,0,,,,gemma4it_tb_hornet4.json
hornet,4,none,184,46,TimeBlind/videos/vid_00046_0.mp4,Is the green plant moved from a hand into the soil in the pot?,yes,Yes,yes,1,,,,gemma4it_tb_hornet4.json
hornet,4,none,185,46,TimeBlind/videos/vid_00046_1.mp4,Is the green plant moved from a hand into the soil in the pot?,no,Yes,yes,0,,,,gemma4it_tb_hornet4.json
hornet,4,none,186,46,TimeBlind/videos/vid_00046_0.mp4,Is the green plant picked up from the pot?,no,Yes,yes,0,,,,gemma4it_tb_hornet4.json
hornet,4,none,187,46,TimeBlind/videos/vid_00046_1.mp4,Is the green plant picked up from the pot?,yes,No,no,0,,,,gemma4it_tb_hornet4.json
hornet,4,none,188,47,TimeBlind/videos/vid_00047_0.mp4,Are three flower seedlings being moved from a tray into the soil?,yes,No,no,0,,,,gemma4it_tb_hornet4.json
hornet,4,none,189,47,TimeBlind/videos/vid_00047_1.mp4,Are three flower seedlings being moved from a tray into the soil?,no,No,no,1,,,,gemma4it_tb_hornet4.json
hornet,4,none,190,47,TimeBlind/videos/vid_00047_0.mp4,Are three flower seedlings being moved from the soil onto a tray?,no,No,no,1,,,,gemma4it_tb_hornet4.json
hornet,4,none,191,47,TimeBlind/videos/vid_00047_1.mp4,Are three flower seedlings being moved from the soil onto a tray?,yes,No,no,0,,,,gemma4it_tb_hornet4.json
hornet,4,none,192,48,TimeBlind/videos/vid_00048_0.mp4,Are the flowers blooming gradually?,yes,No,no,0,,,,gemma4it_tb_hornet4.json
hornet,4,none,193,48,TimeBlind/videos/vid_00048_1.mp4,Are the flowers blooming gradually?,no,No,no,1,,,,gemma4it_tb_hornet4.json
hornet,4,none,194,48,TimeBlind/videos/vid_00048_0.mp4,Are the flowers gradually withering?,no,No,no,1,,,,gemma4it_tb_hornet4.json
hornet,4,none,195,48,TimeBlind/videos/vid_00048_1.mp4,Are the flowers gradually withering?,yes,No,no,0,,,,gemma4it_tb_hornet4.json
hornet,4,none,196,49,TimeBlind/videos/vid_00049_0.mp4,Is the mushroom cluster growing?,yes,Yes,yes,1,,,,gemma4it_tb_hornet4.json
hornet,4,none,197,49,TimeBlind/videos/vid_00049_1.mp4,Is the mushroom cluster growing?,no,Yes,yes,0,,,,gemma4it_tb_hornet4.json
hornet,4,none,198,49,TimeBlind/videos/vid_00049_0.mp4,Is the mushroom cluster getting smaller?,no,No,no,1,,,,gemma4it_tb_hornet4.json
hornet,4,none,199,49,TimeBlind/videos/vid_00049_1.mp4,Is the mushroom cluster getting smaller?,yes,No,no,0,,,,gemma4it_tb_hornet4.json
hornet,4,none,200,50,TimeBlind/videos/vid_00050_0.mp4,Does a soil layer change from red to brown?,yes,No,no,0,,,,gemma4it_tb_hornet4.json
hornet,4,none,201,50,TimeBlind/videos/vid_00050_1.mp4,Does a soil layer change from red to brown?,no,No,no,1,,,,gemma4it_tb_hornet4.json
hornet,4,none,202,50,TimeBlind/videos/vid_00050_0.mp4,Does a soil layer change from brown to red?,no,No,no,1,,,,gemma4it_tb_hornet4.json
hornet,4,none,203,50,TimeBlind/videos/vid_00050_1.mp4,Does a soil layer change from brown to red?,yes,No,no,0,,,,gemma4it_tb_hornet4.json
hornet,4,none,204,51,TimeBlind/videos/vid_00051_0.mp4,Does the person take the orange-shaped pastry out of the large white box in the video?,yes,No,no,0,,,,gemma4it_tb_hornet4.json
hornet,4,none,205,51,TimeBlind/videos/vid_00051_1.mp4,Does the person take the orange-shaped pastry out of the large white box in the video?,no,No,no,1,,,,gemma4it_tb_hornet4.json
hornet,4,none,206,51,TimeBlind/videos/vid_00051_0.mp4,Does the person put the orange-shaped pastry into the large white box in the video?,no,No,no,1,,,,gemma4it_tb_hornet4.json
hornet,4,none,207,51,TimeBlind/videos/vid_00051_1.mp4,Does the person put the orange-shaped pastry into the large white box in the video?,yes,No,no,0,,,,gemma4it_tb_hornet4.json
hornet,4,none,208,52,TimeBlind/videos/vid_00052_0.mp4,Does the man move his finger toward the oven button?,yes,No,no,0,,,,gemma4it_tb_hornet4.json
hornet,4,none,209,52,TimeBlind/videos/vid_00052_1.mp4,Does the man move his finger toward the oven button?,no,No,no,1,,,,gemma4it_tb_hornet4.json
hornet,4,none,210,52,TimeBlind/videos/vid_00052_0.mp4,Does the man move his finger away from the oven button?,no,No,no,1,,,,gemma4it_tb_hornet4.json
hornet,4,none,211,52,TimeBlind/videos/vid_00052_1.mp4,Does the man move his finger away from the oven button?,yes,No,no,0,,,,gemma4it_tb_hornet4.json
hornet,4,none,212,53,TimeBlind/videos/vid_00053_0.mp4,Does the man fall in the video?,yes,Yes,yes,1,,,,gemma4it_tb_hornet4.json
hornet,4,none,213,53,TimeBlind/videos/vid_00053_1.mp4,Does the man fall in the video?,no,No,no,1,,,,gemma4it_tb_hornet4.json
hornet,4,none,214,53,TimeBlind/videos/vid_00053_0.mp4,Does the man avoid falling in the video?,no,Yes,yes,0,,,,gemma4it_tb_hornet4.json
hornet,4,none,215,53,TimeBlind/videos/vid_00053_1.mp4,Does the man avoid falling in the video?,yes,Yes,yes,1,,,,gemma4it_tb_hornet4.json
hornet,4,none,216,54,TimeBlind/videos/vid_00054_0.mp4,Does the man spray-paint the roof from his right to his left?,yes,No,no,0,,,,gemma4it_tb_hornet4.json
hornet,4,none,217,54,TimeBlind/videos/vid_00054_1.mp4,Does the man spray-paint the roof from his right to his left?,no,No,no,1,,,,gemma4it_tb_hornet4.json
hornet,4,none,218,54,TimeBlind/videos/vid_00054_0.mp4,Does the man spray-paint the roof from his left to his right?,no,No,no,1,,,,gemma4it_tb_hornet4.json
hornet,4,none,219,54,TimeBlind/videos/vid_00054_1.mp4,Does the man spray-paint the roof from his left to his right?,yes,No,no,0,,,,gemma4it_tb_hornet4.json
hornet,4,none,220,55,TimeBlind/videos/vid_00055_0.mp4,Does the number of blue darts on the dartboard increase?,yes,No,no,0,,,,gemma4it_tb_hornet4.json
hornet,4,none,221,55,TimeBlind/videos/vid_00055_1.mp4,Does the number of blue darts on the dartboard increase?,no,No,no,1,,,,gemma4it_tb_hornet4.json
hornet,4,none,222,55,TimeBlind/videos/vid_00055_0.mp4,Does the number of blue darts on the dartboard decrease?,no,No,no,1,,,,gemma4it_tb_hornet4.json
hornet,4,none,223,55,TimeBlind/videos/vid_00055_1.mp4,Does the number of blue darts on the dartboard decrease?,yes,No,no,0,,,,gemma4it_tb_hornet4.json
hornet,4,none,224,56,TimeBlind/videos/vid_00056_0.mp4,Is the vacuum cleaner moving forward?,yes,Yes,yes,1,,,,gemma4it_tb_hornet4.json
hornet,4,none,225,56,TimeBlind/videos/vid_00056_1.mp4,Is the vacuum cleaner moving forward?,no,No,no,1,,,,gemma4it_tb_hornet4.json
hornet,4,none,226,56,TimeBlind/videos/vid_00056_0.mp4,Is the vacuum cleaner moving backward?,no,No,no,1,,,,gemma4it_tb_hornet4.json
hornet,4,none,227,56,TimeBlind/videos/vid_00056_1.mp4,Is the vacuum cleaner moving backward?,yes,No,no,0,,,,gemma4it_tb_hornet4.json
hornet,4,none,228,57,TimeBlind/videos/vid_00057_0.mp4,Are the man and woman walking toward each other?,yes,No,no,0,,,,gemma4it_tb_hornet4.json
hornet,4,none,229,57,TimeBlind/videos/vid_00057_1.mp4,Are the man and woman walking toward each other?,no,No,no,1,,,,gemma4it_tb_hornet4.json
hornet,4,none,230,57,TimeBlind/videos/vid_00057_0.mp4,Are the man and woman moving away from each other?,no,No,no,1,,,,gemma4it_tb_hornet4.json
hornet,4,none,231,57,TimeBlind/videos/vid_00057_1.mp4,Are the man and woman moving away from each other?,yes,No,no,0,,,,gemma4it_tb_hornet4.json
hornet,4,none,232,58,TimeBlind/videos/vid_00058_0.mp4,Is the woman brushing the horse's mane from top to bottom?,yes,No,no,0,,,,gemma4it_tb_hornet4.json
hornet,4,none,233,58,TimeBlind/videos/vid_00058_1.mp4,Is the woman brushing the horse's mane from top to bottom?,no,No,no,1,,,,gemma4it_tb_hornet4.json
hornet,4,none,234,58,TimeBlind/videos/vid_00058_0.mp4,Is the woman brushing the horse's mane from bottom to top?,no,No,no,1,,,,gemma4it_tb_hornet4.json
hornet,4,none,235,58,TimeBlind/videos/vid_00058_1.mp4,Is the woman brushing the horse's mane from bottom to top?,yes,No,no,0,,,,gemma4it_tb_hornet4.json
hornet,4,none,236,59,TimeBlind/videos/vid_00059_0.mp4,Does the bottle move from the countertop to a position over the sink?,yes,Yes,yes,1,,,,gemma4it_tb_hornet4.json
hornet,4,none,237,59,TimeBlind/videos/vid_00059_1.mp4,Does the bottle move from the countertop to a position over the sink?,no,No,no,1,,,,gemma4it_tb_hornet4.json
hornet,4,none,238,59,TimeBlind/videos/vid_00059_0.mp4,Does the bottle move from over the sink onto the countertop?,no,No,no,1,,,,gemma4it_tb_hornet4.json
hornet,4,none,239,59,TimeBlind/videos/vid_00059_1.mp4,Does the bottle move from over the sink onto the countertop?,yes,No,no,0,,,,gemma4it_tb_hornet4.json
hornet,4,none,240,60,TimeBlind/videos/vid_00060_0.mp4,"In the video, do bubbles gradually appear near the diver's face?",yes,No,no,0,,,,gemma4it_tb_hornet4.json
hornet,4,none,241,60,TimeBlind/videos/vid_00060_1.mp4,"In the video, do bubbles gradually appear near the diver's face?",no,No,no,1,,,,gemma4it_tb_hornet4.json
hornet,4,none,242,60,TimeBlind/videos/vid_00060_0.mp4,"In the video, do the bubbles near the diver’s face gradually disappear?",no,No,no,1,,,,gemma4it_tb_hornet4.json
hornet,4,none,243,60,TimeBlind/videos/vid_00060_1.mp4,"In the video, do the bubbles near the diver’s face gradually disappear?",yes,No,no,0,,,,gemma4it_tb_hornet4.json
hornet,4,none,244,61,TimeBlind/videos/vid_00061_0.mp4,Does the surfer in the blue shirt enter the frame from the right side?,yes,No,no,0,,,,gemma4it_tb_hornet4.json
hornet,4,none,245,61,TimeBlind/videos/vid_00061_1.mp4,Does the surfer in the blue shirt enter the frame from the right side?,no,No,no,1,,,,gemma4it_tb_hornet4.json
hornet,4,none,246,61,TimeBlind/videos/vid_00061_0.mp4,Does the surfer in the blue shirt exit the frame off the right side?,no,No,no,1,,,,gemma4it_tb_hornet4.json
hornet,4,none,247,61,TimeBlind/videos/vid_00061_1.mp4,Does the surfer in the blue shirt exit the frame off the right side?,yes,No,no,0,,,,gemma4it_tb_hornet4.json
hornet,4,none,248,62,TimeBlind/videos/vid_00062_0.mp4,Does the man shift from standing to squatting while surfing?,yes,No,no,0,,,,gemma4it_tb_hornet4.json
hornet,4,none,249,62,TimeBlind/videos/vid_00062_1.mp4,Does the man shift from standing to squatting while surfing?,no,No,no,1,,,,gemma4it_tb_hornet4.json
hornet,4,none,250,62,TimeBlind/videos/vid_00062_0.mp4,Does the man shift from squatting to standing while surfing?,no,No,no,1,,,,gemma4it_tb_hornet4.json
hornet,4,none,251,62,TimeBlind/videos/vid_00062_1.mp4,Does the man shift from squatting to standing while surfing?,yes,No,no,0,,,,gemma4it_tb_hornet4.json
hornet,4,none,252,63,TimeBlind/videos/vid_00063_0.mp4,Does the hairpin change from closed to open?,yes,No,no,0,,,,gemma4it_tb_hornet4.json
hornet,4,none,253,63,TimeBlind/videos/vid_00063_1.mp4,Does the hairpin change from closed to open?,no,No,no,1,,,,gemma4it_tb_hornet4.json
hornet,4,none,254,63,TimeBlind/videos/vid_00063_0.mp4,Does the hairpin change from open to closed?,no,No,no,1,,,,gemma4it_tb_hornet4.json
hornet,4,none,255,63,TimeBlind/videos/vid_00063_1.mp4,Does the hairpin change from open to closed?,yes,No,no,0,,,,gemma4it_tb_hornet4.json
hornet,4,none,256,64,TimeBlind/videos/vid_00064_0.mp4,Does the laptop go from open to closed?,yes,No,no,0,,,,gemma4it_tb_hornet4.json
hornet,4,none,257,64,TimeBlind/videos/vid_00064_1.mp4,Does the laptop go from open to closed?,no,No,no,1,,,,gemma4it_tb_hornet4.json
hornet,4,none,258,64,TimeBlind/videos/vid_00064_0.mp4,Does the laptop go from closed to open?,no,No,no,1,,,,gemma4it_tb_hornet4.json
hornet,4,none,259,64,TimeBlind/videos/vid_00064_1.mp4,Does the laptop go from closed to open?,yes,No,no,0,,,,gemma4it_tb_hornet4.json
hornet,4,none,260,65,TimeBlind/videos/vid_00065_0.mp4,"From the camera's perspective, does the person pull the shower curtain to the left?",yes,No,no,0,,,,gemma4it_tb_hornet4.json
hornet,4,none,261,65,TimeBlind/videos/vid_00065_1.mp4,"From the camera's perspective, does the person pull the shower curtain to the left?",no,Yes,yes,0,,,,gemma4it_tb_hornet4.json
hornet,4,none,262,65,TimeBlind/videos/vid_00065_0.mp4,"From the camera's point of view, does the person pull the shower curtain to the right?",no,No,no,1,,,,gemma4it_tb_hornet4.json
hornet,4,none,263,65,TimeBlind/videos/vid_00065_1.mp4,"From the camera's point of view, does the person pull the shower curtain to the right?",yes,Yes,yes,1,,,,gemma4it_tb_hornet4.json
hornet,4,none,264,66,TimeBlind/videos/vid_00066_0.mp4,Does the person lower the showerhead?,yes,No,no,0,,,,gemma4it_tb_hornet4.json
hornet,4,none,265,66,TimeBlind/videos/vid_00066_1.mp4,Does the person lower the showerhead?,no,No,no,1,,,,gemma4it_tb_hornet4.json
hornet,4,none,266,66,TimeBlind/videos/vid_00066_0.mp4,Does the person raise the showerhead?,no,No,no,1,,,,gemma4it_tb_hornet4.json
hornet,4,none,267,66,TimeBlind/videos/vid_00066_1.mp4,Does the person raise the showerhead?,yes,No,no,0,,,,gemma4it_tb_hornet4.json
hornet,4,none,268,67,TimeBlind/videos/vid_00067_0.mp4,Does the light change from white to yellow?,yes,No,no,0,,,,gemma4it_tb_hornet4.json
hornet,4,none,269,67,TimeBlind/videos/vid_00067_1.mp4,Does the light change from white to yellow?,no,No,no,1,,,,gemma4it_tb_hornet4.json
hornet,4,none,270,67,TimeBlind/videos/vid_00067_0.mp4,Does the light change from yellow to white?,no,No,no,1,,,,gemma4it_tb_hornet4.json
hornet,4,none,271,67,TimeBlind/videos/vid_00067_1.mp4,Does the light change from yellow to white?,yes,No,no,0,,,,gemma4it_tb_hornet4.json
hornet,4,none,272,68,TimeBlind/videos/vid_00068_0.mp4,Does the cat move from the chair to the table?,yes,Yes,yes,1,,,,gemma4it_tb_hornet4.json
hornet,4,none,273,68,TimeBlind/videos/vid_00068_1.mp4,Does the cat move from the chair to the table?,no,No,no,1,,,,gemma4it_tb_hornet4.json
hornet,4,none,274,68,TimeBlind/videos/vid_00068_0.mp4,Does the cat go from the table to the chair?,no,Yes,yes,0,,,,gemma4it_tb_hornet4.json
hornet,4,none,275,68,TimeBlind/videos/vid_00068_1.mp4,Does the cat go from the table to the chair?,yes,Yes,yes,1,,,,gemma4it_tb_hornet4.json
hornet,4,none,276,69,TimeBlind/videos/vid_00069_0.mp4,Is the oil dispenser nozzle being removed from the dispenser?,yes,No,no,0,,,,gemma4it_tb_hornet4.json
hornet,4,none,277,69,TimeBlind/videos/vid_00069_1.mp4,Is the oil dispenser nozzle being removed from the dispenser?,no,No,no,1,,,,gemma4it_tb_hornet4.json
hornet,4,none,278,69,TimeBlind/videos/vid_00069_0.mp4,Is the oil dispenser nozzle being put back in the dispenser?,no,No,no,1,,,,gemma4it_tb_hornet4.json
hornet,4,none,279,69,TimeBlind/videos/vid_00069_1.mp4,Is the oil dispenser nozzle being put back in the dispenser?,yes,No,no,0,,,,gemma4it_tb_hornet4.json
hornet,4,none,280,70,TimeBlind/videos/vid_00070_0.mp4,Is the fuel nozzle being inserted into the car's fuel tank?,yes,Yes,yes,1,,,,gemma4it_tb_hornet4.json
hornet,4,none,281,70,TimeBlind/videos/vid_00070_1.mp4,Is the fuel nozzle being inserted into the car's fuel tank?,no,No,no,1,,,,gemma4it_tb_hornet4.json
hornet,4,none,282,70,TimeBlind/videos/vid_00070_0.mp4,Is the fuel nozzle being removed from the car's fuel tank?,no,No,no,1,,,,gemma4it_tb_hornet4.json
hornet,4,none,283,70,TimeBlind/videos/vid_00070_1.mp4,Is the fuel nozzle being removed from the car's fuel tank?,yes,No,no,0,,,,gemma4it_tb_hornet4.json
hornet,4,none,284,71,TimeBlind/videos/vid_00071_0.mp4,Is the car's fuel cap turned counterclockwise?,yes,No,no,0,,,,gemma4it_tb_hornet4.json
hornet,4,none,285,71,TimeBlind/videos/vid_00071_1.mp4,Is the car's fuel cap turned counterclockwise?,no,No,no,1,,,,gemma4it_tb_hornet4.json
hornet,4,none,286,71,TimeBlind/videos/vid_00071_0.mp4,Is the car's fuel cap turned clockwise?,no,No,no,1,,,,gemma4it_tb_hornet4.json
hornet,4,none,287,71,TimeBlind/videos/vid_00071_1.mp4,Is the car's fuel cap turned clockwise?,yes,No,no,0,,,,gemma4it_tb_hornet4.json
hornet,4,none,288,72,TimeBlind/videos/vid_00072_0.mp4,Is the person putting the ingredients into the oven?,yes,No,no,0,,,,gemma4it_tb_hornet4.json
hornet,4,none,289,72,TimeBlind/videos/vid_00072_1.mp4,Is the person putting the ingredients into the oven?,no,No,no,1,,,,gemma4it_tb_hornet4.json
hornet,4,none,290,72,TimeBlind/videos/vid_00072_0.mp4,Is the person taking the food ingredients out of the oven?,no,No,no,1,,,,gemma4it_tb_hornet4.json
hornet,4,none,291,72,TimeBlind/videos/vid_00072_1.mp4,Is the person taking the food ingredients out of the oven?,yes,No,no,0,,,,gemma4it_tb_hornet4.json
hornet,4,none,292,73,TimeBlind/videos/vid_00073_0.mp4,Does the dog come in through the window?,yes,No,no,0,,,,gemma4it_tb_hornet4.json
hornet,4,none,293,73,TimeBlind/videos/vid_00073_1.mp4,Does the dog come in through the window?,no,No,no,1,,,,gemma4it_tb_hornet4.json
hornet,4,none,294,73,TimeBlind/videos/vid_00073_0.mp4,Does the dog go from indoors to outdoors through the window?,no,No,no,1,,,,gemma4it_tb_hornet4.json
hornet,4,none,295,73,TimeBlind/videos/vid_00073_1.mp4,Does the dog go from indoors to outdoors through the window?,yes,No,no,0,,,,gemma4it_tb_hornet4.json
hornet,4,none,296,74,TimeBlind/videos/vid_00074_0.mp4,Does the kitten turn its head to its left?,yes,No,no,0,,,,gemma4it_tb_hornet4.json
hornet,4,none,297,74,TimeBlind/videos/vid_00074_1.mp4,Does the kitten turn its head to its left?,no,No,no,1,,,,gemma4it_tb_hornet4.json
hornet,4,none,298,74,TimeBlind/videos/vid_00074_0.mp4,Does the kitten turn its head to its right?,no,No,no,1,,,,gemma4it_tb_hornet4.json
hornet,4,none,299,74,TimeBlind/videos/vid_00074_1.mp4,Does the kitten turn its head to its right?,yes,No,no,0,,,,gemma4it_tb_hornet4.json
hornet,4,none,300,75,TimeBlind/videos/vid_00075_0.mp4,Does the dog put a paw on the bed?,yes,No,no,0,,,,gemma4it_tb_hornet4.json
hornet,4,none,301,75,TimeBlind/videos/vid_00075_1.mp4,Does the dog put a paw on the bed?,no,Yes,yes,0,,,,gemma4it_tb_hornet4.json
hornet,4,none,302,75,TimeBlind/videos/vid_00075_0.mp4,Does the dog move its paws off the bed?,no,No,no,1,,,,gemma4it_tb_hornet4.json
hornet,4,none,303,75,TimeBlind/videos/vid_00075_1.mp4,Does the dog move its paws off the bed?,yes,No,no,0,,,,gemma4it_tb_hornet4.json
hornet,4,none,304,76,TimeBlind/videos/vid_00076_0.mp4,Does the puppy's position change from the left side of the frame to the right?,yes,Yes,yes,1,,,,gemma4it_tb_hornet4.json
hornet,4,none,305,76,TimeBlind/videos/vid_00076_1.mp4,Does the puppy's position change from the left side of the frame to the right?,no,No,no,1,,,,gemma4it_tb_hornet4.json
hornet,4,none,306,76,TimeBlind/videos/vid_00076_0.mp4,Does the puppy's position change from the right side of the frame to the left?,no,No,no,1,,,,gemma4it_tb_hornet4.json
hornet,4,none,307,76,TimeBlind/videos/vid_00076_1.mp4,Does the puppy's position change from the right side of the frame to the left?,yes,No,no,0,,,,gemma4it_tb_hornet4.json
hornet,4,none,308,77,TimeBlind/videos/vid_00077_0.mp4,Does the cat gradually fill more of the frame?,yes,No,no,0,,,,gemma4it_tb_hornet4.json
hornet,4,none,309,77,TimeBlind/videos/vid_00077_1.mp4,Does the cat gradually fill more of the frame?,no,No,no,1,,,,gemma4it_tb_hornet4.json
hornet,4,none,310,77,TimeBlind/videos/vid_00077_0.mp4,Does the cat gradually take up less space in the frame?,no,No,no,1,,,,gemma4it_tb_hornet4.json
hornet,4,none,311,77,TimeBlind/videos/vid_00077_1.mp4,Does the cat gradually take up less space in the frame?,yes,No,no,0,,,,gemma4it_tb_hornet4.json
hornet,4,none,312,78,TimeBlind/videos/vid_00078_0.mp4,Does the moon in the video gradually become blurry?,yes,No,no,0,,,,gemma4it_tb_hornet4.json
hornet,4,none,313,78,TimeBlind/videos/vid_00078_1.mp4,Does the moon in the video gradually become blurry?,no,No,no,1,,,,gemma4it_tb_hornet4.json
hornet,4,none,314,78,TimeBlind/videos/vid_00078_0.mp4,Does the moon in the video gradually come into focus?,no,No,no,1,,,,gemma4it_tb_hornet4.json
hornet,4,none,315,78,TimeBlind/videos/vid_00078_1.mp4,Does the moon in the video gradually come into focus?,yes,No,no,0,,,,gemma4it_tb_hornet4.json
hornet,4,none,316,79,TimeBlind/videos/vid_00079_0.mp4,Does the video go from showing two cats and a dog to just two cats?,yes,No,no,0,,,,gemma4it_tb_hornet4.json
hornet,4,none,317,79,TimeBlind/videos/vid_00079_1.mp4,Does the video go from showing two cats and a dog to just two cats?,no,No,no,1,,,,gemma4it_tb_hornet4.json
hornet,4,none,318,79,TimeBlind/videos/vid_00079_0.mp4,Does the video go from showing two cats to showing two cats and a dog?,no,No,no,1,,,,gemma4it_tb_hornet4.json
hornet,4,none,319,79,TimeBlind/videos/vid_00079_1.mp4,Does the video go from showing two cats to showing two cats and a dog?,yes,Yes,yes,1,,,,gemma4it_tb_hornet4.json
hornet,4,none,320,80,TimeBlind/videos/vid_00080_0.mp4,Does the kitten get out of the box??,yes,Yes,yes,1,,,,gemma4it_tb_hornet4.json
hornet,4,none,321,80,TimeBlind/videos/vid_00080_1.mp4,Does the kitten get out of the box??,no,No,no,1,,,,gemma4it_tb_hornet4.json
hornet,4,none,322,80,TimeBlind/videos/vid_00080_0.mp4,Does the kitten get into the box?,no,Yes,yes,0,,,,gemma4it_tb_hornet4.json
hornet,4,none,323,80,TimeBlind/videos/vid_00080_1.mp4,Does the kitten get into the box?,yes,Yes,yes,1,,,,gemma4it_tb_hornet4.json
hornet,4,none,324,81,TimeBlind/videos/vid_00081_0.mp4,Does the number of dogs in the video increase from two to four?,yes,No,no,0,,,,gemma4it_tb_hornet4.json
hornet,4,none,325,81,TimeBlind/videos/vid_00081_1.mp4,Does the number of dogs in the video increase from two to four?,no,No,no,1,,,,gemma4it_tb_hornet4.json
hornet,4,none,326,81,TimeBlind/videos/vid_00081_0.mp4,Does the number of dogs in the video decrease from four to two?,no,No,no,1,,,,gemma4it_tb_hornet4.json
hornet,4,none,327,81,TimeBlind/videos/vid_00081_1.mp4,Does the number of dogs in the video decrease from four to two?,yes,No,no,0,,,,gemma4it_tb_hornet4.json
hornet,4,none,328,82,TimeBlind/videos/vid_00082_0.mp4,Does the room go from dark to light?,yes,No,no,0,,,,gemma4it_tb_hornet4.json
hornet,4,none,329,82,TimeBlind/videos/vid_00082_1.mp4,Does the room go from dark to light?,no,No,no,1,,,,gemma4it_tb_hornet4.json
hornet,4,none,330,82,TimeBlind/videos/vid_00082_0.mp4,Does the room go from light to dark?,no,No,no,1,,,,gemma4it_tb_hornet4.json
hornet,4,none,331,82,TimeBlind/videos/vid_00082_1.mp4,Does the room go from light to dark?,yes,No,no,0,,,,gemma4it_tb_hornet4.json
hornet,4,none,332,83,TimeBlind/videos/vid_00083_0.mp4,Does the battery icon in the top-right corner of the phone screen switch from charging to not charging?,yes,No,no,0,,,,gemma4it_tb_hornet4.json
hornet,4,none,333,83,TimeBlind/videos/vid_00083_1.mp4,Does the battery icon in the top-right corner of the phone screen switch from charging to not charging?,no,No,no,1,,,,gemma4it_tb_hornet4.json
hornet,4,none,334,83,TimeBlind/videos/vid_00083_0.mp4,Does the small battery icon in the top-right corner of the phone screen change from a non-charging state to a charging state?,no,"thought
<channel|>No",no,1,,,,gemma4it_tb_hornet4.json
hornet,4,none,335,83,TimeBlind/videos/vid_00083_1.mp4,Does the small battery icon in the top-right corner of the phone screen change from a non-charging state to a charging state?,yes,"thought
<channel|>No",no,0,,,,gemma4it_tb_hornet4.json
hornet,4,none,336,84,TimeBlind/videos/vid_00084_0.mp4,Does the battery icon in the top-right corner of the phone screen change from green to white?,yes,No,no,0,,,,gemma4it_tb_hornet4.json
hornet,4,none,337,84,TimeBlind/videos/vid_00084_1.mp4,Does the battery icon in the top-right corner of the phone screen change from green to white?,no,No,no,1,,,,gemma4it_tb_hornet4.json
hornet,4,none,338,84,TimeBlind/videos/vid_00084_0.mp4,Does the battery icon in the top-right corner of the phone screen turn from white to green?,no,No,no,1,,,,gemma4it_tb_hornet4.json
hornet,4,none,339,84,TimeBlind/videos/vid_00084_1.mp4,Does the battery icon in the top-right corner of the phone screen turn from white to green?,yes,No,no,0,,,,gemma4it_tb_hornet4.json
hornet,4,none,340,85,TimeBlind/videos/vid_00085_0.mp4,Does the egg fail to stand upright in the video?,yes,No,no,0,,,,gemma4it_tb_hornet4.json
hornet,4,none,341,85,TimeBlind/videos/vid_00085_1.mp4,Does the egg fail to stand upright in the video?,no,No,no,1,,,,gemma4it_tb_hornet4.json
hornet,4,none,342,85,TimeBlind/videos/vid_00085_0.mp4,Does the egg in the video stand upright?,no,Yes,yes,0,,,,gemma4it_tb_hornet4.json
hornet,4,none,343,85,TimeBlind/videos/vid_00085_1.mp4,Does the egg in the video stand upright?,yes,Yes,yes,1,,,,gemma4it_tb_hornet4.json
hornet,4,none,344,86,TimeBlind/videos/vid_00086_0.mp4,Is the blue and yellow can held for approximately 3 seconds?,yes,Yes,yes,1,,,,gemma4it_tb_hornet4.json
hornet,4,none,345,86,TimeBlind/videos/vid_00086_1.mp4,Is the blue and yellow can held for approximately 3 seconds?,no,Yes,yes,0,,,,gemma4it_tb_hornet4.json
hornet,4,none,346,86,TimeBlind/videos/vid_00086_0.mp4,Is the blue and yellow can held for approximately 10 seconds?,no,No,no,1,,,,gemma4it_tb_hornet4.json
hornet,4,none,347,86,TimeBlind/videos/vid_00086_1.mp4,Is the blue and yellow can held for approximately 10 seconds?,yes,Yes,yes,1,,,,gemma4it_tb_hornet4.json
hornet,4,none,348,87,TimeBlind/videos/vid_00087_0.mp4,Does the number of fingers the man is holding up change from two to three during the video?,yes,No,no,0,,,,gemma4it_tb_hornet4.json
hornet,4,none,349,87,TimeBlind/videos/vid_00087_1.mp4,Does the number of fingers the man is holding up change from two to three during the video?,no,No,no,1,,,,gemma4it_tb_hornet4.json
hornet,4,none,350,87,TimeBlind/videos/vid_00087_0.mp4,"In the video, does the number of fingers the man is holding up change from three to two?",no,No,no,1,,,,gemma4it_tb_hornet4.json
hornet,4,none,351,87,TimeBlind/videos/vid_00087_1.mp4,"In the video, does the number of fingers the man is holding up change from three to two?",yes,No,no,0,,,,gemma4it_tb_hornet4.json
hornet,4,none,352,88,TimeBlind/videos/vid_00088_0.mp4,Does the ceiling with strip lights gradually come into view?,yes,No,no,0,,,,gemma4it_tb_hornet4.json
hornet,4,none,353,88,TimeBlind/videos/vid_00088_1.mp4,Does the ceiling with strip lights gradually come into view?,no,No,no,1,,,,gemma4it_tb_hornet4.json
hornet,4,none,354,88,TimeBlind/videos/vid_00088_0.mp4,Does the ceiling with strip lights gradually disappear from view?,no,No,no,1,,,,gemma4it_tb_hornet4.json
hornet,4,none,355,88,TimeBlind/videos/vid_00088_1.mp4,Does the ceiling with strip lights gradually disappear from view?,yes,No,no,0,,,,gemma4it_tb_hornet4.json
hornet,4,none,356,89,TimeBlind/videos/vid_00089_0.mp4,Does the person turn the door handle gently?,yes,No,no,0,,,,gemma4it_tb_hornet4.json
hornet,4,none,357,89,TimeBlind/videos/vid_00089_1.mp4,Does the person turn the door handle gently?,no,No,no,1,,,,gemma4it_tb_hornet4.json
hornet,4,none,358,89,TimeBlind/videos/vid_00089_0.mp4,Does the person turn the door handle forcefully?,no,No,no,1,,,,gemma4it_tb_hornet4.json
hornet,4,none,359,89,TimeBlind/videos/vid_00089_1.mp4,Does the person turn the door handle forcefully?,yes,No,no,0,,,,gemma4it_tb_hornet4.json
hornet,4,none,360,90,TimeBlind/videos/vid_00090_0.mp4,Do the wiping strokes gradually increase in size?,yes,No,no,0,,,,gemma4it_tb_hornet4.json
hornet,4,none,361,90,TimeBlind/videos/vid_00090_1.mp4,Do the wiping strokes gradually increase in size?,no,No,no,1,,,,gemma4it_tb_hornet4.json
hornet,4,none,362,90,TimeBlind/videos/vid_00090_0.mp4,Do the wiping strokes gradually decrease in size?,no,No,no,1,,,,gemma4it_tb_hornet4.json
hornet,4,none,363,90,TimeBlind/videos/vid_00090_1.mp4,Do the wiping strokes gradually decrease in size?,yes,No,no,0,,,,gemma4it_tb_hornet4.json
hornet,4,none,364,91,TimeBlind/videos/vid_00091_0.mp4,"After looking straight ahead, does he turn to look left and not look forward again?",yes,No,no,0,,,,gemma4it_tb_hornet4.json
hornet,4,none,365,91,TimeBlind/videos/vid_00091_1.mp4,"After looking straight ahead, does he turn to look left and not look forward again?",no,No,no,1,,,,gemma4it_tb_hornet4.json
hornet,4,none,366,91,TimeBlind/videos/vid_00091_0.mp4,"After looking straight ahead, does he turn to look left and then look forward again?",no,No,no,1,,,,gemma4it_tb_hornet4.json
hornet,4,none,367,91,TimeBlind/videos/vid_00091_1.mp4,"After looking straight ahead, does he turn to look left and then look forward again?",yes,No,no,0,,,,gemma4it_tb_hornet4.json
hornet,4,none,368,92,TimeBlind/videos/vid_00092_0.mp4,Does the man go from standing to bending over?,yes,No,no,0,,,,gemma4it_tb_hornet4.json
hornet,4,none,369,92,TimeBlind/videos/vid_00092_1.mp4,Does the man go from standing to bending over?,no,No,no,1,,,,gemma4it_tb_hornet4.json
hornet,4,none,370,92,TimeBlind/videos/vid_00092_0.mp4,Does the man move from a bent-over position to standing upright?,no,No,no,1,,,,gemma4it_tb_hornet4.json
hornet,4,none,371,92,TimeBlind/videos/vid_00092_1.mp4,Does the man move from a bent-over position to standing upright?,yes,No,no,0,,,,gemma4it_tb_hornet4.json
hornet,4,none,372,93,TimeBlind/videos/vid_00093_0.mp4,Does the person’s posture change from upright to leaning?,yes,No,no,0,,,,gemma4it_tb_hornet4.json
hornet,4,none,373,93,TimeBlind/videos/vid_00093_1.mp4,Does the person’s posture change from upright to leaning?,no,No,no,1,,,,gemma4it_tb_hornet4.json
hornet,4,none,374,93,TimeBlind/videos/vid_00093_0.mp4,Does the person's posture change from leaning to standing upright?,no,No,no,1,,,,gemma4it_tb_hornet4.json
hornet,4,none,375,93,TimeBlind/videos/vid_00093_1.mp4,Does the person's posture change from leaning to standing upright?,yes,No,no,0,,,,gemma4it_tb_hornet4.json
hornet,4,none,376,94,TimeBlind/videos/vid_00094_0.mp4,Does the person glide across the frame from left to right?,yes,No,no,0,,,,gemma4it_tb_hornet4.json
hornet,4,none,377,94,TimeBlind/videos/vid_00094_1.mp4,Does the person glide across the frame from left to right?,no,No,no,1,,,,gemma4it_tb_hornet4.json
hornet,4,none,378,94,TimeBlind/videos/vid_00094_0.mp4,Does the person glide across the frame from right to left?,no,No,no,1,,,,gemma4it_tb_hornet4.json
hornet,4,none,379,94,TimeBlind/videos/vid_00094_1.mp4,Does the person glide across the frame from right to left?,yes,No,no,0,,,,gemma4it_tb_hornet4.json
hornet,4,none,380,95,TimeBlind/videos/vid_00095_0.mp4,Does the robot go from standing to squatting?,yes,No,no,0,,,,gemma4it_tb_hornet4.json
hornet,4,none,381,95,TimeBlind/videos/vid_00095_1.mp4,Does the robot go from standing to squatting?,no,No,no,1,,,,gemma4it_tb_hornet4.json
hornet,4,none,382,95,TimeBlind/videos/vid_00095_0.mp4,Does the robot go from squatting to standing?,no,No,no,1,,,,gemma4it_tb_hornet4.json
hornet,4,none,383,95,TimeBlind/videos/vid_00095_1.mp4,Does the robot go from squatting to standing?,yes,No,no,0,,,,gemma4it_tb_hornet4.json
hornet,4,none,384,96,TimeBlind/videos/vid_00096_0.mp4,Is the humanoid robot squatting while extending its arms?,yes,No,no,0,,,,gemma4it_tb_hornet4.json
hornet,4,none,385,96,TimeBlind/videos/vid_00096_1.mp4,Is the humanoid robot squatting while extending its arms?,no,Yes,yes,0,,,,gemma4it_tb_hornet4.json
hornet,4,none,386,96,TimeBlind/videos/vid_00096_0.mp4,Is the humanoid robot standing up as it retracts its arms?,no,No,no,1,,,,gemma4it_tb_hornet4.json
hornet,4,none,387,96,TimeBlind/videos/vid_00096_1.mp4,Is the humanoid robot standing up as it retracts its arms?,yes,No,no,0,,,,gemma4it_tb_hornet4.json
hornet,4,none,388,97,TimeBlind/videos/vid_00097_0.mp4,"Does the person first quickly press the pump on the skincare bottle, then slowly press it?",yes,No,no,0,,,,gemma4it_tb_hornet4.json
hornet,4,none,389,97,TimeBlind/videos/vid_00097_1.mp4,"Does the person first quickly press the pump on the skincare bottle, then slowly press it?",no,No,no,1,,,,gemma4it_tb_hornet4.json
hornet,4,none,390,97,TimeBlind/videos/vid_00097_0.mp4,"Does the person first slowly press the pump on the skincare bottle, then press it quickly?",no,No,no,1,,,,gemma4it_tb_hornet4.json
hornet,4,none,391,97,TimeBlind/videos/vid_00097_1.mp4,"Does the person first slowly press the pump on the skincare bottle, then press it quickly?",yes,No,no,0,,,,gemma4it_tb_hornet4.json
hornet,4,none,392,98,TimeBlind/videos/vid_00098_0.mp4,Does he press the pump firmly at the beginning of the video?,yes,No,no,0,,,,gemma4it_tb_hornet4.json
hornet,4,none,393,98,TimeBlind/videos/vid_00098_1.mp4,Does he press the pump firmly at the beginning of the video?,no,No,no,1,,,,gemma4it_tb_hornet4.json
hornet,4,none,394,98,TimeBlind/videos/vid_00098_0.mp4,Does he press the pump gently at the beginning of the video?,no,Yes,yes,0,,,,gemma4it_tb_hornet4.json
hornet,4,none,395,98,TimeBlind/videos/vid_00098_1.mp4,Does he press the pump gently at the beginning of the video?,yes,Yes,yes,1,,,,gemma4it_tb_hornet4.json
hornet,4,none,396,99,TimeBlind/videos/vid_00099_0.mp4,Is there only one white car in the entire video?,yes,No,no,0,,,,gemma4it_tb_hornet4.json
hornet,4,none,397,99,TimeBlind/videos/vid_00099_1.mp4,Is there only one white car in the entire video?,no,No,no,1,,,,gemma4it_tb_hornet4.json
hornet,4,none,398,99,TimeBlind/videos/vid_00099_0.mp4,Are there a total of two white cars in the video?,no,No,no,1,,,,gemma4it_tb_hornet4.json
hornet,4,none,399,99,TimeBlind/videos/vid_00099_1.mp4,Are there a total of two white cars in the video?,yes,No,no,0,,,,gemma4it_tb_hornet4.json
hornet,4,none,400,100,TimeBlind/videos/vid_00100_0.mp4,"In the video, do the legs start shaking slowly and then speed up?",yes,No,no,0,,,,gemma4it_tb_hornet4.json
hornet,4,none,401,100,TimeBlind/videos/vid_00100_1.mp4,"In the video, do the legs start shaking slowly and then speed up?",no,No,no,1,,,,gemma4it_tb_hornet4.json
hornet,4,none,402,100,TimeBlind/videos/vid_00100_0.mp4,"In the video, do the legs start shaking quickly and then slow down?",no,No,no,1,,,,gemma4it_tb_hornet4.json
hornet,4,none,403,100,TimeBlind/videos/vid_00100_1.mp4,"In the video, do the legs start shaking quickly and then slow down?",yes,No,no,0,,,,gemma4it_tb_hornet4.json
hornet,4,none,404,101,TimeBlind/videos/vid_00101_0.mp4,Does he swing his leg only slightly at the beginning of the video?,yes,Yes,yes,1,,,,gemma4it_tb_hornet4.json
hornet,4,none,405,101,TimeBlind/videos/vid_00101_1.mp4,Does he swing his leg only slightly at the beginning of the video?,no,Yes,yes,0,,,,gemma4it_tb_hornet4.json
hornet,4,none,406,101,TimeBlind/videos/vid_00101_0.mp4,Does he swing his leg widely at the beginning of the video?,no,No,no,1,,,,gemma4it_tb_hornet4.json
hornet,4,none,407,101,TimeBlind/videos/vid_00101_1.mp4,Does he swing his leg widely at the beginning of the video?,yes,No,no,0,,,,gemma4it_tb_hornet4.json
hornet,4,none,408,102,TimeBlind/videos/vid_00102_0.mp4,Does the bounce height start out high and then decrease later?,yes,No,no,0,,,,gemma4it_tb_hornet4.json
hornet,4,none,409,102,TimeBlind/videos/vid_00102_1.mp4,Does the bounce height start out high and then decrease later?,no,No,no,1,,,,gemma4it_tb_hornet4.json
hornet,4,none,410,102,TimeBlind/videos/vid_00102_0.mp4,Does the bounce height start out low and then increase later?,no,No,no,1,,,,gemma4it_tb_hornet4.json
hornet,4,none,411,102,TimeBlind/videos/vid_00102_1.mp4,Does the bounce height start out low and then increase later?,yes,No,no,0,,,,gemma4it_tb_hornet4.json
hornet,4,none,412,103,TimeBlind/videos/vid_00103_0.mp4,Does the person hit the ball with the tennis racket eight times?,yes,No,no,0,,,,gemma4it_tb_hornet4.json
hornet,4,none,413,103,TimeBlind/videos/vid_00103_1.mp4,Does the person hit the ball with the tennis racket eight times?,no,No,no,1,,,,gemma4it_tb_hornet4.json
hornet,4,none,414,103,TimeBlind/videos/vid_00103_0.mp4,Does the person hit the ball with the tennis racket twelve times?,no,No,no,1,,,,gemma4it_tb_hornet4.json
hornet,4,none,415,103,TimeBlind/videos/vid_00103_1.mp4,Does the person hit the ball with the tennis racket twelve times?,yes,No,no,0,,,,gemma4it_tb_hornet4.json
hornet,4,none,416,104,TimeBlind/videos/vid_00104_0.mp4,Does the person make small racket swings at the beginning and larger swings later in the video?,yes,No,no,0,,,,gemma4it_tb_hornet4.json
hornet,4,none,417,104,TimeBlind/videos/vid_00104_1.mp4,Does the person make small racket swings at the beginning and larger swings later in the video?,no,No,no,1,,,,gemma4it_tb_hornet4.json
hornet,4,none,418,104,TimeBlind/videos/vid_00104_0.mp4,Does the person make large racket swings at the beginning and smaller swings later in the video?,no,No,no,1,,,,gemma4it_tb_hornet4.json
hornet,4,none,419,104,TimeBlind/videos/vid_00104_1.mp4,Does the person make large racket swings at the beginning and smaller swings later in the video?,yes,No,no,0,,,,gemma4it_tb_hornet4.json
hornet,4,none,420,105,TimeBlind/videos/vid_00105_0.mp4,Does the boy swing the racket forward five times?,yes,No,no,0,,,,gemma4it_tb_hornet4.json
hornet,4,none,421,105,TimeBlind/videos/vid_00105_1.mp4,Does the boy swing the racket forward five times?,no,No,no,1,,,,gemma4it_tb_hornet4.json
hornet,4,none,422,105,TimeBlind/videos/vid_00105_0.mp4,Does the boy swing the racket forward six times?,no,No,no,1,,,,gemma4it_tb_hornet4.json
hornet,4,none,423,105,TimeBlind/videos/vid_00105_1.mp4,Does the boy swing the racket forward six times?,yes,No,no,0,,,,gemma4it_tb_hornet4.json
hornet,4,none,424,106,TimeBlind/videos/vid_00106_0.mp4,Does the boy jump a shorter distance at the end of the video than at the beginning?,yes,No,no,0,,,,gemma4it_tb_hornet4.json
hornet,4,none,425,106,TimeBlind/videos/vid_00106_1.mp4,Does the boy jump a shorter distance at the end of the video than at the beginning?,no,No,no,1,,,,gemma4it_tb_hornet4.json
hornet,4,none,426,106,TimeBlind/videos/vid_00106_0.mp4,Does the boy jump farther at the end of the video than at the beginning?,no,No,no,1,,,,gemma4it_tb_hornet4.json
hornet,4,none,427,106,TimeBlind/videos/vid_00106_1.mp4,Does the boy jump farther at the end of the video than at the beginning?,yes,No,no,0,,,,gemma4it_tb_hornet4.json
hornet,4,none,428,107,TimeBlind/videos/vid_00107_0.mp4,Does the boy bend his knees more when landing his first long jump than when landing his last?,yes,No,no,0,,,,gemma4it_tb_hornet4.json
hornet,4,none,429,107,TimeBlind/videos/vid_00107_1.mp4,Does the boy bend his knees more when landing his first long jump than when landing his last?,no,No,no,1,,,,gemma4it_tb_hornet4.json
hornet,4,none,430,107,TimeBlind/videos/vid_00107_0.mp4,Does the boy bend his knees less when landing from his first long jump than from his last?,no,No,no,1,,,,gemma4it_tb_hornet4.json
hornet,4,none,431,107,TimeBlind/videos/vid_00107_1.mp4,Does the boy bend his knees less when landing from his first long jump than from his last?,yes,No,no,0,,,,gemma4it_tb_hornet4.json
hornet,4,none,432,108,TimeBlind/videos/vid_00108_0.mp4,Does the boy make large upper-body movements as he turns at the beginning of the video?,yes,No,no,0,,,,gemma4it_tb_hornet4.json
hornet,4,none,433,108,TimeBlind/videos/vid_00108_1.mp4,Does the boy make large upper-body movements as he turns at the beginning of the video?,no,No,no,1,,,,gemma4it_tb_hornet4.json
hornet,4,none,434,108,TimeBlind/videos/vid_00108_0.mp4,Does the boy make small upper-body movements as he turns at the beginning of the video?,no,Yes,yes,0,,,,gemma4it_tb_hornet4.json
hornet,4,none,435,108,TimeBlind/videos/vid_00108_1.mp4,Does the boy make small upper-body movements as he turns at the beginning of the video?,yes,Yes,yes,1,,,,gemma4it_tb_hornet4.json
hornet,4,none,436,109,TimeBlind/videos/vid_00109_0.mp4,"Do the branches shake vigorously at first, then gently?",yes,No,no,0,,,,gemma4it_tb_hornet4.json
hornet,4,none,437,109,TimeBlind/videos/vid_00109_1.mp4,"Do the branches shake vigorously at first, then gently?",no,No,no,1,,,,gemma4it_tb_hornet4.json
hornet,4,none,438,109,TimeBlind/videos/vid_00109_0.mp4,"Do the branches shake gently at first, then vigorously?",no,No,no,1,,,,gemma4it_tb_hornet4.json
hornet,4,none,439,109,TimeBlind/videos/vid_00109_1.mp4,"Do the branches shake gently at first, then vigorously?",yes,No,no,0,,,,gemma4it_tb_hornet4.json
hornet,4,none,440,110,TimeBlind/videos/vid_00110_0.mp4,Do the branches shake vigorously at the beginning?,yes,No,no,0,,,,gemma4it_tb_hornet4.json
hornet,4,none,441,110,TimeBlind/videos/vid_00110_1.mp4,Do the branches shake vigorously at the beginning?,no,No,no,1,,,,gemma4it_tb_hornet4.json
hornet,4,none,442,110,TimeBlind/videos/vid_00110_0.mp4,Do the branches shake gently at the beginning?,no,No,no,1,,,,gemma4it_tb_hornet4.json
hornet,4,none,443,110,TimeBlind/videos/vid_00110_1.mp4,Do the branches shake gently at the beginning?,yes,No,no,0,,,,gemma4it_tb_hornet4.json
hornet,4,none,444,111,TimeBlind/videos/vid_00111_0.mp4,Is the girl doing vertical leg kicks starting high and then kicking lower?,yes,No,no,0,,,,gemma4it_tb_hornet4.json
hornet,4,none,445,111,TimeBlind/videos/vid_00111_1.mp4,Is the girl doing vertical leg kicks starting high and then kicking lower?,no,No,no,1,,,,gemma4it_tb_hornet4.json
hornet,4,none,446,111,TimeBlind/videos/vid_00111_0.mp4,Does the girl start her vertical leg kicks low and then kick higher?,no,No,no,1,,,,gemma4it_tb_hornet4.json
hornet,4,none,447,111,TimeBlind/videos/vid_00111_1.mp4,Does the girl start her vertical leg kicks low and then kick higher?,yes,Yes,yes,1,,,,gemma4it_tb_hornet4.json
hornet,4,none,448,112,TimeBlind/videos/vid_00112_0.mp4,Does the tennis racket start spinning quickly and then slow down?,yes,No,no,0,,,,gemma4it_tb_hornet4.json
hornet,4,none,449,112,TimeBlind/videos/vid_00112_1.mp4,Does the tennis racket start spinning quickly and then slow down?,no,No,no,1,,,,gemma4it_tb_hornet4.json
hornet,4,none,450,112,TimeBlind/videos/vid_00112_0.mp4,Does the tennis racket start spinning slowly and then speed up?,no,No,no,1,,,,gemma4it_tb_hornet4.json
hornet,4,none,451,112,TimeBlind/videos/vid_00112_1.mp4,Does the tennis racket start spinning slowly and then speed up?,yes,Yes,yes,1,,,,gemma4it_tb_hornet4.json
hornet,4,none,452,113,TimeBlind/videos/vid_00113_0.mp4,"Does she wave her hand with large, sweeping motions at the start of the video?",yes,No,no,0,,,,gemma4it_tb_hornet4.json
hornet,4,none,453,113,TimeBlind/videos/vid_00113_1.mp4,"Does she wave her hand with large, sweeping motions at the start of the video?",no,No,no,1,,,,gemma4it_tb_hornet4.json
hornet,4,none,454,113,TimeBlind/videos/vid_00113_0.mp4,"Does she wave her hand with small, subtle motions at the start of the video?",no,No,no,1,,,,gemma4it_tb_hornet4.json
hornet,4,none,455,113,TimeBlind/videos/vid_00113_1.mp4,"Does she wave her hand with small, subtle motions at the start of the video?",yes,No,no,0,,,,gemma4it_tb_hornet4.json
hornet,4,none,456,114,TimeBlind/videos/vid_00114_0.mp4,"Does the girl pull the car door handle quickly at first, then slowly?",yes,No,no,0,,,,gemma4it_tb_hornet4.json
hornet,4,none,457,114,TimeBlind/videos/vid_00114_1.mp4,"Does the girl pull the car door handle quickly at first, then slowly?",no,No,no,1,,,,gemma4it_tb_hornet4.json
hornet,4,none,458,114,TimeBlind/videos/vid_00114_0.mp4,"Does the girl pull the car door handle slowly at first, then more quickly?",no,No,no,1,,,,gemma4it_tb_hornet4.json
hornet,4,none,459,114,TimeBlind/videos/vid_00114_1.mp4,"Does the girl pull the car door handle slowly at first, then more quickly?",yes,No,no,0,,,,gemma4it_tb_hornet4.json
hornet,4,none,460,115,TimeBlind/videos/vid_00115_0.mp4,Does she pull the car door handle rapidly and repeatedly early on?,yes,No,no,0,,,,gemma4it_tb_hornet4.json
hornet,4,none,461,115,TimeBlind/videos/vid_00115_1.mp4,Does she pull the car door handle rapidly and repeatedly early on?,no,No,no,1,,,,gemma4it_tb_hornet4.json
hornet,4,none,462,115,TimeBlind/videos/vid_00115_0.mp4,Does she pull the car door handle slowly and infrequently early on?,no,No,no,1,,,,gemma4it_tb_hornet4.json
hornet,4,none,463,115,TimeBlind/videos/vid_00115_1.mp4,Does she pull the car door handle slowly and infrequently early on?,yes,No,no,0,,,,gemma4it_tb_hornet4.json
hornet,4,none,464,116,TimeBlind/videos/vid_00116_0.mp4,Does the person rub the kitten's head quickly at first and then more slowly?,yes,"I cannot determine the speed of the movement from these still images. Therefore, I cannot answer the question.",,0,,,,gemma4it_tb_hornet4.json
hornet,4,none,465,116,TimeBlind/videos/vid_00116_1.mp4,Does the person rub the kitten's head quickly at first and then more slowly?,no,No,no,1,,,,gemma4it_tb_hornet4.json
hornet,4,none,466,116,TimeBlind/videos/vid_00116_0.mp4,"Does the person rub the kitten's head slowly at first, then more quickly?",no,"I cannot determine the speed of the movement from these still images. Therefore, I cannot answer ""Yes"" or ""No"".",,0,,,,gemma4it_tb_hornet4.json
hornet,4,none,467,116,TimeBlind/videos/vid_00116_1.mp4,"Does the person rub the kitten's head slowly at first, then more quickly?",yes,No,no,0,,,,gemma4it_tb_hornet4.json
hornet,4,none,468,117,TimeBlind/videos/vid_00117_0.mp4,Does the person rub the kitten’s head quickly at the beginning?,yes,No,no,0,,,,gemma4it_tb_hornet4.json
hornet,4,none,469,117,TimeBlind/videos/vid_00117_1.mp4,Does the person rub the kitten’s head quickly at the beginning?,no,No,no,1,,,,gemma4it_tb_hornet4.json
hornet,4,none,470,117,TimeBlind/videos/vid_00117_0.mp4,Does the person rub the kitten’s head slowly at the beginning?,no,Yes,yes,0,,,,gemma4it_tb_hornet4.json
hornet,4,none,471,117,TimeBlind/videos/vid_00117_1.mp4,Does the person rub the kitten’s head slowly at the beginning?,yes,Yes,yes,1,,,,gemma4it_tb_hornet4.json
hornet,4,none,472,118,TimeBlind/videos/vid_00118_0.mp4,Do the cat’s front paws move in and out with a small range of motion at first and a larger range later?,yes,No,no,0,,,,gemma4it_tb_hornet4.json
hornet,4,none,473,118,TimeBlind/videos/vid_00118_1.mp4,Do the cat’s front paws move in and out with a small range of motion at first and a larger range later?,no,Yes,yes,0,,,,gemma4it_tb_hornet4.json
hornet,4,none,474,118,TimeBlind/videos/vid_00118_0.mp4,Do the cat’s front paws move in and out with a large range of motion at first and a smaller range later?,no,No,no,1,,,,gemma4it_tb_hornet4.json
hornet,4,none,475,118,TimeBlind/videos/vid_00118_1.mp4,Do the cat’s front paws move in and out with a large range of motion at first and a smaller range later?,yes,No,no,0,,,,gemma4it_tb_hornet4.json
hornet,4,none,476,119,TimeBlind/videos/vid_00119_0.mp4,Does the puppy briefly close its eyes when the girl kisses it?,yes,Yes,yes,1,,,,gemma4it_tb_hornet4.json
hornet,4,none,477,119,TimeBlind/videos/vid_00119_1.mp4,Does the puppy briefly close its eyes when the girl kisses it?,no,No,no,1,,,,gemma4it_tb_hornet4.json
hornet,4,none,478,119,TimeBlind/videos/vid_00119_0.mp4,Does the puppy keep its eyes open the whole time while the girl kisses it?,no,No,no,1,,,,gemma4it_tb_hornet4.json
hornet,4,none,479,119,TimeBlind/videos/vid_00119_1.mp4,Does the puppy keep its eyes open the whole time while the girl kisses it?,yes,No,no,0,,,,gemma4it_tb_hornet4.json
hornet,4,none,480,120,TimeBlind/videos/vid_00120_0.mp4,Does the person rub their hands quickly at first and then more slowly?,yes,No,no,0,,,,gemma4it_tb_hornet4.json
hornet,4,none,481,120,TimeBlind/videos/vid_00120_1.mp4,Does the person rub their hands quickly at first and then more slowly?,no,No,no,1,,,,gemma4it_tb_hornet4.json
hornet,4,none,482,120,TimeBlind/videos/vid_00120_0.mp4,Does the person rub their hands slowly at first and then quickly?,no,No,no,1,,,,gemma4it_tb_hornet4.json
hornet,4,none,483,120,TimeBlind/videos/vid_00120_1.mp4,Does the person rub their hands slowly at first and then quickly?,yes,No,no,0,,,,gemma4it_tb_hornet4.json
hornet,4,none,484,121,TimeBlind/videos/vid_00121_0.mp4,Does the boy clap slowly at the beginning?,yes,No,no,0,,,,gemma4it_tb_hornet4.json
hornet,4,none,485,121,TimeBlind/videos/vid_00121_1.mp4,Does the boy clap slowly at the beginning?,no,No,no,1,,,,gemma4it_tb_hornet4.json
hornet,4,none,486,121,TimeBlind/videos/vid_00121_0.mp4,Does the boy clap quickly at the beginning?,no,No,no,1,,,,gemma4it_tb_hornet4.json
hornet,4,none,487,121,TimeBlind/videos/vid_00121_1.mp4,Does the boy clap quickly at the beginning?,yes,No,no,0,,,,gemma4it_tb_hornet4.json
hornet,4,none,488,122,TimeBlind/videos/vid_00122_0.mp4,Does the vacuum cleaner move slowly at the beginning of the video?,yes,No,no,0,,,,gemma4it_tb_hornet4.json
hornet,4,none,489,122,TimeBlind/videos/vid_00122_1.mp4,Does the vacuum cleaner move slowly at the beginning of the video?,no,No,no,1,,,,gemma4it_tb_hornet4.json
hornet,4,none,490,122,TimeBlind/videos/vid_00122_0.mp4,Does the vacuum cleaner move quickly at the beginning of the video?,no,No,no,1,,,,gemma4it_tb_hornet4.json
hornet,4,none,491,122,TimeBlind/videos/vid_00122_1.mp4,Does the vacuum cleaner move quickly at the beginning of the video?,yes,No,no,0,,,,gemma4it_tb_hornet4.json
hornet,4,none,492,123,TimeBlind/videos/vid_00123_0.mp4,Does the massage gun start by moving slowly along the leg and then speed up?,yes,"I cannot determine the speed of the massage gun from the provided images, as they are static and do not show movement over time.",,0,,,,gemma4it_tb_hornet4.json
hornet,4,none,493,123,TimeBlind/videos/vid_00123_1.mp4,Does the massage gun start by moving slowly along the leg and then speed up?,no,No,no,1,,,,gemma4it_tb_hornet4.json
hornet,4,none,494,123,TimeBlind/videos/vid_00123_0.mp4,Does the massage gun start moving quickly along the leg and then slow down?,no,No,no,1,,,,gemma4it_tb_hornet4.json
hornet,4,none,495,123,TimeBlind/videos/vid_00123_1.mp4,Does the massage gun start moving quickly along the leg and then slow down?,yes,No,no,0,,,,gemma4it_tb_hornet4.json
hornet,4,none,496,124,TimeBlind/videos/vid_00124_0.mp4,"In the video, does the girl switch from a red plaid shirt to a blue one?",yes,No,no,0,,,,gemma4it_tb_hornet4.json
hornet,4,none,497,124,TimeBlind/videos/vid_00124_1.mp4,"In the video, does the girl switch from a red plaid shirt to a blue one?",no,No,no,1,,,,gemma4it_tb_hornet4.json
hornet,4,none,498,124,TimeBlind/videos/vid_00124_0.mp4,Does the girl change from a blue plaid shirt to a red plaid one in the video?,no,No,no,1,,,,gemma4it_tb_hornet4.json
hornet,4,none,499,124,TimeBlind/videos/vid_00124_1.mp4,Does the girl change from a blue plaid shirt to a red plaid one in the video?,yes,No,no,0,,,,gemma4it_tb_hornet4.json
hornet,4,none,500,125,TimeBlind/videos/vid_00125_0.mp4,Does the girl switch from a short-sleeved to a long-sleeved shirt?,yes,Yes,yes,1,,,,gemma4it_tb_hornet4.json
hornet,4,none,501,125,TimeBlind/videos/vid_00125_1.mp4,Does the girl switch from a short-sleeved to a long-sleeved shirt?,no,Yes,yes,0,,,,gemma4it_tb_hornet4.json
hornet,4,none,502,125,TimeBlind/videos/vid_00125_0.mp4,Does the girl switch from a long-sleeved shirt to a short-sleeved one?,no,No,no,1,,,,gemma4it_tb_hornet4.json
hornet,4,none,503,125,TimeBlind/videos/vid_00125_1.mp4,Does the girl switch from a long-sleeved shirt to a short-sleeved one?,yes,Yes,yes,1,,,,gemma4it_tb_hornet4.json
hornet,4,none,504,126,TimeBlind/videos/vid_00126_0.mp4,Does the girl go from wearing shorts to long pants?,yes,Yes,yes,1,,,,gemma4it_tb_hornet4.json
hornet,4,none,505,126,TimeBlind/videos/vid_00126_1.mp4,Does the girl go from wearing shorts to long pants?,no,No,no,1,,,,gemma4it_tb_hornet4.json
hornet,4,none,506,126,TimeBlind/videos/vid_00126_0.mp4,Does the girl switch from long pants to shorts?,no,No,no,1,,,,gemma4it_tb_hornet4.json
hornet,4,none,507,126,TimeBlind/videos/vid_00126_1.mp4,Does the girl switch from long pants to shorts?,yes,No,no,0,,,,gemma4it_tb_hornet4.json
hornet,4,none,508,127,TimeBlind/videos/vid_00127_0.mp4,Is one hand applying makeup to the other hand?,yes,No,no,0,,,,gemma4it_tb_hornet4.json
hornet,4,none,509,127,TimeBlind/videos/vid_00127_1.mp4,Is one hand applying makeup to the other hand?,no,No,no,1,,,,gemma4it_tb_hornet4.json
hornet,4,none,510,127,TimeBlind/videos/vid_00127_0.mp4,Is one hand wiping off makeup from the other hand?,no,No,no,1,,,,gemma4it_tb_hornet4.json
hornet,4,none,511,127,TimeBlind/videos/vid_00127_1.mp4,Is one hand wiping off makeup from the other hand?,yes,No,no,0,,,,gemma4it_tb_hornet4.json
hornet,4,none,512,128,TimeBlind/videos/vid_00128_0.mp4,Do the hands slowly scrub a small bottle under running water before quickly rotating it?,yes,No,no,0,,,,gemma4it_tb_hornet4.json
hornet,4,none,513,128,TimeBlind/videos/vid_00128_1.mp4,Do the hands slowly scrub a small bottle under running water before quickly rotating it?,no,No,no,1,,,,gemma4it_tb_hornet4.json
hornet,4,none,514,128,TimeBlind/videos/vid_00128_0.mp4,Are the hands quickly scrubbing the small bottle under running water and then rotating it slowly?,no,No,no,1,,,,gemma4it_tb_hornet4.json
hornet,4,none,515,128,TimeBlind/videos/vid_00128_1.mp4,Are the hands quickly scrubbing the small bottle under running water and then rotating it slowly?,yes,No,no,0,,,,gemma4it_tb_hornet4.json
hornet,4,none,516,129,TimeBlind/videos/vid_00129_0.mp4,"At the beginning of the video, do the hands scrub and rotate the small bottle gently?",yes,Yes,yes,1,,,,gemma4it_tb_hornet4.json
hornet,4,none,517,129,TimeBlind/videos/vid_00129_1.mp4,"At the beginning of the video, do the hands scrub and rotate the small bottle gently?",no,No,no,1,,,,gemma4it_tb_hornet4.json
hornet,4,none,518,129,TimeBlind/videos/vid_00129_0.mp4,"At the beginning of the video, do the hands scrub and rotate the small bottle vigorously?",no,No,no,1,,,,gemma4it_tb_hornet4.json
hornet,4,none,519,129,TimeBlind/videos/vid_00129_1.mp4,"At the beginning of the video, do the hands scrub and rotate the small bottle vigorously?",yes,No,no,0,,,,gemma4it_tb_hornet4.json
hornet,4,none,520,130,TimeBlind/videos/vid_00130_0.mp4,"At the beginning of the video, does the girl rub her face gently?",yes,Yes,yes,1,,,,gemma4it_tb_hornet4.json
hornet,4,none,521,130,TimeBlind/videos/vid_00130_1.mp4,"At the beginning of the video, does the girl rub her face gently?",no,Yes,yes,0,,,,gemma4it_tb_hornet4.json
hornet,4,none,522,130,TimeBlind/videos/vid_00130_0.mp4,"At the beginning of the video, does the girl rub her face vigorously?",no,No,no,1,,,,gemma4it_tb_hornet4.json
hornet,4,none,523,130,TimeBlind/videos/vid_00130_1.mp4,"At the beginning of the video, does the girl rub her face vigorously?",yes,No,no,0,,,,gemma4it_tb_hornet4.json
hornet,4,none,524,131,TimeBlind/videos/vid_00131_0.mp4,Are the clouds constantly changing shape in the video?,yes,Yes,yes,1,,,,gemma4it_tb_hornet4.json
hornet,4,none,525,131,TimeBlind/videos/vid_00131_1.mp4,Are the clouds constantly changing shape in the video?,no,No,no,1,,,,gemma4it_tb_hornet4.json
hornet,4,none,526,131,TimeBlind/videos/vid_00131_0.mp4,Do the clouds stay the same shape throughout the video?,no,No,no,1,,,,gemma4it_tb_hornet4.json
hornet,4,none,527,131,TimeBlind/videos/vid_00131_1.mp4,Do the clouds stay the same shape throughout the video?,yes,No,no,0,,,,gemma4it_tb_hornet4.json
hornet,4,none,528,132,TimeBlind/videos/vid_00132_0.mp4,Does the number of animals on the sofa increase from 0 to 3?,yes,No,no,0,,,,gemma4it_tb_hornet4.json
hornet,4,none,529,132,TimeBlind/videos/vid_00132_1.mp4,Does the number of animals on the sofa increase from 0 to 3?,no,No,no,1,,,,gemma4it_tb_hornet4.json
hornet,4,none,530,132,TimeBlind/videos/vid_00132_0.mp4,Does the number of animals on the sofa drop from three to zero?,no,No,no,1,,,,gemma4it_tb_hornet4.json
hornet,4,none,531,132,TimeBlind/videos/vid_00132_1.mp4,Does the number of animals on the sofa drop from three to zero?,yes,No,no,0,,,,gemma4it_tb_hornet4.json
hornet,4,none,532,133,TimeBlind/videos/vid_00133_0.mp4,Does the number of oranges on the plate increase from 2 to 4?,yes,No,no,0,,,,gemma4it_tb_hornet4.json
hornet,4,none,533,133,TimeBlind/videos/vid_00133_1.mp4,Does the number of oranges on the plate increase from 2 to 4?,no,No,no,1,,,,gemma4it_tb_hornet4.json
hornet,4,none,534,133,TimeBlind/videos/vid_00133_0.mp4,Does the number of oranges on the plate decrease from 4 to 2?,no,No,no,1,,,,gemma4it_tb_hornet4.json
hornet,4,none,535,133,TimeBlind/videos/vid_00133_1.mp4,Does the number of oranges on the plate decrease from 4 to 2?,yes,No,no,0,,,,gemma4it_tb_hornet4.json
hornet,4,none,536,134,TimeBlind/videos/vid_00134_0.mp4,Does the person go from sitting on a chair to standing on it?,yes,Yes,yes,1,,,,gemma4it_tb_hornet4.json
hornet,4,none,537,134,TimeBlind/videos/vid_00134_1.mp4,Does the person go from sitting on a chair to standing on it?,no,No,no,1,,,,gemma4it_tb_hornet4.json
hornet,4,none,538,134,TimeBlind/videos/vid_00134_0.mp4,Does the person go from standing on a chair to sitting on it?,no,No,no,1,,,,gemma4it_tb_hornet4.json
hornet,4,none,539,134,TimeBlind/videos/vid_00134_1.mp4,Does the person go from standing on a chair to sitting on it?,yes,No,no,0,,,,gemma4it_tb_hornet4.json
hornet,4,none,540,135,TimeBlind/videos/vid_00135_0.mp4,Does the person switch from gripping the cup to supporting it from underneath?,yes,No,no,0,,,,gemma4it_tb_hornet4.json
hornet,4,none,541,135,TimeBlind/videos/vid_00135_1.mp4,Does the person switch from gripping the cup to supporting it from underneath?,no,No,no,1,,,,gemma4it_tb_hornet4.json
hornet,4,none,542,135,TimeBlind/videos/vid_00135_0.mp4,Does the person switch from supporting the cup with their hand to holding it?,no,No,no,1,,,,gemma4it_tb_hornet4.json
hornet,4,none,543,135,TimeBlind/videos/vid_00135_1.mp4,Does the person switch from supporting the cup with their hand to holding it?,yes,No,no,0,,,,gemma4it_tb_hornet4.json
hornet,4,none,544,136,TimeBlind/videos/vid_00136_0.mp4,Does the person put the clothes on?,yes,Yes,yes,1,,,,gemma4it_tb_hornet4.json
hornet,4,none,545,136,TimeBlind/videos/vid_00136_1.mp4,Does the person put the clothes on?,no,No,no,1,,,,gemma4it_tb_hornet4.json
hornet,4,none,546,136,TimeBlind/videos/vid_00136_0.mp4,Does the person take the clothes off?,no,Yes,yes,0,,,,gemma4it_tb_hornet4.json
hornet,4,none,547,136,TimeBlind/videos/vid_00136_1.mp4,Does the person take the clothes off?,yes,No,no,0,,,,gemma4it_tb_hornet4.json
hornet,4,none,548,137,TimeBlind/videos/vid_00137_0.mp4,"In the video, does the person switch from pushing the door to pulling it?",yes,No,no,0,,,,gemma4it_tb_hornet4.json
hornet,4,none,549,137,TimeBlind/videos/vid_00137_1.mp4,"In the video, does the person switch from pushing the door to pulling it?",no,No,no,1,,,,gemma4it_tb_hornet4.json
hornet,4,none,550,137,TimeBlind/videos/vid_00137_0.mp4,"In the video, does the person switch from pulling the door to pushing it?",no,No,no,1,,,,gemma4it_tb_hornet4.json
hornet,4,none,551,137,TimeBlind/videos/vid_00137_1.mp4,"In the video, does the person switch from pulling the door to pushing it?",yes,No,no,0,,,,gemma4it_tb_hornet4.json
hornet,4,none,552,138,TimeBlind/videos/vid_00138_0.mp4,Does the puppy go from standing to sitting?,yes,No,no,0,,,,gemma4it_tb_hornet4.json
hornet,4,none,553,138,TimeBlind/videos/vid_00138_1.mp4,Does the puppy go from standing to sitting?,no,No,no,1,,,,gemma4it_tb_hornet4.json
hornet,4,none,554,138,TimeBlind/videos/vid_00138_0.mp4,Does the puppy go from sitting to standing?,no,No,no,1,,,,gemma4it_tb_hornet4.json
hornet,4,none,555,138,TimeBlind/videos/vid_00138_1.mp4,Does the puppy go from sitting to standing?,yes,No,no,0,,,,gemma4it_tb_hornet4.json
hornet,4,none,556,139,TimeBlind/videos/vid_00139_0.mp4,"In the video, does the person open the box first and then close it?",yes,No,no,0,,,,gemma4it_tb_hornet4.json
hornet,4,none,557,139,TimeBlind/videos/vid_00139_1.mp4,"In the video, does the person open the box first and then close it?",no,No,no,1,,,,gemma4it_tb_hornet4.json
hornet,4,none,558,139,TimeBlind/videos/vid_00139_0.mp4,"In the video, does the person close the box first and then open it?",no,No,no,1,,,,gemma4it_tb_hornet4.json
hornet,4,none,559,139,TimeBlind/videos/vid_00139_1.mp4,"In the video, does the person close the box first and then open it?",yes,No,no,0,,,,gemma4it_tb_hornet4.json
hornet,4,none,560,140,TimeBlind/videos/vid_00140_0.mp4,Does the person put the key on the table first and then pick it up?,yes,No,no,0,,,,gemma4it_tb_hornet4.json
hornet,4,none,561,140,TimeBlind/videos/vid_00140_1.mp4,Does the person put the key on the table first and then pick it up?,no,No,no,1,,,,gemma4it_tb_hornet4.json
hornet,4,none,562,140,TimeBlind/videos/vid_00140_0.mp4,Does the person pick up the key first and then put it on the table?,no,No,no,1,,,,gemma4it_tb_hornet4.json
hornet,4,none,563,140,TimeBlind/videos/vid_00140_1.mp4,Does the person pick up the key first and then put it on the table?,yes,No,no,0,,,,gemma4it_tb_hornet4.json
hornet,4,none,564,141,TimeBlind/videos/vid_00141_0.mp4,"In the video, does the person turn the light on first and then turn it off?",yes,No,no,0,,,,gemma4it_tb_hornet4.json
hornet,4,none,565,141,TimeBlind/videos/vid_00141_1.mp4,"In the video, does the person turn the light on first and then turn it off?",no,No,no,1,,,,gemma4it_tb_hornet4.json
hornet,4,none,566,141,TimeBlind/videos/vid_00141_0.mp4,"In the video, does the person turn the light off first and then turn it on?",no,No,no,1,,,,gemma4it_tb_hornet4.json
hornet,4,none,567,141,TimeBlind/videos/vid_00141_1.mp4,"In the video, does the person turn the light off first and then turn it on?",yes,No,no,0,,,,gemma4it_tb_hornet4.json
hornet,4,none,568,142,TimeBlind/videos/vid_00142_0.mp4,"In the video, does the person pour water into the cup and then drink it?",yes,No,no,0,,,,gemma4it_tb_hornet4.json
hornet,4,none,569,142,TimeBlind/videos/vid_00142_1.mp4,"In the video, does the person pour water into the cup and then drink it?",no,No,no,1,,,,gemma4it_tb_hornet4.json
hornet,4,none,570,142,TimeBlind/videos/vid_00142_0.mp4,"In the video, does the person drink the water in the cup first and then pour more water into the cup?",no,No,no,1,,,,gemma4it_tb_hornet4.json
hornet,4,none,571,142,TimeBlind/videos/vid_00142_1.mp4,"In the video, does the person drink the water in the cup first and then pour more water into the cup?",yes,No,no,0,,,,gemma4it_tb_hornet4.json
hornet,4,none,572,143,TimeBlind/videos/vid_00143_0.mp4,Is the girl sitting on the sofa while the boy drinks water?,yes,No,no,0,,,,gemma4it_tb_hornet4.json
hornet,4,none,573,143,TimeBlind/videos/vid_00143_1.mp4,Is the girl sitting on the sofa while the boy drinks water?,no,No,no,1,,,,gemma4it_tb_hornet4.json
hornet,4,none,574,143,TimeBlind/videos/vid_00143_0.mp4,Does the girl sit on the sofa only after the boy finishes drinking water?,no,No,no,1,,,,gemma4it_tb_hornet4.json
hornet,4,none,575,143,TimeBlind/videos/vid_00143_1.mp4,Does the girl sit on the sofa only after the boy finishes drinking water?,yes,No,no,0,,,,gemma4it_tb_hornet4.json
hornet,4,none,576,144,TimeBlind/videos/vid_00144_0.mp4,Does the boy start talking to the girl as soon as she sits down on the sofa?,yes,No,no,0,,,,gemma4it_tb_hornet4.json
hornet,4,none,577,144,TimeBlind/videos/vid_00144_1.mp4,Does the boy start talking to the girl as soon as she sits down on the sofa?,no,No,no,1,,,,gemma4it_tb_hornet4.json
hornet,4,none,578,144,TimeBlind/videos/vid_00144_0.mp4,"After the girl sits on the sofa, do the boy and the girl pause for a moment before they start talking?",no,No,no,1,,,,gemma4it_tb_hornet4.json
hornet,4,none,579,144,TimeBlind/videos/vid_00144_1.mp4,"After the girl sits on the sofa, do the boy and the girl pause for a moment before they start talking?",yes,Yes,yes,1,,,,gemma4it_tb_hornet4.json
hornet,4,none,580,145,TimeBlind/videos/vid_00145_0.mp4,Is the girl talking to the boy while she’s on her phone?,yes,No,no,0,,,,gemma4it_tb_hornet4.json
hornet,4,none,581,145,TimeBlind/videos/vid_00145_1.mp4,Is the girl talking to the boy while she’s on her phone?,no,No,no,1,,,,gemma4it_tb_hornet4.json
hornet,4,none,582,145,TimeBlind/videos/vid_00145_0.mp4,Does the girl talk to the boy after she finishes using her phone??,no,I cannot answer this question because the video does not show the girl talking to the boy after she finishes using her phone.,,0,,,,gemma4it_tb_hornet4.json
hornet,4,none,583,145,TimeBlind/videos/vid_00145_1.mp4,Does the girl talk to the boy after she finishes using her phone??,yes,I cannot answer this question because the video does not show the girl finishing her phone use or talking to the boy.,,0,,,,gemma4it_tb_hornet4.json
hornet,4,none,584,146,TimeBlind/videos/vid_00146_0.mp4,Does the boy spend more time on his phone than the girl does?,yes,No,no,0,,,,gemma4it_tb_hornet4.json
hornet,4,none,585,146,TimeBlind/videos/vid_00146_1.mp4,Does the boy spend more time on his phone than the girl does?,no,No,no,1,,,,gemma4it_tb_hornet4.json
hornet,4,none,586,146,TimeBlind/videos/vid_00146_0.mp4,Does the boy spend less time on his phone than the girl does?,no,No,no,1,,,,gemma4it_tb_hornet4.json
hornet,4,none,587,146,TimeBlind/videos/vid_00146_1.mp4,Does the boy spend less time on his phone than the girl does?,yes,Yes,yes,1,,,,gemma4it_tb_hornet4.json
hornet,4,none,588,147,TimeBlind/videos/vid_00147_0.mp4,Does the girl spend more time holding cats than holding dogs?,yes,Yes,yes,1,,,,gemma4it_tb_hornet4.json
hornet,4,none,589,147,TimeBlind/videos/vid_00147_1.mp4,Does the girl spend more time holding cats than holding dogs?,no,No,no,1,,,,gemma4it_tb_hornet4.json
hornet,4,none,590,147,TimeBlind/videos/vid_00147_0.mp4,Does the girl spend less time holding cats than holding dogs?,no,No,no,1,,,,gemma4it_tb_hornet4.json
hornet,4,none,591,147,TimeBlind/videos/vid_00147_1.mp4,Does the girl spend less time holding cats than holding dogs?,yes,Yes,yes,1,,,,gemma4it_tb_hornet4.json
hornet,4,none,592,148,TimeBlind/videos/vid_00148_0.mp4,"In the video, do both people pick up the same remote?",yes,No,no,0,,,,gemma4it_tb_hornet4.json
hornet,4,none,593,148,TimeBlind/videos/vid_00148_1.mp4,"In the video, do both people pick up the same remote?",no,No,no,1,,,,gemma4it_tb_hornet4.json
hornet,4,none,594,148,TimeBlind/videos/vid_00148_0.mp4,Is only one person picking up the remote?,no,Yes,yes,0,,,,gemma4it_tb_hornet4.json
hornet,4,none,595,148,TimeBlind/videos/vid_00148_1.mp4,Is only one person picking up the remote?,yes,No,no,0,,,,gemma4it_tb_hornet4.json
hornet,4,none,596,149,TimeBlind/videos/vid_00149_0.mp4,Do the girl and the boy both pick up the same book?,yes,No,no,0,,,,gemma4it_tb_hornet4.json
hornet,4,none,597,149,TimeBlind/videos/vid_00149_1.mp4,Do the girl and the boy both pick up the same book?,no,No,no,1,,,,gemma4it_tb_hornet4.json
hornet,4,none,598,149,TimeBlind/videos/vid_00149_0.mp4,Do the girl and the boy pick up different books?,no,No,no,1,,,,gemma4it_tb_hornet4.json
hornet,4,none,599,149,TimeBlind/videos/vid_00149_1.mp4,Do the girl and the boy pick up different books?,yes,Yes,yes,1,,,,gemma4it_tb_hornet4.json
hornet,4,none,600,150,TimeBlind/videos/vid_00150_0.mp4,"In the video, does the first person jump farther than the second person?",yes,No,no,0,,,,gemma4it_tb_hornet4.json
hornet,4,none,601,150,TimeBlind/videos/vid_00150_1.mp4,"In the video, does the first person jump farther than the second person?",no,No,no,1,,,,gemma4it_tb_hornet4.json
hornet,4,none,602,150,TimeBlind/videos/vid_00150_0.mp4,"In the video, does the first person jump a shorter distance than the second person?",no,No,no,1,,,,gemma4it_tb_hornet4.json
hornet,4,none,603,150,TimeBlind/videos/vid_00150_1.mp4,"In the video, does the first person jump a shorter distance than the second person?",yes,No,no,0,,,,gemma4it_tb_hornet4.json
hornet,4,none,604,151,TimeBlind/videos/vid_00151_0.mp4,"In the video, does the boy pick up the cup more often than the girl does?",yes,No,no,0,,,,gemma4it_tb_hornet4.json
hornet,4,none,605,151,TimeBlind/videos/vid_00151_1.mp4,"In the video, does the boy pick up the cup more often than the girl does?",no,No,no,1,,,,gemma4it_tb_hornet4.json
hornet,4,none,606,151,TimeBlind/videos/vid_00151_0.mp4,Does the boy pick up the cup less often than the girl in the video?,no,No,no,1,,,,gemma4it_tb_hornet4.json
hornet,4,none,607,151,TimeBlind/videos/vid_00151_1.mp4,Does the boy pick up the cup less often than the girl in the video?,yes,No,no,0,,,,gemma4it_tb_hornet4.json
hornet,4,none,608,152,TimeBlind/videos/vid_00152_0.mp4,"In the video, does the person actually pick up the cup?",yes,No,no,0,,,,gemma4it_tb_hornet4.json
hornet,4,none,609,152,TimeBlind/videos/vid_00152_1.mp4,"In the video, does the person actually pick up the cup?",no,No,no,1,,,,gemma4it_tb_hornet4.json
hornet,4,none,610,152,TimeBlind/videos/vid_00152_0.mp4,"In the video, does the person only pretend to pick up the cup?",no,No,no,1,,,,gemma4it_tb_hornet4.json
hornet,4,none,611,152,TimeBlind/videos/vid_00152_1.mp4,"In the video, does the person only pretend to pick up the cup?",yes,No,no,0,,,,gemma4it_tb_hornet4.json
hornet,4,none,612,153,TimeBlind/videos/vid_00153_0.mp4,Is the hair dryer plugged into the outlet?,yes,Yes,yes,1,,,,gemma4it_tb_hornet4.json
hornet,4,none,613,153,TimeBlind/videos/vid_00153_1.mp4,Is the hair dryer plugged into the outlet?,no,No,no,1,,,,gemma4it_tb_hornet4.json
hornet,4,none,614,153,TimeBlind/videos/vid_00153_0.mp4,Is the hair dryer unplugged from the outlet?,no,No,no,1,,,,gemma4it_tb_hornet4.json
hornet,4,none,615,153,TimeBlind/videos/vid_00153_1.mp4,Is the hair dryer unplugged from the outlet?,yes,No,no,0,,,,gemma4it_tb_hornet4.json
hornet,4,none,616,154,TimeBlind/videos/vid_00154_0.mp4,Does the video show someone throwing a ball?,yes,Yes,yes,1,,,,gemma4it_tb_hornet4.json
hornet,4,none,617,154,TimeBlind/videos/vid_00154_1.mp4,Does the video show someone throwing a ball?,no,Yes,yes,0,,,,gemma4it_tb_hornet4.json
hornet,4,none,618,154,TimeBlind/videos/vid_00154_0.mp4,Does the video show someone catching a ball?,no,No,no,1,,,,gemma4it_tb_hornet4.json
hornet,4,none,619,154,TimeBlind/videos/vid_00154_1.mp4,Does the video show someone catching a ball?,yes,No,no,0,,,,gemma4it_tb_hornet4.json
hornet,4,none,620,155,TimeBlind/videos/vid_00155_0.mp4,Is the light turned on and off twice in the video?,yes,No,no,0,,,,gemma4it_tb_hornet4.json
hornet,4,none,621,155,TimeBlind/videos/vid_00155_1.mp4,Is the light turned on and off twice in the video?,no,No,no,1,,,,gemma4it_tb_hornet4.json
hornet,4,none,622,155,TimeBlind/videos/vid_00155_0.mp4,Is the light turned on and off three times in the video?,no,No,no,1,,,,gemma4it_tb_hornet4.json
hornet,4,none,623,155,TimeBlind/videos/vid_00155_1.mp4,Is the light turned on and off three times in the video?,yes,No,no,0,,,,gemma4it_tb_hornet4.json
hornet,4,none,624,156,TimeBlind/videos/vid_00156_0.mp4,"In the video, does the person flip through two books?",yes,No,no,0,,,,gemma4it_tb_hornet4.json
hornet,4,none,625,156,TimeBlind/videos/vid_00156_1.mp4,"In the video, does the person flip through two books?",no,Yes,yes,0,,,,gemma4it_tb_hornet4.json
hornet,4,none,626,156,TimeBlind/videos/vid_00156_0.mp4,"In the video, does the person flip through three books?",no,No,no,1,,,,gemma4it_tb_hornet4.json
hornet,4,none,627,156,TimeBlind/videos/vid_00156_1.mp4,"In the video, does the person flip through three books?",yes,No,no,0,,,,gemma4it_tb_hornet4.json
hornet,4,none,628,157,TimeBlind/videos/vid_00157_0.mp4,Does the person first draw a square and then a circle on the paper?,yes,No,no,0,,,,gemma4it_tb_hornet4.json
hornet,4,none,629,157,TimeBlind/videos/vid_00157_1.mp4,Does the person first draw a square and then a circle on the paper?,no,No,no,1,,,,gemma4it_tb_hornet4.json
hornet,4,none,630,157,TimeBlind/videos/vid_00157_0.mp4,Does the person first draw a circle and then a square on the paper?,no,No,no,1,,,,gemma4it_tb_hornet4.json
hornet,4,none,631,157,TimeBlind/videos/vid_00157_1.mp4,Does the person first draw a circle and then a square on the paper?,yes,No,no,0,,,,gemma4it_tb_hornet4.json
hornet,4,none,632,158,TimeBlind/videos/vid_00158_0.mp4,Does the person type 'food' before typing 'apple' on the computer screen?,yes,No,no,0,,,,gemma4it_tb_hornet4.json
hornet,4,none,633,158,TimeBlind/videos/vid_00158_1.mp4,Does the person type 'food' before typing 'apple' on the computer screen?,no,No,no,1,,,,gemma4it_tb_hornet4.json
hornet,4,none,634,158,TimeBlind/videos/vid_00158_0.mp4,Does the person type 'apple' before typing 'food'?,no,No,no,1,,,,gemma4it_tb_hornet4.json
hornet,4,none,635,158,TimeBlind/videos/vid_00158_1.mp4,Does the person type 'apple' before typing 'food'?,yes,No,no,0,,,,gemma4it_tb_hornet4.json
hornet,4,none,636,159,TimeBlind/videos/vid_00159_0.mp4,"From the camera’s perspective, is the ball spinning to the left?",yes,No,no,0,,,,gemma4it_tb_hornet4.json
hornet,4,none,637,159,TimeBlind/videos/vid_00159_1.mp4,"From the camera’s perspective, is the ball spinning to the left?",no,No,no,1,,,,gemma4it_tb_hornet4.json
hornet,4,none,638,159,TimeBlind/videos/vid_00159_0.mp4,"From the camera's perspective, is the ball spinning to the right?",no,No,no,1,,,,gemma4it_tb_hornet4.json
hornet,4,none,639,159,TimeBlind/videos/vid_00159_1.mp4,"From the camera's perspective, is the ball spinning to the right?",yes,No,no,0,,,,gemma4it_tb_hornet4.json
hornet,4,none,640,160,TimeBlind/videos/vid_00160_0.mp4,"At the beginning of the video, does the person jump rope quickly?",yes,No,no,0,,,,gemma4it_tb_hornet4.json
hornet,4,none,641,160,TimeBlind/videos/vid_00160_1.mp4,"At the beginning of the video, does the person jump rope quickly?",no,No,no,1,,,,gemma4it_tb_hornet4.json
hornet,4,none,642,160,TimeBlind/videos/vid_00160_0.mp4,"At the beginning of the video, does the person jump rope slowly?",no,No,no,1,,,,gemma4it_tb_hornet4.json
hornet,4,none,643,160,TimeBlind/videos/vid_00160_1.mp4,"At the beginning of the video, does the person jump rope slowly?",yes,No,no,0,,,,gemma4it_tb_hornet4.json
hornet,4,none,644,161,TimeBlind/videos/vid_00161_0.mp4,"While the man is holding it, does the wine glass rotate only about halfway around?",yes,No,no,0,,,,gemma4it_tb_hornet4.json
hornet,4,none,645,161,TimeBlind/videos/vid_00161_1.mp4,"While the man is holding it, does the wine glass rotate only about halfway around?",no,No,no,1,,,,gemma4it_tb_hornet4.json
hornet,4,none,646,161,TimeBlind/videos/vid_00161_0.mp4,"While the man is holding it, does the wine glass rotate at least one full turn?",no,No,no,1,,,,gemma4it_tb_hornet4.json
hornet,4,none,647,161,TimeBlind/videos/vid_00161_1.mp4,"While the man is holding it, does the wine glass rotate at least one full turn?",yes,No,no,0,,,,gemma4it_tb_hornet4.json
hornet,4,none,648,162,TimeBlind/videos/vid_00162_0.mp4,"In the video, does the person stop before folding the clothes into a square?",yes,No,no,0,,,,gemma4it_tb_hornet4.json
hornet,4,none,649,162,TimeBlind/videos/vid_00162_1.mp4,"In the video, does the person stop before folding the clothes into a square?",no,Yes,yes,0,,,,gemma4it_tb_hornet4.json
hornet,4,none,650,162,TimeBlind/videos/vid_00162_0.mp4,"In the video, does the person successfully fold the clothes into a square?",no,No,no,1,,,,gemma4it_tb_hornet4.json
hornet,4,none,651,162,TimeBlind/videos/vid_00162_1.mp4,"In the video, does the person successfully fold the clothes into a square?",yes,No,no,0,,,,gemma4it_tb_hornet4.json
hornet,4,none,652,163,TimeBlind/videos/vid_00163_0.mp4,Does the person in the video leave the door partially open?,yes,No,no,0,,,,gemma4it_tb_hornet4.json
hornet,4,none,653,163,TimeBlind/videos/vid_00163_1.mp4,Does the person in the video leave the door partially open?,no,Yes,yes,0,,,,gemma4it_tb_hornet4.json
hornet,4,none,654,163,TimeBlind/videos/vid_00163_0.mp4,Does the person in the video close the door all the way?,no,No,no,1,,,,gemma4it_tb_hornet4.json
hornet,4,none,655,163,TimeBlind/videos/vid_00163_1.mp4,Does the person in the video close the door all the way?,yes,No,no,0,,,,gemma4it_tb_hornet4.json
hornet,4,none,656,164,TimeBlind/videos/vid_00164_0.mp4,Is the portrait in the first photo darker than the one in the second?,yes,No,no,0,,,,gemma4it_tb_hornet4.json
hornet,4,none,657,164,TimeBlind/videos/vid_00164_1.mp4,Is the portrait in the first photo darker than the one in the second?,no,No,no,1,,,,gemma4it_tb_hornet4.json
hornet,4,none,658,164,TimeBlind/videos/vid_00164_0.mp4,Is the portrait in the second photo darker than the one in the first photo?,no,No,no,1,,,,gemma4it_tb_hornet4.json
hornet,4,none,659,164,TimeBlind/videos/vid_00164_1.mp4,Is the portrait in the second photo darker than the one in the first photo?,yes,No,no,0,,,,gemma4it_tb_hornet4.json
hornet,4,none,660,165,TimeBlind/videos/vid_00165_0.mp4,Does the person wearing white jump higher than the person wearing black?,yes,No,no,0,,,,gemma4it_tb_hornet4.json
hornet,4,none,661,165,TimeBlind/videos/vid_00165_1.mp4,Does the person wearing white jump higher than the person wearing black?,no,No,no,1,,,,gemma4it_tb_hornet4.json
hornet,4,none,662,165,TimeBlind/videos/vid_00165_0.mp4,Does the person wearing black jump higher than the person wearing white?,no,No,no,1,,,,gemma4it_tb_hornet4.json
hornet,4,none,663,165,TimeBlind/videos/vid_00165_1.mp4,Does the person wearing black jump higher than the person wearing white?,yes,Yes,yes,1,,,,gemma4it_tb_hornet4.json
hornet,4,none,664,166,TimeBlind/videos/vid_00166_0.mp4,"When the camera is pointed at them, does the person greet the camera?",yes,No,no,0,,,,gemma4it_tb_hornet4.json
hornet,4,none,665,166,TimeBlind/videos/vid_00166_1.mp4,"When the camera is pointed at them, does the person greet the camera?",no,No,no,1,,,,gemma4it_tb_hornet4.json
hornet,4,none,666,166,TimeBlind/videos/vid_00166_0.mp4,"When the camera is pointed at them, does the person not greet the camera?",no,Yes,yes,0,,,,gemma4it_tb_hornet4.json
hornet,4,none,667,166,TimeBlind/videos/vid_00166_1.mp4,"When the camera is pointed at them, does the person not greet the camera?",yes,Yes,yes,1,,,,gemma4it_tb_hornet4.json
hornet,4,none,668,167,TimeBlind/videos/vid_00167_0.mp4,Is the door being closed gently?,yes,No,no,0,,,,gemma4it_tb_hornet4.json
hornet,4,none,669,167,TimeBlind/videos/vid_00167_1.mp4,Is the door being closed gently?,no,No,no,1,,,,gemma4it_tb_hornet4.json
hornet,4,none,670,167,TimeBlind/videos/vid_00167_0.mp4,Is the door being closed gently?,no,No,no,1,,,,gemma4it_tb_hornet4.json
hornet,4,none,671,167,TimeBlind/videos/vid_00167_1.mp4,Is the door being closed gently?,yes,No,no,0,,,,gemma4it_tb_hornet4.json
hornet,4,none,672,168,TimeBlind/videos/vid_00168_0.mp4,Does the person take lychees out of a plastic bag three times?,yes,No,no,0,,,,gemma4it_tb_hornet4.json
hornet,4,none,673,168,TimeBlind/videos/vid_00168_1.mp4,Does the person take lychees out of a plastic bag three times?,no,No,no,1,,,,gemma4it_tb_hornet4.json
hornet,4,none,674,168,TimeBlind/videos/vid_00168_0.mp4,Does the person put the lychees into the plastic bag three times?,no,No,no,1,,,,gemma4it_tb_hornet4.json
hornet,4,none,675,168,TimeBlind/videos/vid_00168_1.mp4,Does the person put the lychees into the plastic bag three times?,yes,No,no,0,,,,gemma4it_tb_hornet4.json
hornet,4,none,676,169,TimeBlind/videos/vid_00169_0.mp4,Are the lychees put into a plastic bag only once?,yes,No,no,0,,,,gemma4it_tb_hornet4.json
hornet,4,none,677,169,TimeBlind/videos/vid_00169_1.mp4,Are the lychees put into a plastic bag only once?,no,No,no,1,,,,gemma4it_tb_hornet4.json
hornet,4,none,678,169,TimeBlind/videos/vid_00169_0.mp4,Are the lychees put into a plastic bag three times?,no,No,no,1,,,,gemma4it_tb_hornet4.json
hornet,4,none,679,169,TimeBlind/videos/vid_00169_1.mp4,Are the lychees put into a plastic bag three times?,yes,No,no,0,,,,gemma4it_tb_hornet4.json
hornet,4,none,680,170,TimeBlind/videos/vid_00170_0.mp4,Does the number of eggplants in the person's left hand gradually increase from 0 to 3?,yes,No,no,0,,,,gemma4it_tb_hornet4.json
hornet,4,none,681,170,TimeBlind/videos/vid_00170_1.mp4,Does the number of eggplants in the person's left hand gradually increase from 0 to 3?,no,No,no,1,,,,gemma4it_tb_hornet4.json
hornet,4,none,682,170,TimeBlind/videos/vid_00170_0.mp4,Does the number of eggplants in the person's left hand decrease from three to zero?,no,No,no,1,,,,gemma4it_tb_hornet4.json
hornet,4,none,683,170,TimeBlind/videos/vid_00170_1.mp4,Does the number of eggplants in the person's left hand decrease from three to zero?,yes,No,no,0,,,,gemma4it_tb_hornet4.json
hornet,4,none,684,171,TimeBlind/videos/vid_00171_0.mp4,Is the person touching the screen?,yes,Yes,yes,1,,,,gemma4it_tb_hornet4.json
hornet,4,none,685,171,TimeBlind/videos/vid_00171_1.mp4,Is the person touching the screen?,no,No,no,1,,,,gemma4it_tb_hornet4.json
hornet,4,none,686,171,TimeBlind/videos/vid_00171_0.mp4,Is this person touching the screen?,no,Yes,yes,0,,,,gemma4it_tb_hornet4.json
hornet,4,none,687,171,TimeBlind/videos/vid_00171_1.mp4,Is this person touching the screen?,yes,No,no,0,,,,gemma4it_tb_hornet4.json
hornet,4,none,688,172,TimeBlind/videos/vid_00172_0.mp4,"Over the course of the video, are two new items added to the self-checkout screen?",yes,No,no,0,,,,gemma4it_tb_hornet4.json
hornet,4,none,689,172,TimeBlind/videos/vid_00172_1.mp4,"Over the course of the video, are two new items added to the self-checkout screen?",no,No,no,1,,,,gemma4it_tb_hornet4.json
hornet,4,none,690,172,TimeBlind/videos/vid_00172_0.mp4,"Over the course of the video, are three new items added to the self-checkout screen?",no,No,no,1,,,,gemma4it_tb_hornet4.json
hornet,4,none,691,172,TimeBlind/videos/vid_00172_1.mp4,"Over the course of the video, are three new items added to the self-checkout screen?",yes,No,no,0,,,,gemma4it_tb_hornet4.json
hornet,4,none,692,173,TimeBlind/videos/vid_00173_0.mp4,Is the racket mostly still before it's shaken?,yes,Yes,yes,1,,,,gemma4it_tb_hornet4.json
hornet,4,none,693,173,TimeBlind/videos/vid_00173_1.mp4,Is the racket mostly still before it's shaken?,no,Yes,yes,0,,,,gemma4it_tb_hornet4.json
hornet,4,none,694,173,TimeBlind/videos/vid_00173_0.mp4,Does the racket shake first and then become almost still?,no,No,no,1,,,,gemma4it_tb_hornet4.json
hornet,4,none,695,173,TimeBlind/videos/vid_00173_1.mp4,Does the racket shake first and then become almost still?,yes,No,no,0,,,,gemma4it_tb_hornet4.json
hornet,4,none,696,174,TimeBlind/videos/vid_00174_0.mp4,Does the person twirl the racket while walking in the video?,yes,No,no,0,,,,gemma4it_tb_hornet4.json
hornet,4,none,697,174,TimeBlind/videos/vid_00174_1.mp4,Does the person twirl the racket while walking in the video?,no,No,no,1,,,,gemma4it_tb_hornet4.json
hornet,4,none,698,174,TimeBlind/videos/vid_00174_0.mp4,Does the person flip the racket while walking in the video?,no,No,no,1,,,,gemma4it_tb_hornet4.json
hornet,4,none,699,174,TimeBlind/videos/vid_00174_1.mp4,Does the person flip the racket while walking in the video?,yes,No,no,0,,,,gemma4it_tb_hornet4.json
hornet,4,none,700,175,TimeBlind/videos/vid_00175_0.mp4,Is the person in the video flipping a racket while standing still?,yes,No,no,0,,,,gemma4it_tb_hornet4.json
hornet,4,none,701,175,TimeBlind/videos/vid_00175_1.mp4,Is the person in the video flipping a racket while standing still?,no,No,no,1,,,,gemma4it_tb_hornet4.json
hornet,4,none,702,175,TimeBlind/videos/vid_00175_0.mp4,Is the person in the video twirling a racket while walking?,no,No,no,1,,,,gemma4it_tb_hornet4.json
hornet,4,none,703,175,TimeBlind/videos/vid_00175_1.mp4,Is the person in the video twirling a racket while walking?,yes,No,no,0,,,,gemma4it_tb_hornet4.json
hornet,4,none,704,176,TimeBlind/videos/vid_00176_0.mp4,Do a total of four shuttlecocks appear in the video?,yes,No,no,0,,,,gemma4it_tb_hornet4.json
hornet,4,none,705,176,TimeBlind/videos/vid_00176_1.mp4,Do a total of four shuttlecocks appear in the video?,no,No,no,1,,,,gemma4it_tb_hornet4.json
hornet,4,none,706,176,TimeBlind/videos/vid_00176_0.mp4,Do a total of five shuttlecocks appear in the video?,no,No,no,1,,,,gemma4it_tb_hornet4.json
hornet,4,none,707,176,TimeBlind/videos/vid_00176_1.mp4,Do a total of five shuttlecocks appear in the video?,yes,No,no,0,,,,gemma4it_tb_hornet4.json
hornet,4,none,708,177,TimeBlind/videos/vid_00177_0.mp4,Is the racket flipped to the left twice in the video?,yes,No,no,0,,,,gemma4it_tb_hornet4.json
hornet,4,none,709,177,TimeBlind/videos/vid_00177_1.mp4,Is the racket flipped to the left twice in the video?,no,No,no,1,,,,gemma4it_tb_hornet4.json
hornet,4,none,710,177,TimeBlind/videos/vid_00177_0.mp4,Is the racket flipped to the left three times in the video?,no,No,no,1,,,,gemma4it_tb_hornet4.json
hornet,4,none,711,177,TimeBlind/videos/vid_00177_1.mp4,Is the racket flipped to the left three times in the video?,yes,No,no,0,,,,gemma4it_tb_hornet4.json
hornet,4,none,712,178,TimeBlind/videos/vid_00178_0.mp4,Does the racket rotate only about 90 degrees to the left before returning to its original position?,yes,No,no,0,,,,gemma4it_tb_hornet4.json
hornet,4,none,713,178,TimeBlind/videos/vid_00178_1.mp4,Does the racket rotate only about 90 degrees to the left before returning to its original position?,no,No,no,1,,,,gemma4it_tb_hornet4.json
hornet,4,none,714,178,TimeBlind/videos/vid_00178_0.mp4,Does the racket rotate approximately 180 degrees to the left and then return to its original position?,no,No,no,1,,,,gemma4it_tb_hornet4.json
hornet,4,none,715,178,TimeBlind/videos/vid_00178_1.mp4,Does the racket rotate approximately 180 degrees to the left and then return to its original position?,yes,No,no,0,,,,gemma4it_tb_hornet4.json
hornet,4,none,716,179,TimeBlind/videos/vid_00179_0.mp4,Does the racket stay steady without any noticeable wobble?,yes,Yes,yes,1,,,,gemma4it_tb_hornet4.json
hornet,4,none,717,179,TimeBlind/videos/vid_00179_1.mp4,Does the racket stay steady without any noticeable wobble?,no,No,no,1,,,,gemma4it_tb_hornet4.json
hornet,4,none,718,179,TimeBlind/videos/vid_00179_0.mp4,Does the racket wobble noticeably?,no,No,no,1,,,,gemma4it_tb_hornet4.json
hornet,4,none,719,179,TimeBlind/videos/vid_00179_1.mp4,Does the racket wobble noticeably?,yes,No,no,0,,,,gemma4it_tb_hornet4.json
hornet,4,none,720,180,TimeBlind/videos/vid_00180_0.mp4,Is the person standing still while twirling a racket?,yes,No,no,0,,,,gemma4it_tb_hornet4.json
hornet,4,none,721,180,TimeBlind/videos/vid_00180_1.mp4,Is the person standing still while twirling a racket?,no,No,no,1,,,,gemma4it_tb_hornet4.json
hornet,4,none,722,180,TimeBlind/videos/vid_00180_0.mp4,Is the person rotating the racket while walking?,no,No,no,1,,,,gemma4it_tb_hornet4.json
hornet,4,none,723,180,TimeBlind/videos/vid_00180_1.mp4,Is the person rotating the racket while walking?,yes,No,no,0,,,,gemma4it_tb_hornet4.json
hornet,4,none,724,181,TimeBlind/videos/vid_00181_0.mp4,Does the player rotate the racket before moving it forward?,yes,No,no,0,,,,gemma4it_tb_hornet4.json
hornet,4,none,725,181,TimeBlind/videos/vid_00181_1.mp4,Does the player rotate the racket before moving it forward?,no,No,no,1,,,,gemma4it_tb_hornet4.json
hornet,4,none,726,181,TimeBlind/videos/vid_00181_0.mp4,Does the person step forward first and then rotate their racket?,no,No,no,1,,,,gemma4it_tb_hornet4.json
hornet,4,none,727,181,TimeBlind/videos/vid_00181_1.mp4,Does the person step forward first and then rotate their racket?,yes,No,no,0,,,,gemma4it_tb_hornet4.json
hornet,4,none,728,182,TimeBlind/videos/vid_00182_0.mp4,Is the person clearly not touching the net with their badminton racket?,yes,No,no,0,,,,gemma4it_tb_hornet4.json
hornet,4,none,729,182,TimeBlind/videos/vid_00182_1.mp4,Is the person clearly not touching the net with their badminton racket?,no,No,no,1,,,,gemma4it_tb_hornet4.json
hornet,4,none,730,182,TimeBlind/videos/vid_00182_0.mp4,Is the person clearly touching the net with their badminton racket?,no,No,no,1,,,,gemma4it_tb_hornet4.json
hornet,4,none,731,182,TimeBlind/videos/vid_00182_1.mp4,Is the person clearly touching the net with their badminton racket?,yes,No,no,0,,,,gemma4it_tb_hornet4.json
hornet,4,none,732,183,TimeBlind/videos/vid_00183_0.mp4,Does the person in the video swing the racket exactly three times?,yes,No,no,0,,,,gemma4it_tb_hornet4.json
hornet,4,none,733,183,TimeBlind/videos/vid_00183_1.mp4,Does the person in the video swing the racket exactly three times?,no,No,no,1,,,,gemma4it_tb_hornet4.json
hornet,4,none,734,183,TimeBlind/videos/vid_00183_0.mp4,Does the person in the video swing a racket four times?,no,No,no,1,,,,gemma4it_tb_hornet4.json
hornet,4,none,735,183,TimeBlind/videos/vid_00183_1.mp4,Does the person in the video swing a racket four times?,yes,No,no,0,,,,gemma4it_tb_hornet4.json
hornet,4,none,736,184,TimeBlind/videos/vid_00184_0.mp4,Does this person's first shot travel a shorter distance than their second?,yes,No,no,0,,,,gemma4it_tb_hornet4.json
hornet,4,none,737,184,TimeBlind/videos/vid_00184_1.mp4,Does this person's first shot travel a shorter distance than their second?,no,I cannot answer this question because the video does not show the person's first and second shots.,,0,,,,gemma4it_tb_hornet4.json
hornet,4,none,738,184,TimeBlind/videos/vid_00184_0.mp4,Is this person's first shot farther than their second?,no,No,no,1,,,,gemma4it_tb_hornet4.json
hornet,4,none,739,184,TimeBlind/videos/vid_00184_1.mp4,Is this person's first shot farther than their second?,yes,No,no,0,,,,gemma4it_tb_hornet4.json
hornet,4,none,740,185,TimeBlind/videos/vid_00185_0.mp4,"In the video, does the second shot reach a lower height than the first?",yes,No,no,0,,,,gemma4it_tb_hornet4.json
hornet,4,none,741,185,TimeBlind/videos/vid_00185_1.mp4,"In the video, does the second shot reach a lower height than the first?",no,No,no,1,,,,gemma4it_tb_hornet4.json
hornet,4,none,742,185,TimeBlind/videos/vid_00185_0.mp4,"In the video, does the second shot reach a higher height than the first?",no,No,no,1,,,,gemma4it_tb_hornet4.json
hornet,4,none,743,185,TimeBlind/videos/vid_00185_1.mp4,"In the video, does the second shot reach a higher height than the first?",yes,No,no,0,,,,gemma4it_tb_hornet4.json
hornet,4,none,744,186,TimeBlind/videos/vid_00186_0.mp4,Does the person hit the ball on the first try?,yes,No,no,0,,,,gemma4it_tb_hornet4.json
hornet,4,none,745,186,TimeBlind/videos/vid_00186_1.mp4,Does the person hit the ball on the first try?,no,No,no,1,,,,gemma4it_tb_hornet4.json
hornet,4,none,746,186,TimeBlind/videos/vid_00186_0.mp4,Does the person miss the ball on the first swing but hit it on the second?,no,No,no,1,,,,gemma4it_tb_hornet4.json
hornet,4,none,747,186,TimeBlind/videos/vid_00186_1.mp4,Does the person miss the ball on the first swing but hit it on the second?,yes,No,no,0,,,,gemma4it_tb_hornet4.json
hornet,4,none,748,187,TimeBlind/videos/vid_00187_0.mp4,Does the player hit the ball with the racket four times?,yes,No,no,0,,,,gemma4it_tb_hornet4.json
hornet,4,none,749,187,TimeBlind/videos/vid_00187_1.mp4,Does the player hit the ball with the racket four times?,no,No,no,1,,,,gemma4it_tb_hornet4.json
hornet,4,none,750,187,TimeBlind/videos/vid_00187_0.mp4,Does the player hit the ball with the racket five times?,no,No,no,1,,,,gemma4it_tb_hornet4.json
hornet,4,none,751,187,TimeBlind/videos/vid_00187_1.mp4,Does the player hit the ball with the racket five times?,yes,No,no,0,,,,gemma4it_tb_hornet4.json
hornet,4,none,752,188,TimeBlind/videos/vid_00188_0.mp4,Does the person successfully catch the falling shuttlecock with their hand?,yes,No,no,0,,,,gemma4it_tb_hornet4.json
hornet,4,none,753,188,TimeBlind/videos/vid_00188_1.mp4,Does the person successfully catch the falling shuttlecock with their hand?,no,No,no,1,,,,gemma4it_tb_hornet4.json
hornet,4,none,754,188,TimeBlind/videos/vid_00188_0.mp4,Does the person fail to catch the falling shuttlecock with their hand?,no,No,no,1,,,,gemma4it_tb_hornet4.json
hornet,4,none,755,188,TimeBlind/videos/vid_00188_1.mp4,Does the person fail to catch the falling shuttlecock with their hand?,yes,Yes,yes,1,,,,gemma4it_tb_hornet4.json
hornet,4,none,756,189,TimeBlind/videos/vid_00189_0.mp4,Does the person go from holding 0 to 4 shuttlecocks?,yes,No,no,0,,,,gemma4it_tb_hornet4.json
hornet,4,none,757,189,TimeBlind/videos/vid_00189_1.mp4,Does the person go from holding 0 to 4 shuttlecocks?,no,No,no,1,,,,gemma4it_tb_hornet4.json
hornet,4,none,758,189,TimeBlind/videos/vid_00189_0.mp4,Does the person go from holding zero shuttlecocks to holding three?,no,No,no,1,,,,gemma4it_tb_hornet4.json
hornet,4,none,759,189,TimeBlind/videos/vid_00189_1.mp4,Does the person go from holding zero shuttlecocks to holding three?,yes,No,no,0,,,,gemma4it_tb_hornet4.json
hornet,4,none,760,190,TimeBlind/videos/vid_00190_0.mp4,"While he’s picking them up, does no shuttlecock fall from his hand?",yes,No,no,0,,,,gemma4it_tb_hornet4.json
hornet,4,none,761,190,TimeBlind/videos/vid_00190_1.mp4,"While he’s picking them up, does no shuttlecock fall from his hand?",no,No,no,1,,,,gemma4it_tb_hornet4.json
hornet,4,none,762,190,TimeBlind/videos/vid_00190_0.mp4,"While he’s picking them up, does one shuttlecock slip from his hand and fall?",no,No,no,1,,,,gemma4it_tb_hornet4.json
hornet,4,none,763,190,TimeBlind/videos/vid_00190_1.mp4,"While he’s picking them up, does one shuttlecock slip from his hand and fall?",yes,Yes,yes,1,,,,gemma4it_tb_hornet4.json
hornet,4,none,764,191,TimeBlind/videos/vid_00191_0.mp4,Does the sphere stay red longer than it stays yellow?,yes,No,no,0,,,,gemma4it_tb_hornet4.json
hornet,4,none,765,191,TimeBlind/videos/vid_00191_1.mp4,Does the sphere stay red longer than it stays yellow?,no,No,no,1,,,,gemma4it_tb_hornet4.json
hornet,4,none,766,191,TimeBlind/videos/vid_00191_0.mp4,Is the sphere yellow for longer than it is red?,no,Yes,yes,0,,,,gemma4it_tb_hornet4.json
hornet,4,none,767,191,TimeBlind/videos/vid_00191_1.mp4,Is the sphere yellow for longer than it is red?,yes,Yes,yes,1,,,,gemma4it_tb_hornet4.json
hornet,4,none,768,192,TimeBlind/videos/vid_00192_0.mp4,Do both 3D shapes change color suddenly?,yes,No,no,0,,,,gemma4it_tb_hornet4.json
hornet,4,none,769,192,TimeBlind/videos/vid_00192_1.mp4,Do both 3D shapes change color suddenly?,no,Yes,yes,0,,,,gemma4it_tb_hornet4.json
hornet,4,none,770,192,TimeBlind/videos/vid_00192_0.mp4,Do both 3D shapes change color gradually?,no,No,no,1,,,,gemma4it_tb_hornet4.json
hornet,4,none,771,192,TimeBlind/videos/vid_00192_1.mp4,Do both 3D shapes change color gradually?,yes,Yes,yes,1,,,,gemma4it_tb_hornet4.json
hornet,4,none,772,193,TimeBlind/videos/vid_00193_0.mp4,Do the cube and the sphere change color in the same amount of time?,yes,No,no,0,,,,gemma4it_tb_hornet4.json
hornet,4,none,773,193,TimeBlind/videos/vid_00193_1.mp4,Do the cube and the sphere change color in the same amount of time?,no,No,no,1,,,,gemma4it_tb_hornet4.json
hornet,4,none,774,193,TimeBlind/videos/vid_00193_0.mp4,Does the cube take longer to change color than the sphere does?,no,No,no,1,,,,gemma4it_tb_hornet4.json
hornet,4,none,775,193,TimeBlind/videos/vid_00193_1.mp4,Does the cube take longer to change color than the sphere does?,yes,No,no,0,,,,gemma4it_tb_hornet4.json
hornet,4,none,776,194,TimeBlind/videos/vid_00194_0.mp4,Does the sphere start changing color as soon as the cube finishes changing color?,yes,No,no,0,,,,gemma4it_tb_hornet4.json
hornet,4,none,777,194,TimeBlind/videos/vid_00194_1.mp4,Does the sphere start changing color as soon as the cube finishes changing color?,no,No,no,1,,,,gemma4it_tb_hornet4.json
hornet,4,none,778,194,TimeBlind/videos/vid_00194_0.mp4,Do the cube and the sphere change color simultaneously for a while?,no,No,no,1,,,,gemma4it_tb_hornet4.json
hornet,4,none,779,194,TimeBlind/videos/vid_00194_1.mp4,Do the cube and the sphere change color simultaneously for a while?,yes,Yes,yes,1,,,,gemma4it_tb_hornet4.json
hornet,4,none,780,195,TimeBlind/videos/vid_00195_0.mp4,Do the object on the left and the object on the right change color at the same time?,yes,Yes,yes,1,,,,gemma4it_tb_hornet4.json
hornet,4,none,781,195,TimeBlind/videos/vid_00195_1.mp4,Do the object on the left and the object on the right change color at the same time?,no,Yes,yes,0,,,,gemma4it_tb_hornet4.json
hornet,4,none,782,195,TimeBlind/videos/vid_00195_0.mp4,Does the object on the left start changing color before the one on the right?,no,No,no,1,,,,gemma4it_tb_hornet4.json
hornet,4,none,783,195,TimeBlind/videos/vid_00195_1.mp4,Does the object on the left start changing color before the one on the right?,yes,No,no,0,,,,gemma4it_tb_hornet4.json
hornet,4,none,784,196,TimeBlind/videos/vid_00196_0.mp4,Does the cube finish changing color before the sphere finishes?,yes,No,no,0,,,,gemma4it_tb_hornet4.json
hornet,4,none,785,196,TimeBlind/videos/vid_00196_1.mp4,Does the cube finish changing color before the sphere finishes?,no,No,no,1,,,,gemma4it_tb_hornet4.json
hornet,4,none,786,196,TimeBlind/videos/vid_00196_0.mp4,Does the cube finish changing color after the sphere finishes?,no,No,no,1,,,,gemma4it_tb_hornet4.json
hornet,4,none,787,196,TimeBlind/videos/vid_00196_1.mp4,Does the cube finish changing color after the sphere finishes?,yes,No,no,0,,,,gemma4it_tb_hornet4.json
hornet,4,none,788,197,TimeBlind/videos/vid_00197_0.mp4,Does the right object start changing color immediately after the left object finishes?,yes,No,no,0,,,,gemma4it_tb_hornet4.json
hornet,4,none,789,197,TimeBlind/videos/vid_00197_1.mp4,Does the right object start changing color immediately after the left object finishes?,no,No,no,1,,,,gemma4it_tb_hornet4.json
hornet,4,none,790,197,TimeBlind/videos/vid_00197_0.mp4,Is there a delay after the left object finishes changing color before the right object starts?,no,No,no,1,,,,gemma4it_tb_hornet4.json
hornet,4,none,791,197,TimeBlind/videos/vid_00197_1.mp4,Is there a delay after the left object finishes changing color before the right object starts?,yes,No,no,0,,,,gemma4it_tb_hornet4.json
hornet,4,none,792,198,TimeBlind/videos/vid_00198_0.mp4,Is the sphere gradually changing color from pink to yellow?,yes,No,no,0,,,,gemma4it_tb_hornet4.json
hornet,4,none,793,198,TimeBlind/videos/vid_00198_1.mp4,Is the sphere gradually changing color from pink to yellow?,no,No,no,1,,,,gemma4it_tb_hornet4.json
hornet,4,none,794,198,TimeBlind/videos/vid_00198_0.mp4,Does the sphere gradually change color from yellow to pink?,no,No,no,1,,,,gemma4it_tb_hornet4.json
hornet,4,none,795,198,TimeBlind/videos/vid_00198_1.mp4,Does the sphere gradually change color from yellow to pink?,yes,No,no,0,,,,gemma4it_tb_hornet4.json
hornet,4,none,796,199,TimeBlind/videos/vid_00199_0.mp4,Does the sphere's color gradually transition from pink to yellow?,yes,No,no,0,,,,gemma4it_tb_hornet4.json
hornet,4,none,797,199,TimeBlind/videos/vid_00199_1.mp4,Does the sphere's color gradually transition from pink to yellow?,no,No,no,1,,,,gemma4it_tb_hornet4.json
hornet,4,none,798,199,TimeBlind/videos/vid_00199_0.mp4,Does the sphere’s color suddenly change from pink to yellow?,no,No,no,1,,,,gemma4it_tb_hornet4.json
hornet,4,none,799,199,TimeBlind/videos/vid_00199_1.mp4,Does the sphere’s color suddenly change from pink to yellow?,yes,No,no,0,,,,gemma4it_tb_hornet4.json
hornet,4,none,800,200,TimeBlind/videos/vid_00200_0.mp4,Does the cube’s volume change?,yes,No,no,0,,,,gemma4it_tb_hornet4.json
hornet,4,none,801,200,TimeBlind/videos/vid_00200_1.mp4,Does the cube’s volume change?,no,No,no,1,,,,gemma4it_tb_hornet4.json
hornet,4,none,802,200,TimeBlind/videos/vid_00200_0.mp4,Is the cube’s volume constant throughout the video?,no,Yes,yes,0,,,,gemma4it_tb_hornet4.json
hornet,4,none,803,200,TimeBlind/videos/vid_00200_1.mp4,Is the cube’s volume constant throughout the video?,yes,Yes,yes,1,,,,gemma4it_tb_hornet4.json
hornet,4,none,804,201,TimeBlind/videos/vid_00201_0.mp4,Does the object on the left in the video get smaller?,yes,No,no,0,,,,gemma4it_tb_hornet4.json
hornet,4,none,805,201,TimeBlind/videos/vid_00201_1.mp4,Does the object on the left in the video get smaller?,no,No,no,1,,,,gemma4it_tb_hornet4.json
hornet,4,none,806,201,TimeBlind/videos/vid_00201_0.mp4,Does the object on the left side of the video get bigger?,no,No,no,1,,,,gemma4it_tb_hornet4.json
hornet,4,none,807,201,TimeBlind/videos/vid_00201_1.mp4,Does the object on the left side of the video get bigger?,yes,No,no,0,,,,gemma4it_tb_hornet4.json
hornet,4,none,808,202,TimeBlind/videos/vid_00202_0.mp4,Is the sphere on the left side of the frame changing in size?,yes,No,no,0,,,,gemma4it_tb_hornet4.json
hornet,4,none,809,202,TimeBlind/videos/vid_00202_1.mp4,Is the sphere on the left side of the frame changing in size?,no,No,no,1,,,,gemma4it_tb_hornet4.json
hornet,4,none,810,202,TimeBlind/videos/vid_00202_0.mp4,Does the sphere on the right side of the video change in size?,no,No,no,1,,,,gemma4it_tb_hornet4.json
hornet,4,none,811,202,TimeBlind/videos/vid_00202_1.mp4,Does the sphere on the right side of the video change in size?,yes,No,no,0,,,,gemma4it_tb_hornet4.json
hornet,4,none,812,203,TimeBlind/videos/vid_00203_0.mp4,Is the cube blinking at a higher frequency than the sphere?,yes,No,no,0,,,,gemma4it_tb_hornet4.json
hornet,4,none,813,203,TimeBlind/videos/vid_00203_1.mp4,Is the cube blinking at a higher frequency than the sphere?,no,No,no,1,,,,gemma4it_tb_hornet4.json
hornet,4,none,814,203,TimeBlind/videos/vid_00203_0.mp4,Is the cube blinking at a lower frequency than the sphere?,no,No,no,1,,,,gemma4it_tb_hornet4.json
hornet,4,none,815,203,TimeBlind/videos/vid_00203_1.mp4,Is the cube blinking at a lower frequency than the sphere?,yes,No,no,0,,,,gemma4it_tb_hornet4.json
hornet,4,none,816,204,TimeBlind/videos/vid_00204_0.mp4,Do the color changes of the yellow cube and the yellow sphere overlap?,yes,Yes,yes,1,,,,gemma4it_tb_hornet4.json
hornet,4,none,817,204,TimeBlind/videos/vid_00204_1.mp4,Do the color changes of the yellow cube and the yellow sphere overlap?,no,No,no,1,,,,gemma4it_tb_hornet4.json
hornet,4,none,818,204,TimeBlind/videos/vid_00204_0.mp4,Does the yellow sphere start changing color after the yellow cube finishes changing color?,no,No,no,1,,,,gemma4it_tb_hornet4.json
hornet,4,none,819,204,TimeBlind/videos/vid_00204_1.mp4,Does the yellow sphere start changing color after the yellow cube finishes changing color?,yes,No,no,0,,,,gemma4it_tb_hornet4.json
hornet,4,none,820,205,TimeBlind/videos/vid_00205_0.mp4,Is the top light blinking quickly while the bottom light blinks slowly?,yes,No,no,0,,,,gemma4it_tb_hornet4.json
hornet,4,none,821,205,TimeBlind/videos/vid_00205_1.mp4,Is the top light blinking quickly while the bottom light blinks slowly?,no,No,no,1,,,,gemma4it_tb_hornet4.json
hornet,4,none,822,205,TimeBlind/videos/vid_00205_0.mp4,Is the top light blinking slowly while the bottom one blinks quickly?,no,No,no,1,,,,gemma4it_tb_hornet4.json
hornet,4,none,823,205,TimeBlind/videos/vid_00205_1.mp4,Is the top light blinking slowly while the bottom one blinks quickly?,yes,No,no,0,,,,gemma4it_tb_hornet4.json
hornet,4,none,824,206,TimeBlind/videos/vid_00206_0.mp4,Is the cone blinking faster than the sphere?,yes,No,no,0,,,,gemma4it_tb_hornet4.json
hornet,4,none,825,206,TimeBlind/videos/vid_00206_1.mp4,Is the cone blinking faster than the sphere?,no,No,no,1,,,,gemma4it_tb_hornet4.json
hornet,4,none,826,206,TimeBlind/videos/vid_00206_0.mp4,Is the cone blinking slower than the sphere?,no,No,no,1,,,,gemma4it_tb_hornet4.json
hornet,4,none,827,206,TimeBlind/videos/vid_00206_1.mp4,Is the cone blinking slower than the sphere?,yes,No,no,0,,,,gemma4it_tb_hornet4.json
hornet,4,none,828,207,TimeBlind/videos/vid_00207_0.mp4,Does the sphere gradually change from green to yellow and then suddenly change back to green?,yes,Yes,yes,1,,,,gemma4it_tb_hornet4.json
hornet,4,none,829,207,TimeBlind/videos/vid_00207_1.mp4,Does the sphere gradually change from green to yellow and then suddenly change back to green?,no,No,no,1,,,,gemma4it_tb_hornet4.json
hornet,4,none,830,207,TimeBlind/videos/vid_00207_0.mp4,Does the sphere suddenly change from green to yellow and then gradually change back to green?,no,No,no,1,,,,gemma4it_tb_hornet4.json
hornet,4,none,831,207,TimeBlind/videos/vid_00207_1.mp4,Does the sphere suddenly change from green to yellow and then gradually change back to green?,yes,No,no,0,,,,gemma4it_tb_hornet4.json
hornet,4,none,832,208,TimeBlind/videos/vid_00208_0.mp4,Does the cube change its volume over a long time while the cylinder changes its volume in a short time?,yes,No,no,0,,,,gemma4it_tb_hornet4.json
hornet,4,none,833,208,TimeBlind/videos/vid_00208_1.mp4,Does the cube change its volume over a long time while the cylinder changes its volume in a short time?,no,No,no,1,,,,gemma4it_tb_hornet4.json
hornet,4,none,834,208,TimeBlind/videos/vid_00208_0.mp4,Does the cube change its volume in a short time while the cylinder changes its volume over a long time?,no,No,no,1,,,,gemma4it_tb_hornet4.json
hornet,4,none,835,208,TimeBlind/videos/vid_00208_1.mp4,Does the cube change its volume in a short time while the cylinder changes its volume over a long time?,yes,No,no,0,,,,gemma4it_tb_hornet4.json
hornet,4,none,836,209,TimeBlind/videos/vid_00209_0.mp4,Does the cube's height increase more slowly than the cylinder's?,yes,No,no,0,,,,gemma4it_tb_hornet4.json
hornet,4,none,837,209,TimeBlind/videos/vid_00209_1.mp4,Does the cube's height increase more slowly than the cylinder's?,no,No,no,1,,,,gemma4it_tb_hornet4.json
hornet,4,none,838,209,TimeBlind/videos/vid_00209_0.mp4,Is the cube's height increasing faster than the cylinder's height is changing?,no,No,no,1,,,,gemma4it_tb_hornet4.json
hornet,4,none,839,209,TimeBlind/videos/vid_00209_1.mp4,Is the cube's height increasing faster than the cylinder's height is changing?,yes,No,no,0,,,,gemma4it_tb_hornet4.json
hornet,4,none,840,210,TimeBlind/videos/vid_00210_0.mp4,"In the video, the cube bends twice with a short pause between them. Is the first bend slower than the second?",yes,No,no,0,,,,gemma4it_tb_hornet4.json
hornet,4,none,841,210,TimeBlind/videos/vid_00210_1.mp4,"In the video, the cube bends twice with a short pause between them. Is the first bend slower than the second?",no,No,no,1,,,,gemma4it_tb_hornet4.json
hornet,4,none,842,210,TimeBlind/videos/vid_00210_0.mp4,"In the video, the cube bends twice with a short pause in between. Is the first bend faster than the second?",no,No,no,1,,,,gemma4it_tb_hornet4.json
hornet,4,none,843,210,TimeBlind/videos/vid_00210_1.mp4,"In the video, the cube bends twice with a short pause in between. Is the first bend faster than the second?",yes,No,no,0,,,,gemma4it_tb_hornet4.json
hornet,4,none,844,211,TimeBlind/videos/vid_00211_0.mp4,Does the cylinder gradually change back and forth between pink and red?,yes,No,no,0,,,,gemma4it_tb_hornet4.json
hornet,4,none,845,211,TimeBlind/videos/vid_00211_1.mp4,Does the cylinder gradually change back and forth between pink and red?,no,No,no,1,,,,gemma4it_tb_hornet4.json
hornet,4,none,846,211,TimeBlind/videos/vid_00211_0.mp4,Does the cylinder suddenly switch between pink and red?,no,No,no,1,,,,gemma4it_tb_hornet4.json
hornet,4,none,847,211,TimeBlind/videos/vid_00211_1.mp4,Does the cylinder suddenly switch between pink and red?,yes,No,no,0,,,,gemma4it_tb_hornet4.json
hornet,4,none,848,212,TimeBlind/videos/vid_00212_0.mp4,Does the sphere on the left change color from yellow to white?,yes,No,no,0,,,,gemma4it_tb_hornet4.json
hornet,4,none,849,212,TimeBlind/videos/vid_00212_1.mp4,Does the sphere on the left change color from yellow to white?,no,No,no,1,,,,gemma4it_tb_hornet4.json
hornet,4,none,850,212,TimeBlind/videos/vid_00212_0.mp4,Is the sphere on the left turning from white to yellow?,no,No,no,1,,,,gemma4it_tb_hornet4.json
hornet,4,none,851,212,TimeBlind/videos/vid_00212_1.mp4,Is the sphere on the left turning from white to yellow?,yes,Yes,yes,1,,,,gemma4it_tb_hornet4.json
hornet,4,none,852,213,TimeBlind/videos/vid_00213_0.mp4,Does the object on the right change color?,yes,Yes,yes,1,,,,gemma4it_tb_hornet4.json
hornet,4,none,853,213,TimeBlind/videos/vid_00213_1.mp4,Does the object on the right change color?,no,No,no,1,,,,gemma4it_tb_hornet4.json
hornet,4,none,854,213,TimeBlind/videos/vid_00213_0.mp4,Does the object on the right stay the same color?,no,No,no,1,,,,gemma4it_tb_hornet4.json
hornet,4,none,855,213,TimeBlind/videos/vid_00213_1.mp4,Does the object on the right stay the same color?,yes,No,no,0,,,,gemma4it_tb_hornet4.json
hornet,4,none,856,214,TimeBlind/videos/vid_00214_0.mp4,Does the sphere turn yellow immediately after it turns red?,yes,No,no,0,,,,gemma4it_tb_hornet4.json
hornet,4,none,857,214,TimeBlind/videos/vid_00214_1.mp4,Does the sphere turn yellow immediately after it turns red?,no,No,no,1,,,,gemma4it_tb_hornet4.json
hornet,4,none,858,214,TimeBlind/videos/vid_00214_0.mp4,"After the sphere turns from yellow to red, does it pause before turning back to yellow?",no,No,no,1,,,,gemma4it_tb_hornet4.json
hornet,4,none,859,214,TimeBlind/videos/vid_00214_1.mp4,"After the sphere turns from yellow to red, does it pause before turning back to yellow?",yes,No,no,0,,,,gemma4it_tb_hornet4.json
hornet,4,none,860,215,TimeBlind/videos/vid_00215_0.mp4,Does the cylinder initially bend by about 30 degrees?,yes,Yes,yes,1,,,,gemma4it_tb_hornet4.json
hornet,4,none,861,215,TimeBlind/videos/vid_00215_1.mp4,Does the cylinder initially bend by about 30 degrees?,no,No,no,1,,,,gemma4it_tb_hornet4.json
hornet,4,none,862,215,TimeBlind/videos/vid_00215_0.mp4,Does the cylinder bend to about 60 degrees the first time?,no,No,no,1,,,,gemma4it_tb_hornet4.json
hornet,4,none,863,215,TimeBlind/videos/vid_00215_1.mp4,Does the cylinder bend to about 60 degrees the first time?,yes,No,no,0,,,,gemma4it_tb_hornet4.json
hornet,4,none,864,216,TimeBlind/videos/vid_00216_0.mp4,Does the person keep the coffee cup steady while pouring milk into it?,yes,Yes,yes,1,,,,gemma4it_tb_hornet4.json
hornet,4,none,865,216,TimeBlind/videos/vid_00216_1.mp4,Does the person keep the coffee cup steady while pouring milk into it?,no,Yes,yes,0,,,,gemma4it_tb_hornet4.json
hornet,4,none,866,216,TimeBlind/videos/vid_00216_0.mp4,Does the person shake the cup while pouring milk into their coffee?,no,No,no,1,,,,gemma4it_tb_hornet4.json
hornet,4,none,867,216,TimeBlind/videos/vid_00216_1.mp4,Does the person shake the cup while pouring milk into their coffee?,yes,No,no,0,,,,gemma4it_tb_hornet4.json
hornet,4,none,868,217,TimeBlind/videos/vid_00217_0.mp4,Does the person lift the dumbbell three times?,yes,No,no,0,,,,gemma4it_tb_hornet4.json
hornet,4,none,869,217,TimeBlind/videos/vid_00217_1.mp4,Does the person lift the dumbbell three times?,no,No,no,1,,,,gemma4it_tb_hornet4.json
hornet,4,none,870,217,TimeBlind/videos/vid_00217_0.mp4,Does the person lift a dumbbell four times?,no,No,no,1,,,,gemma4it_tb_hornet4.json
hornet,4,none,871,217,TimeBlind/videos/vid_00217_1.mp4,Does the person lift a dumbbell four times?,yes,No,no,0,,,,gemma4it_tb_hornet4.json
hornet,4,none,872,218,TimeBlind/videos/vid_00218_0.mp4,Is the screen swiped to the right?,yes,No,no,0,,,,gemma4it_tb_hornet4.json
hornet,4,none,873,218,TimeBlind/videos/vid_00218_1.mp4,Is the screen swiped to the right?,no,No,no,1,,,,gemma4it_tb_hornet4.json
hornet,4,none,874,218,TimeBlind/videos/vid_00218_0.mp4,Is the screen swiped to the left?,no,No,no,1,,,,gemma4it_tb_hornet4.json
hornet,4,none,875,218,TimeBlind/videos/vid_00218_1.mp4,Is the screen swiped to the left?,yes,No,no,0,,,,gemma4it_tb_hornet4.json
hornet,4,none,876,219,TimeBlind/videos/vid_00219_0.mp4,Is the bottle cap being twisted clockwise?,yes,No,no,0,,,,gemma4it_tb_hornet4.json
hornet,4,none,877,219,TimeBlind/videos/vid_00219_1.mp4,Is the bottle cap being twisted clockwise?,no,No,no,1,,,,gemma4it_tb_hornet4.json
hornet,4,none,878,219,TimeBlind/videos/vid_00219_0.mp4,Is the bottle cap being twisted counterclockwise?,no,No,no,1,,,,gemma4it_tb_hornet4.json
hornet,4,none,879,219,TimeBlind/videos/vid_00219_1.mp4,Is the bottle cap being twisted counterclockwise?,yes,No,no,0,,,,gemma4it_tb_hornet4.json
hornet,4,none,880,220,TimeBlind/videos/vid_00220_0.mp4,Is the man still preparing to take the free throw?,yes,Yes,yes,1,,,,gemma4it_tb_hornet4.json
hornet,4,none,881,220,TimeBlind/videos/vid_00220_1.mp4,Is the man still preparing to take the free throw?,no,No,no,1,,,,gemma4it_tb_hornet4.json
hornet,4,none,882,220,TimeBlind/videos/vid_00220_0.mp4,Has the man successfully made the free throw?,no,No,no,1,,,,gemma4it_tb_hornet4.json
hornet,4,none,883,220,TimeBlind/videos/vid_00220_1.mp4,Has the man successfully made the free throw?,yes,No,no,0,,,,gemma4it_tb_hornet4.json
hornet,4,none,884,221,TimeBlind/videos/vid_00221_0.mp4,Does the boy make the basket on his first try?,yes,No,no,0,,,,gemma4it_tb_hornet4.json
hornet,4,none,885,221,TimeBlind/videos/vid_00221_1.mp4,Does the boy make the basket on his first try?,no,No,no,1,,,,gemma4it_tb_hornet4.json
hornet,4,none,886,221,TimeBlind/videos/vid_00221_0.mp4,Does the boy miss the basket on his first try?,no,Yes,yes,0,,,,gemma4it_tb_hornet4.json
hornet,4,none,887,221,TimeBlind/videos/vid_00221_1.mp4,Does the boy miss the basket on his first try?,yes,Yes,yes,1,,,,gemma4it_tb_hornet4.json
hornet,4,none,888,222,TimeBlind/videos/vid_00222_0.mp4,Does this person walk forward slowly at first and then speed up?,yes,No,no,0,,,,gemma4it_tb_hornet4.json
hornet,4,none,889,222,TimeBlind/videos/vid_00222_1.mp4,Does this person walk forward slowly at first and then speed up?,no,No,no,1,,,,gemma4it_tb_hornet4.json
hornet,4,none,890,222,TimeBlind/videos/vid_00222_0.mp4,Does this person walk forward quickly at first and then slow down?,no,No,no,1,,,,gemma4it_tb_hornet4.json
hornet,4,none,891,222,TimeBlind/videos/vid_00222_1.mp4,Does this person walk forward quickly at first and then slow down?,yes,No,no,0,,,,gemma4it_tb_hornet4.json
hornet,4,none,892,223,TimeBlind/videos/vid_00223_0.mp4,Is the screen swiped up?,yes,No,no,0,,,,gemma4it_tb_hornet4.json
hornet,4,none,893,223,TimeBlind/videos/vid_00223_1.mp4,Is the screen swiped up?,no,No,no,1,,,,gemma4it_tb_hornet4.json
hornet,4,none,894,223,TimeBlind/videos/vid_00223_0.mp4,Is the screen swiped down?,no,No,no,1,,,,gemma4it_tb_hornet4.json
hornet,4,none,895,223,TimeBlind/videos/vid_00223_1.mp4,Is the screen swiped down?,yes,No,no,0,,,,gemma4it_tb_hornet4.json
hornet,4,none,896,224,TimeBlind/videos/vid_00224_0.mp4,Does the person in the video fully fold the T-shirt?,yes,No,no,0,,,,gemma4it_tb_hornet4.json
hornet,4,none,897,224,TimeBlind/videos/vid_00224_1.mp4,Does the person in the video fully fold the T-shirt?,no,No,no,1,,,,gemma4it_tb_hornet4.json
hornet,4,none,898,224,TimeBlind/videos/vid_00224_0.mp4,Does the person in the video leave the T-shirt not fully folded?,no,Yes,yes,0,,,,gemma4it_tb_hornet4.json
hornet,4,none,899,224,TimeBlind/videos/vid_00224_1.mp4,Does the person in the video leave the T-shirt not fully folded?,yes,Yes,yes,1,,,,gemma4it_tb_hornet4.json
hornet,4,none,900,225,TimeBlind/videos/vid_00225_0.mp4,Does the top strip turn off before the bottom strip turns on?,yes,No,no,0,,,,gemma4it_tb_hornet4.json
hornet,4,none,901,225,TimeBlind/videos/vid_00225_1.mp4,Does the top strip turn off before the bottom strip turns on?,no,No,no,1,,,,gemma4it_tb_hornet4.json
hornet,4,none,902,225,TimeBlind/videos/vid_00225_0.mp4,Are both strips on at the same time at any point?,no,No,no,1,,,,gemma4it_tb_hornet4.json
hornet,4,none,903,225,TimeBlind/videos/vid_00225_1.mp4,Are both strips on at the same time at any point?,yes,Yes,yes,1,,,,gemma4it_tb_hornet4.json
hornet,4,none,904,226,TimeBlind/videos/vid_00226_0.mp4,Does the bottom strip turn on the exact moment the top strip turns off?,yes,No,no,0,,,,gemma4it_tb_hornet4.json
hornet,4,none,905,226,TimeBlind/videos/vid_00226_1.mp4,Does the bottom strip turn on the exact moment the top strip turns off?,no,No,no,1,,,,gemma4it_tb_hornet4.json
hornet,4,none,906,226,TimeBlind/videos/vid_00226_0.mp4,Is the bottom strip already lit when the top strip first turns on?,no,No,no,1,,,,gemma4it_tb_hornet4.json
hornet,4,none,907,226,TimeBlind/videos/vid_00226_1.mp4,Is the bottom strip already lit when the top strip first turns on?,yes,No,no,0,,,,gemma4it_tb_hornet4.json
hornet,4,none,908,227,TimeBlind/videos/vid_00227_0.mp4,Does the top strip turn on before the bottom strip?,yes,Yes,yes,1,,,,gemma4it_tb_hornet4.json
hornet,4,none,909,227,TimeBlind/videos/vid_00227_1.mp4,Does the top strip turn on before the bottom strip?,no,No,no,1,,,,gemma4it_tb_hornet4.json
hornet,4,none,910,227,TimeBlind/videos/vid_00227_0.mp4,Does the bottom strip turn off before the top strip turns off?,no,No,no,1,,,,gemma4it_tb_hornet4.json
hornet,4,none,911,227,TimeBlind/videos/vid_00227_1.mp4,Does the bottom strip turn off before the top strip turns off?,yes,No,no,0,,,,gemma4it_tb_hornet4.json
hornet,4,none,912,228,TimeBlind/videos/vid_00228_0.mp4,Does the bottom strip stay lit longer than the top strip?,yes,No,no,0,,,,gemma4it_tb_hornet4.json
hornet,4,none,913,228,TimeBlind/videos/vid_00228_1.mp4,Does the bottom strip stay lit longer than the top strip?,no,No,no,1,,,,gemma4it_tb_hornet4.json
hornet,4,none,914,228,TimeBlind/videos/vid_00228_0.mp4,Does the top strip stay lit longer than the bottom strip?,no,No,no,1,,,,gemma4it_tb_hornet4.json
hornet,4,none,915,228,TimeBlind/videos/vid_00228_1.mp4,Does the top strip stay lit longer than the bottom strip?,yes,No,no,0,,,,gemma4it_tb_hornet4.json
hornet,4,none,916,229,TimeBlind/videos/vid_00229_0.mp4,Does the bottom strip turn on before the top strip?,yes,No,no,0,,,,gemma4it_tb_hornet4.json
hornet,4,none,917,229,TimeBlind/videos/vid_00229_1.mp4,Does the bottom strip turn on before the top strip?,no,No,no,1,,,,gemma4it_tb_hornet4.json
hornet,4,none,918,229,TimeBlind/videos/vid_00229_0.mp4,Does the top strip turn on before the bottom strip?,no,Yes,yes,0,,,,gemma4it_tb_hornet4.json
hornet,4,none,919,229,TimeBlind/videos/vid_00229_1.mp4,Does the top strip turn on before the bottom strip?,yes,Yes,yes,1,,,,gemma4it_tb_hornet4.json
hornet,4,none,920,230,TimeBlind/videos/vid_00230_0.mp4,Is the top strip’s lit interval entirely within the bottom strip’s lit interval?,yes,No,no,0,,,,gemma4it_tb_hornet4.json
hornet,4,none,921,230,TimeBlind/videos/vid_00230_1.mp4,Is the top strip’s lit interval entirely within the bottom strip’s lit interval?,no,No,no,1,,,,gemma4it_tb_hornet4.json
hornet,4,none,922,230,TimeBlind/videos/vid_00230_0.mp4,Is the bottom strip’s lit interval entirely within the top strip’s lit interval?,no,No,no,1,,,,gemma4it_tb_hornet4.json
hornet,4,none,923,230,TimeBlind/videos/vid_00230_1.mp4,Is the bottom strip’s lit interval entirely within the top strip’s lit interval?,yes,No,no,0,,,,gemma4it_tb_hornet4.json
hornet,4,none,924,231,TimeBlind/videos/vid_00231_0.mp4,Do the two strips start at the same moment?,yes,Yes,yes,1,,,,gemma4it_tb_hornet4.json
hornet,4,none,925,231,TimeBlind/videos/vid_00231_1.mp4,Do the two strips start at the same moment?,no,Yes,yes,0,,,,gemma4it_tb_hornet4.json
hornet,4,none,926,231,TimeBlind/videos/vid_00231_0.mp4,Does the top strip finish before the bottom strip turns on?,no,No,no,1,,,,gemma4it_tb_hornet4.json
hornet,4,none,927,231,TimeBlind/videos/vid_00231_1.mp4,Does the top strip finish before the bottom strip turns on?,yes,No,no,0,,,,gemma4it_tb_hornet4.json
hornet,4,none,928,232,TimeBlind/videos/vid_00232_0.mp4,Does the bottom strip turn off at the exact moment the top strip turns on?,yes,No,no,0,,,,gemma4it_tb_hornet4.json
hornet,4,none,929,232,TimeBlind/videos/vid_00232_1.mp4,Does the bottom strip turn off at the exact moment the top strip turns on?,no,No,no,1,,,,gemma4it_tb_hornet4.json
hornet,4,none,930,232,TimeBlind/videos/vid_00232_0.mp4,Is there a clear pause between the bottom turning off and the top turning on?,no,No,no,1,,,,gemma4it_tb_hornet4.json
hornet,4,none,931,232,TimeBlind/videos/vid_00232_1.mp4,Is there a clear pause between the bottom turning off and the top turning on?,yes,No,no,0,,,,gemma4it_tb_hornet4.json
hornet,4,none,932,233,TimeBlind/videos/vid_00233_0.mp4,Does the bottom strip start before the top strip starts?,yes,No,no,0,,,,gemma4it_tb_hornet4.json
hornet,4,none,933,233,TimeBlind/videos/vid_00233_1.mp4,Does the bottom strip start before the top strip starts?,no,No,no,1,,,,gemma4it_tb_hornet4.json
hornet,4,none,934,233,TimeBlind/videos/vid_00233_0.mp4,Does the bottom strip turn on immediately after the top strip turns off?,no,No,no,1,,,,gemma4it_tb_hornet4.json
hornet,4,none,935,233,TimeBlind/videos/vid_00233_1.mp4,Does the bottom strip turn on immediately after the top strip turns off?,yes,No,no,0,,,,gemma4it_tb_hornet4.json
hornet,4,none,936,234,TimeBlind/videos/vid_00234_0.mp4,Does the top strip remain on the whole time the bottom strip is on?,yes,Yes,yes,1,,,,gemma4it_tb_hornet4.json
hornet,4,none,937,234,TimeBlind/videos/vid_00234_1.mp4,Does the top strip remain on the whole time the bottom strip is on?,no,Yes,yes,0,,,,gemma4it_tb_hornet4.json
hornet,4,none,938,234,TimeBlind/videos/vid_00234_0.mp4,Does the bottom strip stay lit after the top strip turns off?,no,No,no,1,,,,gemma4it_tb_hornet4.json
hornet,4,none,939,234,TimeBlind/videos/vid_00234_1.mp4,Does the bottom strip stay lit after the top strip turns off?,yes,No,no,0,,,,gemma4it_tb_hornet4.json
hornet,4,none,940,235,TimeBlind/videos/vid_00235_0.mp4,Do the two strips turn on at the exact same time?,yes,No,no,0,,,,gemma4it_tb_hornet4.json
hornet,4,none,941,235,TimeBlind/videos/vid_00235_1.mp4,Do the two strips turn on at the exact same time?,no,No,no,1,,,,gemma4it_tb_hornet4.json
hornet,4,none,942,235,TimeBlind/videos/vid_00235_0.mp4,Is the top strip stay on only while the bottom strip is lit?,no,No,no,1,,,,gemma4it_tb_hornet4.json
hornet,4,none,943,235,TimeBlind/videos/vid_00235_1.mp4,Is the top strip stay on only while the bottom strip is lit?,yes,No,no,0,,,,gemma4it_tb_hornet4.json
hornet,4,none,944,236,TimeBlind/videos/vid_00236_0.mp4,Do both strips turn off at the same time?,yes,No,no,0,,,,gemma4it_tb_hornet4.json
hornet,4,none,945,236,TimeBlind/videos/vid_00236_1.mp4,Do both strips turn off at the same time?,no,No,no,1,,,,gemma4it_tb_hornet4.json
hornet,4,none,946,236,TimeBlind/videos/vid_00236_0.mp4,Does the bottom strip stay on after the top strip turns off?,no,No,no,1,,,,gemma4it_tb_hornet4.json
hornet,4,none,947,236,TimeBlind/videos/vid_00236_1.mp4,Does the bottom strip stay on after the top strip turns off?,yes,No,no,0,,,,gemma4it_tb_hornet4.json
hornet,4,none,948,237,TimeBlind/videos/vid_00237_0.mp4,Do both strips turn off at the same time?,yes,No,no,0,,,,gemma4it_tb_hornet4.json
hornet,4,none,949,237,TimeBlind/videos/vid_00237_1.mp4,Do both strips turn off at the same time?,no,No,no,1,,,,gemma4it_tb_hornet4.json
hornet,4,none,950,237,TimeBlind/videos/vid_00237_0.mp4,Is the top strip stay on only while the bottom strip is lit?,no,No,no,1,,,,gemma4it_tb_hornet4.json
hornet,4,none,951,237,TimeBlind/videos/vid_00237_1.mp4,Is the top strip stay on only while the bottom strip is lit?,yes,No,no,0,,,,gemma4it_tb_hornet4.json
hornet,4,none,952,238,TimeBlind/videos/vid_00238_0.mp4,Does the top strip turn on before the bottom strip?,yes,Yes,yes,1,,,,gemma4it_tb_hornet4.json
hornet,4,none,953,238,TimeBlind/videos/vid_00238_1.mp4,Does the top strip turn on before the bottom strip?,no,Yes,yes,0,,,,gemma4it_tb_hornet4.json
hornet,4,none,954,238,TimeBlind/videos/vid_00238_0.mp4,Is the bottom strip already lit when the top strip turns on?,no,No,no,1,,,,gemma4it_tb_hornet4.json
hornet,4,none,955,238,TimeBlind/videos/vid_00238_1.mp4,Is the bottom strip already lit when the top strip turns on?,yes,No,no,0,,,,gemma4it_tb_hornet4.json
hornet,4,none,956,239,TimeBlind/videos/vid_00239_0.mp4,Does the top strip finish before the bottom strip ever turns on?,yes,No,no,0,,,,gemma4it_tb_hornet4.json
hornet,4,none,957,239,TimeBlind/videos/vid_00239_1.mp4,Does the top strip finish before the bottom strip ever turns on?,no,No,no,1,,,,gemma4it_tb_hornet4.json
hornet,4,none,958,239,TimeBlind/videos/vid_00239_0.mp4,Does the bottom strip turn off exactly when the top strip turns on?,no,No,no,1,,,,gemma4it_tb_hornet4.json
hornet,4,none,959,239,TimeBlind/videos/vid_00239_1.mp4,Does the bottom strip turn off exactly when the top strip turns on?,yes,No,no,0,,,,gemma4it_tb_hornet4.json
hornet,4,none,960,240,TimeBlind/videos/vid_00240_0.mp4,Does one strip stay lit longer than the other?,yes,No,no,0,,,,gemma4it_tb_hornet4.json
hornet,4,none,961,240,TimeBlind/videos/vid_00240_1.mp4,Does one strip stay lit longer than the other?,no,No,no,1,,,,gemma4it_tb_hornet4.json
hornet,4,none,962,240,TimeBlind/videos/vid_00240_0.mp4,Do both strips stay lit for exactly the same length of time?,no,No,no,1,,,,gemma4it_tb_hornet4.json
hornet,4,none,963,240,TimeBlind/videos/vid_00240_1.mp4,Do both strips stay lit for exactly the same length of time?,yes,No,no,0,,,,gemma4it_tb_hornet4.json
hornet,4,none,964,241,TimeBlind/videos/vid_00241_0.mp4,Is the bottom strip already on when the top strip turns on?,yes,No,no,0,,,,gemma4it_tb_hornet4.json
hornet,4,none,965,241,TimeBlind/videos/vid_00241_1.mp4,Is the bottom strip already on when the top strip turns on?,no,No,no,1,,,,gemma4it_tb_hornet4.json
hornet,4,none,966,241,TimeBlind/videos/vid_00241_0.mp4,Does the bottom strip turn on right when the top strip turns off?,no,No,no,1,,,,gemma4it_tb_hornet4.json
hornet,4,none,967,241,TimeBlind/videos/vid_00241_1.mp4,Does the bottom strip turn on right when the top strip turns off?,yes,No,no,0,,,,gemma4it_tb_hornet4.json
hornet,4,none,968,242,TimeBlind/videos/vid_00242_0.mp4,Does the top strip stay on after the bottom strip turns off?,yes,No,no,0,,,,gemma4it_tb_hornet4.json
hornet,4,none,969,242,TimeBlind/videos/vid_00242_1.mp4,Does the top strip stay on after the bottom strip turns off?,no,No,no,1,,,,gemma4it_tb_hornet4.json
hornet,4,none,970,242,TimeBlind/videos/vid_00242_0.mp4,Do both strips turn off at the same time?,no,No,no,1,,,,gemma4it_tb_hornet4.json
hornet,4,none,971,242,TimeBlind/videos/vid_00242_1.mp4,Do both strips turn off at the same time?,yes,No,no,0,,,,gemma4it_tb_hornet4.json
hornet,4,none,972,243,TimeBlind/videos/vid_00243_0.mp4,Do the two strips overlap in time?,yes,No,no,0,,,,gemma4it_tb_hornet4.json
hornet,4,none,973,243,TimeBlind/videos/vid_00243_1.mp4,Do the two strips overlap in time?,no,No,no,1,,,,gemma4it_tb_hornet4.json
hornet,4,none,974,243,TimeBlind/videos/vid_00243_0.mp4,Does the top strip only turn on after the bottom strip has already turned off?,no,No,no,1,,,,gemma4it_tb_hornet4.json
hornet,4,none,975,243,TimeBlind/videos/vid_00243_1.mp4,Does the top strip only turn on after the bottom strip has already turned off?,yes,No,no,0,,,,gemma4it_tb_hornet4.json
hornet,4,none,976,244,TimeBlind/videos/vid_00244_0.mp4,Do both strips turn on at the exact same moment?,yes,No,no,0,,,,gemma4it_tb_hornet4.json
hornet,4,none,977,244,TimeBlind/videos/vid_00244_1.mp4,Do both strips turn on at the exact same moment?,no,No,no,1,,,,gemma4it_tb_hornet4.json
hornet,4,none,978,244,TimeBlind/videos/vid_00244_0.mp4,Does the top strip stay lit longer than the bottom strip?,no,No,no,1,,,,gemma4it_tb_hornet4.json
hornet,4,none,979,244,TimeBlind/videos/vid_00244_1.mp4,Does the top strip stay lit longer than the bottom strip?,yes,No,no,0,,,,gemma4it_tb_hornet4.json
hornet,4,none,980,245,TimeBlind/videos/vid_00245_0.mp4,Is there a clear gap between the top strip turning off and the bottom strip turning on?,yes,No,no,0,,,,gemma4it_tb_hornet4.json
hornet,4,none,981,245,TimeBlind/videos/vid_00245_1.mp4,Is there a clear gap between the top strip turning off and the bottom strip turning on?,no,No,no,1,,,,gemma4it_tb_hornet4.json
hornet,4,none,982,245,TimeBlind/videos/vid_00245_0.mp4,Does the bottom strip start at the exact moment the top strip turns off?,no,No,no,1,,,,gemma4it_tb_hornet4.json
hornet,4,none,983,245,TimeBlind/videos/vid_00245_1.mp4,Does the bottom strip start at the exact moment the top strip turns off?,yes,No,no,0,,,,gemma4it_tb_hornet4.json
hornet,4,none,984,246,TimeBlind/videos/vid_00246_0.mp4,Does the bottom strip remain lit after the top strip turns off?,yes,No,no,0,,,,gemma4it_tb_hornet4.json
hornet,4,none,985,246,TimeBlind/videos/vid_00246_1.mp4,Does the bottom strip remain lit after the top strip turns off?,no,No,no,1,,,,gemma4it_tb_hornet4.json
hornet,4,none,986,246,TimeBlind/videos/vid_00246_0.mp4,Does the top strip remain lit after the bottom strip turns off?,no,No,no,1,,,,gemma4it_tb_hornet4.json
hornet,4,none,987,246,TimeBlind/videos/vid_00246_1.mp4,Does the top strip remain lit after the bottom strip turns off?,yes,No,no,0,,,,gemma4it_tb_hornet4.json
hornet,4,none,988,247,TimeBlind/videos/vid_00247_0.mp4,"After they turn on together, does the bottom strip stay lit longer?",yes,No,no,0,,,,gemma4it_tb_hornet4.json
hornet,4,none,989,247,TimeBlind/videos/vid_00247_1.mp4,"After they turn on together, does the bottom strip stay lit longer?",no,No,no,1,,,,gemma4it_tb_hornet4.json
hornet,4,none,990,247,TimeBlind/videos/vid_00247_0.mp4,"After they turn on together, does the top strip stay lit longer?",no,No,no,1,,,,gemma4it_tb_hornet4.json
hornet,4,none,991,247,TimeBlind/videos/vid_00247_1.mp4,"After they turn on together, does the top strip stay lit longer?",yes,No,no,0,,,,gemma4it_tb_hornet4.json
hornet,4,none,992,248,TimeBlind/videos/vid_00248_0.mp4,Is the top strip fully within the time the bottom strip is lit?,yes,No,no,0,,,,gemma4it_tb_hornet4.json
hornet,4,none,993,248,TimeBlind/videos/vid_00248_1.mp4,Is the top strip fully within the time the bottom strip is lit?,no,No,no,1,,,,gemma4it_tb_hornet4.json
hornet,4,none,994,248,TimeBlind/videos/vid_00248_0.mp4,Is the bottom strip fully within the time the top strip is lit?,no,No,no,1,,,,gemma4it_tb_hornet4.json
hornet,4,none,995,248,TimeBlind/videos/vid_00248_1.mp4,Is the bottom strip fully within the time the top strip is lit?,yes,No,no,0,,,,gemma4it_tb_hornet4.json
hornet,4,none,996,249,TimeBlind/videos/vid_00249_0.mp4,Does the bottom strip turn on before the top strip?,yes,No,no,0,,,,gemma4it_tb_hornet4.json
hornet,4,none,997,249,TimeBlind/videos/vid_00249_1.mp4,Does the bottom strip turn on before the top strip?,no,No,no,1,,,,gemma4it_tb_hornet4.json
hornet,4,none,998,249,TimeBlind/videos/vid_00249_0.mp4,Does the top strip turn on before the bottom strip?,no,No,no,1,,,,gemma4it_tb_hornet4.json
hornet,4,none,999,249,TimeBlind/videos/vid_00249_1.mp4,Does the top strip turn on before the bottom strip?,yes,No,no,0,,,,gemma4it_tb_hornet4.json
hornet,4,none,1000,250,TimeBlind/videos/vid_00250_0.mp4,Does the top strip start at the exact moment the bottom strip turns off?,yes,No,no,0,,,,gemma4it_tb_hornet4.json
hornet,4,none,1001,250,TimeBlind/videos/vid_00250_1.mp4,Does the top strip start at the exact moment the bottom strip turns off?,no,No,no,1,,,,gemma4it_tb_hornet4.json
hornet,4,none,1002,250,TimeBlind/videos/vid_00250_0.mp4,Is there a clear pause after the bottom strip turns off before the top strip starts?,no,No,no,1,,,,gemma4it_tb_hornet4.json
hornet,4,none,1003,250,TimeBlind/videos/vid_00250_1.mp4,Is there a clear pause after the bottom strip turns off before the top strip starts?,yes,No,no,0,,,,gemma4it_tb_hornet4.json
hornet,4,none,1004,251,TimeBlind/videos/vid_00251_0.mp4,Do the two strips turn off at the same time?,yes,No,no,0,,,,gemma4it_tb_hornet4.json
hornet,4,none,1005,251,TimeBlind/videos/vid_00251_1.mp4,Do the two strips turn off at the same time?,no,No,no,1,,,,gemma4it_tb_hornet4.json
hornet,4,none,1006,251,TimeBlind/videos/vid_00251_0.mp4,Does the bottom strip stay lit after the top strip turns off?,no,No,no,1,,,,gemma4it_tb_hornet4.json
hornet,4,none,1007,251,TimeBlind/videos/vid_00251_1.mp4,Does the bottom strip stay lit after the top strip turns off?,yes,No,no,0,,,,gemma4it_tb_hornet4.json
hornet,4,none,1008,252,TimeBlind/videos/vid_00252_0.mp4,Has the top strip already turned off by the time the bottom strip turns on?,yes,No,no,0,,,,gemma4it_tb_hornet4.json
hornet,4,none,1009,252,TimeBlind/videos/vid_00252_1.mp4,Has the top strip already turned off by the time the bottom strip turns on?,no,No,no,1,,,,gemma4it_tb_hornet4.json
hornet,4,none,1010,252,TimeBlind/videos/vid_00252_0.mp4,Do the two strips overlap in time at any point?,no,No,no,1,,,,gemma4it_tb_hornet4.json
hornet,4,none,1011,252,TimeBlind/videos/vid_00252_1.mp4,Do the two strips overlap in time at any point?,yes,No,no,0,,,,gemma4it_tb_hornet4.json
hornet,4,none,1012,253,TimeBlind/videos/vid_00253_0.mp4,Does the top strip stay on for the entire time the bottom strip is lit?,yes,Yes,yes,1,,,,gemma4it_tb_hornet4.json
hornet,4,none,1013,253,TimeBlind/videos/vid_00253_1.mp4,Does the top strip stay on for the entire time the bottom strip is lit?,no,Yes,yes,0,,,,gemma4it_tb_hornet4.json
hornet,4,none,1014,253,TimeBlind/videos/vid_00253_0.mp4,Does the bottom strip stay on for the entire time the top strip is lit?,no,No,no,1,,,,gemma4it_tb_hornet4.json
hornet,4,none,1015,253,TimeBlind/videos/vid_00253_1.mp4,Does the bottom strip stay on for the entire time the top strip is lit?,yes,No,no,0,,,,gemma4it_tb_hornet4.json
hornet,4,none,1016,254,TimeBlind/videos/vid_00254_0.mp4,Do the two strips turn off at the same time?,yes,No,no,0,,,,gemma4it_tb_hornet4.json
hornet,4,none,1017,254,TimeBlind/videos/vid_00254_1.mp4,Do the two strips turn off at the same time?,no,No,no,1,,,,gemma4it_tb_hornet4.json
hornet,4,none,1018,254,TimeBlind/videos/vid_00254_0.mp4,Does the bottom strip stay lit after the top strip turns off?,no,No,no,1,,,,gemma4it_tb_hornet4.json
hornet,4,none,1019,254,TimeBlind/videos/vid_00254_1.mp4,Does the bottom strip stay lit after the top strip turns off?,yes,No,no,0,,,,gemma4it_tb_hornet4.json
hornet,4,none,1020,255,TimeBlind/videos/vid_00255_0.mp4,Is the power strip being switched off the reason why the computer isn’t charging?,yes,No,no,0,,,,gemma4it_tb_hornet4.json
hornet,4,none,1021,255,TimeBlind/videos/vid_00255_1.mp4,Is the power strip being switched off the reason why the computer isn’t charging?,no,"I cannot see a power strip in the images provided. Therefore, I cannot determine if it is switched off or if it is the reason the computer isn't charging.",,0,,,,gemma4it_tb_hornet4.json
hornet,4,none,1022,255,TimeBlind/videos/vid_00255_0.mp4,Is the charger being unplugged from the power strip the reason why the computer isn’t charging?,no,No,no,1,,,,gemma4it_tb_hornet4.json
hornet,4,none,1023,255,TimeBlind/videos/vid_00255_1.mp4,Is the charger being unplugged from the power strip the reason why the computer isn’t charging?,yes,I cannot answer this question because the provided images do not show a charger or a power strip.,,0,,,,gemma4it_tb_hornet4.json
hornet,4,none,1024,256,TimeBlind/videos/vid_00256_0.mp4,"Was folder 'folder_2' moved into folder 'folder_1', causing it to disappear from the screen?",yes,No,no,0,,,,gemma4it_tb_hornet4.json
hornet,4,none,1025,256,TimeBlind/videos/vid_00256_1.mp4,"Was folder 'folder_2' moved into folder 'folder_1', causing it to disappear from the screen?",no,No,no,1,,,,gemma4it_tb_hornet4.json
hornet,4,none,1026,256,TimeBlind/videos/vid_00256_0.mp4,"Was folder 'folder_2' moved to the Trash, causing it to disappear from the screen?",no,No,no,1,,,,gemma4it_tb_hornet4.json
hornet,4,none,1027,256,TimeBlind/videos/vid_00256_1.mp4,"Was folder 'folder_2' moved to the Trash, causing it to disappear from the screen?",yes,No,no,0,,,,gemma4it_tb_hornet4.json
hornet,4,none,1028,257,TimeBlind/videos/vid_00257_0.mp4,Was clicking the Close button the reason the window disappeared from the screen?,yes,No,no,0,,,,gemma4it_tb_hornet4.json
hornet,4,none,1029,257,TimeBlind/videos/vid_00257_1.mp4,Was clicking the Close button the reason the window disappeared from the screen?,no,No,no,1,,,,gemma4it_tb_hornet4.json
hornet,4,none,1030,257,TimeBlind/videos/vid_00257_0.mp4,Was clicking the Minimize (Hide) button the reason the window disappeared from the screen?,no,No,no,1,,,,gemma4it_tb_hornet4.json
hornet,4,none,1031,257,TimeBlind/videos/vid_00257_1.mp4,Was clicking the Minimize (Hide) button the reason the window disappeared from the screen?,yes,No,no,0,,,,gemma4it_tb_hornet4.json
hornet,4,none,1032,258,TimeBlind/videos/vid_00258_0.mp4,"Was the close button clicked, causing the browser window to disappear from the screen?",yes,No,no,0,,,,gemma4it_tb_hornet4.json
hornet,4,none,1033,258,TimeBlind/videos/vid_00258_1.mp4,"Was the close button clicked, causing the browser window to disappear from the screen?",no,No,no,1,,,,gemma4it_tb_hornet4.json
hornet,4,none,1034,258,TimeBlind/videos/vid_00258_0.mp4,"Was the minimize button clicked, causing the browser window to disappear from the screen?",no,No,no,1,,,,gemma4it_tb_hornet4.json
hornet,4,none,1035,258,TimeBlind/videos/vid_00258_1.mp4,"Was the minimize button clicked, causing the browser window to disappear from the screen?",yes,No,no,0,,,,gemma4it_tb_hornet4.json
hornet,4,none,1036,259,TimeBlind/videos/vid_00259_0.mp4,Was the trackpad used to open the new browser window?,yes,No,no,0,,,,gemma4it_tb_hornet4.json
hornet,4,none,1037,259,TimeBlind/videos/vid_00259_1.mp4,Was the trackpad used to open the new browser window?,no,I cannot determine if the trackpad was used to open the new browser window from the provided images.,,0,,,,gemma4it_tb_hornet4.json
hornet,4,none,1038,259,TimeBlind/videos/vid_00259_0.mp4,Was the mouse used to open the new browser window?,no,No,no,1,,,,gemma4it_tb_hornet4.json
hornet,4,none,1039,259,TimeBlind/videos/vid_00259_1.mp4,Was the mouse used to open the new browser window?,yes,I cannot determine if a mouse was used to open the new browser window from the provided images.,,0,,,,gemma4it_tb_hornet4.json
hornet,4,none,1040,260,TimeBlind/videos/vid_00260_0.mp4,Was the mouse used to close the first app window?,yes,No,no,0,,,,gemma4it_tb_hornet4.json
hornet,4,none,1041,260,TimeBlind/videos/vid_00260_1.mp4,Was the mouse used to close the first app window?,no,I cannot answer this question because the provided images do not show a mouse or any action of closing a window.,,0,,,,gemma4it_tb_hornet4.json
hornet,4,none,1042,260,TimeBlind/videos/vid_00260_0.mp4,Was the trackpad used to close the first app window?,no,No,no,1,,,,gemma4it_tb_hornet4.json
hornet,4,none,1043,260,TimeBlind/videos/vid_00260_1.mp4,Was the trackpad used to close the first app window?,yes,I cannot answer this question because the provided images do not show any action being performed on the trackpad or any app window being closed.,,0,,,,gemma4it_tb_hornet4.json
hornet,4,none,1044,261,TimeBlind/videos/vid_00261_0.mp4,"Was the desk pushed, causing the screen to shake?",yes,No,no,0,,,,gemma4it_tb_hornet4.json
hornet,4,none,1045,261,TimeBlind/videos/vid_00261_1.mp4,"Was the desk pushed, causing the screen to shake?",no,No,no,1,,,,gemma4it_tb_hornet4.json
hornet,4,none,1046,261,TimeBlind/videos/vid_00261_0.mp4,"Was the screen shaken directly, causing it to shake?",no,No,no,1,,,,gemma4it_tb_hornet4.json
hornet,4,none,1047,261,TimeBlind/videos/vid_00261_1.mp4,"Was the screen shaken directly, causing it to shake?",yes,No,no,0,,,,gemma4it_tb_hornet4.json
hornet,4,none,1048,262,TimeBlind/videos/vid_00262_0.mp4,"At the start of the video, is the small spray bottle pressed gently?",yes,No,no,0,,,,gemma4it_tb_hornet4.json
hornet,4,none,1049,262,TimeBlind/videos/vid_00262_1.mp4,"At the start of the video, is the small spray bottle pressed gently?",no,No,no,1,,,,gemma4it_tb_hornet4.json
hornet,4,none,1050,262,TimeBlind/videos/vid_00262_0.mp4,"At the start of the video, is the small spray bottle pressed forcefully?",no,No,no,1,,,,gemma4it_tb_hornet4.json
hornet,4,none,1051,262,TimeBlind/videos/vid_00262_1.mp4,"At the start of the video, is the small spray bottle pressed forcefully?",yes,No,no,0,,,,gemma4it_tb_hornet4.json
hornet,4,none,1052,263,TimeBlind/videos/vid_00263_0.mp4,Does the video transition from the hallway into the apartment?,yes,No,no,0,,,,gemma4it_tb_hornet4.json
hornet,4,none,1053,263,TimeBlind/videos/vid_00263_1.mp4,Does the video transition from the hallway into the apartment?,no,No,no,1,,,,gemma4it_tb_hornet4.json
hornet,4,none,1054,263,TimeBlind/videos/vid_00263_0.mp4,Does the video transition from the apartment into the hallway?,no,No,no,1,,,,gemma4it_tb_hornet4.json
hornet,4,none,1055,263,TimeBlind/videos/vid_00263_1.mp4,Does the video transition from the apartment into the hallway?,yes,Yes,yes,1,,,,gemma4it_tb_hornet4.json
hornet,4,none,1056,264,TimeBlind/videos/vid_00264_0.mp4,"At the start of the video, do they press the door-close button first and then a floor button?",yes,No,no,0,,,,gemma4it_tb_hornet4.json
hornet,4,none,1057,264,TimeBlind/videos/vid_00264_1.mp4,"At the start of the video, do they press the door-close button first and then a floor button?",no,No,no,1,,,,gemma4it_tb_hornet4.json
hornet,4,none,1058,264,TimeBlind/videos/vid_00264_0.mp4,"At the start of the video, do they press a floor button first and then the door-close button?",no,Yes,yes,0,,,,gemma4it_tb_hornet4.json
hornet,4,none,1059,264,TimeBlind/videos/vid_00264_1.mp4,"At the start of the video, do they press a floor button first and then the door-close button?",yes,No,no,0,,,,gemma4it_tb_hornet4.json
hornet,4,none,1060,265,TimeBlind/videos/vid_00265_0.mp4,Is the elevator button pressed twice?,yes,Yes,yes,1,,,,gemma4it_tb_hornet4.json
hornet,4,none,1061,265,TimeBlind/videos/vid_00265_1.mp4,Is the elevator button pressed twice?,no,No,no,1,,,,gemma4it_tb_hornet4.json
hornet,4,none,1062,265,TimeBlind/videos/vid_00265_0.mp4,Is the elevator button pressed three times?,no,Yes,yes,0,,,,gemma4it_tb_hornet4.json
hornet,4,none,1063,265,TimeBlind/videos/vid_00265_1.mp4,Is the elevator button pressed three times?,yes,No,no,0,,,,gemma4it_tb_hornet4.json
hornet,4,none,1064,266,TimeBlind/videos/vid_00266_0.mp4,Is the door opened because someone kicks it open with their foot?,yes,No,no,0,,,,gemma4it_tb_hornet4.json
hornet,4,none,1065,266,TimeBlind/videos/vid_00266_1.mp4,Is the door opened because someone kicks it open with their foot?,no,No,no,1,,,,gemma4it_tb_hornet4.json
hornet,4,none,1066,266,TimeBlind/videos/vid_00266_0.mp4,Is the door opened because someone pushes it open with their hand?,no,Yes,yes,0,,,,gemma4it_tb_hornet4.json
hornet,4,none,1067,266,TimeBlind/videos/vid_00266_1.mp4,Is the door opened because someone pushes it open with their hand?,yes,Yes,yes,1,,,,gemma4it_tb_hornet4.json
hornet,4,none,1068,267,TimeBlind/videos/vid_00267_0.mp4,Is the mouse rotated by a large amount?,yes,No,no,0,,,,gemma4it_tb_hornet4.json
hornet,4,none,1069,267,TimeBlind/videos/vid_00267_1.mp4,Is the mouse rotated by a large amount?,no,No,no,1,,,,gemma4it_tb_hornet4.json
hornet,4,none,1070,267,TimeBlind/videos/vid_00267_0.mp4,Is the mouse rotated by a small amount?,no,No,no,1,,,,gemma4it_tb_hornet4.json
hornet,4,none,1071,267,TimeBlind/videos/vid_00267_1.mp4,Is the mouse rotated by a small amount?,yes,No,no,0,,,,gemma4it_tb_hornet4.json
hornet,4,none,1072,268,TimeBlind/videos/vid_00268_0.mp4,Does the yellow cup move faster than the water bottle?,yes,No,no,0,,,,gemma4it_tb_hornet4.json
hornet,4,none,1073,268,TimeBlind/videos/vid_00268_1.mp4,Does the yellow cup move faster than the water bottle?,no,No,no,1,,,,gemma4it_tb_hornet4.json
hornet,4,none,1074,268,TimeBlind/videos/vid_00268_0.mp4,Does the yellow cup move more slowly than the water bottle?,no,No,no,1,,,,gemma4it_tb_hornet4.json
hornet,4,none,1075,268,TimeBlind/videos/vid_00268_1.mp4,Does the yellow cup move more slowly than the water bottle?,yes,No,no,0,,,,gemma4it_tb_hornet4.json
hornet,4,none,1076,269,TimeBlind/videos/vid_00269_0.mp4,Is the yellow cup tipped over from an upright position?,yes,Yes,yes,1,,,,gemma4it_tb_hornet4.json
hornet,4,none,1077,269,TimeBlind/videos/vid_00269_1.mp4,Is the yellow cup tipped over from an upright position?,no,Yes,yes,0,,,,gemma4it_tb_hornet4.json
hornet,4,none,1078,269,TimeBlind/videos/vid_00269_0.mp4,Is the yellow cup set upright from a tipped-over position?,no,No,no,1,,,,gemma4it_tb_hornet4.json
hornet,4,none,1079,269,TimeBlind/videos/vid_00269_1.mp4,Is the yellow cup set upright from a tipped-over position?,yes,Yes,yes,1,,,,gemma4it_tb_hornet4.json
hornet,4,none,1080,270,TimeBlind/videos/vid_00270_0.mp4,Does the water bottle fall off the table because it isn’t placed securely?,yes,No,no,0,,,,gemma4it_tb_hornet4.json
hornet,4,none,1081,270,TimeBlind/videos/vid_00270_1.mp4,Does the water bottle fall off the table because it isn’t placed securely?,no,Yes,yes,0,,,,gemma4it_tb_hornet4.json
hornet,4,none,1082,270,TimeBlind/videos/vid_00270_0.mp4,Does the water bottle fall off the table because someone pushes it off with their hand?,no,No,no,1,,,,gemma4it_tb_hornet4.json
hornet,4,none,1083,270,TimeBlind/videos/vid_00270_1.mp4,Does the water bottle fall off the table because someone pushes it off with their hand?,yes,Yes,yes,1,,,,gemma4it_tb_hornet4.json
hornet,4,none,1084,271,TimeBlind/videos/vid_00271_0.mp4,Is the tissue pulled out gently?,yes,Yes,yes,1,,,,gemma4it_tb_hornet4.json
hornet,4,none,1085,271,TimeBlind/videos/vid_00271_1.mp4,Is the tissue pulled out gently?,no,No,no,1,,,,gemma4it_tb_hornet4.json
hornet,4,none,1086,271,TimeBlind/videos/vid_00271_0.mp4,Is the tissue pulled out forcefully?,no,No,no,1,,,,gemma4it_tb_hornet4.json
hornet,4,none,1087,271,TimeBlind/videos/vid_00271_1.mp4,Is the tissue pulled out forcefully?,yes,Yes,yes,1,,,,gemma4it_tb_hornet4.json
hornet,4,none,1088,272,TimeBlind/videos/vid_00272_0.mp4,Does very little water come out of the first bottle because the cap isn’t open?,yes,No,no,0,,,,gemma4it_tb_hornet4.json
hornet,4,none,1089,272,TimeBlind/videos/vid_00272_1.mp4,Does very little water come out of the first bottle because the cap isn’t open?,no,No,no,1,,,,gemma4it_tb_hornet4.json
hornet,4,none,1090,272,TimeBlind/videos/vid_00272_0.mp4,Does very little water come out of the first bottle because there’s no water in it?,no,No,no,1,,,,gemma4it_tb_hornet4.json
hornet,4,none,1091,272,TimeBlind/videos/vid_00272_1.mp4,Does very little water come out of the first bottle because there’s no water in it?,yes,No,no,0,,,,gemma4it_tb_hornet4.json
hornet,4,none,1092,273,TimeBlind/videos/vid_00273_0.mp4,Does very little water come out of the second bottle because there’s no water in it?,yes,No,no,0,,,,gemma4it_tb_hornet4.json
hornet,4,none,1093,273,TimeBlind/videos/vid_00273_1.mp4,Does very little water come out of the second bottle because there’s no water in it?,no,No,no,1,,,,gemma4it_tb_hornet4.json
hornet,4,none,1094,273,TimeBlind/videos/vid_00273_0.mp4,Does very little water come out of the second bottle because the cap isn’t opened?,no,No,no,1,,,,gemma4it_tb_hornet4.json
hornet,4,none,1095,273,TimeBlind/videos/vid_00273_1.mp4,Does very little water come out of the second bottle because the cap isn’t opened?,yes,No,no,0,,,,gemma4it_tb_hornet4.json
hornet,4,none,1096,274,TimeBlind/videos/vid_00274_0.mp4,Is the yellow cup picked up three times and the water bottle picked up once?,yes,Yes,yes,1,,,,gemma4it_tb_hornet4.json
hornet,4,none,1097,274,TimeBlind/videos/vid_00274_1.mp4,Is the yellow cup picked up three times and the water bottle picked up once?,no,No,no,1,,,,gemma4it_tb_hornet4.json
hornet,4,none,1098,274,TimeBlind/videos/vid_00274_0.mp4,Is the yellow cup picked up once and the water bottle picked up three times?,no,No,no,1,,,,gemma4it_tb_hornet4.json
hornet,4,none,1099,274,TimeBlind/videos/vid_00274_1.mp4,Is the yellow cup picked up once and the water bottle picked up three times?,yes,No,no,0,,,,gemma4it_tb_hornet4.json
hornet,4,none,1100,275,TimeBlind/videos/vid_00275_0.mp4,Is the phone stand unfolded from a folded position?,yes,Yes,yes,1,,,,gemma4it_tb_hornet4.json
hornet,4,none,1101,275,TimeBlind/videos/vid_00275_1.mp4,Is the phone stand unfolded from a folded position?,no,No,no,1,,,,gemma4it_tb_hornet4.json
hornet,4,none,1102,275,TimeBlind/videos/vid_00275_0.mp4,Is the phone stand folded from an unfolded position?,no,No,no,1,,,,gemma4it_tb_hornet4.json
hornet,4,none,1103,275,TimeBlind/videos/vid_00275_1.mp4,Is the phone stand folded from an unfolded position?,yes,No,no,0,,,,gemma4it_tb_hornet4.json
hornet,4,none,1104,276,TimeBlind/videos/vid_00276_0.mp4,Does the light turn on on the second button press?,yes,I cannot answer this question because the video does not show the light turning on or off.,,0,,,,gemma4it_tb_hornet4.json
hornet,4,none,1105,276,TimeBlind/videos/vid_00276_1.mp4,Does the light turn on on the second button press?,no,I cannot answer this question because the image does not show the light turning on or off.,,0,,,,gemma4it_tb_hornet4.json
hornet,4,none,1106,276,TimeBlind/videos/vid_00276_0.mp4,Does the light turn on on the first button press?,no,No,no,1,,,,gemma4it_tb_hornet4.json
hornet,4,none,1107,276,TimeBlind/videos/vid_00276_1.mp4,Does the light turn on on the first button press?,yes,No,no,0,,,,gemma4it_tb_hornet4.json
hornet,4,none,1108,277,TimeBlind/videos/vid_00277_0.mp4,Is the light turned on using the wall switch?,yes,No,no,0,,,,gemma4it_tb_hornet4.json
hornet,4,none,1109,277,TimeBlind/videos/vid_00277_1.mp4,Is the light turned on using the wall switch?,no,No,no,1,,,,gemma4it_tb_hornet4.json
hornet,4,none,1110,277,TimeBlind/videos/vid_00277_0.mp4,Is the light turned on using the remote control?,no,No,no,1,,,,gemma4it_tb_hornet4.json
hornet,4,none,1111,277,TimeBlind/videos/vid_00277_1.mp4,Is the light turned on using the remote control?,yes,Yes,yes,1,,,,gemma4it_tb_hornet4.json
hornet,4,none,1112,278,TimeBlind/videos/vid_00278_0.mp4,Does the chair move backward because the person pushes it with their leg?,yes,No,no,0,,,,gemma4it_tb_hornet4.json
hornet,4,none,1113,278,TimeBlind/videos/vid_00278_1.mp4,Does the chair move backward because the person pushes it with their leg?,no,No,no,1,,,,gemma4it_tb_hornet4.json
hornet,4,none,1114,278,TimeBlind/videos/vid_00278_0.mp4,Does the chair move backward because the person pushes it with their hand?,no,No,no,1,,,,gemma4it_tb_hornet4.json
hornet,4,none,1115,278,TimeBlind/videos/vid_00278_1.mp4,Does the chair move backward because the person pushes it with their hand?,yes,No,no,0,,,,gemma4it_tb_hornet4.json
hornet,4,none,1116,279,TimeBlind/videos/vid_00279_0.mp4,Does the small box fall over because the chair shakes?,yes,No,no,0,,,,gemma4it_tb_hornet4.json
hornet,4,none,1117,279,TimeBlind/videos/vid_00279_1.mp4,Does the small box fall over because the chair shakes?,no,No,no,1,,,,gemma4it_tb_hornet4.json
hornet,4,none,1118,279,TimeBlind/videos/vid_00279_0.mp4,Does the small box fall over because someone pushes it with their hand?,no,No,no,1,,,,gemma4it_tb_hornet4.json
hornet,4,none,1119,279,TimeBlind/videos/vid_00279_1.mp4,Does the small box fall over because someone pushes it with their hand?,yes,No,no,0,,,,gemma4it_tb_hornet4.json
hornet,4,none,1120,280,TimeBlind/videos/vid_00280_0.mp4,Does the small box fall over because the chair shakes?,yes,No,no,0,,,,gemma4it_tb_hornet4.json
hornet,4,none,1121,280,TimeBlind/videos/vid_00280_1.mp4,Does the small box fall over because the chair shakes?,no,No,no,1,,,,gemma4it_tb_hornet4.json
hornet,4,none,1122,280,TimeBlind/videos/vid_00280_0.mp4,Does the small box fall over because someone pushes it with their hand?,no,No,no,1,,,,gemma4it_tb_hornet4.json
hornet,4,none,1123,280,TimeBlind/videos/vid_00280_1.mp4,Does the small box fall over because someone pushes it with their hand?,yes,No,no,0,,,,gemma4it_tb_hornet4.json
hornet,4,none,1124,281,TimeBlind/videos/vid_00281_0.mp4,Does the phone’s screen light up because someone taps the phone?,yes,Yes,yes,1,,,,gemma4it_tb_hornet4.json
hornet,4,none,1125,281,TimeBlind/videos/vid_00281_1.mp4,Does the phone’s screen light up because someone taps the phone?,no,Yes,yes,0,,,,gemma4it_tb_hornet4.json
hornet,4,none,1126,281,TimeBlind/videos/vid_00281_0.mp4,Does the phone’s screen light up automatically when it is picked up?,no,No,no,1,,,,gemma4it_tb_hornet4.json
hornet,4,none,1127,281,TimeBlind/videos/vid_00281_1.mp4,Does the phone’s screen light up automatically when it is picked up?,yes,Yes,yes,1,,,,gemma4it_tb_hornet4.json
hornet,4,none,1128,282,TimeBlind/videos/vid_00282_0.mp4,Does the incoming call disappear because the person swipes on the screen to decline the call?,yes,Yes,yes,1,,,,gemma4it_tb_hornet4.json
hornet,4,none,1129,282,TimeBlind/videos/vid_00282_1.mp4,Does the incoming call disappear because the person swipes on the screen to decline the call?,no,Yes,yes,0,,,,gemma4it_tb_hornet4.json
hornet,4,none,1130,282,TimeBlind/videos/vid_00282_0.mp4,Does the phone stop ringing because the person flips the silent switch on the side?,no,No,no,1,,,,gemma4it_tb_hornet4.json
hornet,4,none,1131,282,TimeBlind/videos/vid_00282_1.mp4,Does the phone stop ringing because the person flips the silent switch on the side?,yes,No,no,0,,,,gemma4it_tb_hornet4.json
hornet,4,none,1132,283,TimeBlind/videos/vid_00283_0.mp4,Does the orange juice carton fall over because it is bumped by an elbow?,yes,No,no,0,,,,gemma4it_tb_hornet4.json
hornet,4,none,1133,283,TimeBlind/videos/vid_00283_1.mp4,Does the orange juice carton fall over because it is bumped by an elbow?,no,No,no,1,,,,gemma4it_tb_hornet4.json
hornet,4,none,1134,283,TimeBlind/videos/vid_00283_0.mp4,Does the orange juice carton fall over because someone knocks it over with their hand?,no,No,no,1,,,,gemma4it_tb_hornet4.json
hornet,4,none,1135,283,TimeBlind/videos/vid_00283_1.mp4,Does the orange juice carton fall over because someone knocks it over with their hand?,yes,No,no,0,,,,gemma4it_tb_hornet4.json
hornet,4,none,1136,284,TimeBlind/videos/vid_00284_0.mp4,Does the water spill disappear because it is wiped away with a paper towel?,yes,Yes,yes,1,,,,gemma4it_tb_hornet4.json
hornet,4,none,1137,284,TimeBlind/videos/vid_00284_1.mp4,Does the water spill disappear because it is wiped away with a paper towel?,no,Yes,yes,0,,,,gemma4it_tb_hornet4.json
hornet,4,none,1138,284,TimeBlind/videos/vid_00284_0.mp4,Does the water spill disappear because it is wiped away with a bare hand?,no,Yes,yes,0,,,,gemma4it_tb_hornet4.json
hornet,4,none,1139,284,TimeBlind/videos/vid_00284_1.mp4,Does the water spill disappear because it is wiped away with a bare hand?,yes,No,no,0,,,,gemma4it_tb_hornet4.json
hornet,4,none,1140,285,TimeBlind/videos/vid_00285_0.mp4,"At the start of the video, is the cup squeezed gently?",yes,No,no,0,,,,gemma4it_tb_hornet4.json
hornet,4,none,1141,285,TimeBlind/videos/vid_00285_1.mp4,"At the start of the video, is the cup squeezed gently?",no,No,no,1,,,,gemma4it_tb_hornet4.json
hornet,4,none,1142,285,TimeBlind/videos/vid_00285_0.mp4,"At the start of the video, is the cup squeezed forcefully?",no,No,no,1,,,,gemma4it_tb_hornet4.json
hornet,4,none,1143,285,TimeBlind/videos/vid_00285_1.mp4,"At the start of the video, is the cup squeezed forcefully?",yes,No,no,0,,,,gemma4it_tb_hornet4.json
hornet,4,none,1144,286,TimeBlind/videos/vid_00286_0.mp4,Does the person pull a tissue out of the tissue box four times in total?,yes,No,no,0,,,,gemma4it_tb_hornet4.json
hornet,4,none,1145,286,TimeBlind/videos/vid_00286_1.mp4,Does the person pull a tissue out of the tissue box four times in total?,no,No,no,1,,,,gemma4it_tb_hornet4.json
hornet,4,none,1146,286,TimeBlind/videos/vid_00286_0.mp4,Does the person pull a tissue out of the tissue box three times in total?,no,No,no,1,,,,gemma4it_tb_hornet4.json
hornet,4,none,1147,286,TimeBlind/videos/vid_00286_1.mp4,Does the person pull a tissue out of the tissue box three times in total?,yes,No,no,0,,,,gemma4it_tb_hornet4.json
hornet,4,none,1148,287,TimeBlind/videos/vid_00287_0.mp4,Does the swaying motion gradually get wider over time?,yes,No,no,0,,,,gemma4it_tb_hornet4.json
hornet,4,none,1149,287,TimeBlind/videos/vid_00287_1.mp4,Does the swaying motion gradually get wider over time?,no,No,no,1,,,,gemma4it_tb_hornet4.json
hornet,4,none,1150,287,TimeBlind/videos/vid_00287_0.mp4,Does the swaying motion gradually get smaller over time?,no,No,no,1,,,,gemma4it_tb_hornet4.json
hornet,4,none,1151,287,TimeBlind/videos/vid_00287_1.mp4,Does the swaying motion gradually get smaller over time?,yes,No,no,0,,,,gemma4it_tb_hornet4.json
hornet,4,none,1152,288,TimeBlind/videos/vid_00288_0.mp4,Does the swaying motion gradually get wider over time?,yes,No,no,0,,,,gemma4it_tb_hornet4.json
hornet,4,none,1153,288,TimeBlind/videos/vid_00288_1.mp4,Does the swaying motion gradually get wider over time?,no,No,no,1,,,,gemma4it_tb_hornet4.json
hornet,4,none,1154,288,TimeBlind/videos/vid_00288_0.mp4,Does the swaying motion gradually get smaller over time?,no,No,no,1,,,,gemma4it_tb_hornet4.json
hornet,4,none,1155,288,TimeBlind/videos/vid_00288_1.mp4,Does the swaying motion gradually get smaller over time?,yes,No,no,0,,,,gemma4it_tb_hornet4.json
hornet,4,none,1156,289,TimeBlind/videos/vid_00289_0.mp4,Is the black mouse picked up twice?,yes,Yes,yes,1,,,,gemma4it_tb_hornet4.json
hornet,4,none,1157,289,TimeBlind/videos/vid_00289_1.mp4,Is the black mouse picked up twice?,no,Yes,yes,0,,,,gemma4it_tb_hornet4.json
hornet,4,none,1158,289,TimeBlind/videos/vid_00289_0.mp4,Is the black mouse picked up three times?,no,No,no,1,,,,gemma4it_tb_hornet4.json
hornet,4,none,1159,289,TimeBlind/videos/vid_00289_1.mp4,Is the black mouse picked up three times?,yes,No,no,0,,,,gemma4it_tb_hornet4.json
hornet,4,none,1160,290,TimeBlind/videos/vid_00290_0.mp4,Does the object fall off the table because the person pushes it?,yes,Yes,yes,1,,,,gemma4it_tb_hornet4.json
hornet,4,none,1161,290,TimeBlind/videos/vid_00290_1.mp4,Does the object fall off the table because the person pushes it?,no,No,no,1,,,,gemma4it_tb_hornet4.json
hornet,4,none,1162,290,TimeBlind/videos/vid_00290_0.mp4,Does the object fall off the table because it is placed on the edge of the table?,no,No,no,1,,,,gemma4it_tb_hornet4.json
hornet,4,none,1163,290,TimeBlind/videos/vid_00290_1.mp4,Does the object fall off the table because it is placed on the edge of the table?,yes,Yes,yes,1,,,,gemma4it_tb_hornet4.json
hornet,4,none,1164,291,TimeBlind/videos/vid_00291_0.mp4,Is the snack no longer visible because a piece of paper is blocking it from view?,yes,No,no,0,,,,gemma4it_tb_hornet4.json
hornet,4,none,1165,291,TimeBlind/videos/vid_00291_1.mp4,Is the snack no longer visible because a piece of paper is blocking it from view?,no,No,no,1,,,,gemma4it_tb_hornet4.json
hornet,4,none,1166,291,TimeBlind/videos/vid_00291_0.mp4,Is the snack no longer visible because the snack has been put into a drawer?,no,No,no,1,,,,gemma4it_tb_hornet4.json
hornet,4,none,1167,291,TimeBlind/videos/vid_00291_1.mp4,Is the snack no longer visible because the snack has been put into a drawer?,yes,No,no,0,,,,gemma4it_tb_hornet4.json
hornet,4,none,1168,292,TimeBlind/videos/vid_00292_0.mp4,Is the cup picked up four times in the video?,yes,No,no,0,,,,gemma4it_tb_hornet4.json
hornet,4,none,1169,292,TimeBlind/videos/vid_00292_1.mp4,Is the cup picked up four times in the video?,no,No,no,1,,,,gemma4it_tb_hornet4.json
hornet,4,none,1170,292,TimeBlind/videos/vid_00292_0.mp4,Is the cup picked up five times in the video?,no,No,no,1,,,,gemma4it_tb_hornet4.json
hornet,4,none,1171,292,TimeBlind/videos/vid_00292_1.mp4,Is the cup picked up five times in the video?,yes,No,no,0,,,,gemma4it_tb_hornet4.json
hornet,4,none,1172,293,TimeBlind/videos/vid_00293_0.mp4,Is the red BBQ sauce picked up gently in the video?,yes,No,no,0,,,,gemma4it_tb_hornet4.json
hornet,4,none,1173,293,TimeBlind/videos/vid_00293_1.mp4,Is the red BBQ sauce picked up gently in the video?,no,No,no,1,,,,gemma4it_tb_hornet4.json
hornet,4,none,1174,293,TimeBlind/videos/vid_00293_0.mp4,Is the red BBQ sauce picked up forcefully in the video?,no,No,no,1,,,,gemma4it_tb_hornet4.json
hornet,4,none,1175,293,TimeBlind/videos/vid_00293_1.mp4,Is the red BBQ sauce picked up forcefully in the video?,yes,No,no,0,,,,gemma4it_tb_hornet4.json
hornet,4,none,1176,294,TimeBlind/videos/vid_00294_0.mp4,Is the second object the person picks up red?,yes,No,no,0,,,,gemma4it_tb_hornet4.json
hornet,4,none,1177,294,TimeBlind/videos/vid_00294_1.mp4,Is the second object the person picks up red?,no,No,no,1,,,,gemma4it_tb_hornet4.json
hornet,4,none,1178,294,TimeBlind/videos/vid_00294_0.mp4,Is the second object the person picks up green and white?,no,Yes,yes,0,,,,gemma4it_tb_hornet4.json
hornet,4,none,1179,294,TimeBlind/videos/vid_00294_1.mp4,Is the second object the person picks up green and white?,yes,No,no,0,,,,gemma4it_tb_hornet4.json
hornet,4,none,1180,295,TimeBlind/videos/vid_00295_0.mp4,Is the orange juice carton held for a longer duration than the milk carton?,yes,No,no,0,,,,gemma4it_tb_hornet4.json
hornet,4,none,1181,295,TimeBlind/videos/vid_00295_1.mp4,Is the orange juice carton held for a longer duration than the milk carton?,no,No,no,1,,,,gemma4it_tb_hornet4.json
hornet,4,none,1182,295,TimeBlind/videos/vid_00295_0.mp4,Is the milk carton held for a longer duration than the orange juice carton?,no,No,no,1,,,,gemma4it_tb_hornet4.json
hornet,4,none,1183,295,TimeBlind/videos/vid_00295_1.mp4,Is the milk carton held for a longer duration than the orange juice carton?,yes,No,no,0,,,,gemma4it_tb_hornet4.json
hornet,4,none,1184,296,TimeBlind/videos/vid_00296_0.mp4,Is the milk carton held for approximately 10 seconds?,yes,No,no,0,,,,gemma4it_tb_hornet4.json
hornet,4,none,1185,296,TimeBlind/videos/vid_00296_1.mp4,Is the milk carton held for approximately 10 seconds?,no,No,no,1,,,,gemma4it_tb_hornet4.json
hornet,4,none,1186,296,TimeBlind/videos/vid_00296_0.mp4,Is the milk carton held for approximately 3 seconds?,no,No,no,1,,,,gemma4it_tb_hornet4.json
hornet,4,none,1187,296,TimeBlind/videos/vid_00296_1.mp4,Is the milk carton held for approximately 3 seconds?,yes,No,no,0,,,,gemma4it_tb_hornet4.json
hornet,4,none,1188,297,TimeBlind/videos/vid_00297_0.mp4,Is the milk carton moved at a slow speed?,yes,No,no,0,,,,gemma4it_tb_hornet4.json
hornet,4,none,1189,297,TimeBlind/videos/vid_00297_1.mp4,Is the milk carton moved at a slow speed?,no,No,no,1,,,,gemma4it_tb_hornet4.json
hornet,4,none,1190,297,TimeBlind/videos/vid_00297_0.mp4,Is the milk carton moved at a fast speed?,no,No,no,1,,,,gemma4it_tb_hornet4.json
hornet,4,none,1191,297,TimeBlind/videos/vid_00297_1.mp4,Is the milk carton moved at a fast speed?,yes,No,no,0,,,,gemma4it_tb_hornet4.json
hornet,4,none,1192,298,TimeBlind/videos/vid_00298_0.mp4,Is the toy box held for approximately 5 seconds?,yes,Yes,yes,1,,,,gemma4it_tb_hornet4.json
hornet,4,none,1193,298,TimeBlind/videos/vid_00298_1.mp4,Is the toy box held for approximately 5 seconds?,no,No,no,1,,,,gemma4it_tb_hornet4.json
hornet,4,none,1194,298,TimeBlind/videos/vid_00298_0.mp4,Is the toy box held for approximately 10 seconds?,no,Yes,yes,0,,,,gemma4it_tb_hornet4.json
hornet,4,none,1195,298,TimeBlind/videos/vid_00298_1.mp4,Is the toy box held for approximately 10 seconds?,yes,Yes,yes,1,,,,gemma4it_tb_hornet4.json
hornet,4,none,1196,299,TimeBlind/videos/vid_00299_0.mp4,Does the person use the green pen to make marks slowly?,yes,No,no,0,,,,gemma4it_tb_hornet4.json
hornet,4,none,1197,299,TimeBlind/videos/vid_00299_1.mp4,Does the person use the green pen to make marks slowly?,no,No,no,1,,,,gemma4it_tb_hornet4.json
hornet,4,none,1198,299,TimeBlind/videos/vid_00299_0.mp4,Does the person use the green pen to make marks quickly?,no,No,no,1,,,,gemma4it_tb_hornet4.json
hornet,4,none,1199,299,TimeBlind/videos/vid_00299_1.mp4,Does the person use the green pen to make marks quickly?,yes,No,no,0,,,,gemma4it_tb_hornet4.json
hornet,4,none,1200,300,TimeBlind/videos/mcq_vid_00000_0.mp4,"What is the timing between the girl putting down her cup and the boy starting to eat? Option A: The girl puts down her cup, and a moment later the boy starts eating. Option B: The boy starts eating as soon as the girl puts down her cup.",a,The correct answer is Option A.,a,1,,,,gemma4it_tb_hornet4.json
hornet,4,none,1201,300,TimeBlind/videos/mcq_vid_00000_1.mp4,"What is the timing between the girl putting down her cup and the boy starting to eat? Option A: The girl puts down her cup, and a moment later the boy starts eating. Option B: The boy starts eating as soon as the girl puts down her cup.",b,The correct answer is Option A.,a,0,,,,gemma4it_tb_hornet4.json
hornet,4,none,1202,300,TimeBlind/videos/mcq_vid_00000_0.mp4,"What is the timing between the girl putting down her cup and the boy starting to eat? Option A: The boy starts eating as soon as the girl puts down her cup. Option B: The girl puts down her cup, and a moment later the boy starts eating.",b,The correct answer is Option B.,b,1,,,,gemma4it_tb_hornet4.json
hornet,4,none,1203,300,TimeBlind/videos/mcq_vid_00000_1.mp4,"What is the timing between the girl putting down her cup and the boy starting to eat? Option A: The boy starts eating as soon as the girl puts down her cup. Option B: The girl puts down her cup, and a moment later the boy starts eating.",a,The correct answer is Option B.,b,0,,,,gemma4it_tb_hornet4.json
hornet,4,none,1204,301,TimeBlind/videos/mcq_vid_00001_0.mp4,On which attempt does the person in the video swing the racket faster? Option A: The second attempt. Option B: The first attempt.,a,"The person in the video swings the racket faster on the first attempt.

Option B",b,0,,,,gemma4it_tb_hornet4.json
hornet,4,none,1205,301,TimeBlind/videos/mcq_vid_00001_1.mp4,On which attempt does the person in the video swing the racket faster? Option A: The second attempt. Option B: The first attempt.,b,"The person in the video swings the racket faster on the first attempt.

Option B",b,1,,,,gemma4it_tb_hornet4.json
hornet,4,none,1206,301,TimeBlind/videos/mcq_vid_00001_0.mp4,On which attempt does the person in the video swing the racket faster? Option A: The first attempt. Option B: The second attempt.,b,"The person in the video swings the racket faster on the second attempt.

B",b,1,,,,gemma4it_tb_hornet4.json
hornet,4,none,1207,301,TimeBlind/videos/mcq_vid_00001_1.mp4,On which attempt does the person in the video swing the racket faster? Option A: The first attempt. Option B: The second attempt.,a,"The person in the video swings the racket faster on the second attempt.

B",b,0,,,,gemma4it_tb_hornet4.json
hornet,4,none,1208,302,TimeBlind/videos/mcq_vid_00002_0.mp4,What does the man do with his feet while hitting the shuttlecock? Option A: He does not move his feet. Option B: He moves his feet.,a,The correct answer is A.,a,1,,,,gemma4it_tb_hornet4.json
hornet,4,none,1209,302,TimeBlind/videos/mcq_vid_00002_1.mp4,What does the man do with his feet while hitting the shuttlecock? Option A: He does not move his feet. Option B: He moves his feet.,b,The correct answer is Option B.,b,1,,,,gemma4it_tb_hornet4.json
hornet,4,none,1210,302,TimeBlind/videos/mcq_vid_00002_0.mp4,What does the man do with his feet while hitting the shuttlecock? Option A: He moves his feet. Option B: He does not move his feet.,b,The correct answer is A.,a,0,,,,gemma4it_tb_hornet4.json
hornet,4,none,1211,302,TimeBlind/videos/mcq_vid_00002_1.mp4,What does the man do with his feet while hitting the shuttlecock? Option A: He moves his feet. Option B: He does not move his feet.,a,The correct answer is A.,a,1,,,,gemma4it_tb_hornet4.json
hornet,4,none,1212,303,TimeBlind/videos/mcq_vid_00003_0.mp4,How does the color at the left end of the cigarette change over time? Option A: It gradually changes from white to yellow. Option B: It gradually changes from yellow to white.,a,The correct answer is Option A.,a,1,,,,gemma4it_tb_hornet4.json
hornet,4,none,1213,303,TimeBlind/videos/mcq_vid_00003_1.mp4,How does the color at the left end of the cigarette change over time? Option A: It gradually changes from white to yellow. Option B: It gradually changes from yellow to white.,b,The correct answer is B.,b,1,,,,gemma4it_tb_hornet4.json
hornet,4,none,1214,303,TimeBlind/videos/mcq_vid_00003_0.mp4,How does the color at the left end of the cigarette change over time? Option A: It gradually changes from yellow to white. Option B: It gradually changes from white to yellow.,b,The correct answer is Option B.,b,1,,,,gemma4it_tb_hornet4.json
hornet,4,none,1215,303,TimeBlind/videos/mcq_vid_00003_1.mp4,How does the color at the left end of the cigarette change over time? Option A: It gradually changes from yellow to white. Option B: It gradually changes from white to yellow.,a,The correct answer is Option A.,a,1,,,,gemma4it_tb_hornet4.json
hornet,4,none,1216,304,TimeBlind/videos/mcq_vid_00004_0.mp4,How is the sprout's height changing? Option A: It's getting taller. Option B: It's getting shorter.,a,A,a,1,,,,gemma4it_tb_hornet4.json
hornet,4,none,1217,304,TimeBlind/videos/mcq_vid_00004_1.mp4,How is the sprout's height changing? Option A: It's getting taller. Option B: It's getting shorter.,b,"The sprout's height is getting shorter.

Option B",b,1,,,,gemma4it_tb_hornet4.json
hornet,4,none,1218,304,TimeBlind/videos/mcq_vid_00004_0.mp4,How is the sprout's height changing? Option A: It's getting shorter. Option B: It's getting taller.,b,B,b,1,,,,gemma4it_tb_hornet4.json
hornet,4,none,1219,304,TimeBlind/videos/mcq_vid_00004_1.mp4,How is the sprout's height changing? Option A: It's getting shorter. Option B: It's getting taller.,a,"The sprout's height is getting shorter.

A",a,1,,,,gemma4it_tb_hornet4.json
hornet,4,none,1220,305,TimeBlind/videos/mcq_vid_00005_0.mp4,Which of the following accurately describes the duration for which the milk carton is held? Option A: The milk carton is held for approximately 5 seconds. Option B: The milk carton is held for approximately 10 seconds.,a,The correct answer is Option B.,b,0,,,,gemma4it_tb_hornet4.json
hornet,4,none,1221,305,TimeBlind/videos/mcq_vid_00005_1.mp4,Which of the following accurately describes the duration for which the milk carton is held? Option A: The milk carton is held for approximately 5 seconds. Option B: The milk carton is held for approximately 10 seconds.,b,The correct answer is Option B.,b,1,,,,gemma4it_tb_hornet4.json
hornet,4,none,1222,305,TimeBlind/videos/mcq_vid_00005_0.mp4,Which of the following accurately describes the duration for which the milk carton is held? Option A: The milk carton is held for approximately 10 seconds. Option B: The milk carton is held for approximately 5 seconds.,b,The correct answer is Option B.,b,1,,,,gemma4it_tb_hornet4.json
hornet,4,none,1223,305,TimeBlind/videos/mcq_vid_00005_1.mp4,Which of the following accurately describes the duration for which the milk carton is held? Option A: The milk carton is held for approximately 10 seconds. Option B: The milk carton is held for approximately 5 seconds.,a,The correct answer is Option B.,b,0,,,,gemma4it_tb_hornet4.json
hornet,4,none,1224,306,TimeBlind/videos/mcq_vid_00006_0.mp4,How does the person change over time? Option A: A little girl turns into an old woman. Option B: An old woman turns into a little girl.,a,The correct answer is neither A nor B. The person in the images remains the same throughout the sequence.,a,1,,,,gemma4it_tb_hornet4.json
hornet,4,none,1225,306,TimeBlind/videos/mcq_vid_00006_1.mp4,How does the person change over time? Option A: A little girl turns into an old woman. Option B: An old woman turns into a little girl.,b,The correct answer is B.,b,1,,,,gemma4it_tb_hornet4.json
hornet,4,none,1226,306,TimeBlind/videos/mcq_vid_00006_0.mp4,How does the person change over time? Option A: An old woman turns into a little girl. Option B: A little girl turns into an old woman.,b,Neither A nor B. The person remains the same throughout the video.,a,0,,,,gemma4it_tb_hornet4.json
hornet,4,none,1227,306,TimeBlind/videos/mcq_vid_00006_1.mp4,How does the person change over time? Option A: An old woman turns into a little girl. Option B: A little girl turns into an old woman.,a,The correct answer is neither A nor B. The person in the video remains the same woman throughout the clip; the only changes are the addition of text and a slight change in her facial expression.,a,1,,,,gemma4it_tb_hornet4.json
hornet,4,none,1228,307,TimeBlind/videos/mcq_vid_00007_0.mp4,How does the person's mood change? Option A: They go from happy to sad. Option B: They go from sad to happy.,a,"The person's mood does not change in the provided video; they remain sad throughout. However, based on the options provided and the visual evidence of the person's expression:

A",a,1,,,,gemma4it_tb_hornet4.json
hornet,4,none,1229,307,TimeBlind/videos/mcq_vid_00007_1.mp4,How does the person's mood change? Option A: They go from happy to sad. Option B: They go from sad to happy.,b,B,b,1,,,,gemma4it_tb_hornet4.json
hornet,4,none,1230,307,TimeBlind/videos/mcq_vid_00007_0.mp4,How does the person's mood change? Option A: They go from sad to happy. Option B: They go from happy to sad.,b,"The person's mood does not change in the provided video; they remain sad throughout. However, based on the options provided and the visual evidence of a sad expression:

B",a,0,,,,gemma4it_tb_hornet4.json
hornet,4,none,1231,307,TimeBlind/videos/mcq_vid_00007_1.mp4,How does the person's mood change? Option A: They go from sad to happy. Option B: They go from happy to sad.,a,A,a,1,,,,gemma4it_tb_hornet4.json
hornet,4,none,1232,308,TimeBlind/videos/mcq_vid_00008_0.mp4,What is happening to the whole onion? Option A: It is being cut into small pieces. Option B: The small pieces are coming together to form a whole onion.,a,A,a,1,,,,gemma4it_tb_hornet4.json
hornet,4,none,1233,308,TimeBlind/videos/mcq_vid_00008_1.mp4,What is happening to the whole onion? Option A: It is being cut into small pieces. Option B: The small pieces are coming together to form a whole onion.,b,A,a,0,,,,gemma4it_tb_hornet4.json
hornet,4,none,1234,308,TimeBlind/videos/mcq_vid_00008_0.mp4,What is happening to the whole onion? Option A: The small pieces are coming together to form a whole onion. Option B: It is being cut into small pieces.,b,B,b,1,,,,gemma4it_tb_hornet4.json
hornet,4,none,1235,308,TimeBlind/videos/mcq_vid_00008_1.mp4,What is happening to the whole onion? Option A: The small pieces are coming together to form a whole onion. Option B: It is being cut into small pieces.,a,B,b,0,,,,gemma4it_tb_hornet4.json
hornet,4,none,1236,309,TimeBlind/videos/mcq_vid_00009_0.mp4,How does the butter's physical state change over time? Option A: It changes from solid to liquid. Option B: It changes from liquid to solid.,a,A,a,1,,,,gemma4it_tb_hornet4.json
hornet,4,none,1237,309,TimeBlind/videos/mcq_vid_00009_1.mp4,How does the butter's physical state change over time? Option A: It changes from solid to liquid. Option B: It changes from liquid to solid.,b,A,a,0,,,,gemma4it_tb_hornet4.json
hornet,4,none,1238,309,TimeBlind/videos/mcq_vid_00009_0.mp4,How does the butter's physical state change over time? Option A: It changes from liquid to solid. Option B: It changes from solid to liquid.,b,B,b,1,,,,gemma4it_tb_hornet4.json
hornet,4,none,1239,309,TimeBlind/videos/mcq_vid_00009_1.mp4,How does the butter's physical state change over time? Option A: It changes from liquid to solid. Option B: It changes from solid to liquid.,a,B,b,0,,,,gemma4it_tb_hornet4.json
hornet,4,none,1240,310,TimeBlind/videos/mcq_vid_00010_0.mp4,"How does the clay's shape change? Option A: It goes from an irregular, elongated shape to a sphere. Option B: It goes from a sphere to an irregular, elongated shape.",a,The correct answer is A.,a,1,,,,gemma4it_tb_hornet4.json
hornet,4,none,1241,310,TimeBlind/videos/mcq_vid_00010_1.mp4,"How does the clay's shape change? Option A: It goes from an irregular, elongated shape to a sphere. Option B: It goes from a sphere to an irregular, elongated shape.",b,The correct answer is B.,b,1,,,,gemma4it_tb_hornet4.json
hornet,4,none,1242,310,TimeBlind/videos/mcq_vid_00010_0.mp4,"How does the clay's shape change? Option A: It goes from a sphere to an irregular, elongated shape. Option B: It goes from an irregular, elongated shape to a sphere.",b,The correct answer is Option A.,a,0,,,,gemma4it_tb_hornet4.json
hornet,4,none,1243,310,TimeBlind/videos/mcq_vid_00010_1.mp4,"How does the clay's shape change? Option A: It goes from a sphere to an irregular, elongated shape. Option B: It goes from an irregular, elongated shape to a sphere.",a,The correct answer is A.,a,1,,,,gemma4it_tb_hornet4.json
hornet,4,none,1244,311,TimeBlind/videos/mcq_vid_00011_0.mp4,"As seen from above, in which direction is the pine cone being rotated? Option A: Clockwise. Option B: Counterclockwise.",a,"The pine cone is being rotated in a clockwise direction.

A",a,1,,,,gemma4it_tb_hornet4.json
hornet,4,none,1245,311,TimeBlind/videos/mcq_vid_00011_1.mp4,"As seen from above, in which direction is the pine cone being rotated? Option A: Clockwise. Option B: Counterclockwise.",b,"The pine cone is being rotated in a clockwise direction.

A",a,0,,,,gemma4it_tb_hornet4.json
hornet,4,none,1246,311,TimeBlind/videos/mcq_vid_00011_0.mp4,"As seen from above, in which direction is the pine cone being rotated? Option A: Counterclockwise. Option B: Clockwise.",b,"The pine cone is being rotated in a clockwise direction.

B",a,0,,,,gemma4it_tb_hornet4.json
hornet,4,none,1247,311,TimeBlind/videos/mcq_vid_00011_1.mp4,"As seen from above, in which direction is the pine cone being rotated? Option A: Counterclockwise. Option B: Clockwise.",a,"The pine cone is being rotated in a clockwise direction.

B",a,1,,,,gemma4it_tb_hornet4.json
hornet,4,none,1248,312,TimeBlind/videos/mcq_vid_00012_0.mp4,How does the pine cone change? Option A: It goes from closed to open. Option B: It goes from open to closed.,a,The correct answer is B.,b,0,,,,gemma4it_tb_hornet4.json
hornet,4,none,1249,312,TimeBlind/videos/mcq_vid_00012_1.mp4,How does the pine cone change? Option A: It goes from closed to open. Option B: It goes from open to closed.,b,The correct answer is B.,b,1,,,,gemma4it_tb_hornet4.json
hornet,4,none,1250,312,TimeBlind/videos/mcq_vid_00012_0.mp4,How does the pine cone change? Option A: It goes from open to closed. Option B: It goes from closed to open.,b,The correct answer is Option B.,b,1,,,,gemma4it_tb_hornet4.json
hornet,4,none,1251,312,TimeBlind/videos/mcq_vid_00012_1.mp4,How does the pine cone change? Option A: It goes from open to closed. Option B: It goes from closed to open.,a,The correct answer is B.,b,0,,,,gemma4it_tb_hornet4.json
hornet,4,none,1252,313,TimeBlind/videos/mcq_vid_00013_0.mp4,How does the seed coat move relative to the soil? Option A: It moves away from the soil. Option B: It moves toward the soil.,a,The correct answer is A.,a,1,,,,gemma4it_tb_hornet4.json
hornet,4,none,1253,313,TimeBlind/videos/mcq_vid_00013_1.mp4,How does the seed coat move relative to the soil? Option A: It moves away from the soil. Option B: It moves toward the soil.,b,The correct answer is Option A.,a,0,,,,gemma4it_tb_hornet4.json
hornet,4,none,1254,313,TimeBlind/videos/mcq_vid_00013_0.mp4,How does the seed coat move relative to the soil? Option A: It moves toward the soil. Option B: It moves away from the soil.,b,The correct answer is Option B.,b,1,,,,gemma4it_tb_hornet4.json
hornet,4,none,1255,313,TimeBlind/videos/mcq_vid_00013_1.mp4,How does the seed coat move relative to the soil? Option A: It moves toward the soil. Option B: It moves away from the soil.,a,The correct answer is Option B.,b,0,,,,gemma4it_tb_hornet4.json
hornet,4,none,1256,314,TimeBlind/videos/mcq_vid_00014_0.mp4,How is the height of the pine tree changing? Option A: It is getting taller. Option B: It is getting shorter.,a,A,a,1,,,,gemma4it_tb_hornet4.json
hornet,4,none,1257,314,TimeBlind/videos/mcq_vid_00014_1.mp4,How is the height of the pine tree changing? Option A: It is getting taller. Option B: It is getting shorter.,b,A,a,0,,,,gemma4it_tb_hornet4.json
hornet,4,none,1258,314,TimeBlind/videos/mcq_vid_00014_0.mp4,How is the height of the pine tree changing? Option A: It is getting shorter. Option B: It is getting taller.,b,B,b,1,,,,gemma4it_tb_hornet4.json
hornet,4,none,1259,314,TimeBlind/videos/mcq_vid_00014_1.mp4,How is the height of the pine tree changing? Option A: It is getting shorter. Option B: It is getting taller.,a,"The height of the pine tree is not changing between the two frames provided. However, if you are referring to the overall progression of the video (as indicated by the ""210 DAYS"" text), the tree is getting taller. Based on the visual evidence of growth in such time-lapse videos:

B",b,0,,,,gemma4it_tb_hornet4.json
hornet,4,none,1260,315,TimeBlind/videos/mcq_vid_00015_0.mp4,How does the number of small black objects in the clear container change? Option A: It increases from one to five. Option B: It decreases from five to one.,a,The correct answer is B.,b,0,,,,gemma4it_tb_hornet4.json
hornet,4,none,1261,315,TimeBlind/videos/mcq_vid_00015_1.mp4,How does the number of small black objects in the clear container change? Option A: It increases from one to five. Option B: It decreases from five to one.,b,The correct answer is B.,b,1,,,,gemma4it_tb_hornet4.json
hornet,4,none,1262,315,TimeBlind/videos/mcq_vid_00015_0.mp4,How does the number of small black objects in the clear container change? Option A: It decreases from five to one. Option B: It increases from one to five.,b,The correct answer is A.,a,0,,,,gemma4it_tb_hornet4.json
hornet,4,none,1263,315,TimeBlind/videos/mcq_vid_00015_1.mp4,How does the number of small black objects in the clear container change? Option A: It decreases from five to one. Option B: It increases from one to five.,a,The correct answer is A.,a,1,,,,gemma4it_tb_hornet4.json
hornet,4,none,1264,316,TimeBlind/videos/mcq_vid_00016_0.mp4,How does a strawberry's color change over time? Option A: It gradually turns from light green to red. Option B: It gradually turns from red to light green.,a,"thought
<channel|>A",a,1,,,,gemma4it_tb_hornet4.json
hornet,4,none,1265,316,TimeBlind/videos/mcq_vid_00016_1.mp4,How does a strawberry's color change over time? Option A: It gradually turns from light green to red. Option B: It gradually turns from red to light green.,b,"thought
<channel|>The correct answer is Option A.",a,0,,,,gemma4it_tb_hornet4.json
hornet,4,none,1266,316,TimeBlind/videos/mcq_vid_00016_0.mp4,How does a strawberry's color change over time? Option A: It gradually turns from red to light green. Option B: It gradually turns from light green to red.,b,"thought
<channel|>B",b,1,,,,gemma4it_tb_hornet4.json
hornet,4,none,1267,316,TimeBlind/videos/mcq_vid_00016_1.mp4,How does a strawberry's color change over time? Option A: It gradually turns from red to light green. Option B: It gradually turns from light green to red.,a,"thought
<channel|>The correct answer is Option B.",b,0,,,,gemma4it_tb_hornet4.json
hornet,4,none,1268,317,TimeBlind/videos/mcq_vid_00017_0.mp4,"When viewed from above, which direction is the top sprout rotating? Option A: Counterclockwise. Option B: Clockwise.",a,"Based on the visual progression in the time-lapse, the top sprout is rotating in a clockwise direction when viewed from above.

B",a,1,,,,gemma4it_tb_hornet4.json
hornet,4,none,1269,317,TimeBlind/videos/mcq_vid_00017_1.mp4,"When viewed from above, which direction is the top sprout rotating? Option A: Counterclockwise. Option B: Clockwise.",b,"To determine the rotation of the top sprout, we need to observe its movement over the sequence of frames provided.

1.  **Frame 00:02**: The sprout is leaning towards the right side of the image.
2.  **Frame 00:03**: The sprout has moved slightly more towards the right and tilted further.

When viewed from above (looking down at the plant), a movement that shifts from the center towards the right side of the frame corresponds to a **clockwise** rotation.

B",a,0,,,,gemma4it_tb_hornet4.json
hornet,4,none,1270,317,TimeBlind/videos/mcq_vid_00017_0.mp4,"When viewed from above, which direction is the top sprout rotating? Option A: Clockwise. Option B: Counterclockwise.",b,"Based on the visual progression in the time-lapse sequence, the top sprout is rotating in a **Counterclockwise** direction when viewed from above.

B",a,0,,,,gemma4it_tb_hornet4.json
hornet,4,none,1271,317,TimeBlind/videos/mcq_vid_00017_1.mp4,"When viewed from above, which direction is the top sprout rotating? Option A: Clockwise. Option B: Counterclockwise.",a,"To determine the rotation of the top sprout, we need to observe its movement over the sequence of frames provided.

1.  **Frame 00:02**: The sprout is leaning towards the right side of the image.
2.  **Frame 00:03**: The sprout has moved slightly more towards the right and tilted further.

When viewed from above (looking down at the plant), a movement that shifts from the center towards the right side of the frame corresponds to a **clockwise** rotation.

A",a,1,,,,gemma4it_tb_hornet4.json
hornet,4,none,1272,318,TimeBlind/videos/mcq_vid_00018_0.mp4,Which of the following accurately describes the movement used to wipe the whiteboard? Option A: The person in the video wipes the whiteboard with small strokes. Option B: The person in the video wipes the whiteboard with large strokes.,a,The correct answer is Option B.,b,0,,,,gemma4it_tb_hornet4.json
hornet,4,none,1273,318,TimeBlind/videos/mcq_vid_00018_1.mp4,Which of the following accurately describes the movement used to wipe the whiteboard? Option A: The person in the video wipes the whiteboard with small strokes. Option B: The person in the video wipes the whiteboard with large strokes.,b,The correct answer is Option B.,b,1,,,,gemma4it_tb_hornet4.json
hornet,4,none,1274,318,TimeBlind/videos/mcq_vid_00018_0.mp4,Which of the following accurately describes the movement used to wipe the whiteboard? Option A: The person in the video wipes the whiteboard with large strokes. Option B: The person in the video wipes the whiteboard with small strokes.,b,The correct answer is Option A.,a,0,,,,gemma4it_tb_hornet4.json
hornet,4,none,1275,318,TimeBlind/videos/mcq_vid_00018_1.mp4,Which of the following accurately describes the movement used to wipe the whiteboard? Option A: The person in the video wipes the whiteboard with large strokes. Option B: The person in the video wipes the whiteboard with small strokes.,a,A,a,1,,,,gemma4it_tb_hornet4.json
hornet,4,none,1276,319,TimeBlind/videos/mcq_vid_00019_0.mp4,How does the number of leaves change? Option A: It increases from one to three. Option B: It decreases from three to one.,a,The correct answer is Option A.,a,1,,,,gemma4it_tb_hornet4.json
hornet,4,none,1277,319,TimeBlind/videos/mcq_vid_00019_1.mp4,How does the number of leaves change? Option A: It increases from one to three. Option B: It decreases from three to one.,b,The correct answer is A.,a,0,,,,gemma4it_tb_hornet4.json
hornet,4,none,1278,319,TimeBlind/videos/mcq_vid_00019_0.mp4,How does the number of leaves change? Option A: It decreases from three to one. Option B: It increases from one to three.,b,The correct answer is B.,b,1,,,,gemma4it_tb_hornet4.json
hornet,4,none,1279,319,TimeBlind/videos/mcq_vid_00019_1.mp4,How does the number of leaves change? Option A: It decreases from three to one. Option B: It increases from one to three.,a,The correct answer is B.,b,0,,,,gemma4it_tb_hornet4.json
hornet,4,none,1280,320,TimeBlind/videos/mcq_vid_00020_0.mp4,What happens to the seed in the video? Option A: The seed comes into view. Option B: The seed goes out of view.,a,The correct answer is Option A.,a,1,,,,gemma4it_tb_hornet4.json
hornet,4,none,1281,320,TimeBlind/videos/mcq_vid_00020_1.mp4,What happens to the seed in the video? Option A: The seed comes into view. Option B: The seed goes out of view.,b,The correct answer is Option A.,a,0,,,,gemma4it_tb_hornet4.json
hornet,4,none,1282,320,TimeBlind/videos/mcq_vid_00020_0.mp4,What happens to the seed in the video? Option A: The seed goes out of view. Option B: The seed comes into view.,b,The correct answer is A.,a,0,,,,gemma4it_tb_hornet4.json
hornet,4,none,1283,320,TimeBlind/videos/mcq_vid_00020_1.mp4,What happens to the seed in the video? Option A: The seed goes out of view. Option B: The seed comes into view.,a,The correct answer is A.,a,1,,,,gemma4it_tb_hornet4.json
hornet,4,none,1284,321,TimeBlind/videos/mcq_vid_00021_0.mp4,How does the box's state change? Option A: It goes from open to closed. Option B: It goes from closed to open.,a,The correct answer is B.,b,0,,,,gemma4it_tb_hornet4.json
hornet,4,none,1285,321,TimeBlind/videos/mcq_vid_00021_1.mp4,How does the box's state change? Option A: It goes from open to closed. Option B: It goes from closed to open.,b,The correct answer is B.,b,1,,,,gemma4it_tb_hornet4.json
hornet,4,none,1286,321,TimeBlind/videos/mcq_vid_00021_0.mp4,How does the box's state change? Option A: It goes from closed to open. Option B: It goes from open to closed.,b,The correct answer is A.,a,0,,,,gemma4it_tb_hornet4.json
hornet,4,none,1287,321,TimeBlind/videos/mcq_vid_00021_1.mp4,How does the box's state change? Option A: It goes from closed to open. Option B: It goes from open to closed.,a,The correct answer is A.,a,1,,,,gemma4it_tb_hornet4.json
hornet,4,none,1288,322,TimeBlind/videos/mcq_vid_00022_0.mp4,How does the molten glass change shape? Option A: It changes from an oval to a rectangle. Option B: It changes from a rectangle to an oval.,a,The correct answer is A.,a,1,,,,gemma4it_tb_hornet4.json
hornet,4,none,1289,322,TimeBlind/videos/mcq_vid_00022_1.mp4,How does the molten glass change shape? Option A: It changes from an oval to a rectangle. Option B: It changes from a rectangle to an oval.,b,The correct answer is B.,b,1,,,,gemma4it_tb_hornet4.json
hornet,4,none,1290,322,TimeBlind/videos/mcq_vid_00022_0.mp4,How does the molten glass change shape? Option A: It changes from a rectangle to an oval. Option B: It changes from an oval to a rectangle.,b,The correct answer is B.,b,1,,,,gemma4it_tb_hornet4.json
hornet,4,none,1291,322,TimeBlind/videos/mcq_vid_00022_1.mp4,How does the molten glass change shape? Option A: It changes from a rectangle to an oval. Option B: It changes from an oval to a rectangle.,a,The correct answer is B.,b,0,,,,gemma4it_tb_hornet4.json
hornet,4,none,1292,323,TimeBlind/videos/mcq_vid_00023_0.mp4,How does the red object's shape change over time? Option A: It changes from teardrop-shaped to gourd-shaped. Option B: It changes from gourd-shaped to teardrop-shaped.,a,The correct answer is Option B.,b,0,,,,gemma4it_tb_hornet4.json
hornet,4,none,1293,323,TimeBlind/videos/mcq_vid_00023_1.mp4,How does the red object's shape change over time? Option A: It changes from teardrop-shaped to gourd-shaped. Option B: It changes from gourd-shaped to teardrop-shaped.,b,The correct answer is Option B.,b,1,,,,gemma4it_tb_hornet4.json
hornet,4,none,1294,323,TimeBlind/videos/mcq_vid_00023_0.mp4,How does the red object's shape change over time? Option A: It changes from gourd-shaped to teardrop-shaped. Option B: It changes from teardrop-shaped to gourd-shaped.,b,The correct answer is Option B.,b,1,,,,gemma4it_tb_hornet4.json
hornet,4,none,1295,323,TimeBlind/videos/mcq_vid_00023_1.mp4,How does the red object's shape change over time? Option A: It changes from gourd-shaped to teardrop-shaped. Option B: It changes from teardrop-shaped to gourd-shaped.,a,The correct answer is Option B.,b,0,,,,gemma4it_tb_hornet4.json
hornet,4,none,1296,324,TimeBlind/videos/mcq_vid_00024_0.mp4,How does the clay change shape? Option A: It changes from an irregular shape to a bowl. Option B: It changes from a bowl to an irregular shape.,a,A,a,1,,,,gemma4it_tb_hornet4.json
hornet,4,none,1297,324,TimeBlind/videos/mcq_vid_00024_1.mp4,How does the clay change shape? Option A: It changes from an irregular shape to a bowl. Option B: It changes from a bowl to an irregular shape.,b,A,a,0,,,,gemma4it_tb_hornet4.json
hornet,4,none,1298,324,TimeBlind/videos/mcq_vid_00024_0.mp4,How does the clay change shape? Option A: It changes from a bowl to an irregular shape. Option B: It changes from an irregular shape to a bowl.,b,B,b,1,,,,gemma4it_tb_hornet4.json
hornet,4,none,1299,324,TimeBlind/videos/mcq_vid_00024_1.mp4,How does the clay change shape? Option A: It changes from a bowl to an irregular shape. Option B: It changes from an irregular shape to a bowl.,a,The correct answer is Option B.,b,0,,,,gemma4it_tb_hornet4.json
hornet,4,none,1300,325,TimeBlind/videos/mcq_vid_00025_0.mp4,How does the book's state change? Option A: It goes from closed to open. Option B: It goes from open to closed.,a,A,a,1,,,,gemma4it_tb_hornet4.json
hornet,4,none,1301,325,TimeBlind/videos/mcq_vid_00025_1.mp4,How does the book's state change? Option A: It goes from closed to open. Option B: It goes from open to closed.,b,The correct answer is A.,a,0,,,,gemma4it_tb_hornet4.json
hornet,4,none,1302,325,TimeBlind/videos/mcq_vid_00025_0.mp4,How does the book's state change? Option A: It goes from open to closed. Option B: It goes from closed to open.,b,A,a,0,,,,gemma4it_tb_hornet4.json
hornet,4,none,1303,325,TimeBlind/videos/mcq_vid_00025_1.mp4,How does the book's state change? Option A: It goes from open to closed. Option B: It goes from closed to open.,a,The correct answer is A.,a,1,,,,gemma4it_tb_hornet4.json
hornet,4,none,1304,326,TimeBlind/videos/mcq_vid_00026_0.mp4,How is the distance between the two cups changing? Option A: One cup is moving away from the other. Option B: One cup is moving closer to the other.,a,The correct answer is Option B.,b,0,,,,gemma4it_tb_hornet4.json
hornet,4,none,1305,326,TimeBlind/videos/mcq_vid_00026_1.mp4,How is the distance between the two cups changing? Option A: One cup is moving away from the other. Option B: One cup is moving closer to the other.,b,"The distance between the two cups is not changing. Both cups are stationary on their respective bases. Therefore, neither option A nor B is correct. However, if forced to choose based on the visual information provided, there is no movement occurring.",a,0,,,,gemma4it_tb_hornet4.json
hornet,4,none,1306,326,TimeBlind/videos/mcq_vid_00026_0.mp4,How is the distance between the two cups changing? Option A: One cup is moving closer to the other. Option B: One cup is moving away from the other.,b,The correct answer is A.,a,0,,,,gemma4it_tb_hornet4.json
hornet,4,none,1307,326,TimeBlind/videos/mcq_vid_00026_1.mp4,How is the distance between the two cups changing? Option A: One cup is moving closer to the other. Option B: One cup is moving away from the other.,a,"The distance between the two cups is not changing. Therefore, neither option A nor B is correct. However, if forced to choose based on the visual information provided, there is no movement occurring between the two cups.",a,1,,,,gemma4it_tb_hornet4.json
hornet,4,none,1308,327,TimeBlind/videos/mcq_vid_00027_0.mp4,"When the cup is moved, is it placed on a smaller or a larger coaster? Option A: The cup is moved to a smaller coaster. Option B: The cup is moved to a larger coaster.",a,"The cup is moved to a larger coaster.

Option B",b,0,,,,gemma4it_tb_hornet4.json
hornet,4,none,1309,327,TimeBlind/videos/mcq_vid_00027_1.mp4,"When the cup is moved, is it placed on a smaller or a larger coaster? Option A: The cup is moved to a smaller coaster. Option B: The cup is moved to a larger coaster.",b,"The cup is moved to a smaller coaster.

Option A",a,0,,,,gemma4it_tb_hornet4.json
hornet,4,none,1310,327,TimeBlind/videos/mcq_vid_00027_0.mp4,"When the cup is moved, is it placed on a smaller or a larger coaster? Option A: The cup is moved to a larger coaster. Option B: The cup is moved to a smaller coaster.",b,"The cup is moved to a larger coaster.

Option A",a,0,,,,gemma4it_tb_hornet4.json
hornet,4,none,1311,327,TimeBlind/videos/mcq_vid_00027_1.mp4,"When the cup is moved, is it placed on a smaller or a larger coaster? Option A: The cup is moved to a larger coaster. Option B: The cup is moved to a smaller coaster.",a,"The cup is moved to a smaller coaster.

Option B",b,0,,,,gemma4it_tb_hornet4.json
hornet,4,none,1312,328,TimeBlind/videos/mcq_vid_00028_0.mp4,"In the video, does the person put the bowl into the liquid in the bucket or take it out? Option A: The person puts the bowl into the liquid. Option B: The person takes the bowl out of the liquid.",a,"The person takes the bowl out of the liquid.

Option B",b,0,,,,gemma4it_tb_hornet4.json
hornet,4,none,1313,328,TimeBlind/videos/mcq_vid_00028_1.mp4,"In the video, does the person put the bowl into the liquid in the bucket or take it out? Option A: The person puts the bowl into the liquid. Option B: The person takes the bowl out of the liquid.",b,"The person puts the bowl into the liquid in the bucket.

A",a,0,,,,gemma4it_tb_hornet4.json
hornet,4,none,1314,328,TimeBlind/videos/mcq_vid_00028_0.mp4,"In the video, does the person put the bowl into the liquid in the bucket or take it out? Option A: The person takes the bowl out of the liquid. Option B: The person puts the bowl into the liquid.",b,"The person takes the bowl out of the liquid.

Option A",a,0,,,,gemma4it_tb_hornet4.json
hornet,4,none,1315,328,TimeBlind/videos/mcq_vid_00028_1.mp4,"In the video, does the person put the bowl into the liquid in the bucket or take it out? Option A: The person takes the bowl out of the liquid. Option B: The person puts the bowl into the liquid.",a,"The person puts the bowl into the liquid in the bucket.

Option B",b,0,,,,gemma4it_tb_hornet4.json
hornet,4,none,1316,329,TimeBlind/videos/mcq_vid_00029_0.mp4,How is the bowl's color changing? Option A: It goes from light to dark. Option B: It goes from dark to light.,a,The correct answer is Option A.,a,1,,,,gemma4it_tb_hornet4.json
hornet,4,none,1317,329,TimeBlind/videos/mcq_vid_00029_1.mp4,How is the bowl's color changing? Option A: It goes from light to dark. Option B: It goes from dark to light.,b,The correct answer is B.,b,1,,,,gemma4it_tb_hornet4.json
hornet,4,none,1318,329,TimeBlind/videos/mcq_vid_00029_0.mp4,How is the bowl's color changing? Option A: It goes from dark to light. Option B: It goes from light to dark.,b,The correct answer is B.,b,1,,,,gemma4it_tb_hornet4.json
hornet,4,none,1319,329,TimeBlind/videos/mcq_vid_00029_1.mp4,How is the bowl's color changing? Option A: It goes from dark to light. Option B: It goes from light to dark.,a,The correct answer is B.,b,0,,,,gemma4it_tb_hornet4.json
hornet,4,none,1320,330,TimeBlind/videos/mcq_vid_00030_0.mp4,What color does the bowl change to? Option A: It turns brown. Option B: It turns white.,a,"The bowl turns white.

Option B",b,0,,,,gemma4it_tb_hornet4.json
hornet,4,none,1321,330,TimeBlind/videos/mcq_vid_00030_1.mp4,What color does the bowl change to? Option A: It turns brown. Option B: It turns white.,b,The correct answer is A.,a,0,,,,gemma4it_tb_hornet4.json
hornet,4,none,1322,330,TimeBlind/videos/mcq_vid_00030_0.mp4,What color does the bowl change to? Option A: It turns white. Option B: It turns brown.,b,"The bowl changes to brown.

Option B",b,1,,,,gemma4it_tb_hornet4.json
hornet,4,none,1323,330,TimeBlind/videos/mcq_vid_00030_1.mp4,What color does the bowl change to? Option A: It turns white. Option B: It turns brown.,a,The correct answer is Option B.,b,0,,,,gemma4it_tb_hornet4.json
hornet,4,none,1324,331,TimeBlind/videos/mcq_vid_00031_0.mp4,"When viewed from below, which direction is the bowl rotating? Option A: Clockwise. Option B: Counterclockwise.",a,"The bowl is rotating counterclockwise when viewed from below.

B",b,0,,,,gemma4it_tb_hornet4.json
hornet,4,none,1325,331,TimeBlind/videos/mcq_vid_00031_1.mp4,"When viewed from below, which direction is the bowl rotating? Option A: Clockwise. Option B: Counterclockwise.",b,"The bowl is rotating counterclockwise when viewed from below.

B",b,1,,,,gemma4it_tb_hornet4.json
hornet,4,none,1326,331,TimeBlind/videos/mcq_vid_00031_0.mp4,"When viewed from below, which direction is the bowl rotating? Option A: Counterclockwise. Option B: Clockwise.",b,"The bowl is rotating clockwise.

B",b,1,,,,gemma4it_tb_hornet4.json
hornet,4,none,1327,331,TimeBlind/videos/mcq_vid_00031_1.mp4,"When viewed from below, which direction is the bowl rotating? Option A: Counterclockwise. Option B: Clockwise.",a,"The bowl is rotating clockwise.

B",b,0,,,,gemma4it_tb_hornet4.json
hornet,4,none,1328,332,TimeBlind/videos/mcq_vid_00032_0.mp4,"From the camera's perspective, which way is the woman walking? Option A: She's walking to the right. Option B: She's walking to the left.",a,"The woman is not walking in the video; she is standing still. Therefore, neither option is correct.",,0,,,,gemma4it_tb_hornet4.json
hornet,4,none,1329,332,TimeBlind/videos/mcq_vid_00032_1.mp4,"From the camera's perspective, which way is the woman walking? Option A: She's walking to the right. Option B: She's walking to the left.",b,"The woman is not walking in the video. Therefore, neither option is correct.",,0,,,,gemma4it_tb_hornet4.json
hornet,4,none,1330,332,TimeBlind/videos/mcq_vid_00032_0.mp4,"From the camera's perspective, which way is the woman walking? Option A: She's walking to the left. Option B: She's walking to the right.",b,"The woman is not walking in either direction; she is standing still. Therefore, neither option is correct.",,0,,,,gemma4it_tb_hornet4.json
hornet,4,none,1331,332,TimeBlind/videos/mcq_vid_00032_1.mp4,"From the camera's perspective, which way is the woman walking? Option A: She's walking to the left. Option B: She's walking to the right.",a,"The woman is not walking in the video. Therefore, neither option is correct.",,0,,,,gemma4it_tb_hornet4.json
hornet,4,none,1332,333,TimeBlind/videos/mcq_vid_00033_0.mp4,How does the reaction of the liquid in the container change over time? Option A: The reaction in the container gradually intensifies. Option B: The reaction in the container gradually slows down.,a,The correct answer is Option B.,b,0,,,,gemma4it_tb_hornet4.json
hornet,4,none,1333,333,TimeBlind/videos/mcq_vid_00033_1.mp4,How does the reaction of the liquid in the container change over time? Option A: The reaction in the container gradually intensifies. Option B: The reaction in the container gradually slows down.,b,"The correct answer is Option B.

Based on the visual evidence:
- At **00:08**, there is a vigorous, turbulent reaction with a large amount of foam and rapid movement around the central object.
- At **00:09**, the foam is still present but the intensity of the bubbling appears slightly less chaotic.
- By **00:16**, the foam has significantly subsided, the liquid is much calmer, and the central object is settling, indicating that the reaction is gradually slowing down.",b,1,,,,gemma4it_tb_hornet4.json
hornet,4,none,1334,333,TimeBlind/videos/mcq_vid_00033_0.mp4,How does the reaction of the liquid in the container change over time? Option A: The reaction in the container gradually slows down. Option B: The reaction in the container gradually intensifies.,b,The correct answer is Option B.,b,1,,,,gemma4it_tb_hornet4.json
hornet,4,none,1335,333,TimeBlind/videos/mcq_vid_00033_1.mp4,How does the reaction of the liquid in the container change over time? Option A: The reaction in the container gradually slows down. Option B: The reaction in the container gradually intensifies.,a,"The correct answer is Option A.

**Reasoning:**
By comparing the frames, we can observe the following:
1.  **00:08 - 00:10:** The liquid is highly turbulent, with a large amount of white foam/bubbles covering the surface and a very active, vigorous reaction occurring around the central object.
2.  **00:16:** The foam has significantly subsided, the surface of the liquid is much calmer, and the vigorous bubbling around the central object has diminished.

This indicates that the reaction is gradually slowing down over time.",a,1,,,,gemma4it_tb_hornet4.json
hornet,4,none,1336,334,TimeBlind/videos/mcq_vid_00034_0.mp4,How does the liquid's color change over time? Option A: It goes from white to brown. Option B: It goes from brown to white.,a,The correct answer is B.,b,0,,,,gemma4it_tb_hornet4.json
hornet,4,none,1337,334,TimeBlind/videos/mcq_vid_00034_1.mp4,How does the liquid's color change over time? Option A: It goes from white to brown. Option B: It goes from brown to white.,b,The correct answer is A.,a,0,,,,gemma4it_tb_hornet4.json
hornet,4,none,1338,334,TimeBlind/videos/mcq_vid_00034_0.mp4,How does the liquid's color change over time? Option A: It goes from brown to white. Option B: It goes from white to brown.,b,The correct answer is B.,b,1,,,,gemma4it_tb_hornet4.json
hornet,4,none,1339,334,TimeBlind/videos/mcq_vid_00034_1.mp4,How does the liquid's color change over time? Option A: It goes from brown to white. Option B: It goes from white to brown.,a,The correct answer is B.,b,0,,,,gemma4it_tb_hornet4.json
hornet,4,none,1340,335,TimeBlind/videos/mcq_vid_00035_0.mp4,How does the liquid's color change over time? Option A: It goes from light to dark. Option B: It goes from dark to light.,a,The correct answer is A.,a,1,,,,gemma4it_tb_hornet4.json
hornet,4,none,1341,335,TimeBlind/videos/mcq_vid_00035_1.mp4,How does the liquid's color change over time? Option A: It goes from light to dark. Option B: It goes from dark to light.,b,The correct answer is A.,a,0,,,,gemma4it_tb_hornet4.json
hornet,4,none,1342,335,TimeBlind/videos/mcq_vid_00035_0.mp4,How does the liquid's color change over time? Option A: It goes from dark to light. Option B: It goes from light to dark.,b,The correct answer is B.,b,1,,,,gemma4it_tb_hornet4.json
hornet,4,none,1343,335,TimeBlind/videos/mcq_vid_00035_1.mp4,How does the liquid's color change over time? Option A: It goes from dark to light. Option B: It goes from light to dark.,a,The correct answer is B.,b,0,,,,gemma4it_tb_hornet4.json
hornet,4,none,1344,336,TimeBlind/videos/mcq_vid_00036_0.mp4,How does the liquid's appearance change? Option A: It goes from transparent to opaque. Option B: It goes from opaque to transparent.,a,The correct answer is A.,a,1,,,,gemma4it_tb_hornet4.json
hornet,4,none,1345,336,TimeBlind/videos/mcq_vid_00036_1.mp4,How does the liquid's appearance change? Option A: It goes from transparent to opaque. Option B: It goes from opaque to transparent.,b,The correct answer is A.,a,0,,,,gemma4it_tb_hornet4.json
hornet,4,none,1346,336,TimeBlind/videos/mcq_vid_00036_0.mp4,How does the liquid's appearance change? Option A: It goes from opaque to transparent. Option B: It goes from transparent to opaque.,b,The correct answer is B.,b,1,,,,gemma4it_tb_hornet4.json
hornet,4,none,1347,336,TimeBlind/videos/mcq_vid_00036_1.mp4,How does the liquid's appearance change? Option A: It goes from opaque to transparent. Option B: It goes from transparent to opaque.,a,The correct answer is B.,b,0,,,,gemma4it_tb_hornet4.json
hornet,4,none,1348,337,TimeBlind/videos/mcq_vid_00037_0.mp4,"Viewed from above, which direction does the man turn? Option A: He turns counterclockwise. Option B: He turns clockwise.",a,"The man turns clockwise.

B",b,0,,,,gemma4it_tb_hornet4.json
hornet,4,none,1349,337,TimeBlind/videos/mcq_vid_00037_1.mp4,"Viewed from above, which direction does the man turn? Option A: He turns counterclockwise. Option B: He turns clockwise.",b,"The man turns clockwise.

B",b,1,,,,gemma4it_tb_hornet4.json
hornet,4,none,1350,337,TimeBlind/videos/mcq_vid_00037_0.mp4,"Viewed from above, which direction does the man turn? Option A: He turns clockwise. Option B: He turns counterclockwise.",b,"Based on the visual information provided in the video, the man is performing a figure skating move where he rotates his body. From the perspective of the viewer (looking down at the ice), he is turning in a counterclockwise direction.

B",a,0,,,,gemma4it_tb_hornet4.json
hornet,4,none,1351,337,TimeBlind/videos/mcq_vid_00037_1.mp4,"Viewed from above, which direction does the man turn? Option A: He turns clockwise. Option B: He turns counterclockwise.",a,"Based on the visual information provided in the video, the man turns counterclockwise.

B",b,0,,,,gemma4it_tb_hornet4.json
hornet,4,none,1352,338,TimeBlind/videos/mcq_vid_00038_0.mp4,Which way are the woman's hands moving? Option A: She raises her hands from her sides to overhead. Option B: She lowers her hands from overhead to her sides.,a,The woman's hands are moving in the direction of Option A: She raises her hands from her sides to overhead.,a,1,,,,gemma4it_tb_hornet4.json
hornet,4,none,1353,338,TimeBlind/videos/mcq_vid_00038_1.mp4,Which way are the woman's hands moving? Option A: She raises her hands from her sides to overhead. Option B: She lowers her hands from overhead to her sides.,b,"The woman's hands are moving from her sides to overhead.

A",a,0,,,,gemma4it_tb_hornet4.json
hornet,4,none,1354,338,TimeBlind/videos/mcq_vid_00038_0.mp4,Which way are the woman's hands moving? Option A: She lowers her hands from overhead to her sides. Option B: She raises her hands from her sides to overhead.,b,The correct answer is B.,b,1,,,,gemma4it_tb_hornet4.json
hornet,4,none,1355,338,TimeBlind/videos/mcq_vid_00038_1.mp4,Which way are the woman's hands moving? Option A: She lowers her hands from overhead to her sides. Option B: She raises her hands from her sides to overhead.,a,The correct answer is B.,b,0,,,,gemma4it_tb_hornet4.json
hornet,4,none,1356,339,TimeBlind/videos/mcq_vid_00039_0.mp4,"What order does the woman stretch in? Option A: She stretches to the left, then to the right. Option B: She stretches to the right, then to the left.",a,The correct answer is B.,b,0,,,,gemma4it_tb_hornet4.json
hornet,4,none,1357,339,TimeBlind/videos/mcq_vid_00039_1.mp4,"What order does the woman stretch in? Option A: She stretches to the left, then to the right. Option B: She stretches to the right, then to the left.",b,The correct answer is B.,b,1,,,,gemma4it_tb_hornet4.json
hornet,4,none,1358,339,TimeBlind/videos/mcq_vid_00039_0.mp4,"What order does the woman stretch in? Option A: She stretches to the right, then to the left. Option B: She stretches to the left, then to the right.",b,The correct answer is B.,b,1,,,,gemma4it_tb_hornet4.json
hornet,4,none,1359,339,TimeBlind/videos/mcq_vid_00039_1.mp4,"What order does the woman stretch in? Option A: She stretches to the right, then to the left. Option B: She stretches to the left, then to the right.",a,The correct answer is B.,b,0,,,,gemma4it_tb_hornet4.json
hornet,4,none,1360,340,TimeBlind/videos/mcq_vid_00040_0.mp4,In which direction does the girl move across the frame while squatting? Option A: From right to left. Option B: From left to right.,a,"The girl does not move across the frame while squatting; she remains in a stationary position. Therefore, neither option is correct.",a,1,,,,gemma4it_tb_hornet4.json
hornet,4,none,1361,340,TimeBlind/videos/mcq_vid_00040_1.mp4,In which direction does the girl move across the frame while squatting? Option A: From right to left. Option B: From left to right.,b,"The girl does not move across the frame; she remains in the center while performing a squat. Therefore, neither option is correct. However, if forced to choose based on the prompt's premise, there is no lateral movement.

A",a,0,,,,gemma4it_tb_hornet4.json
hornet,4,none,1362,340,TimeBlind/videos/mcq_vid_00040_0.mp4,In which direction does the girl move across the frame while squatting? Option A: From left to right. Option B: From right to left.,b,"The girl does not move across the frame while squatting; she remains in a stationary position. Therefore, neither option is correct.",a,0,,,,gemma4it_tb_hornet4.json
hornet,4,none,1363,340,TimeBlind/videos/mcq_vid_00040_1.mp4,In which direction does the girl move across the frame while squatting? Option A: From left to right. Option B: From right to left.,a,"The girl does not move across the frame; she remains in the center while performing a squat. Therefore, neither option is correct. However, if forced to choose based on the prompt's premise, there is no lateral movement.

Since the question asks for a direction of movement that is not occurring, and based on the provided options:
**Neither A nor B** (The girl is stationary in the center).",a,1,,,,gemma4it_tb_hornet4.json
hornet,4,none,1364,341,TimeBlind/videos/mcq_vid_00041_0.mp4,How does the girl's position change? Option A: She goes from standing to lying face down. Option B: She goes from lying face down to standing.,a,The correct answer is neither A nor B. The girl remains in a plank position throughout the video.,a,1,,,,gemma4it_tb_hornet4.json
hornet,4,none,1365,341,TimeBlind/videos/mcq_vid_00041_1.mp4,How does the girl's position change? Option A: She goes from standing to lying face down. Option B: She goes from lying face down to standing.,b,The correct answer is A.,a,0,,,,gemma4it_tb_hornet4.json
hornet,4,none,1366,341,TimeBlind/videos/mcq_vid_00041_0.mp4,How does the girl's position change? Option A: She goes from lying face down to standing. Option B: She goes from standing to lying face down.,b,The correct answer is neither A nor B. The girl remains in a plank position throughout the video.,a,0,,,,gemma4it_tb_hornet4.json
hornet,4,none,1367,341,TimeBlind/videos/mcq_vid_00041_1.mp4,How does the girl's position change? Option A: She goes from lying face down to standing. Option B: She goes from standing to lying face down.,a,The correct answer is neither A nor B. The girl remains in a plank position throughout the video.,a,1,,,,gemma4it_tb_hornet4.json
hornet,4,none,1368,342,TimeBlind/videos/mcq_vid_00042_0.mp4,"How does the liquid in the cup change in appearance? Option A: The clear liquid turns cloudy and foamy. Option B: The cloudy, foamy liquid turns clear.",a,,,0,,,,gemma4it_tb_hornet4.json
hornet,4,none,1369,342,TimeBlind/videos/mcq_vid_00042_1.mp4,"How does the liquid in the cup change in appearance? Option A: The clear liquid turns cloudy and foamy. Option B: The cloudy, foamy liquid turns clear.",b,The correct answer is Option B.,b,1,,,,gemma4it_tb_hornet4.json
hornet,4,none,1370,342,TimeBlind/videos/mcq_vid_00042_0.mp4,"How does the liquid in the cup change in appearance? Option A: The cloudy, foamy liquid turns clear. Option B: The clear liquid turns cloudy and foamy.",b,"/thought
<channel|>B",b,1,,,,gemma4it_tb_hornet4.json
hornet,4,none,1371,342,TimeBlind/videos/mcq_vid_00042_1.mp4,"How does the liquid in the cup change in appearance? Option A: The cloudy, foamy liquid turns clear. Option B: The clear liquid turns cloudy and foamy.",a,A,a,1,,,,gemma4it_tb_hornet4.json
hornet,4,none,1372,343,TimeBlind/videos/mcq_vid_00043_0.mp4,How is the amount of liquid in the beaker changing? Option A: It decreases from half a cup to a thin layer on the bottom. Option B: It increases from a thin layer on the bottom to half a cup.,a,The correct answer is Option A.,a,1,,,,gemma4it_tb_hornet4.json
hornet,4,none,1373,343,TimeBlind/videos/mcq_vid_00043_1.mp4,How is the amount of liquid in the beaker changing? Option A: It decreases from half a cup to a thin layer on the bottom. Option B: It increases from a thin layer on the bottom to half a cup.,b,The correct answer is Option A.,a,0,,,,gemma4it_tb_hornet4.json
hornet,4,none,1374,343,TimeBlind/videos/mcq_vid_00043_0.mp4,How is the amount of liquid in the beaker changing? Option A: It increases from a thin layer on the bottom to half a cup. Option B: It decreases from half a cup to a thin layer on the bottom.,b,The correct answer is Option B.,b,1,,,,gemma4it_tb_hornet4.json
hornet,4,none,1375,343,TimeBlind/videos/mcq_vid_00043_1.mp4,How is the amount of liquid in the beaker changing? Option A: It increases from a thin layer on the bottom to half a cup. Option B: It decreases from half a cup to a thin layer on the bottom.,a,The correct answer is B.,b,0,,,,gemma4it_tb_hornet4.json
hornet,4,none,1376,344,TimeBlind/videos/mcq_vid_00044_0.mp4,"In which direction does the man put branches into the water, one by one? Option A: From right to left across the frame. Option B: From left to right across the frame.",a,"The man puts branches into the water from left to right across the frame.

Option B",b,0,,,,gemma4it_tb_hornet4.json
hornet,4,none,1377,344,TimeBlind/videos/mcq_vid_00044_1.mp4,"In which direction does the man put branches into the water, one by one? Option A: From right to left across the frame. Option B: From left to right across the frame.",b,"The man puts branches into the water from right to left across the frame.

Option A",a,0,,,,gemma4it_tb_hornet4.json
hornet,4,none,1378,344,TimeBlind/videos/mcq_vid_00044_0.mp4,"In which direction does the man put branches into the water, one by one? Option A: From left to right across the frame. Option B: From right to left across the frame.",b,"The man puts branches into the water from left to right across the frame.

A",a,0,,,,gemma4it_tb_hornet4.json
hornet,4,none,1379,344,TimeBlind/videos/mcq_vid_00044_1.mp4,"In which direction does the man put branches into the water, one by one? Option A: From left to right across the frame. Option B: From right to left across the frame.",a,"The man puts branches into the water from right to left across the frame.

B",b,0,,,,gemma4it_tb_hornet4.json
hornet,4,none,1380,345,TimeBlind/videos/mcq_vid_00045_0.mp4,Are the plant's white roots getting longer or shorter? Option A: They are getting longer. Option B: They are getting shorter.,a,A,a,1,,,,gemma4it_tb_hornet4.json
hornet,4,none,1381,345,TimeBlind/videos/mcq_vid_00045_1.mp4,Are the plant's white roots getting longer or shorter? Option A: They are getting longer. Option B: They are getting shorter.,b,A,a,0,,,,gemma4it_tb_hornet4.json
hornet,4,none,1382,345,TimeBlind/videos/mcq_vid_00045_0.mp4,Are the plant's white roots getting longer or shorter? Option A: They are getting shorter. Option B: They are getting longer.,b,"Based on the visual progression from left to right (representing the passage of time from 1 to 3 days), the white roots are growing downward into the water.

Option B",b,1,,,,gemma4it_tb_hornet4.json
hornet,4,none,1383,345,TimeBlind/videos/mcq_vid_00045_1.mp4,Are the plant's white roots getting longer or shorter? Option A: They are getting shorter. Option B: They are getting longer.,a,B,b,0,,,,gemma4it_tb_hornet4.json
hornet,4,none,1384,346,TimeBlind/videos/mcq_vid_00046_0.mp4,"In the video, where is the green plant moved to? Option A: It is moved from a hand into the soil in the pot. Option B: It is moved from the soil in the pot into a hand.",a,The correct answer is Option A.,a,1,,,,gemma4it_tb_hornet4.json
hornet,4,none,1385,346,TimeBlind/videos/mcq_vid_00046_1.mp4,"In the video, where is the green plant moved to? Option A: It is moved from a hand into the soil in the pot. Option B: It is moved from the soil in the pot into a hand.",b,The correct answer is Option A.,a,0,,,,gemma4it_tb_hornet4.json
hornet,4,none,1386,346,TimeBlind/videos/mcq_vid_00046_0.mp4,"In the video, where is the green plant moved to? Option A: It is moved from the soil in the pot into a hand. Option B: It is moved from a hand into the soil in the pot.",b,The correct answer is Option B.,b,1,,,,gemma4it_tb_hornet4.json
hornet,4,none,1387,346,TimeBlind/videos/mcq_vid_00046_1.mp4,"In the video, where is the green plant moved to? Option A: It is moved from the soil in the pot into a hand. Option B: It is moved from a hand into the soil in the pot.",a,The correct answer is Option B.,b,0,,,,gemma4it_tb_hornet4.json
hornet,4,none,1388,347,TimeBlind/videos/mcq_vid_00047_0.mp4,Where are the three flower seedlings being transplanted to? Option A: From the tray into the soil. Option B: From the soil into the tray.,a,A,a,1,,,,gemma4it_tb_hornet4.json
hornet,4,none,1389,347,TimeBlind/videos/mcq_vid_00047_1.mp4,Where are the three flower seedlings being transplanted to? Option A: From the tray into the soil. Option B: From the soil into the tray.,b,A,a,0,,,,gemma4it_tb_hornet4.json
hornet,4,none,1390,347,TimeBlind/videos/mcq_vid_00047_0.mp4,Where are the three flower seedlings being transplanted to? Option A: From the soil into the tray. Option B: From the tray into the soil.,b,B,b,1,,,,gemma4it_tb_hornet4.json
hornet,4,none,1391,347,TimeBlind/videos/mcq_vid_00047_1.mp4,Where are the three flower seedlings being transplanted to? Option A: From the soil into the tray. Option B: From the tray into the soil.,a,B,b,0,,,,gemma4it_tb_hornet4.json
hornet,4,none,1392,348,TimeBlind/videos/mcq_vid_00048_0.mp4,What is happening to the flowers over time? Option A: They are gradually blooming. Option B: They are gradually wilting.,a,A,a,1,,,,gemma4it_tb_hornet4.json
hornet,4,none,1393,348,TimeBlind/videos/mcq_vid_00048_1.mp4,What is happening to the flowers over time? Option A: They are gradually blooming. Option B: They are gradually wilting.,b,A,a,0,,,,gemma4it_tb_hornet4.json
hornet,4,none,1394,348,TimeBlind/videos/mcq_vid_00048_0.mp4,What is happening to the flowers over time? Option A: They are gradually wilting. Option B: They are gradually blooming.,b,The correct answer is B.,b,1,,,,gemma4it_tb_hornet4.json
hornet,4,none,1395,348,TimeBlind/videos/mcq_vid_00048_1.mp4,What is happening to the flowers over time? Option A: They are gradually wilting. Option B: They are gradually blooming.,a,B,b,0,,,,gemma4it_tb_hornet4.json
hornet,4,none,1396,349,TimeBlind/videos/mcq_vid_00049_0.mp4,How is the size of the mushroom cluster changing? Option A: It's increasing. Option B: It's decreasing.,a,A,a,1,,,,gemma4it_tb_hornet4.json
hornet,4,none,1397,349,TimeBlind/videos/mcq_vid_00049_1.mp4,How is the size of the mushroom cluster changing? Option A: It's increasing. Option B: It's decreasing.,b,A,a,0,,,,gemma4it_tb_hornet4.json
hornet,4,none,1398,349,TimeBlind/videos/mcq_vid_00049_0.mp4,How is the size of the mushroom cluster changing? Option A: It's decreasing. Option B: It's increasing.,b,B,b,1,,,,gemma4it_tb_hornet4.json
hornet,4,none,1399,349,TimeBlind/videos/mcq_vid_00049_1.mp4,How is the size of the mushroom cluster changing? Option A: It's decreasing. Option B: It's increasing.,a,B,b,0,,,,gemma4it_tb_hornet4.json
hornet,4,none,1400,350,TimeBlind/videos/mcq_vid_00050_0.mp4,How does the color of a layer of soil change? Option A: From red to brown. Option B: From brown to red.,a,The correct answer is B.,b,0,,,,gemma4it_tb_hornet4.json
hornet,4,none,1401,350,TimeBlind/videos/mcq_vid_00050_1.mp4,How does the color of a layer of soil change? Option A: From red to brown. Option B: From brown to red.,b,The correct answer is B.,b,1,,,,gemma4it_tb_hornet4.json
hornet,4,none,1402,350,TimeBlind/videos/mcq_vid_00050_0.mp4,How does the color of a layer of soil change? Option A: From brown to red. Option B: From red to brown.,b,The correct answer is A.,a,0,,,,gemma4it_tb_hornet4.json
hornet,4,none,1403,350,TimeBlind/videos/mcq_vid_00050_1.mp4,How does the color of a layer of soil change? Option A: From brown to red. Option B: From red to brown.,a,The correct answer is A.,a,1,,,,gemma4it_tb_hornet4.json
hornet,4,none,1404,351,TimeBlind/videos/mcq_vid_00051_0.mp4,"In the video, what does the person do with the orange-shaped pastry and the large white box? Option A: The person takes the pastry out of the large white box. Option B: The person puts the pastry into the large white box.",a,"The person takes the pastry out of the large white box.

Option A",a,1,,,,gemma4it_tb_hornet4.json
hornet,4,none,1405,351,TimeBlind/videos/mcq_vid_00051_1.mp4,"In the video, what does the person do with the orange-shaped pastry and the large white box? Option A: The person takes the pastry out of the large white box. Option B: The person puts the pastry into the large white box.",b,The correct answer is Option B.,b,1,,,,gemma4it_tb_hornet4.json
hornet,4,none,1406,351,TimeBlind/videos/mcq_vid_00051_0.mp4,"In the video, what does the person do with the orange-shaped pastry and the large white box? Option A: The person puts the pastry into the large white box. Option B: The person takes the pastry out of the large white box.",b,"The person takes the pastry out of the large white box.

Option B",b,1,,,,gemma4it_tb_hornet4.json
hornet,4,none,1407,351,TimeBlind/videos/mcq_vid_00051_1.mp4,"In the video, what does the person do with the orange-shaped pastry and the large white box? Option A: The person puts the pastry into the large white box. Option B: The person takes the pastry out of the large white box.",a,The correct answer is Option B.,b,0,,,,gemma4it_tb_hornet4.json
hornet,4,none,1408,352,TimeBlind/videos/mcq_vid_00052_0.mp4,"In the video, how does the man move his finger relative to the oven button? Option A: He moves his finger toward the oven button. Option B: He moves his finger away from the oven button.",a,The correct answer is Option A.,a,1,,,,gemma4it_tb_hornet4.json
hornet,4,none,1409,352,TimeBlind/videos/mcq_vid_00052_1.mp4,"In the video, how does the man move his finger relative to the oven button? Option A: He moves his finger toward the oven button. Option B: He moves his finger away from the oven button.",b,"The man moves his finger toward the oven button.

A",a,0,,,,gemma4it_tb_hornet4.json
hornet,4,none,1410,352,TimeBlind/videos/mcq_vid_00052_0.mp4,"In the video, how does the man move his finger relative to the oven button? Option A: He moves his finger away from the oven button. Option B: He moves his finger toward the oven button.",b,The correct answer is B.,b,1,,,,gemma4it_tb_hornet4.json
hornet,4,none,1411,352,TimeBlind/videos/mcq_vid_00052_1.mp4,"In the video, how does the man move his finger relative to the oven button? Option A: He moves his finger away from the oven button. Option B: He moves his finger toward the oven button.",a,"The man moves his finger toward the oven button.

B",b,0,,,,gemma4it_tb_hornet4.json
hornet,4,none,1412,353,TimeBlind/videos/mcq_vid_00053_0.mp4,"In the video, does the man fall? Option A: He falls. Option B: He doesn’t fall.",a,The correct answer is Option A.,a,1,,,,gemma4it_tb_hornet4.json
hornet,4,none,1413,353,TimeBlind/videos/mcq_vid_00053_1.mp4,"In the video, does the man fall? Option A: He falls. Option B: He doesn’t fall.",b,The correct answer is B.,b,1,,,,gemma4it_tb_hornet4.json
hornet,4,none,1414,353,TimeBlind/videos/mcq_vid_00053_0.mp4,"In the video, does the man fall? Option A: He doesn’t fall. Option B: He falls.",b,The correct answer is Option B.,b,1,,,,gemma4it_tb_hornet4.json
hornet,4,none,1415,353,TimeBlind/videos/mcq_vid_00053_1.mp4,"In the video, does the man fall? Option A: He doesn’t fall. Option B: He falls.",a,A,a,1,,,,gemma4it_tb_hornet4.json
hornet,4,none,1416,354,TimeBlind/videos/mcq_vid_00054_0.mp4,In which direction is the man spray-painting the roof? Option A: He spray-paints from his right to his left. Option B: He spray-paints from his left to his right.,a,"The man is spray-painting from his left to his right.

B",b,0,,,,gemma4it_tb_hornet4.json
hornet,4,none,1417,354,TimeBlind/videos/mcq_vid_00054_1.mp4,In which direction is the man spray-painting the roof? Option A: He spray-paints from his right to his left. Option B: He spray-paints from his left to his right.,b,"The man is spray-painting the roof from his left to his right.

Option B",b,1,,,,gemma4it_tb_hornet4.json
hornet,4,none,1418,354,TimeBlind/videos/mcq_vid_00054_0.mp4,In which direction is the man spray-painting the roof? Option A: He spray-paints from his left to his right. Option B: He spray-paints from his right to his left.,b,"The man is spray-painting the roof from his left to his right.

A",a,0,,,,gemma4it_tb_hornet4.json
hornet,4,none,1419,354,TimeBlind/videos/mcq_vid_00054_1.mp4,In which direction is the man spray-painting the roof? Option A: He spray-paints from his left to his right. Option B: He spray-paints from his right to his left.,a,"The man is spray-painting the roof from his left to his right.

A",a,1,,,,gemma4it_tb_hornet4.json
hornet,4,none,1420,355,TimeBlind/videos/mcq_vid_00055_0.mp4,How does the number of blue darts on the dartboard change? Option A: The number increases. Option B: The number decreases.,a,"The number of blue darts on the dartboard does not change. Therefore, neither option A nor B is correct. However, if forced to choose based on the provided options, there is no change.",a,1,,,,gemma4it_tb_hornet4.json
hornet,4,none,1421,355,TimeBlind/videos/mcq_vid_00055_1.mp4,How does the number of blue darts on the dartboard change? Option A: The number increases. Option B: The number decreases.,b,"The number of blue darts on the dartboard does not change. Therefore, neither option A nor B is correct. However, if forced to choose based on the provided options, there is no change.",a,0,,,,gemma4it_tb_hornet4.json
hornet,4,none,1422,355,TimeBlind/videos/mcq_vid_00055_0.mp4,How does the number of blue darts on the dartboard change? Option A: The number decreases. Option B: The number increases.,b,"The number of blue darts on the dartboard does not change. Therefore, neither option A nor B is correct. However, if forced to choose based on the provided options, there is no change.

A",a,0,,,,gemma4it_tb_hornet4.json
hornet,4,none,1423,355,TimeBlind/videos/mcq_vid_00055_1.mp4,How does the number of blue darts on the dartboard change? Option A: The number decreases. Option B: The number increases.,a,"The number of blue darts on the dartboard does not change. Therefore, neither option A nor B is correct. However, if forced to choose based on the provided options, there is no change.",a,1,,,,gemma4it_tb_hornet4.json
hornet,4,none,1424,356,TimeBlind/videos/mcq_vid_00056_0.mp4,Which direction is the vacuum cleaner moving? Option A: Forward. Option B: Backward.,a,"The vacuum cleaner is moving forward.

Option A",a,1,,,,gemma4it_tb_hornet4.json
hornet,4,none,1425,356,TimeBlind/videos/mcq_vid_00056_1.mp4,Which direction is the vacuum cleaner moving? Option A: Forward. Option B: Backward.,b,"The vacuum cleaner is moving forward.

Option A",a,0,,,,gemma4it_tb_hornet4.json
hornet,4,none,1426,356,TimeBlind/videos/mcq_vid_00056_0.mp4,Which direction is the vacuum cleaner moving? Option A: Backward. Option B: Forward.,b,"The vacuum cleaner is moving forward.

Option B",b,1,,,,gemma4it_tb_hornet4.json
hornet,4,none,1427,356,TimeBlind/videos/mcq_vid_00056_1.mp4,Which direction is the vacuum cleaner moving? Option A: Backward. Option B: Forward.,a,"The vacuum cleaner is moving forward.

Option B",b,0,,,,gemma4it_tb_hornet4.json
hornet,4,none,1428,357,TimeBlind/videos/mcq_vid_00057_0.mp4,How are the man and woman moving in relation to each other? Option A: They move toward each other. Option B: They move away from each other.,a,A,a,1,,,,gemma4it_tb_hornet4.json
hornet,4,none,1429,357,TimeBlind/videos/mcq_vid_00057_1.mp4,How are the man and woman moving in relation to each other? Option A: They move toward each other. Option B: They move away from each other.,b,The correct answer is B.,b,1,,,,gemma4it_tb_hornet4.json
hornet,4,none,1430,357,TimeBlind/videos/mcq_vid_00057_0.mp4,How are the man and woman moving in relation to each other? Option A: They move away from each other. Option B: They move toward each other.,b,The correct answer is B.,b,1,,,,gemma4it_tb_hornet4.json
hornet,4,none,1431,357,TimeBlind/videos/mcq_vid_00057_1.mp4,How are the man and woman moving in relation to each other? Option A: They move away from each other. Option B: They move toward each other.,a,The correct answer is B.,b,0,,,,gemma4it_tb_hornet4.json
hornet,4,none,1432,358,TimeBlind/videos/mcq_vid_00058_0.mp4,In which direction is the woman brushing the horse's coat? Option A: From top to bottom. Option B: From bottom to top.,a,"The woman is brushing the horse's coat from bottom to top.

B",b,0,,,,gemma4it_tb_hornet4.json
hornet,4,none,1433,358,TimeBlind/videos/mcq_vid_00058_1.mp4,In which direction is the woman brushing the horse's coat? Option A: From top to bottom. Option B: From bottom to top.,b,"The woman is brushing the horse's coat from top to bottom.

A",a,0,,,,gemma4it_tb_hornet4.json
hornet,4,none,1434,358,TimeBlind/videos/mcq_vid_00058_0.mp4,In which direction is the woman brushing the horse's coat? Option A: From bottom to top. Option B: From top to bottom.,b,"The woman is brushing the horse's coat from bottom to top.

A",a,0,,,,gemma4it_tb_hornet4.json
hornet,4,none,1435,358,TimeBlind/videos/mcq_vid_00058_1.mp4,In which direction is the woman brushing the horse's coat? Option A: From bottom to top. Option B: From top to bottom.,a,"The woman is brushing the horse's coat from top to bottom.

Option B",b,0,,,,gemma4it_tb_hornet4.json
hornet,4,none,1436,359,TimeBlind/videos/mcq_vid_00059_0.mp4,How does the bottle's position change? Option A: The bottle moves from the countertop to above the sink. Option B: The bottle moves from above the sink back to the countertop.,a,The correct answer is Option A.,a,1,,,,gemma4it_tb_hornet4.json
hornet,4,none,1437,359,TimeBlind/videos/mcq_vid_00059_1.mp4,How does the bottle's position change? Option A: The bottle moves from the countertop to above the sink. Option B: The bottle moves from above the sink back to the countertop.,b,The correct answer is A.,a,0,,,,gemma4it_tb_hornet4.json
hornet,4,none,1438,359,TimeBlind/videos/mcq_vid_00059_0.mp4,How does the bottle's position change? Option A: The bottle moves from above the sink back to the countertop. Option B: The bottle moves from the countertop to above the sink.,b,The correct answer is Option B.,b,1,,,,gemma4it_tb_hornet4.json
hornet,4,none,1439,359,TimeBlind/videos/mcq_vid_00059_1.mp4,How does the bottle's position change? Option A: The bottle moves from above the sink back to the countertop. Option B: The bottle moves from the countertop to above the sink.,a,The correct answer is Option B.,b,0,,,,gemma4it_tb_hornet4.json
hornet,4,none,1440,360,TimeBlind/videos/mcq_vid_00060_0.mp4,What happens to the bubbles near the diver’s face in the video? Option A: They gradually appear. Option B: They gradually disappear.,a,The correct answer is Option B.,b,0,,,,gemma4it_tb_hornet4.json
hornet,4,none,1441,360,TimeBlind/videos/mcq_vid_00060_1.mp4,What happens to the bubbles near the diver’s face in the video? Option A: They gradually appear. Option B: They gradually disappear.,b,The correct answer is Option B.,b,1,,,,gemma4it_tb_hornet4.json
hornet,4,none,1442,360,TimeBlind/videos/mcq_vid_00060_0.mp4,What happens to the bubbles near the diver’s face in the video? Option A: They gradually disappear. Option B: They gradually appear.,b,The correct answer is Option B.,b,1,,,,gemma4it_tb_hornet4.json
hornet,4,none,1443,360,TimeBlind/videos/mcq_vid_00060_1.mp4,What happens to the bubbles near the diver’s face in the video? Option A: They gradually disappear. Option B: They gradually appear.,a,The correct answer is Option B.,b,0,,,,gemma4it_tb_hornet4.json
hornet,4,none,1444,361,TimeBlind/videos/mcq_vid_00061_0.mp4,What happens to the surfer wearing a blue shirt on the right side of the frame? Option A: The surfer enters the frame from the right side. Option B: The surfer exits the frame off the right side.,a,The correct answer is B.,b,0,,,,gemma4it_tb_hornet4.json
hornet,4,none,1445,361,TimeBlind/videos/mcq_vid_00061_1.mp4,What happens to the surfer wearing a blue shirt on the right side of the frame? Option A: The surfer enters the frame from the right side. Option B: The surfer exits the frame off the right side.,b,"The surfer wearing a blue shirt on the right side of the frame exits the frame off the right side.

B",a,0,,,,gemma4it_tb_hornet4.json
hornet,4,none,1446,361,TimeBlind/videos/mcq_vid_00061_0.mp4,What happens to the surfer wearing a blue shirt on the right side of the frame? Option A: The surfer exits the frame off the right side. Option B: The surfer enters the frame from the right side.,b,A,a,0,,,,gemma4it_tb_hornet4.json
hornet,4,none,1447,361,TimeBlind/videos/mcq_vid_00061_1.mp4,What happens to the surfer wearing a blue shirt on the right side of the frame? Option A: The surfer exits the frame off the right side. Option B: The surfer enters the frame from the right side.,a,A,a,1,,,,gemma4it_tb_hornet4.json
hornet,4,none,1448,362,TimeBlind/videos/mcq_vid_00062_0.mp4,How does the man's posture change as he surfs? Option A: He goes from standing to squatting. Option B: He goes from squatting to standing.,a,"thought
<channel|>The correct answer is A.",a,1,,,,gemma4it_tb_hornet4.json
hornet,4,none,1449,362,TimeBlind/videos/mcq_vid_00062_1.mp4,How does the man's posture change as he surfs? Option A: He goes from standing to squatting. Option B: He goes from squatting to standing.,b,"thought
<channel|>The correct answer is A.",a,0,,,,gemma4it_tb_hornet4.json
hornet,4,none,1450,362,TimeBlind/videos/mcq_vid_00062_0.mp4,How does the man's posture change as he surfs? Option A: He goes from squatting to standing. Option B: He goes from standing to squatting.,b,<channel|>The correct answer is B.,b,1,,,,gemma4it_tb_hornet4.json
hornet,4,none,1451,362,TimeBlind/videos/mcq_vid_00062_1.mp4,How does the man's posture change as he surfs? Option A: He goes from squatting to standing. Option B: He goes from standing to squatting.,a,"thought
<channel|>The correct answer is B.",b,0,,,,gemma4it_tb_hornet4.json
hornet,4,none,1452,363,TimeBlind/videos/mcq_vid_00063_0.mp4,How does the hairpin's state change? Option A: It changes from closed to open. Option B: It changes from open to closed.,a,"The provided video does not contain any information about a hairpin. Therefore, I cannot answer the question.",a,1,,,,gemma4it_tb_hornet4.json
hornet,4,none,1453,363,TimeBlind/videos/mcq_vid_00063_1.mp4,How does the hairpin's state change? Option A: It changes from closed to open. Option B: It changes from open to closed.,b,The correct answer is B.,b,1,,,,gemma4it_tb_hornet4.json
hornet,4,none,1454,363,TimeBlind/videos/mcq_vid_00063_0.mp4,How does the hairpin's state change? Option A: It changes from open to closed. Option B: It changes from closed to open.,b,"The provided video does not contain any information about a hairpin. Therefore, I cannot answer the question.",a,0,,,,gemma4it_tb_hornet4.json
hornet,4,none,1455,363,TimeBlind/videos/mcq_vid_00063_1.mp4,How does the hairpin's state change? Option A: It changes from open to closed. Option B: It changes from closed to open.,a,"The provided video does not show any change in the hairpin's state. It remains in the same position throughout the clip. Therefore, neither option A nor option B is correct based on the visual evidence.",a,1,,,,gemma4it_tb_hornet4.json
hornet,4,none,1456,364,TimeBlind/videos/mcq_vid_00064_0.mp4,How does the laptop's state change? Option A: It changes from closed to open. Option B: It changes from open to closed.,a,A,a,1,,,,gemma4it_tb_hornet4.json
hornet,4,none,1457,364,TimeBlind/videos/mcq_vid_00064_1.mp4,How does the laptop's state change? Option A: It changes from closed to open. Option B: It changes from open to closed.,b,"The laptop's state does not change; it remains closed in all three images. However, since the question asks for a change and the options are limited, and the laptop is clearly closed in all frames, there is no change.

If this is a trick question or a test of observation, the laptop remains **closed** throughout. If forced to choose based on a perceived movement (which isn't there), neither option is technically correct.

However, looking at the prompt's structure, if there is no change, the answer is neither. But if I must choose based on the provided options and the visual evidence:",a,0,,,,gemma4it_tb_hornet4.json
hornet,4,none,1458,364,TimeBlind/videos/mcq_vid_00064_0.mp4,How does the laptop's state change? Option A: It changes from open to closed. Option B: It changes from closed to open.,b,The correct answer is B.,b,1,,,,gemma4it_tb_hornet4.json
hornet,4,none,1459,364,TimeBlind/videos/mcq_vid_00064_1.mp4,How does the laptop's state change? Option A: It changes from open to closed. Option B: It changes from closed to open.,a,"The laptop's state does not change; it remains closed in all three images. However, since the question asks for a change and the options are ""open to closed"" or ""closed to open,"" and the laptop is clearly closed in all frames, there is no change. 

If this is a trick question or a test of observation, the laptop remains **closed** throughout. If forced to choose based on a perceived movement (which there isn't), neither option is technically correct. 

However, looking at the prompt's structure, if you must choose one, neither applies. But if the question implies a change",a,1,,,,gemma4it_tb_hornet4.json
hornet,4,none,1460,365,TimeBlind/videos/mcq_vid_00065_0.mp4,"From the camera's perspective, which way is the person pulling the shower curtain? Option A: Left. Option B: Right.",a,A,a,1,,,,gemma4it_tb_hornet4.json
hornet,4,none,1461,365,TimeBlind/videos/mcq_vid_00065_1.mp4,"From the camera's perspective, which way is the person pulling the shower curtain? Option A: Left. Option B: Right.",b,"The person is pulling the shower curtain to the right.

Option B",b,1,,,,gemma4it_tb_hornet4.json
hornet,4,none,1462,365,TimeBlind/videos/mcq_vid_00065_0.mp4,"From the camera's perspective, which way is the person pulling the shower curtain? Option A: Right. Option B: Left.",b,"The person is pulling the shower curtain to the left.

Option B",b,1,,,,gemma4it_tb_hornet4.json
hornet,4,none,1463,365,TimeBlind/videos/mcq_vid_00065_1.mp4,"From the camera's perspective, which way is the person pulling the shower curtain? Option A: Right. Option B: Left.",a,"The person is pulling the shower curtain to the left.

Option B",b,0,,,,gemma4it_tb_hornet4.json
hornet,4,none,1464,366,TimeBlind/videos/mcq_vid_00066_0.mp4,"In the video, does the person raise the showerhead or lower it? Option A: The person lowers the showerhead. Option B: The person raises the showerhead.",a,"thought
<channel|>The provided video does not contain any people or actions involving a person raising or lowering a showerhead. It is a static image of a shower. Therefore, neither option is correct based on the visual content.",a,1,,,,gemma4it_tb_hornet4.json
hornet,4,none,1465,366,TimeBlind/videos/mcq_vid_00066_1.mp4,"In the video, does the person raise the showerhead or lower it? Option A: The person lowers the showerhead. Option B: The person raises the showerhead.",b,"thought
<channel|>The person lowers the showerhead.

Option A",a,0,,,,gemma4it_tb_hornet4.json
hornet,4,none,1466,366,TimeBlind/videos/mcq_vid_00066_0.mp4,"In the video, does the person raise the showerhead or lower it? Option A: The person raises the showerhead. Option B: The person lowers the showerhead.",b,"thought
<channel|>The provided video does not contain any people or actions involving a person raising or lowering a showerhead. It is a static image of a shower. Therefore, neither option is correct based on the visual content.",a,0,,,,gemma4it_tb_hornet4.json
hornet,4,none,1467,366,TimeBlind/videos/mcq_vid_00066_1.mp4,"In the video, does the person raise the showerhead or lower it? Option A: The person raises the showerhead. Option B: The person lowers the showerhead.",a,"<channel|>The person lowers the showerhead.

Option B",b,0,,,,gemma4it_tb_hornet4.json
hornet,4,none,1468,367,TimeBlind/videos/mcq_vid_00067_0.mp4,How does the color of the light change? Option A: It changes from white to yellow. Option B: It changes from yellow to white.,a,The correct answer is A.,a,1,,,,gemma4it_tb_hornet4.json
hornet,4,none,1469,367,TimeBlind/videos/mcq_vid_00067_1.mp4,How does the color of the light change? Option A: It changes from white to yellow. Option B: It changes from yellow to white.,b,The correct answer is A.,a,0,,,,gemma4it_tb_hornet4.json
hornet,4,none,1470,367,TimeBlind/videos/mcq_vid_00067_0.mp4,How does the color of the light change? Option A: It changes from yellow to white. Option B: It changes from white to yellow.,b,The correct answer is B.,b,1,,,,gemma4it_tb_hornet4.json
hornet,4,none,1471,367,TimeBlind/videos/mcq_vid_00067_1.mp4,How does the color of the light change? Option A: It changes from yellow to white. Option B: It changes from white to yellow.,a,The correct answer is A.,a,1,,,,gemma4it_tb_hornet4.json
hornet,4,none,1472,368,TimeBlind/videos/mcq_vid_00068_0.mp4,Which direction does the cat move between the chair and the table? Option A: From the chair to the table. Option B: From the table to the chair.,a,"The cat moves from the chair to the table.

Option A",a,1,,,,gemma4it_tb_hornet4.json
hornet,4,none,1473,368,TimeBlind/videos/mcq_vid_00068_1.mp4,Which direction does the cat move between the chair and the table? Option A: From the chair to the table. Option B: From the table to the chair.,b,"The cat moves from the table to the chair.

Option B",b,1,,,,gemma4it_tb_hornet4.json
hornet,4,none,1474,368,TimeBlind/videos/mcq_vid_00068_0.mp4,Which direction does the cat move between the chair and the table? Option A: From the table to the chair. Option B: From the chair to the table.,b,"The cat moves from the table to the chair.

Option A",a,0,,,,gemma4it_tb_hornet4.json
hornet,4,none,1475,368,TimeBlind/videos/mcq_vid_00068_1.mp4,Which direction does the cat move between the chair and the table? Option A: From the table to the chair. Option B: From the chair to the table.,a,A,a,1,,,,gemma4it_tb_hornet4.json
hornet,4,none,1476,369,TimeBlind/videos/mcq_vid_00069_0.mp4,What is being done with the oil dispenser nozzle? Option A: Removing the oil dispenser nozzle from the dispenser. Option B: Putting the oil dispenser nozzle back into the dispenser.,a,A,a,1,,,,gemma4it_tb_hornet4.json
hornet,4,none,1477,369,TimeBlind/videos/mcq_vid_00069_1.mp4,What is being done with the oil dispenser nozzle? Option A: Removing the oil dispenser nozzle from the dispenser. Option B: Putting the oil dispenser nozzle back into the dispenser.,b,"thought
<channel|>The correct answer is Option A.",a,0,,,,gemma4it_tb_hornet4.json
hornet,4,none,1478,369,TimeBlind/videos/mcq_vid_00069_0.mp4,What is being done with the oil dispenser nozzle? Option A: Putting the oil dispenser nozzle back into the dispenser. Option B: Removing the oil dispenser nozzle from the dispenser.,b,A,a,0,,,,gemma4it_tb_hornet4.json
hornet,4,none,1479,369,TimeBlind/videos/mcq_vid_00069_1.mp4,What is being done with the oil dispenser nozzle? Option A: Putting the oil dispenser nozzle back into the dispenser. Option B: Removing the oil dispenser nozzle from the dispenser.,a,"thought
<channel|>The correct answer is B.",b,0,,,,gemma4it_tb_hornet4.json
hornet,4,none,1480,370,TimeBlind/videos/mcq_vid_00070_0.mp4,What is being done with the fuel nozzle and the car's fuel tank? Option A: The nozzle is being inserted into the car's fuel tank. Option B: The nozzle is being removed from the car's fuel tank.,a,A,a,1,,,,gemma4it_tb_hornet4.json
hornet,4,none,1481,370,TimeBlind/videos/mcq_vid_00070_1.mp4,What is being done with the fuel nozzle and the car's fuel tank? Option A: The nozzle is being inserted into the car's fuel tank. Option B: The nozzle is being removed from the car's fuel tank.,b,"The provided image does not show a fuel nozzle or a car's fuel tank. It shows a close-up of a motorcycle's front fork assembly and steering head. Therefore, neither option is correct based on the visual evidence.",a,0,,,,gemma4it_tb_hornet4.json
hornet,4,none,1482,370,TimeBlind/videos/mcq_vid_00070_0.mp4,What is being done with the fuel nozzle and the car's fuel tank? Option A: The nozzle is being removed from the car's fuel tank. Option B: The nozzle is being inserted into the car's fuel tank.,b,B,b,1,,,,gemma4it_tb_hornet4.json
hornet,4,none,1483,370,TimeBlind/videos/mcq_vid_00070_1.mp4,What is being done with the fuel nozzle and the car's fuel tank? Option A: The nozzle is being removed from the car's fuel tank. Option B: The nozzle is being inserted into the car's fuel tank.,a,The correct answer is Option B.,b,0,,,,gemma4it_tb_hornet4.json
hornet,4,none,1484,371,TimeBlind/videos/mcq_vid_00071_0.mp4,Which direction is the car's fuel tank valve being turned? Option A: Counterclockwise. Option B: Clockwise.,a,I cannot answer this question because the image does not show a car's fuel tank valve. The image shows a person's hand touching a car's side-view mirror.,a,1,,,,gemma4it_tb_hornet4.json
hornet,4,none,1485,371,TimeBlind/videos/mcq_vid_00071_1.mp4,Which direction is the car's fuel tank valve being turned? Option A: Counterclockwise. Option B: Clockwise.,b,The correct answer is Option B.,b,1,,,,gemma4it_tb_hornet4.json
hornet,4,none,1486,371,TimeBlind/videos/mcq_vid_00071_0.mp4,Which direction is the car's fuel tank valve being turned? Option A: Clockwise. Option B: Counterclockwise.,b,I cannot answer this question because the image does not show a car's fuel tank valve. The image shows a person's hand touching a car's side-view mirror.,a,0,,,,gemma4it_tb_hornet4.json
hornet,4,none,1487,371,TimeBlind/videos/mcq_vid_00071_1.mp4,Which direction is the car's fuel tank valve being turned? Option A: Clockwise. Option B: Counterclockwise.,a,"Based on the visual sequence provided, the hand is moving in a clockwise direction to turn the fuel tank valve.

A",a,1,,,,gemma4it_tb_hornet4.json
hornet,4,none,1488,372,TimeBlind/videos/mcq_vid_00072_0.mp4,What is the person doing with the ingredients and the oven? Option A: The person is putting the ingredients into the oven. Option B: The person is taking the ingredients out of the oven.,a,"The person is taking the ingredients out of the oven.

Option B",b,0,,,,gemma4it_tb_hornet4.json
hornet,4,none,1489,372,TimeBlind/videos/mcq_vid_00072_1.mp4,What is the person doing with the ingredients and the oven? Option A: The person is putting the ingredients into the oven. Option B: The person is taking the ingredients out of the oven.,b,"The person is taking the ingredients out of the oven.

Option B",b,1,,,,gemma4it_tb_hornet4.json
hornet,4,none,1490,372,TimeBlind/videos/mcq_vid_00072_0.mp4,What is the person doing with the ingredients and the oven? Option A: The person is taking the ingredients out of the oven. Option B: The person is putting the ingredients into the oven.,b,"The person is putting the ingredients into the oven.

Option B",b,1,,,,gemma4it_tb_hornet4.json
hornet,4,none,1491,372,TimeBlind/videos/mcq_vid_00072_1.mp4,What is the person doing with the ingredients and the oven? Option A: The person is taking the ingredients out of the oven. Option B: The person is putting the ingredients into the oven.,a,"The person is putting the ingredients into the oven.

Option B",b,0,,,,gemma4it_tb_hornet4.json
hornet,4,none,1492,373,TimeBlind/videos/mcq_vid_00073_0.mp4,Which way does the dog go through the window? Option A: From outside to inside. Option B: From inside to outside.,a,A,a,1,,,,gemma4it_tb_hornet4.json
hornet,4,none,1493,373,TimeBlind/videos/mcq_vid_00073_1.mp4,Which way does the dog go through the window? Option A: From outside to inside. Option B: From inside to outside.,b,The correct answer is Option B.,b,1,,,,gemma4it_tb_hornet4.json
hornet,4,none,1494,373,TimeBlind/videos/mcq_vid_00073_0.mp4,Which way does the dog go through the window? Option A: From inside to outside. Option B: From outside to inside.,b,B,b,1,,,,gemma4it_tb_hornet4.json
hornet,4,none,1495,373,TimeBlind/videos/mcq_vid_00073_1.mp4,Which way does the dog go through the window? Option A: From inside to outside. Option B: From outside to inside.,a,The correct answer is Option B.,b,0,,,,gemma4it_tb_hornet4.json
hornet,4,none,1496,374,TimeBlind/videos/mcq_vid_00074_0.mp4,Which way does the kitten turn its head in the video? Option A: To its left. Option B: To its right.,a,To its right. B,b,0,,,,gemma4it_tb_hornet4.json
hornet,4,none,1497,374,TimeBlind/videos/mcq_vid_00074_1.mp4,Which way does the kitten turn its head in the video? Option A: To its left. Option B: To its right.,b,To its right. Option B.,b,1,,,,gemma4it_tb_hornet4.json
hornet,4,none,1498,374,TimeBlind/videos/mcq_vid_00074_0.mp4,Which way does the kitten turn its head in the video? Option A: To its right. Option B: To its left.,b,To its left. B,b,1,,,,gemma4it_tb_hornet4.json
hornet,4,none,1499,374,TimeBlind/videos/mcq_vid_00074_1.mp4,Which way does the kitten turn its head in the video? Option A: To its right. Option B: To its left.,a,To its left. Option B.,b,0,,,,gemma4it_tb_hornet4.json
hornet,4,none,1500,375,TimeBlind/videos/mcq_vid_00075_0.mp4,What does the dog do in the video? Option A: The dog puts its paws on the bed. Option B: The dog moves its paws away from the bed.,a,"The dog does not move its paws in the video. Therefore, neither option is correct. However, if I must choose based on the visual information provided, the dog is resting its head and body near the bed, but its paws are not clearly visible or moving.

Since the prompt asks to choose between A and B and the dog is stationary:
A",a,1,,,,gemma4it_tb_hornet4.json
hornet,4,none,1501,375,TimeBlind/videos/mcq_vid_00075_1.mp4,What does the dog do in the video? Option A: The dog puts its paws on the bed. Option B: The dog moves its paws away from the bed.,b,A,a,0,,,,gemma4it_tb_hornet4.json
hornet,4,none,1502,375,TimeBlind/videos/mcq_vid_00075_0.mp4,What does the dog do in the video? Option A: The dog moves its paws away from the bed. Option B: The dog puts its paws on the bed.,b,"The dog does not move its paws in the video. However, based on the provided image, the dog is resting on the bed. Since the question asks what the dog does in the video and the image is static, but the dog is already on the bed, the most appropriate answer based on the visual context is:

B",b,1,,,,gemma4it_tb_hornet4.json
hornet,4,none,1503,375,TimeBlind/videos/mcq_vid_00075_1.mp4,What does the dog do in the video? Option A: The dog moves its paws away from the bed. Option B: The dog puts its paws on the bed.,a,The dog puts its paws on the bed. Option B.,b,0,,,,gemma4it_tb_hornet4.json
hornet,4,none,1504,376,TimeBlind/videos/mcq_vid_00076_0.mp4,How does the puppy's position change in the frame? Option A: It moves from left to right. Option B: It moves from right to left.,a,A,a,1,,,,gemma4it_tb_hornet4.json
hornet,4,none,1505,376,TimeBlind/videos/mcq_vid_00076_1.mp4,How does the puppy's position change in the frame? Option A: It moves from left to right. Option B: It moves from right to left.,b,A,a,0,,,,gemma4it_tb_hornet4.json
hornet,4,none,1506,376,TimeBlind/videos/mcq_vid_00076_0.mp4,How does the puppy's position change in the frame? Option A: It moves from right to left. Option B: It moves from left to right.,b,"The puppy's position changes from left to right in the frame.

Option B",b,1,,,,gemma4it_tb_hornet4.json
hornet,4,none,1507,376,TimeBlind/videos/mcq_vid_00076_1.mp4,How does the puppy's position change in the frame? Option A: It moves from right to left. Option B: It moves from left to right.,a,"The puppy's position changes from left to right in the frame.

Option B",b,0,,,,gemma4it_tb_hornet4.json
hornet,4,none,1508,377,TimeBlind/videos/mcq_vid_00077_0.mp4,How does the size of the cat in the frame change over time? Option A: The cat gradually occupies more of the frame. Option B: The cat gradually occupies less of the frame.,a,"The size of the cat in the frame does not change over time as the image is static. However, based on the provided options, neither A nor B is technically correct for a single image. If this is a trick question regarding a sequence of identical images, the answer is that there is no change.

If forced to choose based on a perceived progression in a sequence of identical frames:
**Neither A nor B** (The size remains constant).",a,1,,,,gemma4it_tb_hornet4.json
hornet,4,none,1509,377,TimeBlind/videos/mcq_vid_00077_1.mp4,How does the size of the cat in the frame change over time? Option A: The cat gradually occupies more of the frame. Option B: The cat gradually occupies less of the frame.,b,"The size of the cat in the frame does not change over time as the image is static. However, based on the provided options and the nature of the question, it appears to be a trick or a misunderstanding of the input. Since the image is a single static frame, neither option is technically correct.

If this is a test of identifying a change in a sequence of images that are identical, the answer is that there is no change. If forced to choose based on a perceived trend in a sequence of identical images:

Neither A nor B.",a,0,,,,gemma4it_tb_hornet4.json
hornet,4,none,1510,377,TimeBlind/videos/mcq_vid_00077_0.mp4,How does the size of the cat in the frame change over time? Option A: The cat gradually occupies less of the frame. Option B: The cat gradually occupies more of the frame.,b,"The size of the cat in the frame does not change over time as the image is static. However, based on the provided options, neither A nor B is technically correct for a single image. If this is a trick question regarding a sequence of identical images, the answer is that there is no change.

If forced to choose based on a perceived progression in a sequence of identical frames:
**Neither A nor B** (The size remains constant).",a,0,,,,gemma4it_tb_hornet4.json
hornet,4,none,1511,377,TimeBlind/videos/mcq_vid_00077_1.mp4,How does the size of the cat in the frame change over time? Option A: The cat gradually occupies less of the frame. Option B: The cat gradually occupies more of the frame.,a,"The size of the cat in the frame does not change over time as the image is static. However, based on the provided options and the nature of the question, it appears to be a trick or a misunderstanding of the input. Since the image is a single static frame, there is no change.

If this is a multiple-choice question where one must be selected, and assuming the question implies a progression not visible in a single image, there is no basis to choose A or B.

However, if the question is asking about the cat's position or presence, it remains constant.

A",a,1,,,,gemma4it_tb_hornet4.json
hornet,4,none,1512,378,TimeBlind/videos/mcq_vid_00078_0.mp4,How does the moon's appearance change? Option A: It gradually becomes blurrier. Option B: It gradually becomes clearer.,a,The correct answer is B.,b,0,,,,gemma4it_tb_hornet4.json
hornet,4,none,1513,378,TimeBlind/videos/mcq_vid_00078_1.mp4,How does the moon's appearance change? Option A: It gradually becomes blurrier. Option B: It gradually becomes clearer.,b,The correct answer is B.,b,1,,,,gemma4it_tb_hornet4.json
hornet,4,none,1514,378,TimeBlind/videos/mcq_vid_00078_0.mp4,How does the moon's appearance change? Option A: It gradually becomes clearer. Option B: It gradually becomes blurrier.,b,The correct answer is B.,b,1,,,,gemma4it_tb_hornet4.json
hornet,4,none,1515,378,TimeBlind/videos/mcq_vid_00078_1.mp4,How does the moon's appearance change? Option A: It gradually becomes clearer. Option B: It gradually becomes blurrier.,a,The correct answer is B.,b,0,,,,gemma4it_tb_hornet4.json
hornet,4,none,1516,379,TimeBlind/videos/mcq_vid_00079_0.mp4,How do the animals in the video change over time? Option A: They go from two cats and a dog to just two cats. Option B: They go from two cats to two cats and a dog.,a,The correct answer is B.,b,0,,,,gemma4it_tb_hornet4.json
hornet,4,none,1517,379,TimeBlind/videos/mcq_vid_00079_1.mp4,How do the animals in the video change over time? Option A: They go from two cats and a dog to just two cats. Option B: They go from two cats to two cats and a dog.,b,The correct answer is Option B.,b,1,,,,gemma4it_tb_hornet4.json
hornet,4,none,1518,379,TimeBlind/videos/mcq_vid_00079_0.mp4,How do the animals in the video change over time? Option A: They go from two cats to two cats and a dog. Option B: They go from two cats and a dog to just two cats.,b,The correct answer is B.,b,1,,,,gemma4it_tb_hornet4.json
hornet,4,none,1519,379,TimeBlind/videos/mcq_vid_00079_1.mp4,How do the animals in the video change over time? Option A: They go from two cats to two cats and a dog. Option B: They go from two cats and a dog to just two cats.,a,A,a,1,,,,gemma4it_tb_hornet4.json
hornet,4,none,1520,380,TimeBlind/videos/mcq_vid_00080_0.mp4,How does the kitten's position change relative to the box? Option A: The kitten moves from inside the box to outside the box. Option B: The kitten moves from outside the box to inside the box.,a,B,b,0,,,,gemma4it_tb_hornet4.json
hornet,4,none,1521,380,TimeBlind/videos/mcq_vid_00080_1.mp4,How does the kitten's position change relative to the box? Option A: The kitten moves from inside the box to outside the box. Option B: The kitten moves from outside the box to inside the box.,b,The correct answer is Option B.,b,1,,,,gemma4it_tb_hornet4.json
hornet,4,none,1522,380,TimeBlind/videos/mcq_vid_00080_0.mp4,How does the kitten's position change relative to the box? Option A: The kitten moves from outside the box to inside the box. Option B: The kitten moves from inside the box to outside the box.,b,A,a,0,,,,gemma4it_tb_hornet4.json
hornet,4,none,1523,380,TimeBlind/videos/mcq_vid_00080_1.mp4,How does the kitten's position change relative to the box? Option A: The kitten moves from outside the box to inside the box. Option B: The kitten moves from inside the box to outside the box.,a,A,a,1,,,,gemma4it_tb_hornet4.json
hornet,4,none,1524,381,TimeBlind/videos/mcq_vid_00081_0.mp4,How does the number of dogs in the video change over time? Option A: It increases from two to four. Option B: It decreases from four to two.,a,The correct answer is B.,b,0,,,,gemma4it_tb_hornet4.json
hornet,4,none,1525,381,TimeBlind/videos/mcq_vid_00081_1.mp4,How does the number of dogs in the video change over time? Option A: It increases from two to four. Option B: It decreases from four to two.,b,"The number of dogs in the video does not change; it remains constant at two throughout the duration. Therefore, neither Option A nor Option B is correct. However, if forced to choose based on the provided options, neither fits the visual evidence.

Since the question asks to choose between A and B, and the count remains constant at two, there is no change. If this is a trick question where one must be chosen, please re-verify the count. Based on the frames provided, there are consistently 2 dogs.",a,0,,,,gemma4it_tb_hornet4.json
hornet,4,none,1526,381,TimeBlind/videos/mcq_vid_00081_0.mp4,How does the number of dogs in the video change over time? Option A: It decreases from four to two. Option B: It increases from two to four.,b,The correct answer is B.,b,1,,,,gemma4it_tb_hornet4.json
hornet,4,none,1527,381,TimeBlind/videos/mcq_vid_00081_1.mp4,How does the number of dogs in the video change over time? Option A: It decreases from four to two. Option B: It increases from two to four.,a,The correct answer is neither A nor B. The number of dogs remains constant at two throughout the video.,a,1,,,,gemma4it_tb_hornet4.json
hornet,4,none,1528,382,TimeBlind/videos/mcq_vid_00082_0.mp4,How does the room's lighting change? Option A: The lighting changes from dark to light. Option B: The lighting changes from light to dark.,a,"The lighting in the room does not change; it remains constant throughout the sequence. However, based on the provided options and the visual evidence of a bright, well-lit room, the question seems to be a trick or based on a misunderstanding of the static images. Since the images are identical, there is no change.

If forced to choose based on the overall brightness of the scene:
A",a,1,,,,gemma4it_tb_hornet4.json
hornet,4,none,1529,382,TimeBlind/videos/mcq_vid_00082_1.mp4,How does the room's lighting change? Option A: The lighting changes from dark to light. Option B: The lighting changes from light to dark.,b,The correct answer is A.,a,0,,,,gemma4it_tb_hornet4.json
hornet,4,none,1530,382,TimeBlind/videos/mcq_vid_00082_0.mp4,How does the room's lighting change? Option A: The lighting changes from light to dark. Option B: The lighting changes from dark to light.,b,"The lighting does not change in the provided images; they are identical. However, based on the options provided and the overall bright appearance of the room, if a change were to be inferred from a sequence, it is not present here. Since the images are the same, neither option is technically correct, but if forced to choose based on the visual state:

A",a,0,,,,gemma4it_tb_hornet4.json
hornet,4,none,1531,382,TimeBlind/videos/mcq_vid_00082_1.mp4,How does the room's lighting change? Option A: The lighting changes from light to dark. Option B: The lighting changes from dark to light.,a,"The lighting does not change in the provided images; they are identical. However, based on the options provided and the visual content:

A",a,1,,,,gemma4it_tb_hornet4.json
hornet,4,none,1532,383,TimeBlind/videos/mcq_vid_00083_0.mp4,How does the charging status of the battery icon in the top-right corner of the phone screen change? Option A: It changes from charging to not charging. Option B: It changes from not charging to charging.,a,The correct answer is B.,b,0,,,,gemma4it_tb_hornet4.json
hornet,4,none,1533,383,TimeBlind/videos/mcq_vid_00083_1.mp4,How does the charging status of the battery icon in the top-right corner of the phone screen change? Option A: It changes from charging to not charging. Option B: It changes from not charging to charging.,b,The correct answer is B.,b,1,,,,gemma4it_tb_hornet4.json
hornet,4,none,1534,383,TimeBlind/videos/mcq_vid_00083_0.mp4,How does the charging status of the battery icon in the top-right corner of the phone screen change? Option A: It changes from not charging to charging. Option B: It changes from charging to not charging.,b,The correct answer is A.,a,0,,,,gemma4it_tb_hornet4.json
hornet,4,none,1535,383,TimeBlind/videos/mcq_vid_00083_1.mp4,How does the charging status of the battery icon in the top-right corner of the phone screen change? Option A: It changes from not charging to charging. Option B: It changes from charging to not charging.,a,The correct answer is B.,b,0,,,,gemma4it_tb_hornet4.json
hornet,4,none,1536,384,TimeBlind/videos/mcq_vid_00084_0.mp4,How does the color of the battery icon in the top-right corner of the screen change? Option A: It changes from green to white. Option B: It changes from white to green.,a,The correct answer is A.,a,1,,,,gemma4it_tb_hornet4.json
hornet,4,none,1537,384,TimeBlind/videos/mcq_vid_00084_1.mp4,How does the color of the battery icon in the top-right corner of the screen change? Option A: It changes from green to white. Option B: It changes from white to green.,b,The correct answer is B.,b,1,,,,gemma4it_tb_hornet4.json
hornet,4,none,1538,384,TimeBlind/videos/mcq_vid_00084_0.mp4,How does the color of the battery icon in the top-right corner of the screen change? Option A: It changes from white to green. Option B: It changes from green to white.,b,The correct answer is B.,b,1,,,,gemma4it_tb_hornet4.json
hornet,4,none,1539,384,TimeBlind/videos/mcq_vid_00084_1.mp4,How does the color of the battery icon in the top-right corner of the screen change? Option A: It changes from white to green. Option B: It changes from green to white.,a,The correct answer is B.,b,0,,,,gemma4it_tb_hornet4.json
hornet,4,none,1540,385,TimeBlind/videos/mcq_vid_00085_0.mp4,What happens when they try to stand the egg upright in the video? Option A: It doesn't stay upright. Option B: It stays upright.,a,The correct answer is B.,b,0,,,,gemma4it_tb_hornet4.json
hornet,4,none,1541,385,TimeBlind/videos/mcq_vid_00085_1.mp4,What happens when they try to stand the egg upright in the video? Option A: It doesn't stay upright. Option B: It stays upright.,b,The correct answer is B.,b,1,,,,gemma4it_tb_hornet4.json
hornet,4,none,1542,385,TimeBlind/videos/mcq_vid_00085_0.mp4,What happens when they try to stand the egg upright in the video? Option A: It stays upright. Option B: It doesn't stay upright.,b,The correct answer is B.,b,1,,,,gemma4it_tb_hornet4.json
hornet,4,none,1543,385,TimeBlind/videos/mcq_vid_00085_1.mp4,What happens when they try to stand the egg upright in the video? Option A: It stays upright. Option B: It doesn't stay upright.,a,The correct answer is A.,a,1,,,,gemma4it_tb_hornet4.json
hornet,4,none,1544,386,TimeBlind/videos/mcq_vid_00086_0.mp4,Which of the following correctly describes the duration each object is held in the video? Option A: The blue and yellow can is held for about 3 seconds. Option B: The blue and yellow can is held for about 10 seconds.,a,The correct answer is Option A.,a,1,,,,gemma4it_tb_hornet4.json
hornet,4,none,1545,386,TimeBlind/videos/mcq_vid_00086_1.mp4,Which of the following correctly describes the duration each object is held in the video? Option A: The blue and yellow can is held for about 3 seconds. Option B: The blue and yellow can is held for about 10 seconds.,b,The correct answer is Option B.,b,1,,,,gemma4it_tb_hornet4.json
hornet,4,none,1546,386,TimeBlind/videos/mcq_vid_00086_0.mp4,Which of the following correctly describes the duration each object is held in the video? Option A: The blue and yellow can is held for about 10 seconds. Option B: The blue and yellow can is held for about 3 seconds.,b,The correct answer is Option B.,b,1,,,,gemma4it_tb_hornet4.json
hornet,4,none,1547,386,TimeBlind/videos/mcq_vid_00086_1.mp4,Which of the following correctly describes the duration each object is held in the video? Option A: The blue and yellow can is held for about 10 seconds. Option B: The blue and yellow can is held for about 3 seconds.,a,The correct answer is Option A.,a,1,,,,gemma4it_tb_hornet4.json
hornet,4,none,1548,387,TimeBlind/videos/mcq_vid_00087_0.mp4,How does the number of fingers the man is holding up change in the video? Option A: It goes from two to three. Option B: It goes from three to two.,a,"The correct answer is neither A nor B, as the number of fingers the man is holding up does not change in the video. However, if forced to choose based on the provided options, neither is accurate.",a,1,,,,gemma4it_tb_hornet4.json
hornet,4,none,1549,387,TimeBlind/videos/mcq_vid_00087_1.mp4,How does the number of fingers the man is holding up change in the video? Option A: It goes from two to three. Option B: It goes from three to two.,b,"The correct answer is neither A nor B, as the number of fingers the man is holding up does not change in the video. However, if forced to choose based on the provided options, neither is accurate.",a,0,,,,gemma4it_tb_hornet4.json
hornet,4,none,1550,387,TimeBlind/videos/mcq_vid_00087_0.mp4,How does the number of fingers the man is holding up change in the video? Option A: It goes from three to two. Option B: It goes from two to three.,b,"The correct answer is neither A nor B, as the number of fingers the man is holding up does not change in the video. However, if forced to choose based on the provided options, neither is accurate.",a,0,,,,gemma4it_tb_hornet4.json
hornet,4,none,1551,387,TimeBlind/videos/mcq_vid_00087_1.mp4,How does the number of fingers the man is holding up change in the video? Option A: It goes from three to two. Option B: It goes from two to three.,a,"The correct answer is neither A nor B, as the number of fingers the man is holding up does not change in the video. However, if forced to choose based on the provided options, neither is accurate.",a,1,,,,gemma4it_tb_hornet4.json
hornet,4,none,1552,388,TimeBlind/videos/mcq_vid_00088_0.mp4,"As the video progresses, how does the visibility of the ceiling with strip lights change? Option A: It gradually comes into view. Option B: It gradually disappears from view.",a,"thought
<channel|>The correct answer is Option B.",b,0,,,,gemma4it_tb_hornet4.json
hornet,4,none,1553,388,TimeBlind/videos/mcq_vid_00088_1.mp4,"As the video progresses, how does the visibility of the ceiling with strip lights change? Option A: It gradually comes into view. Option B: It gradually disappears from view.",b,"thought
<channel|>The correct answer is B.",b,1,,,,gemma4it_tb_hornet4.json
hornet,4,none,1554,388,TimeBlind/videos/mcq_vid_00088_0.mp4,"As the video progresses, how does the visibility of the ceiling with strip lights change? Option A: It gradually disappears from view. Option B: It gradually comes into view.",b,"thought
<channel|>The correct answer is Option A.",a,0,,,,gemma4it_tb_hornet4.json
hornet,4,none,1555,388,TimeBlind/videos/mcq_vid_00088_1.mp4,"As the video progresses, how does the visibility of the ceiling with strip lights change? Option A: It gradually disappears from view. Option B: It gradually comes into view.",a,"thought
<channel|>The correct answer is Option B.",b,0,,,,gemma4it_tb_hornet4.json
hornet,4,none,1556,389,TimeBlind/videos/mcq_vid_00089_0.mp4,Which of the following describes how the person turns the door handle? Option A: The person turns the door handle gently. Option B: The person turns the door handle forcefully.,a,"thought
<channel|>The person turns the door handle forcefully.

B",b,0,,,,gemma4it_tb_hornet4.json
hornet,4,none,1557,389,TimeBlind/videos/mcq_vid_00089_1.mp4,Which of the following describes how the person turns the door handle? Option A: The person turns the door handle gently. Option B: The person turns the door handle forcefully.,b,"thought
<channel|>Based on the visual information provided in the video, the person turns the door handle with a firm, steady motion to open the door.

Option B",b,1,,,,gemma4it_tb_hornet4.json
hornet,4,none,1558,389,TimeBlind/videos/mcq_vid_00089_0.mp4,Which of the following describes how the person turns the door handle? Option A: The person turns the door handle forcefully. Option B: The person turns the door handle gently.,b,"thought
<channel|>The person turns the door handle gently.

B",b,1,,,,gemma4it_tb_hornet4.json
hornet,4,none,1559,389,TimeBlind/videos/mcq_vid_00089_1.mp4,Which of the following describes how the person turns the door handle? Option A: The person turns the door handle forcefully. Option B: The person turns the door handle gently.,a,"thought
<channel|>Based on the visual information provided in the video, the person turns the door handle gently.

B",b,0,,,,gemma4it_tb_hornet4.json
hornet,4,none,1560,390,TimeBlind/videos/mcq_vid_00090_0.mp4,Which of the following accurately describes how the wiping motion changes in the video? Option A: The person wipes the whiteboard with strokes that gradually become larger. Option B: The person wipes the whiteboard with strokes that gradually become smaller.,a,The correct answer is Option A.,a,1,,,,gemma4it_tb_hornet4.json
hornet,4,none,1561,390,TimeBlind/videos/mcq_vid_00090_1.mp4,Which of the following accurately describes how the wiping motion changes in the video? Option A: The person wipes the whiteboard with strokes that gradually become larger. Option B: The person wipes the whiteboard with strokes that gradually become smaller.,b,The correct answer is Option A.,a,0,,,,gemma4it_tb_hornet4.json
hornet,4,none,1562,390,TimeBlind/videos/mcq_vid_00090_0.mp4,Which of the following accurately describes how the wiping motion changes in the video? Option A: The person wipes the whiteboard with strokes that gradually become smaller. Option B: The person wipes the whiteboard with strokes that gradually become larger.,b,The correct answer is Option B.,b,1,,,,gemma4it_tb_hornet4.json
hornet,4,none,1563,390,TimeBlind/videos/mcq_vid_00090_1.mp4,Which of the following accurately describes how the wiping motion changes in the video? Option A: The person wipes the whiteboard with strokes that gradually become smaller. Option B: The person wipes the whiteboard with strokes that gradually become larger.,a,The correct answer is Option B.,b,0,,,,gemma4it_tb_hornet4.json
hornet,4,none,1564,391,TimeBlind/videos/mcq_vid_00091_0.mp4,"After looking straight ahead, where does he look while standing on the snowboard? Option A: He turns his head and looks to his left. Option B: He turns his head to his left, then looks forward again.",a,The correct answer is Option B.,b,0,,,,gemma4it_tb_hornet4.json
hornet,4,none,1565,391,TimeBlind/videos/mcq_vid_00091_1.mp4,"After looking straight ahead, where does he look while standing on the snowboard? Option A: He turns his head and looks to his left. Option B: He turns his head to his left, then looks forward again.",b,The correct answer is Option A.,a,0,,,,gemma4it_tb_hornet4.json
hornet,4,none,1566,391,TimeBlind/videos/mcq_vid_00091_0.mp4,"After looking straight ahead, where does he look while standing on the snowboard? Option A: He turns his head to his left, then looks forward again. Option B: He turns his head and looks to his left.",b,The correct answer is Option B.,b,1,,,,gemma4it_tb_hornet4.json
hornet,4,none,1567,391,TimeBlind/videos/mcq_vid_00091_1.mp4,"After looking straight ahead, where does he look while standing on the snowboard? Option A: He turns his head to his left, then looks forward again. Option B: He turns his head and looks to his left.",a,The correct answer is Option B.,b,0,,,,gemma4it_tb_hornet4.json
hornet,4,none,1568,392,TimeBlind/videos/mcq_vid_00092_0.mp4,How does the man's posture change over time? Option A: He goes from standing upright to bending over. Option B: He goes from bending over to standing upright.,a,"thought
<channel|>The correct answer is A.",a,1,,,,gemma4it_tb_hornet4.json
hornet,4,none,1569,392,TimeBlind/videos/mcq_vid_00092_1.mp4,How does the man's posture change over time? Option A: He goes from standing upright to bending over. Option B: He goes from bending over to standing upright.,b,"thought
<channel|>The correct answer is Option A.",a,0,,,,gemma4it_tb_hornet4.json
hornet,4,none,1570,392,TimeBlind/videos/mcq_vid_00092_0.mp4,How does the man's posture change over time? Option A: He goes from bending over to standing upright. Option B: He goes from standing upright to bending over.,b,"thought
<channel|>The correct answer is B.",b,1,,,,gemma4it_tb_hornet4.json
hornet,4,none,1571,392,TimeBlind/videos/mcq_vid_00092_1.mp4,How does the man's posture change over time? Option A: He goes from bending over to standing upright. Option B: He goes from standing upright to bending over.,a,"thought
<channel|>The correct answer is Option B.",b,0,,,,gemma4it_tb_hornet4.json
hornet,4,none,1572,393,TimeBlind/videos/mcq_vid_00093_0.mp4,How does the person's posture change? Option A: From upright to leaning. Option B: From leaning to upright.,a,"The person's posture does not change in the provided video. However, based on the options provided, neither A nor B accurately describes the video. Since the person remains in a consistent upright stance throughout, and the question asks to choose between A and B, there is no change to observe.

If forced to choose based on a perceived slight shift in weight, the person remains primarily upright.

A",a,1,,,,gemma4it_tb_hornet4.json
hornet,4,none,1573,393,TimeBlind/videos/mcq_vid_00093_1.mp4,How does the person's posture change? Option A: From upright to leaning. Option B: From leaning to upright.,b,"The person's posture does not change; they remain in the same position throughout the video. However, based on the provided options and the static nature of the image, neither A nor B accurately describes a change. If forced to choose based on a perceived slight shift in balance, there is no clear transition.

Since the person remains in a stable, upright stance throughout:
**Neither A nor B is correct.**",a,0,,,,gemma4it_tb_hornet4.json
hornet,4,none,1574,393,TimeBlind/videos/mcq_vid_00093_0.mp4,How does the person's posture change? Option A: From leaning to upright. Option B: From upright to leaning.,b,"The person's posture does not change in the provided video. However, based on the options provided, the correct answer is B.",b,1,,,,gemma4it_tb_hornet4.json
hornet,4,none,1575,393,TimeBlind/videos/mcq_vid_00093_1.mp4,How does the person's posture change? Option A: From leaning to upright. Option B: From upright to leaning.,a,"The person's posture does not change in the provided video. However, based on the options provided, neither A nor B accurately describes the scene as the person remains in a consistent upright stance throughout. If forced to choose based on a subtle shift in weight, the person remains primarily upright.

Since the posture is static:
**Neither A nor B** (The person remains upright throughout).",a,1,,,,gemma4it_tb_hornet4.json
hornet,4,none,1576,394,TimeBlind/videos/mcq_vid_00094_0.mp4,"In the video, which direction does the person glide across the frame? Option A: From left to right. Option B: From right to left.",a,"The person glides from left to right across the frame.

A",a,1,,,,gemma4it_tb_hornet4.json
hornet,4,none,1577,394,TimeBlind/videos/mcq_vid_00094_1.mp4,"In the video, which direction does the person glide across the frame? Option A: From left to right. Option B: From right to left.",b,"The person glides from left to right across the frame.

A",a,0,,,,gemma4it_tb_hornet4.json
hornet,4,none,1578,394,TimeBlind/videos/mcq_vid_00094_0.mp4,"In the video, which direction does the person glide across the frame? Option A: From right to left. Option B: From left to right.",b,"The person glides from right to left in the video.

A",a,0,,,,gemma4it_tb_hornet4.json
hornet,4,none,1579,394,TimeBlind/videos/mcq_vid_00094_1.mp4,"In the video, which direction does the person glide across the frame? Option A: From right to left. Option B: From left to right.",a,"The person glides from right to left in the video.

A",a,1,,,,gemma4it_tb_hornet4.json
hornet,4,none,1580,395,TimeBlind/videos/mcq_vid_00095_0.mp4,How does the robot's posture change? Option A: It goes from standing to squatting. Option B: It goes from squatting to standing.,a,The correct answer is B.,b,0,,,,gemma4it_tb_hornet4.json
hornet,4,none,1581,395,TimeBlind/videos/mcq_vid_00095_1.mp4,How does the robot's posture change? Option A: It goes from standing to squatting. Option B: It goes from squatting to standing.,b,"The robot's posture does not change in the provided video; it remains in a squatting position throughout. However, based on the options provided and the static nature of the frames, if this were a sequence of a movement, the robot is currently in a squatting position. Since the robot is already squatting and does not move, neither option perfectly describes a change. 

If forced to choose based on the final state shown in the frames:
**Option A** (It goes from standing to squatting) would be the action that leads to the position shown.

However, as the video is static, there is no",a,0,,,,gemma4it_tb_hornet4.json
hornet,4,none,1582,395,TimeBlind/videos/mcq_vid_00095_0.mp4,How does the robot's posture change? Option A: It goes from squatting to standing. Option B: It goes from standing to squatting.,b,The correct answer is B.,b,1,,,,gemma4it_tb_hornet4.json
hornet,4,none,1583,395,TimeBlind/videos/mcq_vid_00095_1.mp4,How does the robot's posture change? Option A: It goes from squatting to standing. Option B: It goes from standing to squatting.,a,"The robot's posture does not change in the provided video; it remains in a squatting position throughout. However, based on the options provided and the static nature of the frames, if this were a sequence of movement, the robot is currently in a squatting position. Since the robot is already squatting and does not move to a standing position, neither option perfectly describes a change. 

If forced to choose based on the final state shown in the frames:
**B** (as it is in a squatting position).",a,1,,,,gemma4it_tb_hornet4.json
hornet,4,none,1584,396,TimeBlind/videos/mcq_vid_00096_0.mp4,What is the humanoid robot doing with its body and arms? Option A: It squats down and extends its arms. Option B: It stands up and pulls its arms in.,a,The correct answer is A.,a,1,,,,gemma4it_tb_hornet4.json
hornet,4,none,1585,396,TimeBlind/videos/mcq_vid_00096_1.mp4,What is the humanoid robot doing with its body and arms? Option A: It squats down and extends its arms. Option B: It stands up and pulls its arms in.,b,A,a,0,,,,gemma4it_tb_hornet4.json
hornet,4,none,1586,396,TimeBlind/videos/mcq_vid_00096_0.mp4,What is the humanoid robot doing with its body and arms? Option A: It stands up and pulls its arms in. Option B: It squats down and extends its arms.,b,The correct answer is B.,b,1,,,,gemma4it_tb_hornet4.json
hornet,4,none,1587,396,TimeBlind/videos/mcq_vid_00096_1.mp4,What is the humanoid robot doing with its body and arms? Option A: It stands up and pulls its arms in. Option B: It squats down and extends its arms.,a,The correct answer is B.,b,0,,,,gemma4it_tb_hornet4.json
hornet,4,none,1588,397,TimeBlind/videos/mcq_vid_00097_0.mp4,"In what order does the person press the pump on the skincare bottle in the video? Option A: First quickly, then slowly. Option B: First slowly, then quickly.",a,"thought
<channel|>The correct answer is Option B.",b,0,,,,gemma4it_tb_hornet4.json
hornet,4,none,1589,397,TimeBlind/videos/mcq_vid_00097_1.mp4,"In what order does the person press the pump on the skincare bottle in the video? Option A: First quickly, then slowly. Option B: First slowly, then quickly.",b,"thought
<channel|>The correct answer is Option B.",b,1,,,,gemma4it_tb_hornet4.json
hornet,4,none,1590,397,TimeBlind/videos/mcq_vid_00097_0.mp4,"In what order does the person press the pump on the skincare bottle in the video? Option A: First slowly, then quickly. Option B: First quickly, then slowly.",b,"thought
<channel|>The correct answer is Option B.",b,1,,,,gemma4it_tb_hornet4.json
hornet,4,none,1591,397,TimeBlind/videos/mcq_vid_00097_1.mp4,"In what order does the person press the pump on the skincare bottle in the video? Option A: First slowly, then quickly. Option B: First quickly, then slowly.",a,"thought
<channel|>The correct answer is Option B.",b,0,,,,gemma4it_tb_hornet4.json
hornet,4,none,1592,398,TimeBlind/videos/mcq_vid_00098_0.mp4,"At the beginning of the video, how does the person press the pump? Option A: He presses it firmly. Option B: He presses it gently.",a,"The person presses the pump gently. Therefore, the correct answer is B.",b,0,,,,gemma4it_tb_hornet4.json
hornet,4,none,1593,398,TimeBlind/videos/mcq_vid_00098_1.mp4,"At the beginning of the video, how does the person press the pump? Option A: He presses it firmly. Option B: He presses it gently.",b,"The person presses the pump gently. Therefore, the correct answer is B.",b,1,,,,gemma4it_tb_hornet4.json
hornet,4,none,1594,398,TimeBlind/videos/mcq_vid_00098_0.mp4,"At the beginning of the video, how does the person press the pump? Option A: He presses it gently. Option B: He presses it firmly.",b,"The person presses the pump firmly. Therefore, the correct answer is B.",b,1,,,,gemma4it_tb_hornet4.json
hornet,4,none,1595,398,TimeBlind/videos/mcq_vid_00098_1.mp4,"At the beginning of the video, how does the person press the pump? Option A: He presses it gently. Option B: He presses it firmly.",a,"The person presses the pump firmly. Therefore, the correct answer is B.",b,0,,,,gemma4it_tb_hornet4.json
hornet,4,none,1596,399,TimeBlind/videos/mcq_vid_00099_0.mp4,How many white cars appear in total in the video? Option A: One white car appears. Option B: Two white cars appear.,a,The correct answer is Option B.,b,0,,,,gemma4it_tb_hornet4.json
hornet,4,none,1597,399,TimeBlind/videos/mcq_vid_00099_1.mp4,How many white cars appear in total in the video? Option A: One white car appears. Option B: Two white cars appear.,b,The correct answer is B.,b,1,,,,gemma4it_tb_hornet4.json
hornet,4,none,1598,399,TimeBlind/videos/mcq_vid_00099_0.mp4,How many white cars appear in total in the video? Option A: Two white cars appear. Option B: One white car appears.,b,The correct answer is Option B.,b,1,,,,gemma4it_tb_hornet4.json
hornet,4,none,1599,399,TimeBlind/videos/mcq_vid_00099_1.mp4,How many white cars appear in total in the video? Option A: Two white cars appear. Option B: One white car appears.,a,The correct answer is B.,b,0,,,,gemma4it_tb_hornet4.json
hornet,4,none,1600,400,TimeBlind/videos/mcq_vid_00100_0.mp4,"How does the speed of the leg shaking change over the course of the video? Option A: They shake slowly at first, then rapidly. Option B: They shake rapidly at first, then slowly.",a,The correct answer is Option B.,b,0,,,,gemma4it_tb_hornet4.json
hornet,4,none,1601,400,TimeBlind/videos/mcq_vid_00100_1.mp4,"How does the speed of the leg shaking change over the course of the video? Option A: They shake slowly at first, then rapidly. Option B: They shake rapidly at first, then slowly.",b,The correct answer is Option B.,b,1,,,,gemma4it_tb_hornet4.json
hornet,4,none,1602,400,TimeBlind/videos/mcq_vid_00100_0.mp4,"How does the speed of the leg shaking change over the course of the video? Option A: They shake rapidly at first, then slowly. Option B: They shake slowly at first, then rapidly.",b,The correct answer is Option B.,b,1,,,,gemma4it_tb_hornet4.json
hornet,4,none,1603,400,TimeBlind/videos/mcq_vid_00100_1.mp4,"How does the speed of the leg shaking change over the course of the video? Option A: They shake rapidly at first, then slowly. Option B: They shake slowly at first, then rapidly.",a,The correct answer is Option B.,b,0,,,,gemma4it_tb_hornet4.json
hornet,4,none,1604,401,TimeBlind/videos/mcq_vid_00101_0.mp4,"At the beginning of the video, how much does the person swing their leg? Option A: They swings his leg with small movements. Option B: They swings his leg with large movements.",a,A,a,1,,,,gemma4it_tb_hornet4.json
hornet,4,none,1605,401,TimeBlind/videos/mcq_vid_00101_1.mp4,"At the beginning of the video, how much does the person swing their leg? Option A: They swings his leg with small movements. Option B: They swings his leg with large movements.",b,A,a,0,,,,gemma4it_tb_hornet4.json
hornet,4,none,1606,401,TimeBlind/videos/mcq_vid_00101_0.mp4,"At the beginning of the video, how much does the person swing their leg? Option A: They swings his leg with large movements. Option B: They swings his leg with small movements.",b,"The person swings his leg with small movements. Therefore, the correct answer is B.",b,1,,,,gemma4it_tb_hornet4.json
hornet,4,none,1607,401,TimeBlind/videos/mcq_vid_00101_1.mp4,"At the beginning of the video, how much does the person swing their leg? Option A: They swings his leg with large movements. Option B: They swings his leg with small movements.",a,"The person swings his leg with small movements. Therefore, the correct answer is B.",b,0,,,,gemma4it_tb_hornet4.json
hornet,4,none,1608,402,TimeBlind/videos/mcq_vid_00102_0.mp4,"In the video, how does the height of the tennis ball’s bounce on the racket change over time? Option A: At first, he bounces the ball high; later, he bounces it lower. Option B: At first, he bounces the ball low; later, he bounces it higher.",a,The correct answer is Option A.,a,1,,,,gemma4it_tb_hornet4.json
hornet,4,none,1609,402,TimeBlind/videos/mcq_vid_00102_1.mp4,"In the video, how does the height of the tennis ball’s bounce on the racket change over time? Option A: At first, he bounces the ball high; later, he bounces it lower. Option B: At first, he bounces the ball low; later, he bounces it higher.",b,The correct answer is Option A.,a,0,,,,gemma4it_tb_hornet4.json
hornet,4,none,1610,402,TimeBlind/videos/mcq_vid_00102_0.mp4,"In the video, how does the height of the tennis ball’s bounce on the racket change over time? Option A: At first, he bounces the ball low; later, he bounces it higher. Option B: At first, he bounces the ball high; later, he bounces it lower.",b,The correct answer is Option A.,a,0,,,,gemma4it_tb_hornet4.json
hornet,4,none,1611,402,TimeBlind/videos/mcq_vid_00102_1.mp4,"In the video, how does the height of the tennis ball’s bounce on the racket change over time? Option A: At first, he bounces the ball low; later, he bounces it higher. Option B: At first, he bounces the ball high; later, he bounces it lower.",a,The correct answer is Option A.,a,1,,,,gemma4it_tb_hornet4.json
hornet,4,none,1612,403,TimeBlind/videos/mcq_vid_00103_0.mp4,"In the video, how many times does the person hit the ball with the tennis racket? Option A: 8 times. Option B: 12 times.",a,The correct answer is A.,a,1,,,,gemma4it_tb_hornet4.json
hornet,4,none,1613,403,TimeBlind/videos/mcq_vid_00103_1.mp4,"In the video, how many times does the person hit the ball with the tennis racket? Option A: 8 times. Option B: 12 times.",b,The correct answer is A.,a,0,,,,gemma4it_tb_hornet4.json
hornet,4,none,1614,403,TimeBlind/videos/mcq_vid_00103_0.mp4,"In the video, how many times does the person hit the ball with the tennis racket? Option A: 12 times. Option B: 8 times.",b,The correct answer is B.,b,1,,,,gemma4it_tb_hornet4.json
hornet,4,none,1615,403,TimeBlind/videos/mcq_vid_00103_1.mp4,"In the video, how many times does the person hit the ball with the tennis racket? Option A: 12 times. Option B: 8 times.",a,The correct answer is B.,b,0,,,,gemma4it_tb_hornet4.json
hornet,4,none,1616,404,TimeBlind/videos/mcq_vid_00104_0.mp4,"In the video, how does the size of the person’s tennis-racket swings change over time? Option A: At the beginning, the swings are small; later, the swings are larger. Option B: At the beginning, the swings are large; later, the swings are smaller.",a,The correct answer is Option A.,a,1,,,,gemma4it_tb_hornet4.json
hornet,4,none,1617,404,TimeBlind/videos/mcq_vid_00104_1.mp4,"In the video, how does the size of the person’s tennis-racket swings change over time? Option A: At the beginning, the swings are small; later, the swings are larger. Option B: At the beginning, the swings are large; later, the swings are smaller.",b,The correct answer is Option A.,a,0,,,,gemma4it_tb_hornet4.json
hornet,4,none,1618,404,TimeBlind/videos/mcq_vid_00104_0.mp4,"In the video, how does the size of the person’s tennis-racket swings change over time? Option A: At the beginning, the swings are large; later, the swings are smaller. Option B: At the beginning, the swings are small; later, the swings are larger.",b,The correct answer is Option B.,b,1,,,,gemma4it_tb_hornet4.json
hornet,4,none,1619,404,TimeBlind/videos/mcq_vid_00104_1.mp4,"In the video, how does the size of the person’s tennis-racket swings change over time? Option A: At the beginning, the swings are large; later, the swings are smaller. Option B: At the beginning, the swings are small; later, the swings are larger.",a,The correct answer is Option B.,b,0,,,,gemma4it_tb_hornet4.json
hornet,4,none,1620,405,TimeBlind/videos/mcq_vid_00105_0.mp4,"In the video, how many times does the boy swing the racket forward? Option A: Five times. Option B: Six times.",a,The correct answer is B.,b,0,,,,gemma4it_tb_hornet4.json
hornet,4,none,1621,405,TimeBlind/videos/mcq_vid_00105_1.mp4,"In the video, how many times does the boy swing the racket forward? Option A: Five times. Option B: Six times.",b,The correct answer is B.,b,1,,,,gemma4it_tb_hornet4.json
hornet,4,none,1622,405,TimeBlind/videos/mcq_vid_00105_0.mp4,"In the video, how many times does the boy swing the racket forward? Option A: Six times. Option B: Five times.",b,The correct answer is B.,b,1,,,,gemma4it_tb_hornet4.json
hornet,4,none,1623,405,TimeBlind/videos/mcq_vid_00105_1.mp4,"In the video, how many times does the boy swing the racket forward? Option A: Six times. Option B: Five times.",a,The correct answer is B.,b,0,,,,gemma4it_tb_hornet4.json
hornet,4,none,1624,406,TimeBlind/videos/mcq_vid_00106_0.mp4,"How does the boy’s long-jump distance change over time? Option A: He starts with longer jumps, then they get shorter. Option B: He starts with shorter jumps, then they get longer.",a,The correct answer is Option B.,b,0,,,,gemma4it_tb_hornet4.json
hornet,4,none,1625,406,TimeBlind/videos/mcq_vid_00106_1.mp4,"How does the boy’s long-jump distance change over time? Option A: He starts with longer jumps, then they get shorter. Option B: He starts with shorter jumps, then they get longer.",b,The correct answer is B.,b,1,,,,gemma4it_tb_hornet4.json
hornet,4,none,1626,406,TimeBlind/videos/mcq_vid_00106_0.mp4,"How does the boy’s long-jump distance change over time? Option A: He starts with shorter jumps, then they get longer. Option B: He starts with longer jumps, then they get shorter.",b,The correct answer is Option A.,a,0,,,,gemma4it_tb_hornet4.json
hornet,4,none,1627,406,TimeBlind/videos/mcq_vid_00106_1.mp4,"How does the boy’s long-jump distance change over time? Option A: He starts with shorter jumps, then they get longer. Option B: He starts with longer jumps, then they get shorter.",a,The correct answer is A.,a,1,,,,gemma4it_tb_hornet4.json
hornet,4,none,1628,407,TimeBlind/videos/mcq_vid_00107_0.mp4,How much does the boy bend his knees when landing his first long jump compared to his last long jump? Option A: He bends his knees more when landing his first long jump than when landing his last long jump. Option B: He bends his knees less when landing his first long jump than when landing his last long jump.,a,The correct answer is Option A.,a,1,,,,gemma4it_tb_hornet4.json
hornet,4,none,1629,407,TimeBlind/videos/mcq_vid_00107_1.mp4,How much does the boy bend his knees when landing his first long jump compared to his last long jump? Option A: He bends his knees more when landing his first long jump than when landing his last long jump. Option B: He bends his knees less when landing his first long jump than when landing his last long jump.,b,The correct answer is Option B.,b,1,,,,gemma4it_tb_hornet4.json
hornet,4,none,1630,407,TimeBlind/videos/mcq_vid_00107_0.mp4,How much does the boy bend his knees when landing his first long jump compared to his last long jump? Option A: He bends his knees less when landing his first long jump than when landing his last long jump. Option B: He bends his knees more when landing his first long jump than when landing his last long jump.,b,The correct answer is Option B.,b,1,,,,gemma4it_tb_hornet4.json
hornet,4,none,1631,407,TimeBlind/videos/mcq_vid_00107_1.mp4,How much does the boy bend his knees when landing his first long jump compared to his last long jump? Option A: He bends his knees less when landing his first long jump than when landing his last long jump. Option B: He bends his knees more when landing his first long jump than when landing his last long jump.,a,The correct answer is Option B.,b,0,,,,gemma4it_tb_hornet4.json
hornet,4,none,1632,408,TimeBlind/videos/mcq_vid_00108_0.mp4,"In the video, how does the range of the person’s hip-and-torso twisting change over time? Option A: The twisting is larger at the beginning and smaller later. Option B: The twisting is smaller at the beginning and larger later.",a,"The twisting is smaller at the beginning and larger later.

B",b,0,,,,gemma4it_tb_hornet4.json
hornet,4,none,1633,408,TimeBlind/videos/mcq_vid_00108_1.mp4,"In the video, how does the range of the person’s hip-and-torso twisting change over time? Option A: The twisting is larger at the beginning and smaller later. Option B: The twisting is smaller at the beginning and larger later.",b,"The twisting is smaller at the beginning and larger later.

B",b,1,,,,gemma4it_tb_hornet4.json
hornet,4,none,1634,408,TimeBlind/videos/mcq_vid_00108_0.mp4,"In the video, how does the range of the person’s hip-and-torso twisting change over time? Option A: The twisting is smaller at the beginning and larger later. Option B: The twisting is larger at the beginning and smaller later.",b,"The twisting is smaller at the beginning and larger later.

A",a,0,,,,gemma4it_tb_hornet4.json
hornet,4,none,1635,408,TimeBlind/videos/mcq_vid_00108_1.mp4,"In the video, how does the range of the person’s hip-and-torso twisting change over time? Option A: The twisting is smaller at the beginning and larger later. Option B: The twisting is larger at the beginning and smaller later.",a,"The twisting is smaller at the beginning and larger later.

Option A",a,1,,,,gemma4it_tb_hornet4.json
hornet,4,none,1636,409,TimeBlind/videos/mcq_vid_00109_0.mp4,"How does the shaking of the branches change over time? Option A: The branches shake vigorously at first, then gently. Option B: The branches shake gently at first, then vigorously.",a,"The provided images are static and do not show any movement or shaking of the branches. Therefore, it is impossible to determine a change in shaking over time.

However, if this is a trick question based on a video sequence where the images are frames, and you must choose between the two:
**Option A** or **Option B** cannot be determined from the static images provided.",a,1,,,,gemma4it_tb_hornet4.json
hornet,4,none,1637,409,TimeBlind/videos/mcq_vid_00109_1.mp4,"How does the shaking of the branches change over time? Option A: The branches shake vigorously at first, then gently. Option B: The branches shake gently at first, then vigorously.",b,"The provided images are static and do not show any movement or shaking of the branches. Therefore, it is impossible to determine a change in shaking over time.",a,0,,,,gemma4it_tb_hornet4.json
hornet,4,none,1638,409,TimeBlind/videos/mcq_vid_00109_0.mp4,"How does the shaking of the branches change over time? Option A: The branches shake gently at first, then vigorously. Option B: The branches shake vigorously at first, then gently.",b,"The provided images are static and do not show any movement or shaking of the branches. Therefore, it is impossible to determine a change in shaking over time.

However, if this is a trick question based on a sequence of frames where the motion is subtle, there is no discernible change in intensity between the three images provided. They appear to be nearly identical captures.

Since a choice must be made and no motion is visible:
**A**",a,0,,,,gemma4it_tb_hornet4.json
hornet,4,none,1639,409,TimeBlind/videos/mcq_vid_00109_1.mp4,"How does the shaking of the branches change over time? Option A: The branches shake gently at first, then vigorously. Option B: The branches shake vigorously at first, then gently.",a,"The provided images are static and do not show any movement or shaking of the branches. Therefore, it is impossible to determine a change in shaking over time.",a,1,,,,gemma4it_tb_hornet4.json
hornet,4,none,1640,410,TimeBlind/videos/mcq_vid_00110_0.mp4,"At the beginning of the video, how do the branches shake? Option A: The branches shake vigorously at first. Option B: The branches shake gently at first.",a,"The branches shake gently at first. Therefore, the correct answer is Option B.",b,0,,,,gemma4it_tb_hornet4.json
hornet,4,none,1641,410,TimeBlind/videos/mcq_vid_00110_1.mp4,"At the beginning of the video, how do the branches shake? Option A: The branches shake vigorously at first. Option B: The branches shake gently at first.",b,"The branches shake gently at first. Therefore, the correct answer is Option B.",b,1,,,,gemma4it_tb_hornet4.json
hornet,4,none,1642,410,TimeBlind/videos/mcq_vid_00110_0.mp4,"At the beginning of the video, how do the branches shake? Option A: The branches shake gently at first. Option B: The branches shake vigorously at first.",b,The correct answer is A.,a,0,,,,gemma4it_tb_hornet4.json
hornet,4,none,1643,410,TimeBlind/videos/mcq_vid_00110_1.mp4,"At the beginning of the video, how do the branches shake? Option A: The branches shake gently at first. Option B: The branches shake vigorously at first.",a,A,a,1,,,,gemma4it_tb_hornet4.json
hornet,4,none,1644,411,TimeBlind/videos/mcq_vid_00111_0.mp4,How does the height of the girl's high kicks change over time? Option A: She starts with high kicks and then kicks lower. Option B: She starts with low kicks and then kicks higher.,a,The correct answer is B.,b,0,,,,gemma4it_tb_hornet4.json
hornet,4,none,1645,411,TimeBlind/videos/mcq_vid_00111_1.mp4,How does the height of the girl's high kicks change over time? Option A: She starts with high kicks and then kicks lower. Option B: She starts with low kicks and then kicks higher.,b,The correct answer is B.,b,1,,,,gemma4it_tb_hornet4.json
hornet,4,none,1646,411,TimeBlind/videos/mcq_vid_00111_0.mp4,How does the height of the girl's high kicks change over time? Option A: She starts with low kicks and then kicks higher. Option B: She starts with high kicks and then kicks lower.,b,The correct answer is A.,a,0,,,,gemma4it_tb_hornet4.json
hornet,4,none,1647,411,TimeBlind/videos/mcq_vid_00111_1.mp4,How does the height of the girl's high kicks change over time? Option A: She starts with low kicks and then kicks higher. Option B: She starts with high kicks and then kicks lower.,a,The correct answer is A.,a,1,,,,gemma4it_tb_hornet4.json
hornet,4,none,1648,412,TimeBlind/videos/mcq_vid_00112_0.mp4,"How does the spin rate of an upright tennis racket change over time? Option A: It spins quickly at first, then slows down. Option B: It spins slowly at first, then speeds up.",a,"The provided images do not show a tennis racket spinning; they show a person holding a stationary racket. Therefore, it is impossible to determine a change in spin rate from the visual information provided.

However, if this is a trick question based on the physics of a stationary object, the answer is that there is no spin. If forced to choose based on a hypothetical motion not shown, there is no basis for either option.

Since the prompt requires a choice between A and B for a motion not present in the video:
**A**",a,1,,,,gemma4it_tb_hornet4.json
hornet,4,none,1649,412,TimeBlind/videos/mcq_vid_00112_1.mp4,"How does the spin rate of an upright tennis racket change over time? Option A: It spins quickly at first, then slows down. Option B: It spins slowly at first, then speeds up.",b,A,a,0,,,,gemma4it_tb_hornet4.json
hornet,4,none,1650,412,TimeBlind/videos/mcq_vid_00112_0.mp4,"How does the spin rate of an upright tennis racket change over time? Option A: It spins slowly at first, then speeds up. Option B: It spins quickly at first, then slows down.",b,"The provided images do not show the tennis racket spinning; they show a person holding a stationary racket. Therefore, it is impossible to determine a change in spin rate from the visual information provided.

However, if this is a trick question based on the physics of a falling object or a rotating object losing energy to friction/air resistance, the answer would typically be **Option B** (it spins quickly at first, then slows down).

Since I must choose between the provided options:
**Option B**",b,1,,,,gemma4it_tb_hornet4.json
hornet,4,none,1651,412,TimeBlind/videos/mcq_vid_00112_1.mp4,"How does the spin rate of an upright tennis racket change over time? Option A: It spins slowly at first, then speeds up. Option B: It spins quickly at first, then slows down.",a,"Based on the visual information provided in the sequence of images, the tennis racket is being swung in a downward motion.

1.  **00:03**: The racket is held high and is just beginning its downward arc. The motion blur is minimal, indicating a lower initial velocity/spin rate at the start of the stroke.
2.  **00:04**: The racket is moving faster as it descends, showing more significant motion blur.
3.  **00:05**: The racket is at the bottom of the swing, showing the most significant motion blur, indicating it has reached its maximum",a,1,,,,gemma4it_tb_hornet4.json
hornet,4,none,1652,413,TimeBlind/videos/mcq_vid_00113_0.mp4,"At the start of the video, how does the girl wave her hand? Option A: She starts by waving with large, sweeping motions. Option B: She starts by waving with small, subtle motions.",a,The correct answer is A.,a,1,,,,gemma4it_tb_hornet4.json
hornet,4,none,1653,413,TimeBlind/videos/mcq_vid_00113_1.mp4,"At the start of the video, how does the girl wave her hand? Option A: She starts by waving with large, sweeping motions. Option B: She starts by waving with small, subtle motions.",b,The correct answer is A.,a,0,,,,gemma4it_tb_hornet4.json
hornet,4,none,1654,413,TimeBlind/videos/mcq_vid_00113_0.mp4,"At the start of the video, how does the girl wave her hand? Option A: She starts by waving with small, subtle motions. Option B: She starts by waving with large, sweeping motions.",b,The correct answer is Option B.,b,1,,,,gemma4it_tb_hornet4.json
hornet,4,none,1655,413,TimeBlind/videos/mcq_vid_00113_1.mp4,"At the start of the video, how does the girl wave her hand? Option A: She starts by waving with small, subtle motions. Option B: She starts by waving with large, sweeping motions.",a,The correct answer is Option B.,b,0,,,,gemma4it_tb_hornet4.json
hornet,4,none,1656,414,TimeBlind/videos/mcq_vid_00114_0.mp4,"How does the rate at which the girl pulls the car door handle change? Option A: She pulls it rapidly at first, then more slowly. Option B: She pulls it slowly at first, then more quickly.",a,"Based on the visual information provided in the sequence of images, there is no change in the rate at which the girl pulls the car door handle; the images appear to be identical frames. However, if this is a trick question based on a single static image, neither option can be definitively confirmed.

If forced to choose based on the typical motion of opening a door:
**Option B** (She pulls it slowly at first, then more quickly) is the more common physical motion for opening a car door.",b,0,,,,gemma4it_tb_hornet4.json
hornet,4,none,1657,414,TimeBlind/videos/mcq_vid_00114_1.mp4,"How does the rate at which the girl pulls the car door handle change? Option A: She pulls it rapidly at first, then more slowly. Option B: She pulls it slowly at first, then more quickly.",b,The correct answer is Option B.,b,1,,,,gemma4it_tb_hornet4.json
hornet,4,none,1658,414,TimeBlind/videos/mcq_vid_00114_0.mp4,"How does the rate at which the girl pulls the car door handle change? Option A: She pulls it slowly at first, then more quickly. Option B: She pulls it rapidly at first, then more slowly.",b,"Based on the visual information provided in the sequence of images, the girl's hand position and the movement of the door handle do not show a significant change in speed; the action appears consistent across the frames. However, if forced to choose based on the subtle progression of the grip and the slight shift in the handle's angle:

Option A",a,0,,,,gemma4it_tb_hornet4.json
hornet,4,none,1659,414,TimeBlind/videos/mcq_vid_00114_1.mp4,"How does the rate at which the girl pulls the car door handle change? Option A: She pulls it slowly at first, then more quickly. Option B: She pulls it rapidly at first, then more slowly.",a,The correct answer is Option A.,a,1,,,,gemma4it_tb_hornet4.json
hornet,4,none,1660,415,TimeBlind/videos/mcq_vid_00115_0.mp4,"Early on, how frequently does the girl pull the car door handle? Option A: She pulls it repeatedly at a high rate at first. Option B: She pulls it repeatedly at a low rate at first.",a,"The provided video does not show the girl pulling the car door handle repeatedly. It only shows a single instance of her hand reaching for and grasping the handle. Therefore, neither option A nor B is accurate based on the visual evidence.",a,1,,,,gemma4it_tb_hornet4.json
hornet,4,none,1661,415,TimeBlind/videos/mcq_vid_00115_1.mp4,"Early on, how frequently does the girl pull the car door handle? Option A: She pulls it repeatedly at a high rate at first. Option B: She pulls it repeatedly at a low rate at first.",b,The correct answer is Option A.,a,0,,,,gemma4it_tb_hornet4.json
hornet,4,none,1662,415,TimeBlind/videos/mcq_vid_00115_0.mp4,"Early on, how frequently does the girl pull the car door handle? Option A: She pulls it repeatedly at a low rate at first. Option B: She pulls it repeatedly at a high rate at first.",b,"The provided video does not show the girl pulling the car door handle repeatedly. It only shows her grasping the handle once. Therefore, neither option is correct based on the visual evidence.",,0,,,,gemma4it_tb_hornet4.json
hornet,4,none,1663,415,TimeBlind/videos/mcq_vid_00115_1.mp4,"Early on, how frequently does the girl pull the car door handle? Option A: She pulls it repeatedly at a low rate at first. Option B: She pulls it repeatedly at a high rate at first.",a,The correct answer is Option A.,a,1,,,,gemma4it_tb_hornet4.json
hornet,4,none,1664,416,TimeBlind/videos/mcq_vid_00116_0.mp4,"How does the pace of rubbing the kitten's head change in the video? Option A: The person rubs the kitten's head quickly at first, then more slowly. Option B: The person rubs the kitten's head slowly at first, then faster.",a,"The provided images are static and do not show a video, so it is impossible to determine the pace of the rubbing. However, based on the visual information provided, there is no change in pace.",a,1,,,,gemma4it_tb_hornet4.json
hornet,4,none,1665,416,TimeBlind/videos/mcq_vid_00116_1.mp4,"How does the pace of rubbing the kitten's head change in the video? Option A: The person rubs the kitten's head quickly at first, then more slowly. Option B: The person rubs the kitten's head slowly at first, then faster.",b,The correct answer is Option A.,a,0,,,,gemma4it_tb_hornet4.json
hornet,4,none,1666,416,TimeBlind/videos/mcq_vid_00116_0.mp4,"How does the pace of rubbing the kitten's head change in the video? Option A: The person rubs the kitten's head slowly at first, then faster. Option B: The person rubs the kitten's head quickly at first, then more slowly.",b,"The provided images are static and do not show a video, so it is impossible to determine the pace of the rubbing. However, based on the visual information provided, I cannot answer the question.",a,0,,,,gemma4it_tb_hornet4.json
hornet,4,none,1667,416,TimeBlind/videos/mcq_vid_00116_1.mp4,"How does the pace of rubbing the kitten's head change in the video? Option A: The person rubs the kitten's head slowly at first, then faster. Option B: The person rubs the kitten's head quickly at first, then more slowly.",a,The correct answer is Option A.,a,1,,,,gemma4it_tb_hornet4.json
hornet,4,none,1668,417,TimeBlind/videos/mcq_vid_00117_0.mp4,"At the beginning, how does the person rub the kitten’s head? Option A: The person rubs the kitten’s head quickly. Option B: The person rubs the kitten’s head slowly.",a,"Based on the visual information provided, the person is gently cradling and stroking the kitten's head with their hands, which indicates a slow and careful motion.

B",a,1,,,,gemma4it_tb_hornet4.json
hornet,4,none,1669,417,TimeBlind/videos/mcq_vid_00117_1.mp4,"At the beginning, how does the person rub the kitten’s head? Option A: The person rubs the kitten’s head quickly. Option B: The person rubs the kitten’s head slowly.",b,"The person rubs the kitten's head slowly.

B",b,1,,,,gemma4it_tb_hornet4.json
hornet,4,none,1670,417,TimeBlind/videos/mcq_vid_00117_0.mp4,"At the beginning, how does the person rub the kitten’s head? Option A: The person rubs the kitten’s head slowly. Option B: The person rubs the kitten’s head quickly.",b,A,a,0,,,,gemma4it_tb_hornet4.json
hornet,4,none,1671,417,TimeBlind/videos/mcq_vid_00117_1.mp4,"At the beginning, how does the person rub the kitten’s head? Option A: The person rubs the kitten’s head slowly. Option B: The person rubs the kitten’s head quickly.",a,A,a,1,,,,gemma4it_tb_hornet4.json
hornet,4,none,1672,418,TimeBlind/videos/mcq_vid_00118_0.mp4,"In the video, how does the range of motion change as the person moves the cat’s front paws in and out? Option A: The movements start small and become larger later. Option B: The movements start large and become smaller later.",a,The correct answer is Option A.,a,1,,,,gemma4it_tb_hornet4.json
hornet,4,none,1673,418,TimeBlind/videos/mcq_vid_00118_1.mp4,"In the video, how does the range of motion change as the person moves the cat’s front paws in and out? Option A: The movements start small and become larger later. Option B: The movements start large and become smaller later.",b,The correct answer is Option A.,a,0,,,,gemma4it_tb_hornet4.json
hornet,4,none,1674,418,TimeBlind/videos/mcq_vid_00118_0.mp4,"In the video, how does the range of motion change as the person moves the cat’s front paws in and out? Option A: The movements start large and become smaller later. Option B: The movements start small and become larger later.",b,The correct answer is Option B.,b,1,,,,gemma4it_tb_hornet4.json
hornet,4,none,1675,418,TimeBlind/videos/mcq_vid_00118_1.mp4,"In the video, how does the range of motion change as the person moves the cat’s front paws in and out? Option A: The movements start large and become smaller later. Option B: The movements start small and become larger later.",a,The correct answer is Option B.,b,0,,,,gemma4it_tb_hornet4.json
hornet,4,none,1676,419,TimeBlind/videos/mcq_vid_00119_0.mp4,What do the puppy's eyes do as the girl kisses it? Option A: The puppy closes its eyes for a moment. Option B: The puppy keeps its eyes open the whole time.,a,A,a,1,,,,gemma4it_tb_hornet4.json
hornet,4,none,1677,419,TimeBlind/videos/mcq_vid_00119_1.mp4,What do the puppy's eyes do as the girl kisses it? Option A: The puppy closes its eyes for a moment. Option B: The puppy keeps its eyes open the whole time.,b,A,a,0,,,,gemma4it_tb_hornet4.json
hornet,4,none,1678,419,TimeBlind/videos/mcq_vid_00119_0.mp4,What do the puppy's eyes do as the girl kisses it? Option A: The puppy keeps its eyes open the whole time. Option B: The puppy closes its eyes for a moment.,b,"The puppy closes its eyes for a moment.

Option B",b,1,,,,gemma4it_tb_hornet4.json
hornet,4,none,1679,419,TimeBlind/videos/mcq_vid_00119_1.mp4,What do the puppy's eyes do as the girl kisses it? Option A: The puppy keeps its eyes open the whole time. Option B: The puppy closes its eyes for a moment.,a,"The puppy closes its eyes for a moment.

Option B",b,0,,,,gemma4it_tb_hornet4.json
hornet,4,none,1680,420,TimeBlind/videos/mcq_vid_00120_0.mp4,How quickly is this person rubbing their hands at first? Option A: They are rubbing their hands quickly. Option B: They are rubbing their hands slowly.,a,"The person is rubbing their hands slowly.

Option B",b,0,,,,gemma4it_tb_hornet4.json
hornet,4,none,1681,420,TimeBlind/videos/mcq_vid_00120_1.mp4,How quickly is this person rubbing their hands at first? Option A: They are rubbing their hands quickly. Option B: They are rubbing their hands slowly.,b,"The person is rubbing their hands slowly.

Option B",b,1,,,,gemma4it_tb_hornet4.json
hornet,4,none,1682,420,TimeBlind/videos/mcq_vid_00120_0.mp4,How quickly is this person rubbing their hands at first? Option A: They are rubbing their hands slowly. Option B: They are rubbing their hands quickly.,b,A,a,0,,,,gemma4it_tb_hornet4.json
hornet,4,none,1683,420,TimeBlind/videos/mcq_vid_00120_1.mp4,How quickly is this person rubbing their hands at first? Option A: They are rubbing their hands slowly. Option B: They are rubbing their hands quickly.,a,A,a,1,,,,gemma4it_tb_hornet4.json
hornet,4,none,1684,421,TimeBlind/videos/mcq_vid_00121_0.mp4,How does the boy clap at first? Option A: He claps slowly at first. Option B: He claps quickly at first.,a,"The boy claps quickly at first. Therefore, the correct answer is B.",b,0,,,,gemma4it_tb_hornet4.json
hornet,4,none,1685,421,TimeBlind/videos/mcq_vid_00121_1.mp4,How does the boy clap at first? Option A: He claps slowly at first. Option B: He claps quickly at first.,b,The correct answer is B.,b,1,,,,gemma4it_tb_hornet4.json
hornet,4,none,1686,421,TimeBlind/videos/mcq_vid_00121_0.mp4,How does the boy clap at first? Option A: He claps quickly at first. Option B: He claps slowly at first.,b,"The boy claps quickly at first. Therefore, the correct answer is A.",a,0,,,,gemma4it_tb_hornet4.json
hornet,4,none,1687,421,TimeBlind/videos/mcq_vid_00121_1.mp4,How does the boy clap at first? Option A: He claps quickly at first. Option B: He claps slowly at first.,a,"The boy claps quickly at first. Therefore, the correct answer is A.",a,1,,,,gemma4it_tb_hornet4.json
hornet,4,none,1688,422,TimeBlind/videos/mcq_vid_00122_0.mp4,"At the beginning of the video, how fast does the vacuum cleaner move across the floor? Option A: It starts out moving slowly. Option B: It starts out moving quickly.",a,A,a,1,,,,gemma4it_tb_hornet4.json
hornet,4,none,1689,422,TimeBlind/videos/mcq_vid_00122_1.mp4,"At the beginning of the video, how fast does the vacuum cleaner move across the floor? Option A: It starts out moving slowly. Option B: It starts out moving quickly.",b,A,a,0,,,,gemma4it_tb_hornet4.json
hornet,4,none,1690,422,TimeBlind/videos/mcq_vid_00122_0.mp4,"At the beginning of the video, how fast does the vacuum cleaner move across the floor? Option A: It starts out moving quickly. Option B: It starts out moving slowly.",b,"The vacuum cleaner starts out moving slowly. Therefore, the correct answer is B.",b,1,,,,gemma4it_tb_hornet4.json
hornet,4,none,1691,422,TimeBlind/videos/mcq_vid_00122_1.mp4,"At the beginning of the video, how fast does the vacuum cleaner move across the floor? Option A: It starts out moving quickly. Option B: It starts out moving slowly.",a,"The vacuum cleaner starts out moving slowly. Therefore, the correct answer is B.",b,0,,,,gemma4it_tb_hornet4.json
hornet,4,none,1692,423,TimeBlind/videos/mcq_vid_00123_0.mp4,"How does the massage gun's speed change as it moves along the leg? Option A: It starts slowly, then speeds up. Option B: It starts quickly, then slows down.",a,"Based on the visual information provided in the sequence of images, there is no clear indication of a change in the massage gun's speed. The device appears to be moving along the leg at a consistent pace. Therefore, neither option A nor B can be definitively confirmed from the images.

However, if this is a trick question based on the visual flow of the motion:
**A**",a,1,,,,gemma4it_tb_hornet4.json
hornet,4,none,1693,423,TimeBlind/videos/mcq_vid_00123_1.mp4,"How does the massage gun's speed change as it moves along the leg? Option A: It starts slowly, then speeds up. Option B: It starts quickly, then slows down.",b,"Based on the visual information provided in the video, the massage gun's speed does not appear to change significantly as it moves along the leg; it maintains a consistent pace. However, if forced to choose between the provided options based on the visual flow:

**Option A**",a,0,,,,gemma4it_tb_hornet4.json
hornet,4,none,1694,423,TimeBlind/videos/mcq_vid_00123_0.mp4,"How does the massage gun's speed change as it moves along the leg? Option A: It starts quickly, then slows down. Option B: It starts slowly, then speeds up.",b,"Based on the visual information provided in the sequence of images, there is no clear indication of a change in the massage gun's speed. The device appears to be moving along the leg at a consistent pace. Therefore, neither option A nor B can be definitively confirmed from the images.

However, if this is a trick question based on a specific observation not immediately obvious, please provide more context. Based strictly on the visual evidence:

Neither A nor B.",a,0,,,,gemma4it_tb_hornet4.json
hornet,4,none,1695,423,TimeBlind/videos/mcq_vid_00123_1.mp4,"How does the massage gun's speed change as it moves along the leg? Option A: It starts quickly, then slows down. Option B: It starts slowly, then speeds up.",a,"Based on the visual information provided in the video, the massage gun's speed does not appear to change significantly as it moves along the leg; it maintains a consistent pace. However, if forced to choose between the two options based on the visual flow:

**Option B** (It starts slowly, then speeds up) is the closest description of the motion as the device gains momentum and covers more surface area.",b,0,,,,gemma4it_tb_hornet4.json
hornet,4,none,1696,424,TimeBlind/videos/mcq_vid_00124_0.mp4,"In the video, how does the girl change her shirt? Option A: She changes from a red plaid shirt to a blue plaid shirt. Option B: She changes from a blue plaid shirt to a red plaid shirt.",a,The correct answer is Option A.,a,1,,,,gemma4it_tb_hornet4.json
hornet,4,none,1697,424,TimeBlind/videos/mcq_vid_00124_1.mp4,"In the video, how does the girl change her shirt? Option A: She changes from a red plaid shirt to a blue plaid shirt. Option B: She changes from a blue plaid shirt to a red plaid shirt.",b,The correct answer is neither A nor B. The girl does not change her shirt in the video; she is wearing the same red plaid shirt throughout.,a,0,,,,gemma4it_tb_hornet4.json
hornet,4,none,1698,424,TimeBlind/videos/mcq_vid_00124_0.mp4,"In the video, how does the girl change her shirt? Option A: She changes from a blue plaid shirt to a red plaid shirt. Option B: She changes from a red plaid shirt to a blue plaid shirt.",b,The correct answer is Option B.,b,1,,,,gemma4it_tb_hornet4.json
hornet,4,none,1699,424,TimeBlind/videos/mcq_vid_00124_1.mp4,"In the video, how does the girl change her shirt? Option A: She changes from a blue plaid shirt to a red plaid shirt. Option B: She changes from a red plaid shirt to a blue plaid shirt.",a,The correct answer is A.,a,1,,,,gemma4it_tb_hornet4.json
hornet,4,none,1700,425,TimeBlind/videos/mcq_vid_00125_0.mp4,How does the girl's shirt change? Option A: She switches from a short-sleeved shirt to a long-sleeved shirt. Option B: She switches from a long-sleeved shirt to a short-sleeved shirt.,a,A,a,1,,,,gemma4it_tb_hornet4.json
hornet,4,none,1701,425,TimeBlind/videos/mcq_vid_00125_1.mp4,How does the girl's shirt change? Option A: She switches from a short-sleeved shirt to a long-sleeved shirt. Option B: She switches from a long-sleeved shirt to a short-sleeved shirt.,b,The correct answer is Option B.,b,1,,,,gemma4it_tb_hornet4.json
hornet,4,none,1702,425,TimeBlind/videos/mcq_vid_00125_0.mp4,How does the girl's shirt change? Option A: She switches from a long-sleeved shirt to a short-sleeved shirt. Option B: She switches from a short-sleeved shirt to a long-sleeved shirt.,b,B,b,1,,,,gemma4it_tb_hornet4.json
hornet,4,none,1703,425,TimeBlind/videos/mcq_vid_00125_1.mp4,How does the girl's shirt change? Option A: She switches from a long-sleeved shirt to a short-sleeved shirt. Option B: She switches from a short-sleeved shirt to a long-sleeved shirt.,a,A,a,1,,,,gemma4it_tb_hornet4.json
hornet,4,none,1704,426,TimeBlind/videos/mcq_vid_00126_0.mp4,How does the girl's outfit change? Option A: She goes from wearing shorts to wearing pants. Option B: She goes from wearing pants to wearing shorts.,a,A,a,1,,,,gemma4it_tb_hornet4.json
hornet,4,none,1705,426,TimeBlind/videos/mcq_vid_00126_1.mp4,How does the girl's outfit change? Option A: She goes from wearing shorts to wearing pants. Option B: She goes from wearing pants to wearing shorts.,b,The correct answer is neither A nor B. The girl's outfit does not change; she is wearing shorts in all three frames.,a,0,,,,gemma4it_tb_hornet4.json
hornet,4,none,1706,426,TimeBlind/videos/mcq_vid_00126_0.mp4,How does the girl's outfit change? Option A: She goes from wearing pants to wearing shorts. Option B: She goes from wearing shorts to wearing pants.,b,The correct answer is Option B.,b,1,,,,gemma4it_tb_hornet4.json
hornet,4,none,1707,426,TimeBlind/videos/mcq_vid_00126_1.mp4,How does the girl's outfit change? Option A: She goes from wearing pants to wearing shorts. Option B: She goes from wearing shorts to wearing pants.,a,The correct answer is B.,b,0,,,,gemma4it_tb_hornet4.json
hornet,4,none,1708,427,TimeBlind/videos/mcq_vid_00127_0.mp4,What is happening to the makeup on the hand? Option A: One hand applies makeup to the other hand. Option B: One hand wipes off the makeup from the other hand.,a,B,b,0,,,,gemma4it_tb_hornet4.json
hornet,4,none,1709,427,TimeBlind/videos/mcq_vid_00127_1.mp4,What is happening to the makeup on the hand? Option A: One hand applies makeup to the other hand. Option B: One hand wipes off the makeup from the other hand.,b,B,b,1,,,,gemma4it_tb_hornet4.json
hornet,4,none,1710,427,TimeBlind/videos/mcq_vid_00127_0.mp4,What is happening to the makeup on the hand? Option A: One hand wipes off the makeup from the other hand. Option B: One hand applies makeup to the other hand.,b,A,a,0,,,,gemma4it_tb_hornet4.json
hornet,4,none,1711,427,TimeBlind/videos/mcq_vid_00127_1.mp4,What is happening to the makeup on the hand? Option A: One hand wipes off the makeup from the other hand. Option B: One hand applies makeup to the other hand.,a,A,a,1,,,,gemma4it_tb_hornet4.json
hornet,4,none,1712,428,TimeBlind/videos/mcq_vid_00128_0.mp4,"How does the speed change as the hands scrub and rotate the small bottle under running water? Option A: The hands scrub the bottle slowly, then rotate it quickly. Option B: The hands scrub the bottle quickly, then rotate it slowly.",a,The correct answer is Option A.,a,1,,,,gemma4it_tb_hornet4.json
hornet,4,none,1713,428,TimeBlind/videos/mcq_vid_00128_1.mp4,"How does the speed change as the hands scrub and rotate the small bottle under running water? Option A: The hands scrub the bottle slowly, then rotate it quickly. Option B: The hands scrub the bottle quickly, then rotate it slowly.",b,The correct answer is Option A.,a,0,,,,gemma4it_tb_hornet4.json
hornet,4,none,1714,428,TimeBlind/videos/mcq_vid_00128_0.mp4,"How does the speed change as the hands scrub and rotate the small bottle under running water? Option A: The hands scrub the bottle quickly, then rotate it slowly. Option B: The hands scrub the bottle slowly, then rotate it quickly.",b,The correct answer is Option B.,b,1,,,,gemma4it_tb_hornet4.json
hornet,4,none,1715,428,TimeBlind/videos/mcq_vid_00128_1.mp4,"How does the speed change as the hands scrub and rotate the small bottle under running water? Option A: The hands scrub the bottle quickly, then rotate it slowly. Option B: The hands scrub the bottle slowly, then rotate it quickly.",a,The correct answer is Option A.,a,1,,,,gemma4it_tb_hornet4.json
hornet,4,none,1716,429,TimeBlind/videos/mcq_vid_00129_0.mp4,"At the beginning of the video, how do the hands scrub and rotate the small bottle? Option A: They start out gently. Option B: They start out vigorously.",a,A,a,1,,,,gemma4it_tb_hornet4.json
hornet,4,none,1717,429,TimeBlind/videos/mcq_vid_00129_1.mp4,"At the beginning of the video, how do the hands scrub and rotate the small bottle? Option A: They start out gently. Option B: They start out vigorously.",b,A,a,0,,,,gemma4it_tb_hornet4.json
hornet,4,none,1718,429,TimeBlind/videos/mcq_vid_00129_0.mp4,"At the beginning of the video, how do the hands scrub and rotate the small bottle? Option A: They start out vigorously. Option B: They start out gently.",b,The correct answer is B.,b,1,,,,gemma4it_tb_hornet4.json
hornet,4,none,1719,429,TimeBlind/videos/mcq_vid_00129_1.mp4,"At the beginning of the video, how do the hands scrub and rotate the small bottle? Option A: They start out vigorously. Option B: They start out gently.",a,B,b,0,,,,gemma4it_tb_hornet4.json
hornet,4,none,1720,430,TimeBlind/videos/mcq_vid_00130_0.mp4,"At the beginning of the video, how does the girl rub her face? Option A: She rubs her face gently at first. Option B: She rubs her face vigorously at first.",a,The correct answer is A.,a,1,,,,gemma4it_tb_hornet4.json
hornet,4,none,1721,430,TimeBlind/videos/mcq_vid_00130_1.mp4,"At the beginning of the video, how does the girl rub her face? Option A: She rubs her face gently at first. Option B: She rubs her face vigorously at first.",b,The correct answer is Option B.,b,1,,,,gemma4it_tb_hornet4.json
hornet,4,none,1722,430,TimeBlind/videos/mcq_vid_00130_0.mp4,"At the beginning of the video, how does the girl rub her face? Option A: She rubs her face vigorously at first. Option B: She rubs her face gently at first.",b,The correct answer is B.,b,1,,,,gemma4it_tb_hornet4.json
hornet,4,none,1723,430,TimeBlind/videos/mcq_vid_00130_1.mp4,"At the beginning of the video, how does the girl rub her face? Option A: She rubs her face vigorously at first. Option B: She rubs her face gently at first.",a,The correct answer is B.,b,0,,,,gemma4it_tb_hornet4.json
hornet,4,none,1724,431,TimeBlind/videos/mcq_vid_00131_0.mp4,How do the clouds change shape in the video? Option A: They are constantly changing. Option B: They stay the same.,a,A,a,1,,,,gemma4it_tb_hornet4.json
hornet,4,none,1725,431,TimeBlind/videos/mcq_vid_00131_1.mp4,How do the clouds change shape in the video? Option A: They are constantly changing. Option B: They stay the same.,b,A,a,0,,,,gemma4it_tb_hornet4.json
hornet,4,none,1726,431,TimeBlind/videos/mcq_vid_00131_0.mp4,How do the clouds change shape in the video? Option A: They stay the same. Option B: They are constantly changing.,b,B,b,1,,,,gemma4it_tb_hornet4.json
hornet,4,none,1727,431,TimeBlind/videos/mcq_vid_00131_1.mp4,How do the clouds change shape in the video? Option A: They stay the same. Option B: They are constantly changing.,a,A,a,1,,,,gemma4it_tb_hornet4.json
hornet,4,none,1728,432,TimeBlind/videos/mcq_vid_00132_0.mp4,How does the number of animals on the sofa change? Option A: It increases from 0 to 3. Option B: It decreases from 3 to 0.,a,"thought
<channel|>The number of animals on the sofa does not change; it remains 0 throughout the video. Therefore, neither option A nor B is correct. However, if forced to choose based on the premise of the question, there are no animals present in any frame.

Since the question asks how it changes and provides two options where it must change, but the video shows no animals at all, the correct observation is that there are 0 animals.

If this is a trick question and you must choose:
**Neither A nor B is correct.**",a,1,,,,gemma4it_tb_hornet4.json
hornet,4,none,1729,432,TimeBlind/videos/mcq_vid_00132_1.mp4,How does the number of animals on the sofa change? Option A: It increases from 0 to 3. Option B: It decreases from 3 to 0.,b,"thought
<channel|>The correct answer is A.",a,0,,,,gemma4it_tb_hornet4.json
hornet,4,none,1730,432,TimeBlind/videos/mcq_vid_00132_0.mp4,How does the number of animals on the sofa change? Option A: It decreases from 3 to 0. Option B: It increases from 0 to 3.,b,"thought
<channel|>The correct answer is B.",b,1,,,,gemma4it_tb_hornet4.json
hornet,4,none,1731,432,TimeBlind/videos/mcq_vid_00132_1.mp4,How does the number of animals on the sofa change? Option A: It decreases from 3 to 0. Option B: It increases from 0 to 3.,a,"thought
<channel|>The correct answer is B.",b,0,,,,gemma4it_tb_hornet4.json
hornet,4,none,1732,433,TimeBlind/videos/mcq_vid_00133_0.mp4,How does the number of oranges on the plate change? Option A: It increases from 2 to 4. Option B: It decreases from 4 to 2.,a,"thought
<channel|>The number of oranges on the plate does not change; it remains at 2 throughout the video. However, since the question asks for a change and provides two options, and neither accurately describes the static state, there might be a misunderstanding of the prompt's premise. Based on the visual evidence, the count is constant.

If forced to choose based on a perceived change that isn't there, neither A nor B is correct. But if this is a trick question and the count is constant, the answer is neither.

Re-evaluating the prompt: ""How does the number of oranges on the plate",a,1,,,,gemma4it_tb_hornet4.json
hornet,4,none,1733,433,TimeBlind/videos/mcq_vid_00133_1.mp4,How does the number of oranges on the plate change? Option A: It increases from 2 to 4. Option B: It decreases from 4 to 2.,b,"thought
<channel|>The number of oranges on the plate does not change; it remains at 2 throughout the video. However, since the question asks for a change and provides two options, and neither reflects the actual state of the video, there might be a misunderstanding of the prompt's intent. Based on the visual evidence, the count is constant.

If forced to choose based on a hypothetical change not present in the video, neither A nor B is correct. But if the question implies a sequence not shown, please re-verify. Based strictly on the provided frames, the count is 2.

Since I must provide an",a,0,,,,gemma4it_tb_hornet4.json
hornet,4,none,1734,433,TimeBlind/videos/mcq_vid_00133_0.mp4,How does the number of oranges on the plate change? Option A: It decreases from 4 to 2. Option B: It increases from 2 to 4.,b,"thought
<channel|>The number of oranges on the plate does not change; it remains at 2 throughout the video. However, based on the options provided, neither is correct. If forced to choose based on a misunderstanding of the prompt, there is no change.

Since the question asks how it changes and provides two options that imply a change, but the video shows a static scene with 2 oranges, there is a discrepancy. If this is a trick question and you must choose, neither A nor B is factually correct.

However, if the question implies a sequence not shown or a mistake in the options, please re-",a,0,,,,gemma4it_tb_hornet4.json
hornet,4,none,1735,433,TimeBlind/videos/mcq_vid_00133_1.mp4,How does the number of oranges on the plate change? Option A: It decreases from 4 to 2. Option B: It increases from 2 to 4.,a,"thought
<channel|>The number of oranges on the plate does not change; it remains at 2 throughout the video. However, since the question asks for a change and provides two options, and neither reflects the actual state of the video, there might be a misunderstanding of the prompt or the video content. Based on the visual evidence, there are consistently 2 oranges.

If forced to choose based on a hypothetical change not present in the video, neither option is correct. But if the question implies a sequence not shown, please re-verify. Based strictly on the provided frames, the count is constant.

Since I must provide an",a,1,,,,gemma4it_tb_hornet4.json
hornet,4,none,1736,434,TimeBlind/videos/mcq_vid_00134_0.mp4,How does the person's position on the chair change? Option A: The person goes from sitting in the chair to standing on the chair. Option B: The person goes from standing on the chair to sitting in the chair.,a,A,a,1,,,,gemma4it_tb_hornet4.json
hornet,4,none,1737,434,TimeBlind/videos/mcq_vid_00134_1.mp4,How does the person's position on the chair change? Option A: The person goes from sitting in the chair to standing on the chair. Option B: The person goes from standing on the chair to sitting in the chair.,b,"The person's position on the chair does not change as the images are identical. However, based on the visual information provided, the person is standing on the chair in all frames. Since the question asks for a change and the images are the same, there is no change.

If this is a trick question and you must choose based on the state shown:
The person is standing on the chair.

Since the images are identical, neither A nor B describes a change. If forced to choose based on the state shown in the image:
**A** (if the question implies a transition from a previous state not shown,",a,0,,,,gemma4it_tb_hornet4.json
hornet,4,none,1738,434,TimeBlind/videos/mcq_vid_00134_0.mp4,How does the person's position on the chair change? Option A: The person goes from standing on the chair to sitting in the chair. Option B: The person goes from sitting in the chair to standing on the chair.,b,The correct answer is B.,b,1,,,,gemma4it_tb_hornet4.json
hornet,4,none,1739,434,TimeBlind/videos/mcq_vid_00134_1.mp4,How does the person's position on the chair change? Option A: The person goes from standing on the chair to sitting in the chair. Option B: The person goes from sitting in the chair to standing on the chair.,a,"The person's position on the chair does not change as the images are identical. However, based on the visual information provided, the person is standing in front of the chair, not on it. Since the question asks for a change between two identical images, neither option is technically correct, but if forced to choose based on the visual of the person standing, the prompt implies a transition that isn't present.

Given the options provided and the fact that the images are identical, there is no change. If this is a trick question where one must be chosen, neither fits. However, looking at the person's posture, they",a,1,,,,gemma4it_tb_hornet4.json
hornet,4,none,1740,435,TimeBlind/videos/mcq_vid_00135_0.mp4,How does the way the person handles the cup change? Option A: They go from holding the cup to resting it on their palm. Option B: They go from resting the cup on their palm to holding it.,a,The correct answer is Option B.,b,0,,,,gemma4it_tb_hornet4.json
hornet,4,none,1741,435,TimeBlind/videos/mcq_vid_00135_1.mp4,How does the way the person handles the cup change? Option A: They go from holding the cup to resting it on their palm. Option B: They go from resting the cup on their palm to holding it.,b,The correct answer is B.,b,1,,,,gemma4it_tb_hornet4.json
hornet,4,none,1742,435,TimeBlind/videos/mcq_vid_00135_0.mp4,How does the way the person handles the cup change? Option A: They go from resting the cup on their palm to holding it. Option B: They go from holding the cup to resting it on their palm.,b,The correct answer is Option B.,b,1,,,,gemma4it_tb_hornet4.json
hornet,4,none,1743,435,TimeBlind/videos/mcq_vid_00135_1.mp4,How does the way the person handles the cup change? Option A: They go from resting the cup on their palm to holding it. Option B: They go from holding the cup to resting it on their palm.,a,The correct answer is B.,b,0,,,,gemma4it_tb_hornet4.json
hornet,4,none,1744,436,TimeBlind/videos/mcq_vid_00136_0.mp4,How does the person's interaction with the clothes change? Option A: The person goes from holding the clothes to wearing them. Option B: The person goes from wearing the clothes to holding them.,a,The correct answer is Option B.,b,0,,,,gemma4it_tb_hornet4.json
hornet,4,none,1745,436,TimeBlind/videos/mcq_vid_00136_1.mp4,How does the person's interaction with the clothes change? Option A: The person goes from holding the clothes to wearing them. Option B: The person goes from wearing the clothes to holding them.,b,The correct answer is B.,b,1,,,,gemma4it_tb_hornet4.json
hornet,4,none,1746,436,TimeBlind/videos/mcq_vid_00136_0.mp4,How does the person's interaction with the clothes change? Option A: The person goes from wearing the clothes to holding them. Option B: The person goes from holding the clothes to wearing them.,b,A,a,0,,,,gemma4it_tb_hornet4.json
hornet,4,none,1747,436,TimeBlind/videos/mcq_vid_00136_1.mp4,How does the person's interaction with the clothes change? Option A: The person goes from wearing the clothes to holding them. Option B: The person goes from holding the clothes to wearing them.,a,The correct answer is A.,a,1,,,,gemma4it_tb_hornet4.json
hornet,4,none,1748,437,TimeBlind/videos/mcq_vid_00137_0.mp4,"In the video, how does the person interact with the door? Option A: They switch from pushing the door to pulling it. Option B: They switch from pulling the door to pushing it.",a,The correct answer is Option B.,b,0,,,,gemma4it_tb_hornet4.json
hornet,4,none,1749,437,TimeBlind/videos/mcq_vid_00137_1.mp4,"In the video, how does the person interact with the door? Option A: They switch from pushing the door to pulling it. Option B: They switch from pulling the door to pushing it.",b,The correct answer is Option B.,b,1,,,,gemma4it_tb_hornet4.json
hornet,4,none,1750,437,TimeBlind/videos/mcq_vid_00137_0.mp4,"In the video, how does the person interact with the door? Option A: They switch from pulling the door to pushing it. Option B: They switch from pushing the door to pulling it.",b,The correct answer is Option B.,b,1,,,,gemma4it_tb_hornet4.json
hornet,4,none,1751,437,TimeBlind/videos/mcq_vid_00137_1.mp4,"In the video, how does the person interact with the door? Option A: They switch from pulling the door to pushing it. Option B: They switch from pushing the door to pulling it.",a,The correct answer is Option B.,b,0,,,,gemma4it_tb_hornet4.json
hornet,4,none,1752,438,TimeBlind/videos/mcq_vid_00138_0.mp4,How does the puppy's posture change? Option A: The puppy goes from standing to sitting. Option B: The puppy goes from sitting to standing.,a,"The puppy's posture does not change in the provided video; it remains in a standing position throughout. However, based on the options provided and the visual evidence of the puppy being in a standing position, neither option accurately describes a change. If forced to choose based on the initial state, the puppy is standing.

Since the puppy is standing in all frames, and the question asks how it *changes*, there is no change. If this is a trick question and you must choose, neither is correct. However, if the question implies a transition not captured or a misunderstanding of the frames, please re-examine.

Based on",a,1,,,,gemma4it_tb_hornet4.json
hornet,4,none,1753,438,TimeBlind/videos/mcq_vid_00138_1.mp4,How does the puppy's posture change? Option A: The puppy goes from standing to sitting. Option B: The puppy goes from sitting to standing.,b,"The puppy's posture does not change in the provided video clip; it remains in a sitting position throughout. However, based on the options provided and the visual context of the puppy being stationary in a seated position, neither option accurately describes a change. If forced to choose based on the initial state, the puppy is sitting.

Since the puppy remains sitting, neither A nor B is technically correct as a description of a ""change."" However, if the question implies a transition not captured or a misunderstanding of the clip, please note the puppy is sitting.

Given the prompt's structure, if there is no change, the question",a,0,,,,gemma4it_tb_hornet4.json
hornet,4,none,1754,438,TimeBlind/videos/mcq_vid_00138_0.mp4,How does the puppy's posture change? Option A: The puppy goes from sitting to standing. Option B: The puppy goes from standing to sitting.,b,"The puppy's posture does not change in the provided video; it remains in a standing position throughout. However, based on the options provided and the visual evidence of the puppy standing, neither option accurately describes a change. If forced to choose based on the initial state, the puppy is standing.

Since the puppy is standing in all frames, and the question asks how it *changes*, there is no change. If this is a trick question and you must choose, neither is correct. However, if the question implies a transition not captured or a misunderstanding of the frames, please re-examine.

Based on the visual evidence:",a,0,,,,gemma4it_tb_hornet4.json
hornet,4,none,1755,438,TimeBlind/videos/mcq_vid_00138_1.mp4,How does the puppy's posture change? Option A: The puppy goes from sitting to standing. Option B: The puppy goes from standing to sitting.,a,"The puppy's posture does not change in the provided video clip; it remains in a sitting position throughout. However, based on the options provided and the visual evidence of the puppy being in a seated position on the ground, neither option accurately describes a change. If forced to choose based on the static state shown:

B",a,1,,,,gemma4it_tb_hornet4.json
hornet,4,none,1756,439,TimeBlind/videos/mcq_vid_00139_0.mp4,"What is the order of actions the person takes with the box? Option A: First opens the box, then closes it. Option B: First closes the box, then opens it.",a,The correct answer is Option B.,b,0,,,,gemma4it_tb_hornet4.json
hornet,4,none,1757,439,TimeBlind/videos/mcq_vid_00139_1.mp4,"What is the order of actions the person takes with the box? Option A: First opens the box, then closes it. Option B: First closes the box, then opens it.",b,The correct answer is Option A.,a,0,,,,gemma4it_tb_hornet4.json
hornet,4,none,1758,439,TimeBlind/videos/mcq_vid_00139_0.mp4,"What is the order of actions the person takes with the box? Option A: First closes the box, then opens it. Option B: First opens the box, then closes it.",b,The correct answer is Option B.,b,1,,,,gemma4it_tb_hornet4.json
hornet,4,none,1759,439,TimeBlind/videos/mcq_vid_00139_1.mp4,"What is the order of actions the person takes with the box? Option A: First closes the box, then opens it. Option B: First opens the box, then closes it.",a,The correct answer is B.,b,0,,,,gemma4it_tb_hornet4.json
hornet,4,none,1760,440,TimeBlind/videos/mcq_vid_00140_0.mp4,"In the video, what is the order of the person’s actions with the key? Option A: First, the person puts the key on the table, then picks it up. Option B: First, the person picks up the key, then puts it on the table.",a,The correct answer is Option B.,b,0,,,,gemma4it_tb_hornet4.json
hornet,4,none,1761,440,TimeBlind/videos/mcq_vid_00140_1.mp4,"In the video, what is the order of the person’s actions with the key? Option A: First, the person puts the key on the table, then picks it up. Option B: First, the person picks up the key, then puts it on the table.",b,The correct answer is Option B.,b,1,,,,gemma4it_tb_hornet4.json
hornet,4,none,1762,440,TimeBlind/videos/mcq_vid_00140_0.mp4,"In the video, what is the order of the person’s actions with the key? Option A: First, the person picks up the key, then puts it on the table. Option B: First, the person puts the key on the table, then picks it up.",b,The correct answer is Option B.,b,1,,,,gemma4it_tb_hornet4.json
hornet,4,none,1763,440,TimeBlind/videos/mcq_vid_00140_1.mp4,"In the video, what is the order of the person’s actions with the key? Option A: First, the person picks up the key, then puts it on the table. Option B: First, the person puts the key on the table, then picks it up.",a,The correct answer is Option A.,a,1,,,,gemma4it_tb_hornet4.json
hornet,4,none,1764,441,TimeBlind/videos/mcq_vid_00141_0.mp4,"In the video, what does the person do with the light? Option A: They turn the light on first, then turn it off. Option B: They turn the light off first, then turn it on.",a,"The person turns the light off first, then turns it on.

B",b,0,,,,gemma4it_tb_hornet4.json
hornet,4,none,1765,441,TimeBlind/videos/mcq_vid_00141_1.mp4,"In the video, what does the person do with the light? Option A: They turn the light on first, then turn it off. Option B: They turn the light off first, then turn it on.",b,The correct answer is Option A.,a,0,,,,gemma4it_tb_hornet4.json
hornet,4,none,1766,441,TimeBlind/videos/mcq_vid_00141_0.mp4,"In the video, what does the person do with the light? Option A: They turn the light off first, then turn it on. Option B: They turn the light on first, then turn it off.",b,"The person turns the light on first, then turns it off.

B",b,1,,,,gemma4it_tb_hornet4.json
hornet,4,none,1767,441,TimeBlind/videos/mcq_vid_00141_1.mp4,"In the video, what does the person do with the light? Option A: They turn the light off first, then turn it on. Option B: They turn the light on first, then turn it off.",a,The correct answer is Option B.,b,0,,,,gemma4it_tb_hornet4.json
hornet,4,none,1768,442,TimeBlind/videos/mcq_vid_00142_0.mp4,"In the video, what does the person do first? Option A: They pour water into the cup first, then drink the water in the cup. Option B: They drink the water in the cup first, then pour more water into the cup.",a,The correct answer is A.,a,1,,,,gemma4it_tb_hornet4.json
hornet,4,none,1769,442,TimeBlind/videos/mcq_vid_00142_1.mp4,"In the video, what does the person do first? Option A: They pour water into the cup first, then drink the water in the cup. Option B: They drink the water in the cup first, then pour more water into the cup.",b,The correct answer is A.,a,0,,,,gemma4it_tb_hornet4.json
hornet,4,none,1770,442,TimeBlind/videos/mcq_vid_00142_0.mp4,"In the video, what does the person do first? Option A: They drink the water in the cup first, then pour more water into the cup. Option B: They pour water into the cup first, then drink the water in the cup.",b,The correct answer is Option B.,b,1,,,,gemma4it_tb_hornet4.json
hornet,4,none,1771,442,TimeBlind/videos/mcq_vid_00142_1.mp4,"In the video, what does the person do first? Option A: They drink the water in the cup first, then pour more water into the cup. Option B: They pour water into the cup first, then drink the water in the cup.",a,The correct answer is Option B.,b,0,,,,gemma4it_tb_hornet4.json
hornet,4,none,1772,443,TimeBlind/videos/mcq_vid_00143_0.mp4,When does the girl sit on the sofa? Option A: She sits on the sofa while the boy drinks water. Option B: She sits on the sofa after the boy finishes drinking water.,a,Neither A nor B is correct because there is no girl in the video.,a,1,,,,gemma4it_tb_hornet4.json
hornet,4,none,1773,443,TimeBlind/videos/mcq_vid_00143_1.mp4,When does the girl sit on the sofa? Option A: She sits on the sofa while the boy drinks water. Option B: She sits on the sofa after the boy finishes drinking water.,b,"The provided video does not show a girl sitting on a sofa. Therefore, neither option is correct based on the visual content.",a,0,,,,gemma4it_tb_hornet4.json
hornet,4,none,1774,443,TimeBlind/videos/mcq_vid_00143_0.mp4,When does the girl sit on the sofa? Option A: She sits on the sofa after the boy finishes drinking water. Option B: She sits on the sofa while the boy drinks water.,b,Neither A nor B is correct because there is no girl in the video.,a,0,,,,gemma4it_tb_hornet4.json
hornet,4,none,1775,443,TimeBlind/videos/mcq_vid_00143_1.mp4,When does the girl sit on the sofa? Option A: She sits on the sofa after the boy finishes drinking water. Option B: She sits on the sofa while the boy drinks water.,a,"The provided video does not show a girl sitting on a sofa. Therefore, neither option is correct based on the visual content.",a,1,,,,gemma4it_tb_hornet4.json
hornet,4,none,1776,444,TimeBlind/videos/mcq_vid_00144_0.mp4,When do the boy and girl start chatting? Option A: They start chatting as soon as the girl sits on the sofa. Option B: They start chatting sometime after the girl sits on the sofa.,a,The correct answer is Option B.,b,0,,,,gemma4it_tb_hornet4.json
hornet,4,none,1777,444,TimeBlind/videos/mcq_vid_00144_1.mp4,When do the boy and girl start chatting? Option A: They start chatting as soon as the girl sits on the sofa. Option B: They start chatting sometime after the girl sits on the sofa.,b,The correct answer is Option B.,b,1,,,,gemma4it_tb_hornet4.json
hornet,4,none,1778,444,TimeBlind/videos/mcq_vid_00144_0.mp4,When do the boy and girl start chatting? Option A: They start chatting sometime after the girl sits on the sofa. Option B: They start chatting as soon as the girl sits on the sofa.,b,The correct answer is Option A.,a,0,,,,gemma4it_tb_hornet4.json
hornet,4,none,1779,444,TimeBlind/videos/mcq_vid_00144_1.mp4,When do the boy and girl start chatting? Option A: They start chatting sometime after the girl sits on the sofa. Option B: They start chatting as soon as the girl sits on the sofa.,a,The correct answer is Option A.,a,1,,,,gemma4it_tb_hornet4.json
hornet,4,none,1780,445,TimeBlind/videos/mcq_vid_00145_0.mp4,What is the timing of the girl talking to the boy in relation to her phone use? Option A: The girl talks to the boy while using her phone. Option B: The girl talks to the boy after using her phone.,a,A,a,1,,,,gemma4it_tb_hornet4.json
hornet,4,none,1781,445,TimeBlind/videos/mcq_vid_00145_1.mp4,What is the timing of the girl talking to the boy in relation to her phone use? Option A: The girl talks to the boy while using her phone. Option B: The girl talks to the boy after using her phone.,b,A,a,0,,,,gemma4it_tb_hornet4.json
hornet,4,none,1782,445,TimeBlind/videos/mcq_vid_00145_0.mp4,What is the timing of the girl talking to the boy in relation to her phone use? Option A: The girl talks to the boy after using her phone. Option B: The girl talks to the boy while using her phone.,b,The correct answer is B.,b,1,,,,gemma4it_tb_hornet4.json
hornet,4,none,1783,445,TimeBlind/videos/mcq_vid_00145_1.mp4,What is the timing of the girl talking to the boy in relation to her phone use? Option A: The girl talks to the boy after using her phone. Option B: The girl talks to the boy while using her phone.,a,The correct answer is B.,b,0,,,,gemma4it_tb_hornet4.json
hornet,4,none,1784,446,TimeBlind/videos/mcq_vid_00146_0.mp4,"Who spends more time on their phone, the boy or the girl? Option A: The boy spends more time on his phone. Option B: The girl spends more time on her phone.",a,"Based on the visual information provided in the video, both individuals are actively using their phones throughout the duration shown. However, the girl is shown interacting with her phone for a longer continuous period and with more frequent engagement (typing and looking at the screen) compared to the boy.

B",a,1,,,,gemma4it_tb_hornet4.json
hornet,4,none,1785,446,TimeBlind/videos/mcq_vid_00146_1.mp4,"Who spends more time on their phone, the boy or the girl? Option A: The boy spends more time on his phone. Option B: The girl spends more time on her phone.",b,"Based on the video, the girl is actively using her phone throughout the duration, while the boy is lying down and not using a phone.

Option B",b,1,,,,gemma4it_tb_hornet4.json
hornet,4,none,1786,446,TimeBlind/videos/mcq_vid_00146_0.mp4,"Who spends more time on their phone, the boy or the girl? Option A: The girl spends more time on her phone. Option B: The boy spends more time on his phone.",b,"Based on the visual information provided in the video, both individuals are actively using their phones throughout the duration shown. However, the girl is shown interacting with her phone for a longer continuous period and with more frequent engagement (typing and looking down at the screen) compared to the boy.

A",a,0,,,,gemma4it_tb_hornet4.json
hornet,4,none,1787,446,TimeBlind/videos/mcq_vid_00146_1.mp4,"Who spends more time on their phone, the boy or the girl? Option A: The girl spends more time on her phone. Option B: The boy spends more time on his phone.",a,A,a,1,,,,gemma4it_tb_hornet4.json
hornet,4,none,1788,447,TimeBlind/videos/mcq_vid_00147_0.mp4,"In the video, how long does the girl hold the cat and the dog? Option A: She holds the cat for a long time and the dog for a short time. Option B: She holds the cat for a short time and the dog for a long time.",a,The correct answer is A.,a,1,,,,gemma4it_tb_hornet4.json
hornet,4,none,1789,447,TimeBlind/videos/mcq_vid_00147_1.mp4,"In the video, how long does the girl hold the cat and the dog? Option A: She holds the cat for a long time and the dog for a short time. Option B: She holds the cat for a short time and the dog for a long time.",b,The correct answer is Option B.,b,1,,,,gemma4it_tb_hornet4.json
hornet,4,none,1790,447,TimeBlind/videos/mcq_vid_00147_0.mp4,"In the video, how long does the girl hold the cat and the dog? Option A: She holds the cat for a short time and the dog for a long time. Option B: She holds the cat for a long time and the dog for a short time.",b,The correct answer is B.,b,1,,,,gemma4it_tb_hornet4.json
hornet,4,none,1791,447,TimeBlind/videos/mcq_vid_00147_1.mp4,"In the video, how long does the girl hold the cat and the dog? Option A: She holds the cat for a short time and the dog for a long time. Option B: She holds the cat for a long time and the dog for a short time.",a,The correct answer is Option B.,b,0,,,,gemma4it_tb_hornet4.json
hornet,4,none,1792,448,TimeBlind/videos/mcq_vid_00148_0.mp4,How many people pick up the remote in the video? Option A: Both people pick up the remote. Option B: Only one person picks up the remote.,a,The correct answer is B.,b,0,,,,gemma4it_tb_hornet4.json
hornet,4,none,1793,448,TimeBlind/videos/mcq_vid_00148_1.mp4,How many people pick up the remote in the video? Option A: Both people pick up the remote. Option B: Only one person picks up the remote.,b,The correct answer is B.,b,1,,,,gemma4it_tb_hornet4.json
hornet,4,none,1794,448,TimeBlind/videos/mcq_vid_00148_0.mp4,How many people pick up the remote in the video? Option A: Only one person picks up the remote. Option B: Both people pick up the remote.,b,The correct answer is Option A.,a,0,,,,gemma4it_tb_hornet4.json
hornet,4,none,1795,448,TimeBlind/videos/mcq_vid_00148_1.mp4,How many people pick up the remote in the video? Option A: Only one person picks up the remote. Option B: Both people pick up the remote.,a,The correct answer is A.,a,1,,,,gemma4it_tb_hornet4.json
hornet,4,none,1796,449,TimeBlind/videos/mcq_vid_00149_0.mp4,"In the video, do the girl and the boy pick up the same book or different books? Option A: They both pick up the same book. Option B: They pick up different books.",a,The correct answer is Option B.,b,0,,,,gemma4it_tb_hornet4.json
hornet,4,none,1797,449,TimeBlind/videos/mcq_vid_00149_1.mp4,"In the video, do the girl and the boy pick up the same book or different books? Option A: They both pick up the same book. Option B: They pick up different books.",b,The correct answer is Option A.,a,0,,,,gemma4it_tb_hornet4.json
hornet,4,none,1798,449,TimeBlind/videos/mcq_vid_00149_0.mp4,"In the video, do the girl and the boy pick up the same book or different books? Option A: They pick up different books. Option B: They both pick up the same book.",b,The correct answer is Option B.,b,1,,,,gemma4it_tb_hornet4.json
hornet,4,none,1799,449,TimeBlind/videos/mcq_vid_00149_1.mp4,"In the video, do the girl and the boy pick up the same book or different books? Option A: They pick up different books. Option B: They both pick up the same book.",a,The correct answer is Option B.,b,0,,,,gemma4it_tb_hornet4.json
hornet,4,none,1800,450,TimeBlind/videos/mcq_vid_00150_0.mp4,"In the video, how does the first person's jump distance compare to the second person's? Option A: The first person jumps farther than the second person. Option B: The first person doesn't jump as far as the second person.",a,"The provided video does not contain any jumping actions by either person. Therefore, it is not possible to compare their jump distances.",,0,,,,gemma4it_tb_hornet4.json
hornet,4,none,1801,450,TimeBlind/videos/mcq_vid_00150_1.mp4,"In the video, how does the first person's jump distance compare to the second person's? Option A: The first person jumps farther than the second person. Option B: The first person doesn't jump as far as the second person.",b,The correct answer is Option B.,b,1,,,,gemma4it_tb_hornet4.json
hornet,4,none,1802,450,TimeBlind/videos/mcq_vid_00150_0.mp4,"In the video, how does the first person's jump distance compare to the second person's? Option A: The first person doesn't jump as far as the second person. Option B: The first person jumps farther than the second person.",b,"The provided video does not contain any jumping actions by either person. Therefore, it is not possible to compare their jump distances.",,0,,,,gemma4it_tb_hornet4.json
hornet,4,none,1803,450,TimeBlind/videos/mcq_vid_00150_1.mp4,"In the video, how does the first person's jump distance compare to the second person's? Option A: The first person doesn't jump as far as the second person. Option B: The first person jumps farther than the second person.",a,The correct answer is Option B.,b,0,,,,gemma4it_tb_hornet4.json
hornet,4,none,1804,451,TimeBlind/videos/mcq_vid_00151_0.mp4,"In the video, does the boy pick up the cup more times or fewer times than the girl does? Option A: The boy picks up the cup more times than the girl does. Option B: The boy picks up the cup fewer times than the girl does.",a,"The boy picks up the cup more times than the girl does.

Option A",a,1,,,,gemma4it_tb_hornet4.json
hornet,4,none,1805,451,TimeBlind/videos/mcq_vid_00151_1.mp4,"In the video, does the boy pick up the cup more times or fewer times than the girl does? Option A: The boy picks up the cup more times than the girl does. Option B: The boy picks up the cup fewer times than the girl does.",b,"The boy picks up the cup more times than the girl does.

Option A",a,0,,,,gemma4it_tb_hornet4.json
hornet,4,none,1806,451,TimeBlind/videos/mcq_vid_00151_0.mp4,"In the video, does the boy pick up the cup more times or fewer times than the girl does? Option A: The boy picks up the cup fewer times than the girl does. Option B: The boy picks up the cup more times than the girl does.",b,"The boy picks up the cup more times than the girl does.

Option B",b,1,,,,gemma4it_tb_hornet4.json
hornet,4,none,1807,451,TimeBlind/videos/mcq_vid_00151_1.mp4,"In the video, does the boy pick up the cup more times or fewer times than the girl does? Option A: The boy picks up the cup fewer times than the girl does. Option B: The boy picks up the cup more times than the girl does.",a,"The boy picks up the cup more times than the girl does.

Option B",b,0,,,,gemma4it_tb_hornet4.json
hornet,4,none,1808,452,TimeBlind/videos/mcq_vid_00152_0.mp4,"In the video, what is the person doing with the cup? Option A: Picking up the cup. Option B: Pretending to pick up the cup.",a,"The person is pretending to pick up the cup.

Option B",b,0,,,,gemma4it_tb_hornet4.json
hornet,4,none,1809,452,TimeBlind/videos/mcq_vid_00152_1.mp4,"In the video, what is the person doing with the cup? Option A: Picking up the cup. Option B: Pretending to pick up the cup.",b,"The person is pretending to pick up the cup.

Option B",b,1,,,,gemma4it_tb_hornet4.json
hornet,4,none,1810,452,TimeBlind/videos/mcq_vid_00152_0.mp4,"In the video, what is the person doing with the cup? Option A: Pretending to pick up the cup. Option B: Picking up the cup.",b,"The person is picking up the cup.

Option B",b,1,,,,gemma4it_tb_hornet4.json
hornet,4,none,1811,452,TimeBlind/videos/mcq_vid_00152_1.mp4,"In the video, what is the person doing with the cup? Option A: Pretending to pick up the cup. Option B: Picking up the cup.",a,"The person is pretending to pick up the cup.

Option A",a,1,,,,gemma4it_tb_hornet4.json
hornet,4,none,1812,453,TimeBlind/videos/mcq_vid_00153_0.mp4,What is being done with the hair dryer and the power outlet? Option A: Plugging the hair dryer into the power outlet. Option B: Unplugging the hair dryer from the power outlet.,a,A,a,1,,,,gemma4it_tb_hornet4.json
hornet,4,none,1813,453,TimeBlind/videos/mcq_vid_00153_1.mp4,What is being done with the hair dryer and the power outlet? Option A: Plugging the hair dryer into the power outlet. Option B: Unplugging the hair dryer from the power outlet.,b,A,a,0,,,,gemma4it_tb_hornet4.json
hornet,4,none,1814,453,TimeBlind/videos/mcq_vid_00153_0.mp4,What is being done with the hair dryer and the power outlet? Option A: Unplugging the hair dryer from the power outlet. Option B: Plugging the hair dryer into the power outlet.,b,The correct answer is B.,b,1,,,,gemma4it_tb_hornet4.json
hornet,4,none,1815,453,TimeBlind/videos/mcq_vid_00153_1.mp4,What is being done with the hair dryer and the power outlet? Option A: Unplugging the hair dryer from the power outlet. Option B: Plugging the hair dryer into the power outlet.,a,The correct answer is B.,b,0,,,,gemma4it_tb_hornet4.json
hornet,4,none,1816,454,TimeBlind/videos/mcq_vid_00154_0.mp4,"In the video, what is the person doing with the ball? Option A: Throwing the ball. Option B: Catching the ball.",a,A,a,1,,,,gemma4it_tb_hornet4.json
hornet,4,none,1817,454,TimeBlind/videos/mcq_vid_00154_1.mp4,"In the video, what is the person doing with the ball? Option A: Throwing the ball. Option B: Catching the ball.",b,A,a,0,,,,gemma4it_tb_hornet4.json
hornet,4,none,1818,454,TimeBlind/videos/mcq_vid_00154_0.mp4,"In the video, what is the person doing with the ball? Option A: Catching the ball. Option B: Throwing the ball.",b,A,a,0,,,,gemma4it_tb_hornet4.json
hornet,4,none,1819,454,TimeBlind/videos/mcq_vid_00154_1.mp4,"In the video, what is the person doing with the ball? Option A: Catching the ball. Option B: Throwing the ball.",a,"The person is throwing the ball.

Option B",b,0,,,,gemma4it_tb_hornet4.json
hornet,4,none,1820,455,TimeBlind/videos/mcq_vid_00155_0.mp4,How many times does the light turn on and off in the video? Option A: Twice. Option B: Three times.,a,"The light does not turn on or off in the video. Therefore, neither option is correct. However, if I must choose between the provided options based on the visual content, there are no instances of the light turning on or off.

A",a,1,,,,gemma4it_tb_hornet4.json
hornet,4,none,1821,455,TimeBlind/videos/mcq_vid_00155_1.mp4,How many times does the light turn on and off in the video? Option A: Twice. Option B: Three times.,b,"The light does not turn on or off in the video. Therefore, neither option is correct. However, if I must choose from the provided options based on the visual content, the light remains in a constant state.

Since the question asks for a count of actions that do not occur, and based on the provided options:
**A**",a,0,,,,gemma4it_tb_hornet4.json
hornet,4,none,1822,455,TimeBlind/videos/mcq_vid_00155_0.mp4,How many times does the light turn on and off in the video? Option A: Three times. Option B: Twice.,b,"The light does not turn on or off in the video. Therefore, neither option is correct. However, if I must choose from the provided options based on the visual content, the light remains in a constant state.

Since the light is always on, the answer is neither. If this is a trick question and you are looking for a specific count of state changes, the count is zero.

If forced to choose between A and B for a video where no change occurs, there is no correct answer.",a,0,,,,gemma4it_tb_hornet4.json
hornet,4,none,1823,455,TimeBlind/videos/mcq_vid_00155_1.mp4,How many times does the light turn on and off in the video? Option A: Three times. Option B: Twice.,a,"The light does not turn on or off in the video. Therefore, neither option is correct. However, if I must choose from the provided options based on the visual content, the light remains in a constant state.

Since the question asks for a count of actions that do not occur, and based on the provided options:
**Neither A nor B is correct.**",a,1,,,,gemma4it_tb_hornet4.json
hornet,4,none,1824,456,TimeBlind/videos/mcq_vid_00156_0.mp4,"In the video, how many books does the person flip through? Option A: Two books. Option B: Three books.",a,"The person flips through two books in the video.

Option A",a,1,,,,gemma4it_tb_hornet4.json
hornet,4,none,1825,456,TimeBlind/videos/mcq_vid_00156_1.mp4,"In the video, how many books does the person flip through? Option A: Two books. Option B: Three books.",b,"The person flips through one book in the video. However, since the options provided are Two books and Three books, and the person is interacting with a single large open book (which has multiple pages), the question might be interpreted as the number of physical volumes. Based on the visual evidence, there is only one book. 

If the question implies the number of times a page is flipped or if there's a misunderstanding of the visual, but strictly looking at the physical objects, there is one book. Given the options provided, there might be a mistake in the prompt's options or the interpretation of ""books"".",a,0,,,,gemma4it_tb_hornet4.json
hornet,4,none,1826,456,TimeBlind/videos/mcq_vid_00156_0.mp4,"In the video, how many books does the person flip through? Option A: Three books. Option B: Two books.",b,"The person flips through two books in the video.

Option B",b,1,,,,gemma4it_tb_hornet4.json
hornet,4,none,1827,456,TimeBlind/videos/mcq_vid_00156_1.mp4,"In the video, how many books does the person flip through? Option A: Three books. Option B: Two books.",a,"The person flips through two books in the video.

Option B",b,0,,,,gemma4it_tb_hornet4.json
hornet,4,none,1828,457,TimeBlind/videos/mcq_vid_00157_0.mp4,"In what order does the person draw the shapes on the paper in the video? Option A: A square first, then a circle. Option B: A circle first, then a square.",a,The correct answer is A.,a,1,,,,gemma4it_tb_hornet4.json
hornet,4,none,1829,457,TimeBlind/videos/mcq_vid_00157_1.mp4,"In what order does the person draw the shapes on the paper in the video? Option A: A square first, then a circle. Option B: A circle first, then a square.",b,The correct answer is B.,b,1,,,,gemma4it_tb_hornet4.json
hornet,4,none,1830,457,TimeBlind/videos/mcq_vid_00157_0.mp4,"In what order does the person draw the shapes on the paper in the video? Option A: A circle first, then a square. Option B: A square first, then a circle.",b,The correct answer is B.,b,1,,,,gemma4it_tb_hornet4.json
hornet,4,none,1831,457,TimeBlind/videos/mcq_vid_00157_1.mp4,"In what order does the person draw the shapes on the paper in the video? Option A: A circle first, then a square. Option B: A square first, then a circle.",a,The correct answer is A.,a,1,,,,gemma4it_tb_hornet4.json
hornet,4,none,1832,458,TimeBlind/videos/mcq_vid_00158_0.mp4,"In the video, which word does the person type first? Option A: The person types ""food"" first, then ""apple"". Option B: The person types ""apple"" first, then ""food"".",a,The correct answer is B.,b,0,,,,gemma4it_tb_hornet4.json
hornet,4,none,1833,458,TimeBlind/videos/mcq_vid_00158_1.mp4,"In the video, which word does the person type first? Option A: The person types ""food"" first, then ""apple"". Option B: The person types ""apple"" first, then ""food"".",b,The correct answer is Option B.,b,1,,,,gemma4it_tb_hornet4.json
hornet,4,none,1834,458,TimeBlind/videos/mcq_vid_00158_0.mp4,"In the video, which word does the person type first? Option A: The person types ""apple"" first, then ""food"". Option B: The person types ""food"" first, then ""apple"".",b,A,a,0,,,,gemma4it_tb_hornet4.json
hornet,4,none,1835,458,TimeBlind/videos/mcq_vid_00158_1.mp4,"In the video, which word does the person type first? Option A: The person types ""apple"" first, then ""food"". Option B: The person types ""food"" first, then ""apple"".",a,"The person types ""food"" first, then ""apple"".

B",b,0,,,,gemma4it_tb_hornet4.json
hornet,4,none,1836,459,TimeBlind/videos/mcq_vid_00159_0.mp4,"From the camera's perspective, which way is the ball spinning? Option A: To the left. Option B: To the right.",a,"The ball is spinning to the right.

B",b,0,,,,gemma4it_tb_hornet4.json
hornet,4,none,1837,459,TimeBlind/videos/mcq_vid_00159_1.mp4,"From the camera's perspective, which way is the ball spinning? Option A: To the left. Option B: To the right.",b,"The ball is spinning to the right.

B",b,1,,,,gemma4it_tb_hornet4.json
hornet,4,none,1838,459,TimeBlind/videos/mcq_vid_00159_0.mp4,"From the camera's perspective, which way is the ball spinning? Option A: To the right. Option B: To the left.",b,"The ball is spinning to the left.

B",b,1,,,,gemma4it_tb_hornet4.json
hornet,4,none,1839,459,TimeBlind/videos/mcq_vid_00159_1.mp4,"From the camera's perspective, which way is the ball spinning? Option A: To the right. Option B: To the left.",a,"The ball is spinning to the left.

B",b,0,,,,gemma4it_tb_hornet4.json
hornet,4,none,1840,460,TimeBlind/videos/mcq_vid_00160_0.mp4,"At the beginning of the video, how fast is the person jumping rope? Option A: They jump rope quickly. Option B: They jump rope slowly.",a,"The person is not jumping rope in the video. Therefore, neither option is correct.",,0,,,,gemma4it_tb_hornet4.json
hornet,4,none,1841,460,TimeBlind/videos/mcq_vid_00160_1.mp4,"At the beginning of the video, how fast is the person jumping rope? Option A: They jump rope quickly. Option B: They jump rope slowly.",b,"The person is not jumping rope in the video. Therefore, neither option is correct.",,0,,,,gemma4it_tb_hornet4.json
hornet,4,none,1842,460,TimeBlind/videos/mcq_vid_00160_0.mp4,"At the beginning of the video, how fast is the person jumping rope? Option A: They jump rope slowly. Option B: They jump rope quickly.",b,"The person is not jumping rope in the video. Therefore, neither option is correct.",,0,,,,gemma4it_tb_hornet4.json
hornet,4,none,1843,460,TimeBlind/videos/mcq_vid_00160_1.mp4,"At the beginning of the video, how fast is the person jumping rope? Option A: They jump rope slowly. Option B: They jump rope quickly.",a,"The person is not jumping rope in the video. Therefore, neither option is correct.",,0,,,,gemma4it_tb_hornet4.json
hornet,4,none,1844,461,TimeBlind/videos/mcq_vid_00161_0.mp4,"While the man is holding it, how much does the wine glass rotate? Option A: It rotates about halfway around. Option B: It rotates at least one full turn.",a,"thought
<channel|>The correct answer is B.",b,0,,,,gemma4it_tb_hornet4.json
hornet,4,none,1845,461,TimeBlind/videos/mcq_vid_00161_1.mp4,"While the man is holding it, how much does the wine glass rotate? Option A: It rotates about halfway around. Option B: It rotates at least one full turn.",b,"thought
<channel|>The wine glass rotates at least one full turn.

Option B",b,1,,,,gemma4it_tb_hornet4.json
hornet,4,none,1846,461,TimeBlind/videos/mcq_vid_00161_0.mp4,"While the man is holding it, how much does the wine glass rotate? Option A: It rotates at least one full turn. Option B: It rotates about halfway around.",b,"thought
<channel|>The wine glass rotates about halfway around.

Option B",b,1,,,,gemma4it_tb_hornet4.json
hornet,4,none,1847,461,TimeBlind/videos/mcq_vid_00161_1.mp4,"While the man is holding it, how much does the wine glass rotate? Option A: It rotates at least one full turn. Option B: It rotates about halfway around.",a,"thought
<channel|>The correct answer is A.",a,1,,,,gemma4it_tb_hornet4.json
hornet,4,none,1848,462,TimeBlind/videos/mcq_vid_00162_0.mp4,"In the video, does the person fold the clothes into a square? Option A: They don’t finish folding the clothes into a square. Option B: They successfully fold the clothes into a square.",a,The correct answer is A.,a,1,,,,gemma4it_tb_hornet4.json
hornet,4,none,1849,462,TimeBlind/videos/mcq_vid_00162_1.mp4,"In the video, does the person fold the clothes into a square? Option A: They don’t finish folding the clothes into a square. Option B: They successfully fold the clothes into a square.",b,A,a,0,,,,gemma4it_tb_hornet4.json
hornet,4,none,1850,462,TimeBlind/videos/mcq_vid_00162_0.mp4,"In the video, does the person fold the clothes into a square? Option A: They successfully fold the clothes into a square. Option B: They don’t finish folding the clothes into a square.",b,The correct answer is Option B.,b,1,,,,gemma4it_tb_hornet4.json
hornet,4,none,1851,462,TimeBlind/videos/mcq_vid_00162_1.mp4,"In the video, does the person fold the clothes into a square? Option A: They successfully fold the clothes into a square. Option B: They don’t finish folding the clothes into a square.",a,The correct answer is Option B.,b,0,,,,gemma4it_tb_hornet4.json
hornet,4,none,1852,463,TimeBlind/videos/mcq_vid_00163_0.mp4,How completely does the person in the video close the door? Option A: The person in the video fails to close the door. Option B: The person in the video fully closes the door.,a,The person in the video fails to close the door. Option A.,a,1,,,,gemma4it_tb_hornet4.json
hornet,4,none,1853,463,TimeBlind/videos/mcq_vid_00163_1.mp4,How completely does the person in the video close the door? Option A: The person in the video fails to close the door. Option B: The person in the video fully closes the door.,b,The person in the video fails to close the door. Option A,a,0,,,,gemma4it_tb_hornet4.json
hornet,4,none,1854,463,TimeBlind/videos/mcq_vid_00163_0.mp4,How completely does the person in the video close the door? Option A: The person in the video fully closes the door. Option B: The person in the video fails to close the door.,b,"The person in the video fails to close the door.

B",b,1,,,,gemma4it_tb_hornet4.json
hornet,4,none,1855,463,TimeBlind/videos/mcq_vid_00163_1.mp4,How completely does the person in the video close the door? Option A: The person in the video fully closes the door. Option B: The person in the video fails to close the door.,a,A,a,1,,,,gemma4it_tb_hornet4.json
hornet,4,none,1856,464,TimeBlind/videos/mcq_vid_00164_0.mp4,"Between these two portrait photos, which one has the darker portrait? Option A: The portrait in the first photo is darker than the one in the second. Option B: The portrait in the second photo is darker than the one in the first.",a,The correct answer is B.,b,0,,,,gemma4it_tb_hornet4.json
hornet,4,none,1857,464,TimeBlind/videos/mcq_vid_00164_1.mp4,"Between these two portrait photos, which one has the darker portrait? Option A: The portrait in the first photo is darker than the one in the second. Option B: The portrait in the second photo is darker than the one in the first.",b,"The provided images are identical. Therefore, neither portrait is darker than the other. However, since the question requires a choice between A and B and the images are the same, there is no difference in darkness.

If forced to choose based on a technicality or if there is a subtle difference not visible to the naked eye, I cannot distinguish them.

A",a,0,,,,gemma4it_tb_hornet4.json
hornet,4,none,1858,464,TimeBlind/videos/mcq_vid_00164_0.mp4,"Between these two portrait photos, which one has the darker portrait? Option A: The portrait in the second photo is darker than the one in the first. Option B: The portrait in the first photo is darker than the one in the second.",b,The correct answer is Option B.,b,1,,,,gemma4it_tb_hornet4.json
hornet,4,none,1859,464,TimeBlind/videos/mcq_vid_00164_1.mp4,"Between these two portrait photos, which one has the darker portrait? Option A: The portrait in the second photo is darker than the one in the first. Option B: The portrait in the first photo is darker than the one in the second.",a,"The provided images are identical. Therefore, neither portrait is darker than the other. However, since the question requires a choice between A and B and the images are the same, there is no difference in darkness.

If forced to choose based on a technicality or if there is a subtle difference not visible to the naked eye, I cannot distinguish them.

A",a,1,,,,gemma4it_tb_hornet4.json
hornet,4,none,1860,465,TimeBlind/videos/mcq_vid_00165_0.mp4,Which person jumps higher when they take turns? Option A: The person in white. Option B: The person in black.,a,"Based on the image provided, there is no action of jumping occurring. Therefore, it is impossible to determine who jumps higher. However, if this is a trick question or based on a specific context not visible in the still frame, I cannot provide a definitive answer.

If you are asking for a prediction based on physical stature, the person in black appears slightly taller, but that does not correlate to jumping height.

Since no jumping is shown, I cannot select A or B.",a,1,,,,gemma4it_tb_hornet4.json
hornet,4,none,1861,465,TimeBlind/videos/mcq_vid_00165_1.mp4,Which person jumps higher when they take turns? Option A: The person in white. Option B: The person in black.,b,"Based on the visual evidence in the provided images, the person in black (Option B) is jumping significantly higher than the person in white.

B",b,1,,,,gemma4it_tb_hornet4.json
hornet,4,none,1862,465,TimeBlind/videos/mcq_vid_00165_0.mp4,Which person jumps higher when they take turns? Option A: The person in black. Option B: The person in white.,b,"Based on the image provided, there is no action of jumping occurring. The individuals are standing still. Therefore, it is impossible to determine who jumps higher.",,0,,,,gemma4it_tb_hornet4.json
hornet,4,none,1863,465,TimeBlind/videos/mcq_vid_00165_1.mp4,Which person jumps higher when they take turns? Option A: The person in black. Option B: The person in white.,a,"Based on the visual evidence in the provided images, the person in black (Option A) is jumping significantly higher than the person in white.

A",a,1,,,,gemma4it_tb_hornet4.json
hornet,4,none,1864,466,TimeBlind/videos/mcq_vid_00166_0.mp4,"In the video, how does the person react when the camera is pointed at them? Option A: They greet the camera. Option B: They don't greet the camera.",a,B,b,0,,,,gemma4it_tb_hornet4.json
hornet,4,none,1865,466,TimeBlind/videos/mcq_vid_00166_1.mp4,"In the video, how does the person react when the camera is pointed at them? Option A: They greet the camera. Option B: They don't greet the camera.",b,B,b,1,,,,gemma4it_tb_hornet4.json
hornet,4,none,1866,466,TimeBlind/videos/mcq_vid_00166_0.mp4,"In the video, how does the person react when the camera is pointed at them? Option A: They don't greet the camera. Option B: They greet the camera.",b,A,a,0,,,,gemma4it_tb_hornet4.json
hornet,4,none,1867,466,TimeBlind/videos/mcq_vid_00166_1.mp4,"In the video, how does the person react when the camera is pointed at them? Option A: They don't greet the camera. Option B: They greet the camera.",a,A,a,1,,,,gemma4it_tb_hornet4.json
hornet,4,none,1868,467,TimeBlind/videos/mcq_vid_00167_0.mp4,How is the door closing? Option A: Gently. Option B: Forcefully.,a,A,a,1,,,,gemma4it_tb_hornet4.json
hornet,4,none,1869,467,TimeBlind/videos/mcq_vid_00167_1.mp4,How is the door closing? Option A: Gently. Option B: Forcefully.,b,"Based on the image provided, it is not possible to determine how the door is closing as it is a static photograph. However, if this is a question about the visual state of the door, it appears to be closed.

Since the prompt requires a choice between A and B and there is no motion or context to indicate force, there is no definitive answer. If this is a trick question or based on a specific context not visible, please provide more details.

If forced to choose based on the appearance of the door (which is closed and stationary):
**A**",a,0,,,,gemma4it_tb_hornet4.json
hornet,4,none,1870,467,TimeBlind/videos/mcq_vid_00167_0.mp4,How is the door closing? Option A: Forcefully. Option B: Gently.,b,B,b,1,,,,gemma4it_tb_hornet4.json
hornet,4,none,1871,467,TimeBlind/videos/mcq_vid_00167_1.mp4,How is the door closing? Option A: Forcefully. Option B: Gently.,a,"Based on the image provided, it is not possible to determine how the door is closing as it is a static image. However, if this is a question about the visual state of the door, it is currently closed.

Since the prompt requires a choice between A or B and the image does not provide information on the action of closing, there is no definitive answer. If this is a trick question or based on a specific context not visible, please provide more details.

If forced to choose based on the appearance of the door (which is closed and appears to be a standard interior door), there is no evidence for ""forcefully.""",a,1,,,,gemma4it_tb_hornet4.json
hornet,4,none,1872,468,TimeBlind/videos/mcq_vid_00168_0.mp4,Which action is performed with the lychees and the plastic bag three times? Option A: The lychees are taken out of the plastic bag three times. Option B: The lychees are put into the plastic bag three times.,a,The correct answer is B.,b,0,,,,gemma4it_tb_hornet4.json
hornet,4,none,1873,468,TimeBlind/videos/mcq_vid_00168_1.mp4,Which action is performed with the lychees and the plastic bag three times? Option A: The lychees are taken out of the plastic bag three times. Option B: The lychees are put into the plastic bag three times.,b,The correct answer is B.,b,1,,,,gemma4it_tb_hornet4.json
hornet,4,none,1874,468,TimeBlind/videos/mcq_vid_00168_0.mp4,Which action is performed with the lychees and the plastic bag three times? Option A: The lychees are put into the plastic bag three times. Option B: The lychees are taken out of the plastic bag three times.,b,The correct answer is Option A.,a,0,,,,gemma4it_tb_hornet4.json
hornet,4,none,1875,468,TimeBlind/videos/mcq_vid_00168_1.mp4,Which action is performed with the lychees and the plastic bag three times? Option A: The lychees are put into the plastic bag three times. Option B: The lychees are taken out of the plastic bag three times.,a,The correct answer is A.,a,1,,,,gemma4it_tb_hornet4.json
hornet,4,none,1876,469,TimeBlind/videos/mcq_vid_00169_0.mp4,How many times are the lychees put in the plastic bag? Option A: Once. Option B: Three times.,a,The correct answer is Option A.,a,1,,,,gemma4it_tb_hornet4.json
hornet,4,none,1877,469,TimeBlind/videos/mcq_vid_00169_1.mp4,How many times are the lychees put in the plastic bag? Option A: Once. Option B: Three times.,b,The correct answer is A.,a,0,,,,gemma4it_tb_hornet4.json
hornet,4,none,1878,469,TimeBlind/videos/mcq_vid_00169_0.mp4,How many times are the lychees put in the plastic bag? Option A: Three times. Option B: Once.,b,The correct answer is Option B.,b,1,,,,gemma4it_tb_hornet4.json
hornet,4,none,1879,469,TimeBlind/videos/mcq_vid_00169_1.mp4,How many times are the lychees put in the plastic bag? Option A: Three times. Option B: Once.,a,The correct answer is B.,b,0,,,,gemma4it_tb_hornet4.json
hornet,4,none,1880,470,TimeBlind/videos/mcq_vid_00170_0.mp4,How does the number of eggplants in the person's left hand change over time? Option A: It gradually increases from 0 to 3. Option B: It gradually decreases from 3 to 0.,a,The correct answer is Option B.,b,0,,,,gemma4it_tb_hornet4.json
hornet,4,none,1881,470,TimeBlind/videos/mcq_vid_00170_1.mp4,How does the number of eggplants in the person's left hand change over time? Option A: It gradually increases from 0 to 3. Option B: It gradually decreases from 3 to 0.,b,The correct answer is Option B.,b,1,,,,gemma4it_tb_hornet4.json
hornet,4,none,1882,470,TimeBlind/videos/mcq_vid_00170_0.mp4,How does the number of eggplants in the person's left hand change over time? Option A: It gradually decreases from 3 to 0. Option B: It gradually increases from 0 to 3.,b,The correct answer is Option A.,a,0,,,,gemma4it_tb_hornet4.json
hornet,4,none,1883,470,TimeBlind/videos/mcq_vid_00170_1.mp4,How does the number of eggplants in the person's left hand change over time? Option A: It gradually decreases from 3 to 0. Option B: It gradually increases from 0 to 3.,a,The correct answer is Option A.,a,1,,,,gemma4it_tb_hornet4.json
hornet,4,none,1884,471,TimeBlind/videos/mcq_vid_00171_0.mp4,"Is this person touching the screen? Option A: Yes, this person is touching the screen. Option B: No, this person is not touching the screen.",a,A,a,1,,,,gemma4it_tb_hornet4.json
hornet,4,none,1885,471,TimeBlind/videos/mcq_vid_00171_1.mp4,"Is this person touching the screen? Option A: Yes, this person is touching the screen. Option B: No, this person is not touching the screen.",b,B,b,1,,,,gemma4it_tb_hornet4.json
hornet,4,none,1886,471,TimeBlind/videos/mcq_vid_00171_0.mp4,"Is this person touching the screen? Option A: No, this person is not touching the screen. Option B: Yes, this person is touching the screen.",b,B,b,1,,,,gemma4it_tb_hornet4.json
hornet,4,none,1887,471,TimeBlind/videos/mcq_vid_00171_1.mp4,"Is this person touching the screen? Option A: No, this person is not touching the screen. Option B: Yes, this person is touching the screen.",a,A,a,1,,,,gemma4it_tb_hornet4.json
hornet,4,none,1888,472,TimeBlind/videos/mcq_vid_00172_0.mp4,"Over the course of the video, how many new items are added to the self-checkout screen? Option A: Two new items. Option B: Three new items.",a,The correct answer is Option A.,a,1,,,,gemma4it_tb_hornet4.json
hornet,4,none,1889,472,TimeBlind/videos/mcq_vid_00172_1.mp4,"Over the course of the video, how many new items are added to the self-checkout screen? Option A: Two new items. Option B: Three new items.",b,The correct answer is Option B.,b,1,,,,gemma4it_tb_hornet4.json
hornet,4,none,1890,472,TimeBlind/videos/mcq_vid_00172_0.mp4,"Over the course of the video, how many new items are added to the self-checkout screen? Option A: Three new items. Option B: Two new items.",b,The correct answer is Option B.,b,1,,,,gemma4it_tb_hornet4.json
hornet,4,none,1891,472,TimeBlind/videos/mcq_vid_00172_1.mp4,"Over the course of the video, how many new items are added to the self-checkout screen? Option A: Three new items. Option B: Two new items.",a,The correct answer is Option B.,b,0,,,,gemma4it_tb_hornet4.json
hornet,4,none,1892,473,TimeBlind/videos/mcq_vid_00173_0.mp4,"What happens to the racket, and in what order? Option A: It is nearly still at first, then it is shaken. Option B: It is shaken at first, then it is nearly still.",a,A,a,1,,,,gemma4it_tb_hornet4.json
hornet,4,none,1893,473,TimeBlind/videos/mcq_vid_00173_1.mp4,"What happens to the racket, and in what order? Option A: It is nearly still at first, then it is shaken. Option B: It is shaken at first, then it is nearly still.",b,A,a,0,,,,gemma4it_tb_hornet4.json
hornet,4,none,1894,473,TimeBlind/videos/mcq_vid_00173_0.mp4,"What happens to the racket, and in what order? Option A: It is shaken at first, then it is nearly still. Option B: It is nearly still at first, then it is shaken.",b,Option B,b,1,,,,gemma4it_tb_hornet4.json
hornet,4,none,1895,473,TimeBlind/videos/mcq_vid_00173_1.mp4,"What happens to the racket, and in what order? Option A: It is shaken at first, then it is nearly still. Option B: It is nearly still at first, then it is shaken.",a,Option B,b,0,,,,gemma4it_tb_hornet4.json
hornet,4,none,1896,474,TimeBlind/videos/mcq_vid_00174_0.mp4,"Does the person flip the racket while walking in the video? Option A: No, the person does not flip the racket. Option B: Yes, the person flips the racket.",a,A,a,1,,,,gemma4it_tb_hornet4.json
hornet,4,none,1897,474,TimeBlind/videos/mcq_vid_00174_1.mp4,"Does the person flip the racket while walking in the video? Option A: No, the person does not flip the racket. Option B: Yes, the person flips the racket.",b,A,a,0,,,,gemma4it_tb_hornet4.json
hornet,4,none,1898,474,TimeBlind/videos/mcq_vid_00174_0.mp4,"Does the person flip the racket while walking in the video? Option A: Yes, the person flips the racket. Option B: No, the person does not flip the racket.",b,B,b,1,,,,gemma4it_tb_hornet4.json
hornet,4,none,1899,474,TimeBlind/videos/mcq_vid_00174_1.mp4,"Does the person flip the racket while walking in the video? Option A: Yes, the person flips the racket. Option B: No, the person does not flip the racket.",a,B,b,0,,,,gemma4it_tb_hornet4.json
hornet,4,none,1900,475,TimeBlind/videos/mcq_vid_00175_0.mp4,What is the person doing as they flip the racket in the video? Option A: Standing still. Option B: Walking.,a,A,a,1,,,,gemma4it_tb_hornet4.json
hornet,4,none,1901,475,TimeBlind/videos/mcq_vid_00175_1.mp4,What is the person doing as they flip the racket in the video? Option A: Standing still. Option B: Walking.,b,A,a,0,,,,gemma4it_tb_hornet4.json
hornet,4,none,1902,475,TimeBlind/videos/mcq_vid_00175_0.mp4,What is the person doing as they flip the racket in the video? Option A: Walking. Option B: Standing still.,b,B,b,1,,,,gemma4it_tb_hornet4.json
hornet,4,none,1903,475,TimeBlind/videos/mcq_vid_00175_1.mp4,What is the person doing as they flip the racket in the video? Option A: Walking. Option B: Standing still.,a,B,b,0,,,,gemma4it_tb_hornet4.json
hornet,4,none,1904,476,TimeBlind/videos/mcq_vid_00176_0.mp4,"In total, how many shuttlecocks appear in the video? Option A: 4. Option B: 5.",a,The correct answer is A.,a,1,,,,gemma4it_tb_hornet4.json
hornet,4,none,1905,476,TimeBlind/videos/mcq_vid_00176_1.mp4,"In total, how many shuttlecocks appear in the video? Option A: 4. Option B: 5.",b,The correct answer is B.,b,1,,,,gemma4it_tb_hornet4.json
hornet,4,none,1906,476,TimeBlind/videos/mcq_vid_00176_0.mp4,"In total, how many shuttlecocks appear in the video? Option A: 5. Option B: 4.",b,The correct answer is A.,a,0,,,,gemma4it_tb_hornet4.json
hornet,4,none,1907,476,TimeBlind/videos/mcq_vid_00176_1.mp4,"In total, how many shuttlecocks appear in the video? Option A: 5. Option B: 4.",a,The correct answer is B.,b,0,,,,gemma4it_tb_hornet4.json
hornet,4,none,1908,477,TimeBlind/videos/mcq_vid_00177_0.mp4,How many times does the racket get flipped to the left? Option A: Twice. Option B: Three times.,a,The correct answer is Option B.,b,0,,,,gemma4it_tb_hornet4.json
hornet,4,none,1909,477,TimeBlind/videos/mcq_vid_00177_1.mp4,How many times does the racket get flipped to the left? Option A: Twice. Option B: Three times.,b,The correct answer is Option B.,b,1,,,,gemma4it_tb_hornet4.json
hornet,4,none,1910,477,TimeBlind/videos/mcq_vid_00177_0.mp4,How many times does the racket get flipped to the left? Option A: Three times. Option B: Twice.,b,The correct answer is Option B.,b,1,,,,gemma4it_tb_hornet4.json
hornet,4,none,1911,477,TimeBlind/videos/mcq_vid_00177_1.mp4,How many times does the racket get flipped to the left? Option A: Three times. Option B: Twice.,a,The correct answer is Option B.,b,0,,,,gemma4it_tb_hornet4.json
hornet,4,none,1912,478,TimeBlind/videos/mcq_vid_00178_0.mp4,How far does the racket rotate to the left before returning to its original position? Option A: It rotates about 90° to the left. Option B: It rotates about 180° to the left.,a,"Based on the sequence of images provided, the racket rotates from a diagonal position to a more vertical position.

1. In the first image (00:01), the racket is angled significantly to the left.
2. In the subsequent images (00:02), the racket rotates clockwise (to the right from the viewer's perspective, but the question asks about the rotation relative to its starting orientation).

However, looking at the progression, the racket moves from a tilted position toward a more upright position. If we consider the rotation from the first frame to the final frame, it rotates approximately 90 degrees",a,1,,,,gemma4it_tb_hornet4.json
hornet,4,none,1913,478,TimeBlind/videos/mcq_vid_00178_1.mp4,How far does the racket rotate to the left before returning to its original position? Option A: It rotates about 90° to the left. Option B: It rotates about 180° to the left.,b,A,a,0,,,,gemma4it_tb_hornet4.json
hornet,4,none,1914,478,TimeBlind/videos/mcq_vid_00178_0.mp4,How far does the racket rotate to the left before returning to its original position? Option A: It rotates about 180° to the left. Option B: It rotates about 90° to the left.,b,"The racket rotates about 180° to the left before returning to its original position.

A",a,0,,,,gemma4it_tb_hornet4.json
hornet,4,none,1915,478,TimeBlind/videos/mcq_vid_00178_1.mp4,How far does the racket rotate to the left before returning to its original position? Option A: It rotates about 180° to the left. Option B: It rotates about 90° to the left.,a,A,a,1,,,,gemma4it_tb_hornet4.json
hornet,4,none,1916,479,TimeBlind/videos/mcq_vid_00179_0.mp4,Does the racket wobble noticeably? Option A: The racket does not wobble noticeably. Option B: The racket wobbles noticeably.,a,A,a,1,,,,gemma4it_tb_hornet4.json
hornet,4,none,1917,479,TimeBlind/videos/mcq_vid_00179_1.mp4,Does the racket wobble noticeably? Option A: The racket does not wobble noticeably. Option B: The racket wobbles noticeably.,b,A,a,0,,,,gemma4it_tb_hornet4.json
hornet,4,none,1918,479,TimeBlind/videos/mcq_vid_00179_0.mp4,Does the racket wobble noticeably? Option A: The racket wobbles noticeably. Option B: The racket does not wobble noticeably.,b,B,b,1,,,,gemma4it_tb_hornet4.json
hornet,4,none,1919,479,TimeBlind/videos/mcq_vid_00179_1.mp4,Does the racket wobble noticeably? Option A: The racket wobbles noticeably. Option B: The racket does not wobble noticeably.,a,B,b,0,,,,gemma4it_tb_hornet4.json
hornet,4,none,1920,480,TimeBlind/videos/mcq_vid_00180_0.mp4,What is the person doing as they turn the racket? Option A: Standing still. Option B: Walking.,a,A,a,1,,,,gemma4it_tb_hornet4.json
hornet,4,none,1921,480,TimeBlind/videos/mcq_vid_00180_1.mp4,What is the person doing as they turn the racket? Option A: Standing still. Option B: Walking.,b,A,a,0,,,,gemma4it_tb_hornet4.json
hornet,4,none,1922,480,TimeBlind/videos/mcq_vid_00180_0.mp4,What is the person doing as they turn the racket? Option A: Walking. Option B: Standing still.,b,B,b,1,,,,gemma4it_tb_hornet4.json
hornet,4,none,1923,480,TimeBlind/videos/mcq_vid_00180_1.mp4,What is the person doing as they turn the racket? Option A: Walking. Option B: Standing still.,a,B,b,0,,,,gemma4it_tb_hornet4.json
hornet,4,none,1924,481,TimeBlind/videos/mcq_vid_00181_0.mp4,"What does the person do first? Option A: They rotate the racket first, then move forward. Option B: They move forward first, then rotate the racket.",a,The correct answer is Option A.,a,1,,,,gemma4it_tb_hornet4.json
hornet,4,none,1925,481,TimeBlind/videos/mcq_vid_00181_1.mp4,"What does the person do first? Option A: They rotate the racket first, then move forward. Option B: They move forward first, then rotate the racket.",b,The correct answer is Option A.,a,0,,,,gemma4it_tb_hornet4.json
hornet,4,none,1926,481,TimeBlind/videos/mcq_vid_00181_0.mp4,"What does the person do first? Option A: They move forward first, then rotate the racket. Option B: They rotate the racket first, then move forward.",b,The correct answer is Option A.,a,0,,,,gemma4it_tb_hornet4.json
hornet,4,none,1927,481,TimeBlind/videos/mcq_vid_00181_1.mp4,"What does the person do first? Option A: They move forward first, then rotate the racket. Option B: They rotate the racket first, then move forward.",a,The correct answer is Option A.,a,1,,,,gemma4it_tb_hornet4.json
hornet,4,none,1928,482,TimeBlind/videos/mcq_vid_00182_0.mp4,Is the player's badminton racket touching the net? Option A: The racket does not appear to be touching the net. Option B: The racket is clearly touching the net.,a,The correct answer is Option A.,a,1,,,,gemma4it_tb_hornet4.json
hornet,4,none,1929,482,TimeBlind/videos/mcq_vid_00182_1.mp4,Is the player's badminton racket touching the net? Option A: The racket does not appear to be touching the net. Option B: The racket is clearly touching the net.,b,The correct answer is Option A.,a,0,,,,gemma4it_tb_hornet4.json
hornet,4,none,1930,482,TimeBlind/videos/mcq_vid_00182_0.mp4,Is the player's badminton racket touching the net? Option A: The racket is clearly touching the net. Option B: The racket does not appear to be touching the net.,b,B,b,1,,,,gemma4it_tb_hornet4.json
hornet,4,none,1931,482,TimeBlind/videos/mcq_vid_00182_1.mp4,Is the player's badminton racket touching the net? Option A: The racket is clearly touching the net. Option B: The racket does not appear to be touching the net.,a,The correct answer is Option B.,b,0,,,,gemma4it_tb_hornet4.json
hornet,4,none,1932,483,TimeBlind/videos/mcq_vid_00183_0.mp4,How many times does the person swing the racket in the video? Option A: Three times. Option B: Four times.,a,"The person swings the racket three times in the video.

Option A",a,1,,,,gemma4it_tb_hornet4.json
hornet,4,none,1933,483,TimeBlind/videos/mcq_vid_00183_1.mp4,How many times does the person swing the racket in the video? Option A: Three times. Option B: Four times.,b,The correct answer is Option B.,b,1,,,,gemma4it_tb_hornet4.json
hornet,4,none,1934,483,TimeBlind/videos/mcq_vid_00183_0.mp4,How many times does the person swing the racket in the video? Option A: Four times. Option B: Three times.,b,The correct answer is Option B.,b,1,,,,gemma4it_tb_hornet4.json
hornet,4,none,1935,483,TimeBlind/videos/mcq_vid_00183_1.mp4,How many times does the person swing the racket in the video? Option A: Four times. Option B: Three times.,a,The correct answer is Option B.,b,0,,,,gemma4it_tb_hornet4.json
hornet,4,none,1936,484,TimeBlind/videos/mcq_vid_00184_0.mp4,How far does the ball travel on the first hit compared with the second? Option A: The ball travels a shorter distance on the first hit than on the second. Option B: The ball travels a longer distance on the first hit than on the second.,a,"Based on the visual information provided in the sequence of images, the ball travels a longer distance on the first hit than on the second.

Option B",b,0,,,,gemma4it_tb_hornet4.json
hornet,4,none,1937,484,TimeBlind/videos/mcq_vid_00184_1.mp4,How far does the ball travel on the first hit compared with the second? Option A: The ball travels a shorter distance on the first hit than on the second. Option B: The ball travels a longer distance on the first hit than on the second.,b,"Based on the visual information provided in the video, the ball travels a longer distance on the first hit than on the second.

Option B",b,1,,,,gemma4it_tb_hornet4.json
hornet,4,none,1938,484,TimeBlind/videos/mcq_vid_00184_0.mp4,How far does the ball travel on the first hit compared with the second? Option A: The ball travels a longer distance on the first hit than on the second. Option B: The ball travels a shorter distance on the first hit than on the second.,b,"Based on the visual information provided in the sequence of images, the ball travels a longer distance on the first hit than on the second.

A",a,0,,,,gemma4it_tb_hornet4.json
hornet,4,none,1939,484,TimeBlind/videos/mcq_vid_00184_1.mp4,How far does the ball travel on the first hit compared with the second? Option A: The ball travels a longer distance on the first hit than on the second. Option B: The ball travels a shorter distance on the first hit than on the second.,a,"Based on the visual information provided in the video, the ball travels a longer distance on the first hit than on the second.

A",a,1,,,,gemma4it_tb_hornet4.json
hornet,4,none,1940,485,TimeBlind/videos/mcq_vid_00185_0.mp4,"In the video, how does the height of the second shot compare to the distance of the first shot? Option A: The height of the second shot is less than the distance of the first shot. Option B: The height of the second shot is greater than the distance of the first shot.",a,The correct answer is A.,a,1,,,,gemma4it_tb_hornet4.json
hornet,4,none,1941,485,TimeBlind/videos/mcq_vid_00185_1.mp4,"In the video, how does the height of the second shot compare to the distance of the first shot? Option A: The height of the second shot is less than the distance of the first shot. Option B: The height of the second shot is greater than the distance of the first shot.",b,The correct answer is A.,a,0,,,,gemma4it_tb_hornet4.json
hornet,4,none,1942,485,TimeBlind/videos/mcq_vid_00185_0.mp4,"In the video, how does the height of the second shot compare to the distance of the first shot? Option A: The height of the second shot is greater than the distance of the first shot. Option B: The height of the second shot is less than the distance of the first shot.",b,The correct answer is Option B.,b,1,,,,gemma4it_tb_hornet4.json
hornet,4,none,1943,485,TimeBlind/videos/mcq_vid_00185_1.mp4,"In the video, how does the height of the second shot compare to the distance of the first shot? Option A: The height of the second shot is greater than the distance of the first shot. Option B: The height of the second shot is less than the distance of the first shot.",a,"The question asks to compare the height of the second shot to the distance of the first shot. However, the provided video only shows a single continuous scene of a badminton game, and there are no distinct ""first"" or ""second"" shots with measurable height and distance values provided in the context.

Based on the visual information provided in the single frame:
- The ""height"" of a shot (like the one being played) is relatively small (a few meters).
- The ""distance"" of a shot (from the player to the back of the court) is significantly larger (several meters).

Therefore, the height of",a,1,,,,gemma4it_tb_hornet4.json
hornet,4,none,1944,486,TimeBlind/videos/mcq_vid_00186_0.mp4,What happens on the man’s first and second swings? Option A: He hits the ball on his first swing but misses on his second. Option B: He misses on his first swing but hits the ball on his second.,a,The correct answer is B.,b,0,,,,gemma4it_tb_hornet4.json
hornet,4,none,1945,486,TimeBlind/videos/mcq_vid_00186_1.mp4,What happens on the man’s first and second swings? Option A: He hits the ball on his first swing but misses on his second. Option B: He misses on his first swing but hits the ball on his second.,b,The correct answer is B.,b,1,,,,gemma4it_tb_hornet4.json
hornet,4,none,1946,486,TimeBlind/videos/mcq_vid_00186_0.mp4,What happens on the man’s first and second swings? Option A: He misses on his first swing but hits the ball on his second. Option B: He hits the ball on his first swing but misses on his second.,b,The correct answer is A.,a,0,,,,gemma4it_tb_hornet4.json
hornet,4,none,1947,486,TimeBlind/videos/mcq_vid_00186_1.mp4,What happens on the man’s first and second swings? Option A: He misses on his first swing but hits the ball on his second. Option B: He hits the ball on his first swing but misses on his second.,a,The correct answer is A.,a,1,,,,gemma4it_tb_hornet4.json
hornet,4,none,1948,487,TimeBlind/videos/mcq_vid_00187_0.mp4,"In the video, how many times does the player hit the ball with the racket? Option A: He hits the ball four times. Option B: He hits the ball five times.",a,"The player hits the ball with the racket 4 times.

Option A",a,1,,,,gemma4it_tb_hornet4.json
hornet,4,none,1949,487,TimeBlind/videos/mcq_vid_00187_1.mp4,"In the video, how many times does the player hit the ball with the racket? Option A: He hits the ball four times. Option B: He hits the ball five times.",b,The correct answer is Option B.,b,1,,,,gemma4it_tb_hornet4.json
hornet,4,none,1950,487,TimeBlind/videos/mcq_vid_00187_0.mp4,"In the video, how many times does the player hit the ball with the racket? Option A: He hits the ball five times. Option B: He hits the ball four times.",b,"The player hits the ball four times in the video.

Option B",b,1,,,,gemma4it_tb_hornet4.json
hornet,4,none,1951,487,TimeBlind/videos/mcq_vid_00187_1.mp4,"In the video, how many times does the player hit the ball with the racket? Option A: He hits the ball five times. Option B: He hits the ball four times.",a,The correct answer is Option B.,b,0,,,,gemma4it_tb_hornet4.json
hornet,4,none,1952,488,TimeBlind/videos/mcq_vid_00188_0.mp4,Does the person catch the falling shuttlecock with their hand? Option A: The person successfully catches the falling shuttlecock with their hand. Option B: The person does not catch the falling shuttlecock with their hand.,a,"The person does not catch the falling shuttlecock with their hand.

Option B",b,0,,,,gemma4it_tb_hornet4.json
hornet,4,none,1953,488,TimeBlind/videos/mcq_vid_00188_1.mp4,Does the person catch the falling shuttlecock with their hand? Option A: The person successfully catches the falling shuttlecock with their hand. Option B: The person does not catch the falling shuttlecock with their hand.,b,"The person does not catch the falling shuttlecock with their hand.

Option B",b,1,,,,gemma4it_tb_hornet4.json
hornet,4,none,1954,488,TimeBlind/videos/mcq_vid_00188_0.mp4,Does the person catch the falling shuttlecock with their hand? Option A: The person does not catch the falling shuttlecock with their hand. Option B: The person successfully catches the falling shuttlecock with their hand.,b,"The person does not catch the falling shuttlecock with their hand.

Option A",a,0,,,,gemma4it_tb_hornet4.json
hornet,4,none,1955,488,TimeBlind/videos/mcq_vid_00188_1.mp4,Does the person catch the falling shuttlecock with their hand? Option A: The person does not catch the falling shuttlecock with their hand. Option B: The person successfully catches the falling shuttlecock with their hand.,a,"The person does not catch the falling shuttlecock with their hand.

Option A",a,1,,,,gemma4it_tb_hornet4.json
hornet,4,none,1956,489,TimeBlind/videos/mcq_vid_00189_0.mp4,How many shuttlecocks does the person end up holding? Option A: 4. Option B: 3.,a,"The person ends up holding 3 shuttlecocks.

Option B",b,0,,,,gemma4it_tb_hornet4.json
hornet,4,none,1957,489,TimeBlind/videos/mcq_vid_00189_1.mp4,How many shuttlecocks does the person end up holding? Option A: 4. Option B: 3.,b,"The person ends up holding 3 shuttlecocks.

Option B",b,1,,,,gemma4it_tb_hornet4.json
hornet,4,none,1958,489,TimeBlind/videos/mcq_vid_00189_0.mp4,How many shuttlecocks does the person end up holding? Option A: 3. Option B: 4.,b,"The person ends up holding 1 shuttlecock. However, since the options provided are 3 and 4, and the question asks how many they end up holding based on the sequence, it appears there might be a misunderstanding of the visual. Looking closely at the final frame, the person is holding a single shuttlecock. 

If the question implies how many are visible in the hand at the very end, it is 1. If the question is a trick and refers to the total count of shuttlecocks shown in the video, there is 1 in the hand and 1 on the floor. 

Given the options",a,0,,,,gemma4it_tb_hornet4.json
hornet,4,none,1959,489,TimeBlind/videos/mcq_vid_00189_1.mp4,How many shuttlecocks does the person end up holding? Option A: 3. Option B: 4.,a,"The person ends up holding 1 shuttlecock. However, since the options provided are 3 and 4, and the question asks for the final count based on the sequence, let's re-examine the action.

In the final frame (00:08), the person is holding a shuttlecock in their hand while another one is on the floor. The question asks how many they *end up holding*. Looking at the final frame, they are holding **1** shuttlecock. 

Since neither 3 nor 4 is correct based on the visual evidence, but I must choose between A and B, there",a,1,,,,gemma4it_tb_hornet4.json
hornet,4,none,1960,490,TimeBlind/videos/mcq_vid_00190_0.mp4,"While the person is picking up the shuttlecocks, does any shuttlecock slip out of his hand and fall? Option A: None of the shuttlecocks fall from his hand while he’s picking them up. Option B: One shuttlecock slips from his hand and falls while he’s picking them up.",a,The correct answer is Option A.,a,1,,,,gemma4it_tb_hornet4.json
hornet,4,none,1961,490,TimeBlind/videos/mcq_vid_00190_1.mp4,"While the person is picking up the shuttlecocks, does any shuttlecock slip out of his hand and fall? Option A: None of the shuttlecocks fall from his hand while he’s picking them up. Option B: One shuttlecock slips from his hand and falls while he’s picking them up.",b,The correct answer is Option B.,b,1,,,,gemma4it_tb_hornet4.json
hornet,4,none,1962,490,TimeBlind/videos/mcq_vid_00190_0.mp4,"While the person is picking up the shuttlecocks, does any shuttlecock slip out of his hand and fall? Option A: One shuttlecock slips from his hand and falls while he’s picking them up. Option B: None of the shuttlecocks fall from his hand while he’s picking them up.",b,Option B,b,1,,,,gemma4it_tb_hornet4.json
hornet,4,none,1963,490,TimeBlind/videos/mcq_vid_00190_1.mp4,"While the person is picking up the shuttlecocks, does any shuttlecock slip out of his hand and fall? Option A: One shuttlecock slips from his hand and falls while he’s picking them up. Option B: None of the shuttlecocks fall from his hand while he’s picking them up.",a,The correct answer is Option A.,a,1,,,,gemma4it_tb_hornet4.json
hornet,4,none,1964,491,TimeBlind/videos/mcq_vid_00191_0.mp4,Which color does the sphere stay for longer? Option A: It stays red longer than it stays yellow. Option B: It stays yellow longer than it stays red.,a,"Based on the timestamps provided, the sphere is red at 00:00 and turns yellow at 00:05. It remains yellow for the duration of the subsequent frames (00:05, 00:10, and 00:15). Therefore, it stays yellow longer.

B",b,0,,,,gemma4it_tb_hornet4.json
hornet,4,none,1965,491,TimeBlind/videos/mcq_vid_00191_1.mp4,Which color does the sphere stay for longer? Option A: It stays red longer than it stays yellow. Option B: It stays yellow longer than it stays red.,b,"Based on the provided video, the sphere is yellow for the entire duration shown. It never turns red. Therefore, it stays yellow longer.

B",b,1,,,,gemma4it_tb_hornet4.json
hornet,4,none,1966,491,TimeBlind/videos/mcq_vid_00191_0.mp4,Which color does the sphere stay for longer? Option A: It stays yellow longer than it stays red. Option B: It stays red longer than it stays yellow.,b,A,a,0,,,,gemma4it_tb_hornet4.json
hornet,4,none,1967,491,TimeBlind/videos/mcq_vid_00191_1.mp4,Which color does the sphere stay for longer? Option A: It stays yellow longer than it stays red. Option B: It stays red longer than it stays yellow.,a,A,a,1,,,,gemma4it_tb_hornet4.json
hornet,4,none,1968,492,TimeBlind/videos/mcq_vid_00192_0.mp4,How do the two 3D shapes change color? Option A: Suddenly. Option B: Gradually.,a,The correct answer is B.,b,0,,,,gemma4it_tb_hornet4.json
hornet,4,none,1969,492,TimeBlind/videos/mcq_vid_00192_1.mp4,How do the two 3D shapes change color? Option A: Suddenly. Option B: Gradually.,b,A,a,0,,,,gemma4it_tb_hornet4.json
hornet,4,none,1970,492,TimeBlind/videos/mcq_vid_00192_0.mp4,How do the two 3D shapes change color? Option A: Gradually. Option B: Suddenly.,b,The correct answer is B.,b,1,,,,gemma4it_tb_hornet4.json
hornet,4,none,1971,492,TimeBlind/videos/mcq_vid_00192_1.mp4,How do the two 3D shapes change color? Option A: Gradually. Option B: Suddenly.,a,A,a,1,,,,gemma4it_tb_hornet4.json
hornet,4,none,1972,493,TimeBlind/videos/mcq_vid_00193_0.mp4,How do the cube and the sphere compare in how long they take to change color? Option A: The cube and the sphere take the same amount of time to change color. Option B: The cube takes longer to change color than the sphere.,a,"Based on the video provided, both the cube and the sphere change color simultaneously at the same time.

Option A",a,1,,,,gemma4it_tb_hornet4.json
hornet,4,none,1973,493,TimeBlind/videos/mcq_vid_00193_1.mp4,How do the cube and the sphere compare in how long they take to change color? Option A: The cube and the sphere take the same amount of time to change color. Option B: The cube takes longer to change color than the sphere.,b,The correct answer is Option B.,b,1,,,,gemma4it_tb_hornet4.json
hornet,4,none,1974,493,TimeBlind/videos/mcq_vid_00193_0.mp4,How do the cube and the sphere compare in how long they take to change color? Option A: The cube takes longer to change color than the sphere. Option B: The cube and the sphere take the same amount of time to change color.,b,"Based on the video provided, both the cube and the sphere change color simultaneously at the same time. Therefore, they take the same amount of time to change color.

B",b,1,,,,gemma4it_tb_hornet4.json
hornet,4,none,1975,493,TimeBlind/videos/mcq_vid_00193_1.mp4,How do the cube and the sphere compare in how long they take to change color? Option A: The cube takes longer to change color than the sphere. Option B: The cube and the sphere take the same amount of time to change color.,a,The correct answer is Option A.,a,1,,,,gemma4it_tb_hornet4.json
hornet,4,none,1976,494,TimeBlind/videos/mcq_vid_00194_0.mp4,How do the cube and the sphere change color in relation to each other? Option A: The sphere starts changing color right after the cube finishes. Option B: Their color changes overlap for a while.,a,The correct answer is B.,b,0,,,,gemma4it_tb_hornet4.json
hornet,4,none,1977,494,TimeBlind/videos/mcq_vid_00194_1.mp4,How do the cube and the sphere change color in relation to each other? Option A: The sphere starts changing color right after the cube finishes. Option B: Their color changes overlap for a while.,b,The correct answer is B.,b,1,,,,gemma4it_tb_hornet4.json
hornet,4,none,1978,494,TimeBlind/videos/mcq_vid_00194_0.mp4,How do the cube and the sphere change color in relation to each other? Option A: Their color changes overlap for a while. Option B: The sphere starts changing color right after the cube finishes.,b,The correct answer is Option A.,a,0,,,,gemma4it_tb_hornet4.json
hornet,4,none,1979,494,TimeBlind/videos/mcq_vid_00194_1.mp4,How do the cube and the sphere change color in relation to each other? Option A: Their color changes overlap for a while. Option B: The sphere starts changing color right after the cube finishes.,a,The correct answer is Option A.,a,1,,,,gemma4it_tb_hornet4.json
hornet,4,none,1980,495,TimeBlind/videos/mcq_vid_00195_0.mp4,How does the timing of the color change compare between the left and right objects? Option A: The left and right objects change color at the same time. Option B: The left object starts changing color before the right object.,a,The correct answer is Option B.,b,0,,,,gemma4it_tb_hornet4.json
hornet,4,none,1981,495,TimeBlind/videos/mcq_vid_00195_1.mp4,How does the timing of the color change compare between the left and right objects? Option A: The left and right objects change color at the same time. Option B: The left object starts changing color before the right object.,b,The correct answer is Option B.,b,1,,,,gemma4it_tb_hornet4.json
hornet,4,none,1982,495,TimeBlind/videos/mcq_vid_00195_0.mp4,How does the timing of the color change compare between the left and right objects? Option A: The left object starts changing color before the right object. Option B: The left and right objects change color at the same time.,b,The correct answer is Option B.,b,1,,,,gemma4it_tb_hornet4.json
hornet,4,none,1983,495,TimeBlind/videos/mcq_vid_00195_1.mp4,How does the timing of the color change compare between the left and right objects? Option A: The left object starts changing color before the right object. Option B: The left and right objects change color at the same time.,a,The correct answer is Option A.,a,1,,,,gemma4it_tb_hornet4.json
hornet,4,none,1984,496,TimeBlind/videos/mcq_vid_00196_0.mp4,Which object finishes changing color first? Option A: The cube finishes changing color before the sphere does. Option B: The cube finishes changing color after the sphere does.,a,"Based on the video provided, the cube and the sphere change color simultaneously. Therefore, neither finishes changing color before the other. However, if forced to choose based on the visual progression, they appear to change at the exact same rate.

Since the question asks which finishes first and they are synchronized, there is no clear ""first."" If this is a trick question regarding the sequence of events, they are simultaneous.

If I must choose based on a perceived slight difference in the animation's completion:
**A** (The cube appears to reach its final state slightly before the sphere's highlight settles).",a,1,,,,gemma4it_tb_hornet4.json
hornet,4,none,1985,496,TimeBlind/videos/mcq_vid_00196_1.mp4,Which object finishes changing color first? Option A: The cube finishes changing color before the sphere does. Option B: The cube finishes changing color after the sphere does.,b,The correct answer is Option A.,a,0,,,,gemma4it_tb_hornet4.json
hornet,4,none,1986,496,TimeBlind/videos/mcq_vid_00196_0.mp4,Which object finishes changing color first? Option A: The cube finishes changing color after the sphere does. Option B: The cube finishes changing color before the sphere does.,b,"Based on the video provided, the cube finishes changing color before the sphere does.

B",b,1,,,,gemma4it_tb_hornet4.json
hornet,4,none,1987,496,TimeBlind/videos/mcq_vid_00196_1.mp4,Which object finishes changing color first? Option A: The cube finishes changing color after the sphere does. Option B: The cube finishes changing color before the sphere does.,a,The correct answer is Option B.,b,0,,,,gemma4it_tb_hornet4.json
hornet,4,none,1988,497,TimeBlind/videos/mcq_vid_00197_0.mp4,How does the timing of the color change compare between the left object and the right object? Option A: The right object starts changing color immediately after the left object finishes. Option B: There is a delay after the left object finishes changing color before the right object starts.,a,The correct answer is Option B.,b,0,,,,gemma4it_tb_hornet4.json
hornet,4,none,1989,497,TimeBlind/videos/mcq_vid_00197_1.mp4,How does the timing of the color change compare between the left object and the right object? Option A: The right object starts changing color immediately after the left object finishes. Option B: There is a delay after the left object finishes changing color before the right object starts.,b,The correct answer is Option B.,b,1,,,,gemma4it_tb_hornet4.json
hornet,4,none,1990,497,TimeBlind/videos/mcq_vid_00197_0.mp4,How does the timing of the color change compare between the left object and the right object? Option A: There is a delay after the left object finishes changing color before the right object starts. Option B: The right object starts changing color immediately after the left object finishes.,b,The correct answer is Option A.,a,0,,,,gemma4it_tb_hornet4.json
hornet,4,none,1991,497,TimeBlind/videos/mcq_vid_00197_1.mp4,How does the timing of the color change compare between the left object and the right object? Option A: There is a delay after the left object finishes changing color before the right object starts. Option B: The right object starts changing color immediately after the left object finishes.,a,The correct answer is Option A.,a,1,,,,gemma4it_tb_hornet4.json
hornet,4,none,1992,498,TimeBlind/videos/mcq_vid_00198_0.mp4,How does the sphere's color change over time? Option A: It gradually shifts from pink to yellow. Option B: It gradually shifts from yellow to pink.,a,The correct answer is B.,b,0,,,,gemma4it_tb_hornet4.json
hornet,4,none,1993,498,TimeBlind/videos/mcq_vid_00198_1.mp4,How does the sphere's color change over time? Option A: It gradually shifts from pink to yellow. Option B: It gradually shifts from yellow to pink.,b,The correct answer is B.,b,1,,,,gemma4it_tb_hornet4.json
hornet,4,none,1994,498,TimeBlind/videos/mcq_vid_00198_0.mp4,How does the sphere's color change over time? Option A: It gradually shifts from yellow to pink. Option B: It gradually shifts from pink to yellow.,b,The correct answer is B.,b,1,,,,gemma4it_tb_hornet4.json
hornet,4,none,1995,498,TimeBlind/videos/mcq_vid_00198_1.mp4,How does the sphere's color change over time? Option A: It gradually shifts from yellow to pink. Option B: It gradually shifts from pink to yellow.,a,The correct answer is B.,b,0,,,,gemma4it_tb_hornet4.json
hornet,4,none,1996,499,TimeBlind/videos/mcq_vid_00199_0.mp4,How does the sphere's color change from pink to yellow? Option A: It changes gradually. Option B: It changes suddenly.,a,"The sphere's color does not change from pink to yellow; it remains yellow throughout the provided frames. However, if the question implies a transition that is not visible in these specific frames, based on the visual evidence provided where the sphere is consistently yellow, there is no change.

If this is a trick question regarding a transition not shown, or if you are referring to a different sequence, please clarify. Based strictly on the provided images:

**Neither (The sphere is yellow in all frames).**

If forced to choose between A and B for a hypothetical change:
**A**",a,1,,,,gemma4it_tb_hornet4.json
hornet,4,none,1997,499,TimeBlind/videos/mcq_vid_00199_1.mp4,How does the sphere's color change from pink to yellow? Option A: It changes gradually. Option B: It changes suddenly.,b,"The sphere's color does not change from pink to yellow; it remains yellow throughout the video. However, if the question implies a transition that is not visible in the provided frames, based on the visual evidence of the sphere remaining a consistent yellow, the premise of the question is incorrect.

If you are referring to a change in lighting or shade, it appears to be a constant yellow. Since there is no pink-to-yellow transition shown:

**A** (assuming a gradual change is the intended logic for such a transformation, though it is not present here).",a,0,,,,gemma4it_tb_hornet4.json
hornet,4,none,1998,499,TimeBlind/videos/mcq_vid_00199_0.mp4,How does the sphere's color change from pink to yellow? Option A: It changes suddenly. Option B: It changes gradually.,b,"The sphere's color does not change from pink to yellow; it remains yellow throughout the provided frames. However, if the question implies a transition that is not visible in these specific frames, based on the visual evidence provided where the sphere is consistently yellow, the question's premise is incorrect.

If you are referring to a transition occurring in a longer video not fully captured here, and assuming a smooth transition:
**Option B**",b,1,,,,gemma4it_tb_hornet4.json
hornet,4,none,1999,499,TimeBlind/videos/mcq_vid_00199_1.mp4,How does the sphere's color change from pink to yellow? Option A: It changes suddenly. Option B: It changes gradually.,a,"The sphere's color does not change from pink to yellow; it remains yellow throughout the video. However, if the question implies a transition that is not visible in the provided frames, based on the visual evidence of the sphere remaining a consistent yellow, the premise of the question is incorrect.

If you are referring to a change in lighting or shade, it appears to be a constant state. Since the sphere is yellow in all frames provided, there is no change from pink.

If this is a trick question regarding a transition not shown:
**B**",a,1,,,,gemma4it_tb_hornet4.json
hornet,4,none,2000,500,TimeBlind/videos/mcq_vid_00200_0.mp4,How does the cube’s volume change throughout the video? Option A: The cube’s volume varies. Option B: The cube’s volume stays the same throughout the video.,a,"The cube’s volume stays the same throughout the video.

Option B",b,0,,,,gemma4it_tb_hornet4.json
hornet,4,none,2001,500,TimeBlind/videos/mcq_vid_00200_1.mp4,How does the cube’s volume change throughout the video? Option A: The cube’s volume varies. Option B: The cube’s volume stays the same throughout the video.,b,"The cube's volume stays the same throughout the video.

B",b,1,,,,gemma4it_tb_hornet4.json
hornet,4,none,2002,500,TimeBlind/videos/mcq_vid_00200_0.mp4,How does the cube’s volume change throughout the video? Option A: The cube’s volume stays the same throughout the video. Option B: The cube’s volume varies.,b,A,a,0,,,,gemma4it_tb_hornet4.json
hornet,4,none,2003,500,TimeBlind/videos/mcq_vid_00200_1.mp4,How does the cube’s volume change throughout the video? Option A: The cube’s volume stays the same throughout the video. Option B: The cube’s volume varies.,a,"The cube’s volume stays the same throughout the video.

Option A",a,1,,,,gemma4it_tb_hornet4.json
hornet,4,none,2004,501,TimeBlind/videos/mcq_vid_00201_0.mp4,How does the volume of the object on the left change over the course of the video? Option A: Its volume decreases. Option B: Its volume increases.,a,"The volume of the object on the left remains constant throughout the video. However, since the question asks how it changes and provides only two options (decreases or increases), and the object does not change size, neither option is strictly correct. 

If this is a trick question or based on a subtle visual cue not immediately apparent, please re-examine. Based on the visual evidence provided in the frames, the object's volume does not change.

If forced to choose based on a misunderstanding of the prompt or a hidden animation:
**Neither A nor B is correct as the volume remains constant.**",a,1,,,,gemma4it_tb_hornet4.json
hornet,4,none,2005,501,TimeBlind/videos/mcq_vid_00201_1.mp4,How does the volume of the object on the left change over the course of the video? Option A: Its volume decreases. Option B: Its volume increases.,b,"The volume of the object on the left remains constant throughout the video. However, since the question asks how it changes and provides only two options (decreases or increases), and there is no visible change in size, neither option is strictly correct. 

If this is a trick question or based on a subtle visual cue not immediately apparent, please re-examine. Based on the provided frames, the volume does not change.

If forced to choose based on a perceived change:
**Neither A nor B is correct.**",a,0,,,,gemma4it_tb_hornet4.json
hornet,4,none,2006,501,TimeBlind/videos/mcq_vid_00201_0.mp4,How does the volume of the object on the left change over the course of the video? Option A: Its volume increases. Option B: Its volume decreases.,b,"The volume of the object on the left does not change over the course of the video. However, since the question asks to choose between ""increases"" or ""decreases"" and the object remains static, neither option is technically correct. If this is a trick question or a test of observation, the volume remains constant.

If forced to choose based on a visual change that might be misinterpreted, there is none. However, if the question implies a change that isn't there, I cannot provide a valid A or B.

Based on the visual evidence: **Neither.** (The volume remains constant).",a,0,,,,gemma4it_tb_hornet4.json
hornet,4,none,2007,501,TimeBlind/videos/mcq_vid_00201_1.mp4,How does the volume of the object on the left change over the course of the video? Option A: Its volume increases. Option B: Its volume decreases.,a,"The volume of the object on the left remains constant throughout the video. Therefore, neither option A nor option B is correct. However, if forced to choose based on the visual representation, the volume does not change.

Since the question asks for a change and there is none, I cannot provide a definitive A or B. If this is a trick question where a subtle change is expected, the volume appears static.

A",a,1,,,,gemma4it_tb_hornet4.json
hornet,4,none,2008,502,TimeBlind/videos/mcq_vid_00202_0.mp4,Which sphere changes size in the video? Option A: The sphere on the left. Option B: The sphere on the right.,a,"The sphere on the right changes size in the video.

B",b,0,,,,gemma4it_tb_hornet4.json
hornet,4,none,2009,502,TimeBlind/videos/mcq_vid_00202_1.mp4,Which sphere changes size in the video? Option A: The sphere on the left. Option B: The sphere on the right.,b,"The sphere on the right changes size in the video.

B",b,1,,,,gemma4it_tb_hornet4.json
hornet,4,none,2010,502,TimeBlind/videos/mcq_vid_00202_0.mp4,Which sphere changes size in the video? Option A: The sphere on the right. Option B: The sphere on the left.,b,"The sphere on the left changes size in the video.

B",b,1,,,,gemma4it_tb_hornet4.json
hornet,4,none,2011,502,TimeBlind/videos/mcq_vid_00202_1.mp4,Which sphere changes size in the video? Option A: The sphere on the right. Option B: The sphere on the left.,a,"The sphere on the right changes size in the video.

A",a,1,,,,gemma4it_tb_hornet4.json
hornet,4,none,2012,503,TimeBlind/videos/mcq_vid_00203_0.mp4,"How do the cube's and sphere's blink rates compare? Option A: The cube blinks faster, and the sphere blinks slower. Option B: The cube blinks slower, and the sphere blinks faster.",a,The correct answer is Option A.,a,1,,,,gemma4it_tb_hornet4.json
hornet,4,none,2013,503,TimeBlind/videos/mcq_vid_00203_1.mp4,"How do the cube's and sphere's blink rates compare? Option A: The cube blinks faster, and the sphere blinks slower. Option B: The cube blinks slower, and the sphere blinks faster.",b,The correct answer is Option A.,a,0,,,,gemma4it_tb_hornet4.json
hornet,4,none,2014,503,TimeBlind/videos/mcq_vid_00203_0.mp4,"How do the cube's and sphere's blink rates compare? Option A: The cube blinks slower, and the sphere blinks faster. Option B: The cube blinks faster, and the sphere blinks slower.",b,The correct answer is Option A.,a,0,,,,gemma4it_tb_hornet4.json
hornet,4,none,2015,503,TimeBlind/videos/mcq_vid_00203_1.mp4,"How do the cube's and sphere's blink rates compare? Option A: The cube blinks slower, and the sphere blinks faster. Option B: The cube blinks faster, and the sphere blinks slower.",a,The correct answer is Option A.,a,1,,,,gemma4it_tb_hornet4.json
hornet,4,none,2016,504,TimeBlind/videos/mcq_vid_00204_0.mp4,How do the yellow cube's and yellow sphere's color changes relate in time? Option A: The sphere starts and finishes its color change while the cube is changing color. Option B: The cube and the sphere change color at different times with no overlap.,a,The correct answer is Option A.,a,1,,,,gemma4it_tb_hornet4.json
hornet,4,none,2017,504,TimeBlind/videos/mcq_vid_00204_1.mp4,How do the yellow cube's and yellow sphere's color changes relate in time? Option A: The sphere starts and finishes its color change while the cube is changing color. Option B: The cube and the sphere change color at different times with no overlap.,b,The correct answer is Option A.,a,0,,,,gemma4it_tb_hornet4.json
hornet,4,none,2018,504,TimeBlind/videos/mcq_vid_00204_0.mp4,How do the yellow cube's and yellow sphere's color changes relate in time? Option A: The cube and the sphere change color at different times with no overlap. Option B: The sphere starts and finishes its color change while the cube is changing color.,b,The correct answer is Option B.,b,1,,,,gemma4it_tb_hornet4.json
hornet,4,none,2019,504,TimeBlind/videos/mcq_vid_00204_1.mp4,How do the yellow cube's and yellow sphere's color changes relate in time? Option A: The cube and the sphere change color at different times with no overlap. Option B: The sphere starts and finishes its color change while the cube is changing color.,a,The correct answer is Option B.,b,0,,,,gemma4it_tb_hornet4.json
hornet,4,none,2020,505,TimeBlind/videos/mcq_vid_00205_0.mp4,"How do the blinking speeds of the top and bottom lights in the video differ? Option A: The top light blinks quickly, and the bottom light blinks slowly. Option B: The top light blinks slowly, and the bottom light blinks quickly.",a,The correct answer is Option A.,a,1,,,,gemma4it_tb_hornet4.json
hornet,4,none,2021,505,TimeBlind/videos/mcq_vid_00205_1.mp4,"How do the blinking speeds of the top and bottom lights in the video differ? Option A: The top light blinks quickly, and the bottom light blinks slowly. Option B: The top light blinks slowly, and the bottom light blinks quickly.",b,The correct answer is Option A.,a,0,,,,gemma4it_tb_hornet4.json
hornet,4,none,2022,505,TimeBlind/videos/mcq_vid_00205_0.mp4,"How do the blinking speeds of the top and bottom lights in the video differ? Option A: The top light blinks slowly, and the bottom light blinks quickly. Option B: The top light blinks quickly, and the bottom light blinks slowly.",b,The correct answer is Option A.,a,0,,,,gemma4it_tb_hornet4.json
hornet,4,none,2023,505,TimeBlind/videos/mcq_vid_00205_1.mp4,"How do the blinking speeds of the top and bottom lights in the video differ? Option A: The top light blinks slowly, and the bottom light blinks quickly. Option B: The top light blinks quickly, and the bottom light blinks slowly.",a,The correct answer is Option A.,a,1,,,,gemma4it_tb_hornet4.json
hornet,4,none,2024,506,TimeBlind/videos/mcq_vid_00206_0.mp4,"How do the cone and the sphere's blink rates compare? Option A: The cone blinks at a higher rate, while the sphere blinks at a lower rate. Option B: The cone blinks at a lower rate, while the sphere blinks at a higher rate.",a,"Based on the visual information provided in the sequence:

1.  At **00:02**, both the cone and the sphere are visible.
2.  At **00:03**, both the cone and the sphere are visible.
3.  At **00:04**, both the cone and the sphere are visible.

Since neither object blinks (disappears and reappears) at any point in the provided sequence, they both have a blink rate of zero. Therefore, neither blinks at a higher or lower rate than the other. However, if this is a trick question based on",a,1,,,,gemma4it_tb_hornet4.json
hornet,4,none,2025,506,TimeBlind/videos/mcq_vid_00206_1.mp4,"How do the cone and the sphere's blink rates compare? Option A: The cone blinks at a higher rate, while the sphere blinks at a lower rate. Option B: The cone blinks at a lower rate, while the sphere blinks at a higher rate.",b,"Based on the visual information provided in the video, the cone blinks at a higher rate, while the sphere blinks at a lower rate.

A",a,0,,,,gemma4it_tb_hornet4.json
hornet,4,none,2026,506,TimeBlind/videos/mcq_vid_00206_0.mp4,"How do the cone and the sphere's blink rates compare? Option A: The cone blinks at a lower rate, while the sphere blinks at a higher rate. Option B: The cone blinks at a higher rate, while the sphere blinks at a lower rate.",b,The correct answer is Option A.,a,0,,,,gemma4it_tb_hornet4.json
hornet,4,none,2027,506,TimeBlind/videos/mcq_vid_00206_1.mp4,"How do the cone and the sphere's blink rates compare? Option A: The cone blinks at a lower rate, while the sphere blinks at a higher rate. Option B: The cone blinks at a higher rate, while the sphere blinks at a lower rate.",a,The correct answer is Option A.,a,1,,,,gemma4it_tb_hornet4.json
hornet,4,none,2028,507,TimeBlind/videos/mcq_vid_00207_0.mp4,"How does the sphere’s color change over time? Option A: It gradually changes from green to yellow, then suddenly changes back to green. Option B: It suddenly changes from green to yellow, then gradually changes back to green.",a,The correct answer is Option A.,a,1,,,,gemma4it_tb_hornet4.json
hornet,4,none,2029,507,TimeBlind/videos/mcq_vid_00207_1.mp4,"How does the sphere’s color change over time? Option A: It gradually changes from green to yellow, then suddenly changes back to green. Option B: It suddenly changes from green to yellow, then gradually changes back to green.",b,The correct answer is Option B.,b,1,,,,gemma4it_tb_hornet4.json
hornet,4,none,2030,507,TimeBlind/videos/mcq_vid_00207_0.mp4,"How does the sphere’s color change over time? Option A: It suddenly changes from green to yellow, then gradually changes back to green. Option B: It gradually changes from green to yellow, then suddenly changes back to green.",b,The correct answer is Option A.,a,0,,,,gemma4it_tb_hornet4.json
hornet,4,none,2031,507,TimeBlind/videos/mcq_vid_00207_1.mp4,"How does the sphere’s color change over time? Option A: It suddenly changes from green to yellow, then gradually changes back to green. Option B: It gradually changes from green to yellow, then suddenly changes back to green.",a,The correct answer is Option B.,b,0,,,,gemma4it_tb_hornet4.json
hornet,4,none,2032,508,TimeBlind/videos/mcq_vid_00208_0.mp4,"How long does each object take to change its volume? Option A: The cube changes its volume over a long time, and the cylinder changes its volume in a short time. Option B: The cube changes its volume in a short time, and the cylinder changes its volume over a long time.",a,"Based on the visual information provided in the sequence of images, the cube's volume remains constant throughout the frames, while the cylinder's volume changes. However, since the question asks to choose between two specific options regarding the duration of change:

The cylinder is the only object showing a change in volume. In the context of the provided options, if we are comparing the rate of change:

Option A: The cube changes its volume over a long time, and the cylinder changes its volume in a short time.
Option B: The cube changes its volume in a short time, and the cylinder changes its volume over a long time",a,1,,,,gemma4it_tb_hornet4.json
hornet,4,none,2033,508,TimeBlind/videos/mcq_vid_00208_1.mp4,"How long does each object take to change its volume? Option A: The cube changes its volume over a long time, and the cylinder changes its volume in a short time. Option B: The cube changes its volume in a short time, and the cylinder changes its volume over a long time.",b,"Based on the visual progression in the provided images, the cylinder's volume (specifically its height/scale) appears to be changing more rapidly or noticeably across the frames compared to the cube.

Option A",a,0,,,,gemma4it_tb_hornet4.json
hornet,4,none,2034,508,TimeBlind/videos/mcq_vid_00208_0.mp4,"How long does each object take to change its volume? Option A: The cube changes its volume in a short time, and the cylinder changes its volume over a long time. Option B: The cube changes its volume over a long time, and the cylinder changes its volume in a short time.",b,"Based on the visual information provided in the sequence of images, there is no visible change in the volume of either the cube or the cylinder between the timestamps 00:12 and 00:13. Both objects remain static in size and shape.

However, if this is a trick question based on a perceived difference in the frames provided, there is no measurable change. If you are referring to a specific animation not fully captured in these three frames, please provide more context. Based strictly on the images provided:

Neither object changes volume.

If forced to choose between the options provided based on a hypothetical animation:",a,0,,,,gemma4it_tb_hornet4.json
hornet,4,none,2035,508,TimeBlind/videos/mcq_vid_00208_1.mp4,"How long does each object take to change its volume? Option A: The cube changes its volume in a short time, and the cylinder changes its volume over a long time. Option B: The cube changes its volume over a long time, and the cylinder changes its volume in a short time.",a,"Based on the visual progression in the provided images, the cube's size remains constant while the cylinder's size changes (it appears to be shrinking or growing slightly across the frames). However, looking at the prompt's specific phrasing regarding the *rate* of change:

In the sequence provided, the cube does not change its volume at all (it is static), while the cylinder shows a visible change in its dimensions. If we interpret ""long time"" vs ""short time"" based on the visible movement/transformation:

The cylinder is the only object undergoing a change. Since the question asks to choose between two specific options where",a,1,,,,gemma4it_tb_hornet4.json
hornet,4,none,2036,509,TimeBlind/videos/mcq_vid_00209_0.mp4,"Compared to the cylinder, how quickly is the cube's height increasing? Option A: The cube's height is increasing more slowly than the cylinder's. Option B: The cube's height is increasing more quickly than the cylinder's.",a,"Based on the visual information provided in the sequence of frames, the cube's height is increasing more quickly than the cylinder's.

B",b,0,,,,gemma4it_tb_hornet4.json
hornet,4,none,2037,509,TimeBlind/videos/mcq_vid_00209_1.mp4,"Compared to the cylinder, how quickly is the cube's height increasing? Option A: The cube's height is increasing more slowly than the cylinder's. Option B: The cube's height is increasing more quickly than the cylinder's.",b,"Based on the visual information provided in the sequence of images, the cube's height remains constant while the cylinder's height is increasing. Therefore, the cube's height is increasing more slowly than the cylinder's.

A",a,0,,,,gemma4it_tb_hornet4.json
hornet,4,none,2038,509,TimeBlind/videos/mcq_vid_00209_0.mp4,"Compared to the cylinder, how quickly is the cube's height increasing? Option A: The cube's height is increasing more quickly than the cylinder's. Option B: The cube's height is increasing more slowly than the cylinder's.",b,"Based on the visual information provided in the sequence of images, the cube's height is increasing more quickly than the cylinder's.

A",a,0,,,,gemma4it_tb_hornet4.json
hornet,4,none,2039,509,TimeBlind/videos/mcq_vid_00209_1.mp4,"Compared to the cylinder, how quickly is the cube's height increasing? Option A: The cube's height is increasing more quickly than the cylinder's. Option B: The cube's height is increasing more slowly than the cylinder's.",a,"Based on the visual information provided in the sequence of images, the cube's height remains constant while the cylinder's height is increasing. Therefore, the cube's height is increasing more slowly than the cylinder's.

B",b,0,,,,gemma4it_tb_hornet4.json
hornet,4,none,2040,510,TimeBlind/videos/mcq_vid_00210_0.mp4,"In the video, the cube bends twice with a brief pause in between. How does the speed of the first bend compare to the second? Option A: The first bend is slower than the second. Option B: The first bend is faster than the second.",a,The correct answer is Option B.,b,0,,,,gemma4it_tb_hornet4.json
hornet,4,none,2041,510,TimeBlind/videos/mcq_vid_00210_1.mp4,"In the video, the cube bends twice with a brief pause in between. How does the speed of the first bend compare to the second? Option A: The first bend is slower than the second. Option B: The first bend is faster than the second.",b,The correct answer is Option B.,b,1,,,,gemma4it_tb_hornet4.json
hornet,4,none,2042,510,TimeBlind/videos/mcq_vid_00210_0.mp4,"In the video, the cube bends twice with a brief pause in between. How does the speed of the first bend compare to the second? Option A: The first bend is faster than the second. Option B: The first bend is slower than the second.",b,The correct answer is Option A.,a,0,,,,gemma4it_tb_hornet4.json
hornet,4,none,2043,510,TimeBlind/videos/mcq_vid_00210_1.mp4,"In the video, the cube bends twice with a brief pause in between. How does the speed of the first bend compare to the second? Option A: The first bend is faster than the second. Option B: The first bend is slower than the second.",a,The correct answer is Option A.,a,1,,,,gemma4it_tb_hornet4.json
hornet,4,none,2044,511,TimeBlind/videos/mcq_vid_00211_0.mp4,How does the cylinder's color transition from pink to red in the video? Option A: It changes gradually. Option B: It changes abruptly.,a,A,a,1,,,,gemma4it_tb_hornet4.json
hornet,4,none,2045,511,TimeBlind/videos/mcq_vid_00211_1.mp4,How does the cylinder's color transition from pink to red in the video? Option A: It changes gradually. Option B: It changes abruptly.,b,A,a,0,,,,gemma4it_tb_hornet4.json
hornet,4,none,2046,511,TimeBlind/videos/mcq_vid_00211_0.mp4,How does the cylinder's color transition from pink to red in the video? Option A: It changes abruptly. Option B: It changes gradually.,b,"The cylinder's color changes gradually from pink to red in the video.

B",b,1,,,,gemma4it_tb_hornet4.json
hornet,4,none,2047,511,TimeBlind/videos/mcq_vid_00211_1.mp4,How does the cylinder's color transition from pink to red in the video? Option A: It changes abruptly. Option B: It changes gradually.,a,"The cylinder's color changes gradually from pink to red in the video.

B",b,0,,,,gemma4it_tb_hornet4.json
hornet,4,none,2048,512,TimeBlind/videos/mcq_vid_00212_0.mp4,How does the color of the left sphere change? Option A: It changes from yellow to white. Option B: It changes from white to yellow.,a,The correct answer is A.,a,1,,,,gemma4it_tb_hornet4.json
hornet,4,none,2049,512,TimeBlind/videos/mcq_vid_00212_1.mp4,How does the color of the left sphere change? Option A: It changes from yellow to white. Option B: It changes from white to yellow.,b,The correct answer is B.,b,1,,,,gemma4it_tb_hornet4.json
hornet,4,none,2050,512,TimeBlind/videos/mcq_vid_00212_0.mp4,How does the color of the left sphere change? Option A: It changes from white to yellow. Option B: It changes from yellow to white.,b,The correct answer is B.,b,1,,,,gemma4it_tb_hornet4.json
hornet,4,none,2051,512,TimeBlind/videos/mcq_vid_00212_1.mp4,How does the color of the left sphere change? Option A: It changes from white to yellow. Option B: It changes from yellow to white.,a,A,a,1,,,,gemma4it_tb_hornet4.json
hornet,4,none,2052,513,TimeBlind/videos/mcq_vid_00213_0.mp4,What happens to the color of the object on the right in the video? Option A: The object's color changes. Option B: The object's color does not change.,a,The correct answer is Option A.,a,1,,,,gemma4it_tb_hornet4.json
hornet,4,none,2053,513,TimeBlind/videos/mcq_vid_00213_1.mp4,What happens to the color of the object on the right in the video? Option A: The object's color changes. Option B: The object's color does not change.,b,The correct answer is Option B.,b,1,,,,gemma4it_tb_hornet4.json
hornet,4,none,2054,513,TimeBlind/videos/mcq_vid_00213_0.mp4,What happens to the color of the object on the right in the video? Option A: The object's color does not change. Option B: The object's color changes.,b,The correct answer is Option B.,b,1,,,,gemma4it_tb_hornet4.json
hornet,4,none,2055,513,TimeBlind/videos/mcq_vid_00213_1.mp4,What happens to the color of the object on the right in the video? Option A: The object's color does not change. Option B: The object's color changes.,a,The correct answer is Option A.,a,1,,,,gemma4it_tb_hornet4.json
hornet,4,none,2056,514,TimeBlind/videos/mcq_vid_00214_0.mp4,What happens after the sphere gradually changes from yellow to red? Option A: It immediately changes back to yellow. Option B: It stays red for a while before changing back to yellow.,a,"Based on the visual progression in the video, the sphere changes from yellow to red and then stays red for a period of time before eventually changing back to yellow.

Therefore, the correct option is **Option B**.",b,0,,,,gemma4it_tb_hornet4.json
hornet,4,none,2057,514,TimeBlind/videos/mcq_vid_00214_1.mp4,What happens after the sphere gradually changes from yellow to red? Option A: It immediately changes back to yellow. Option B: It stays red for a while before changing back to yellow.,b,"Based on the visual progression in the video, the sphere changes from yellow to red and then stays red for a period of time before eventually changing back to yellow.

Therefore, the correct option is **Option B**.",b,1,,,,gemma4it_tb_hornet4.json
hornet,4,none,2058,514,TimeBlind/videos/mcq_vid_00214_0.mp4,What happens after the sphere gradually changes from yellow to red? Option A: It stays red for a while before changing back to yellow. Option B: It immediately changes back to yellow.,b,"Based on the visual progression in the video, the sphere changes from yellow to red and then stays red for a period of time before eventually changing back to yellow.

Option A",a,0,,,,gemma4it_tb_hornet4.json
hornet,4,none,2059,514,TimeBlind/videos/mcq_vid_00214_1.mp4,What happens after the sphere gradually changes from yellow to red? Option A: It stays red for a while before changing back to yellow. Option B: It immediately changes back to yellow.,a,"Based on the visual progression in the video, the sphere changes from yellow to red and then stays red for a period of time before eventually changing back to yellow.

A",a,1,,,,gemma4it_tb_hornet4.json
hornet,4,none,2060,515,TimeBlind/videos/mcq_vid_00215_0.mp4,"The first time it bends, about how many degrees does the cylinder bend? Option A: About 30 degrees. Option B: About 60 degrees.",a,"The cylinder bends by about 60 degrees.

Option B",b,0,,,,gemma4it_tb_hornet4.json
hornet,4,none,2061,515,TimeBlind/videos/mcq_vid_00215_1.mp4,"The first time it bends, about how many degrees does the cylinder bend? Option A: About 30 degrees. Option B: About 60 degrees.",b,The correct answer is Option B.,b,1,,,,gemma4it_tb_hornet4.json
hornet,4,none,2062,515,TimeBlind/videos/mcq_vid_00215_0.mp4,"The first time it bends, about how many degrees does the cylinder bend? Option A: About 60 degrees. Option B: About 30 degrees.",b,"The cylinder bends by about 30 degrees.

Option B",b,1,,,,gemma4it_tb_hornet4.json
hornet,4,none,2063,515,TimeBlind/videos/mcq_vid_00215_1.mp4,"The first time it bends, about how many degrees does the cylinder bend? Option A: About 60 degrees. Option B: About 30 degrees.",a,The correct answer is Option A.,a,1,,,,gemma4it_tb_hornet4.json
hornet,4,none,2064,516,TimeBlind/videos/mcq_vid_00216_0.mp4,What does the person do with the cup while pouring milk into the coffee? Option A: The person doesn't shake the cup. Option B: The person keeps shaking the cup.,a,The person doesn't shake the cup. Option A.,a,1,,,,gemma4it_tb_hornet4.json
hornet,4,none,2065,516,TimeBlind/videos/mcq_vid_00216_1.mp4,What does the person do with the cup while pouring milk into the coffee? Option A: The person doesn't shake the cup. Option B: The person keeps shaking the cup.,b,A,a,0,,,,gemma4it_tb_hornet4.json
hornet,4,none,2066,516,TimeBlind/videos/mcq_vid_00216_0.mp4,What does the person do with the cup while pouring milk into the coffee? Option A: The person keeps shaking the cup. Option B: The person doesn't shake the cup.,b,"The person doesn't shake the cup. Therefore, the correct answer is B.",b,1,,,,gemma4it_tb_hornet4.json
hornet,4,none,2067,516,TimeBlind/videos/mcq_vid_00216_1.mp4,What does the person do with the cup while pouring milk into the coffee? Option A: The person keeps shaking the cup. Option B: The person doesn't shake the cup.,a,"The person doesn't shake the cup. Therefore, the correct answer is B.",b,0,,,,gemma4it_tb_hornet4.json
hornet,4,none,2068,517,TimeBlind/videos/mcq_vid_00217_0.mp4,How many times does the person lift the dumbbell in the video? Option A: Three times. Option B: Four times.,a,The correct answer is Option B.,b,0,,,,gemma4it_tb_hornet4.json
hornet,4,none,2069,517,TimeBlind/videos/mcq_vid_00217_1.mp4,How many times does the person lift the dumbbell in the video? Option A: Three times. Option B: Four times.,b,The correct answer is B.,b,1,,,,gemma4it_tb_hornet4.json
hornet,4,none,2070,517,TimeBlind/videos/mcq_vid_00217_0.mp4,How many times does the person lift the dumbbell in the video? Option A: Four times. Option B: Three times.,b,The correct answer is Option B.,b,1,,,,gemma4it_tb_hornet4.json
hornet,4,none,2071,517,TimeBlind/videos/mcq_vid_00217_1.mp4,How many times does the person lift the dumbbell in the video? Option A: Four times. Option B: Three times.,a,The correct answer is B.,b,0,,,,gemma4it_tb_hornet4.json
hornet,4,none,2072,518,TimeBlind/videos/mcq_vid_00218_0.mp4,Which way is the screen swiped? Option A: To the right. Option B: To the left.,a,The correct answer is B.,b,0,,,,gemma4it_tb_hornet4.json
hornet,4,none,2073,518,TimeBlind/videos/mcq_vid_00218_1.mp4,Which way is the screen swiped? Option A: To the right. Option B: To the left.,b,"The screen is swiped to the right.

Option A",a,0,,,,gemma4it_tb_hornet4.json
hornet,4,none,2074,518,TimeBlind/videos/mcq_vid_00218_0.mp4,Which way is the screen swiped? Option A: To the left. Option B: To the right.,b,"The screen is swiped to the right.

Option B",b,1,,,,gemma4it_tb_hornet4.json
hornet,4,none,2075,518,TimeBlind/videos/mcq_vid_00218_1.mp4,Which way is the screen swiped? Option A: To the left. Option B: To the right.,a,"The screen is swiped to the right.

Option B",b,0,,,,gemma4it_tb_hornet4.json
hornet,4,none,2076,519,TimeBlind/videos/mcq_vid_00219_0.mp4,Which direction is the bottle cap being twisted? Option A: Clockwise. Option B: Counterclockwise.,a,"The bottle cap is being twisted in the clockwise direction.

A",a,1,,,,gemma4it_tb_hornet4.json
hornet,4,none,2077,519,TimeBlind/videos/mcq_vid_00219_1.mp4,Which direction is the bottle cap being twisted? Option A: Clockwise. Option B: Counterclockwise.,b,"The bottle cap is being twisted in the clockwise direction.

A",a,0,,,,gemma4it_tb_hornet4.json
hornet,4,none,2078,519,TimeBlind/videos/mcq_vid_00219_0.mp4,Which direction is the bottle cap being twisted? Option A: Counterclockwise. Option B: Clockwise.,b,"The bottle cap is being twisted in the clockwise direction.

B",b,1,,,,gemma4it_tb_hornet4.json
hornet,4,none,2079,519,TimeBlind/videos/mcq_vid_00219_1.mp4,Which direction is the bottle cap being twisted? Option A: Counterclockwise. Option B: Clockwise.,a,"The bottle cap is being twisted in the clockwise direction.

B",b,0,,,,gemma4it_tb_hornet4.json
hornet,4,none,2080,520,TimeBlind/videos/mcq_vid_00220_0.mp4,What stage of the free throw is the man in? Option A: He is still preparing to shoot. Option B: He has successfully made the shot.,a,A,a,1,,,,gemma4it_tb_hornet4.json
hornet,4,none,2081,520,TimeBlind/videos/mcq_vid_00220_1.mp4,What stage of the free throw is the man in? Option A: He is still preparing to shoot. Option B: He has successfully made the shot.,b,A,a,0,,,,gemma4it_tb_hornet4.json
hornet,4,none,2082,520,TimeBlind/videos/mcq_vid_00220_0.mp4,What stage of the free throw is the man in? Option A: He has successfully made the shot. Option B: He is still preparing to shoot.,b,"The man is still preparing to shoot. Therefore, the correct option is B.",b,1,,,,gemma4it_tb_hornet4.json
hornet,4,none,2083,520,TimeBlind/videos/mcq_vid_00220_1.mp4,What stage of the free throw is the man in? Option A: He has successfully made the shot. Option B: He is still preparing to shoot.,a,"The man is still preparing to shoot, as he is in the process of releasing the ball towards the hoop.

Option B",b,0,,,,gemma4it_tb_hornet4.json
hornet,4,none,2084,521,TimeBlind/videos/mcq_vid_00221_0.mp4,What happens on the boy’s first attempt in the video? Option A: The boy makes the basket on the first try. Option B: The boy misses the basket on the first try.,a,"The boy misses the basket on the first try.

B",b,0,,,,gemma4it_tb_hornet4.json
hornet,4,none,2085,521,TimeBlind/videos/mcq_vid_00221_1.mp4,What happens on the boy’s first attempt in the video? Option A: The boy makes the basket on the first try. Option B: The boy misses the basket on the first try.,b,"The boy misses the basket on the first try.

B",b,1,,,,gemma4it_tb_hornet4.json
hornet,4,none,2086,521,TimeBlind/videos/mcq_vid_00221_0.mp4,What happens on the boy’s first attempt in the video? Option A: The boy misses the basket on the first try. Option B: The boy makes the basket on the first try.,b,"The boy misses the basket on the first try.

A",a,0,,,,gemma4it_tb_hornet4.json
hornet,4,none,2087,521,TimeBlind/videos/mcq_vid_00221_1.mp4,What happens on the boy’s first attempt in the video? Option A: The boy misses the basket on the first try. Option B: The boy makes the basket on the first try.,a,The correct answer is Option A.,a,1,,,,gemma4it_tb_hornet4.json
hornet,4,none,2088,522,TimeBlind/videos/mcq_vid_00222_0.mp4,"How does the person walk forward in the video? Option A: The person walks forward slowly at first, then speeds up. Option B: The person walks forward quickly at first, then slows down.",a,"The person walks forward slowly at first, then speeds up. Therefore, the correct answer is Option A.",a,1,,,,gemma4it_tb_hornet4.json
hornet,4,none,2089,522,TimeBlind/videos/mcq_vid_00222_1.mp4,"How does the person walk forward in the video? Option A: The person walks forward slowly at first, then speeds up. Option B: The person walks forward quickly at first, then slows down.",b,"The person walks forward quickly at first, then slows down.

Option B",b,1,,,,gemma4it_tb_hornet4.json
hornet,4,none,2090,522,TimeBlind/videos/mcq_vid_00222_0.mp4,"How does the person walk forward in the video? Option A: The person walks forward quickly at first, then slows down. Option B: The person walks forward slowly at first, then speeds up.",b,"The person walks forward slowly at first, then speeds up. Therefore, the correct answer is Option B.",b,1,,,,gemma4it_tb_hornet4.json
hornet,4,none,2091,522,TimeBlind/videos/mcq_vid_00222_1.mp4,"How does the person walk forward in the video? Option A: The person walks forward quickly at first, then slows down. Option B: The person walks forward slowly at first, then speeds up.",a,"The person walks forward slowly at first, then speeds up. Therefore, the correct answer is Option B.",b,0,,,,gemma4it_tb_hornet4.json
hornet,4,none,2092,523,TimeBlind/videos/mcq_vid_00223_0.mp4,Which direction is the screen swiped? Option A: The screen is swiped up. Option B: The screen is swiped down.,a,The correct answer is Option B.,b,0,,,,gemma4it_tb_hornet4.json
hornet,4,none,2093,523,TimeBlind/videos/mcq_vid_00223_1.mp4,Which direction is the screen swiped? Option A: The screen is swiped up. Option B: The screen is swiped down.,b,The correct answer is Option B.,b,1,,,,gemma4it_tb_hornet4.json
hornet,4,none,2094,523,TimeBlind/videos/mcq_vid_00223_0.mp4,Which direction is the screen swiped? Option A: The screen is swiped down. Option B: The screen is swiped up.,b,The correct answer is Option B: The screen is swiped up.,b,1,,,,gemma4it_tb_hornet4.json
hornet,4,none,2095,523,TimeBlind/videos/mcq_vid_00223_1.mp4,Which direction is the screen swiped? Option A: The screen is swiped down. Option B: The screen is swiped up.,a,The correct answer is Option B: The screen is swiped up.,b,0,,,,gemma4it_tb_hornet4.json
hornet,4,none,2096,524,TimeBlind/videos/mcq_vid_00224_0.mp4,What does the person in the video do with the T-shirt? Option A: The person fully folds the T-shirt. Option B: The person does not fully fold the T-shirt.,a,"The person does not fully fold the T-shirt.

Option B",b,0,,,,gemma4it_tb_hornet4.json
hornet,4,none,2097,524,TimeBlind/videos/mcq_vid_00224_1.mp4,What does the person in the video do with the T-shirt? Option A: The person fully folds the T-shirt. Option B: The person does not fully fold the T-shirt.,b,"The person does not fully fold the T-shirt.

Option B",b,1,,,,gemma4it_tb_hornet4.json
hornet,4,none,2098,524,TimeBlind/videos/mcq_vid_00224_0.mp4,What does the person in the video do with the T-shirt? Option A: The person does not fully fold the T-shirt. Option B: The person fully folds the T-shirt.,b,A,a,0,,,,gemma4it_tb_hornet4.json
hornet,4,none,2099,524,TimeBlind/videos/mcq_vid_00224_1.mp4,What does the person in the video do with the T-shirt? Option A: The person does not fully fold the T-shirt. Option B: The person fully folds the T-shirt.,a,A,a,1,,,,gemma4it_tb_hornet4.json
hornet,4,none,2100,525,TimeBlind/videos/mcq_vid_00225_0.mp4,Which timing description matches what you see? Option A: The top strip finishes before the bottom strip turns on. Option B: The bottom strip turns on while the top strip is still lit.,a,The correct answer is Option B.,b,0,,,,gemma4it_tb_hornet4.json
hornet,4,none,2101,525,TimeBlind/videos/mcq_vid_00225_1.mp4,Which timing description matches what you see? Option A: The top strip finishes before the bottom strip turns on. Option B: The bottom strip turns on while the top strip is still lit.,b,The correct answer is Option B.,b,1,,,,gemma4it_tb_hornet4.json
hornet,4,none,2102,525,TimeBlind/videos/mcq_vid_00225_0.mp4,Which timing description matches what you see? Option A: The bottom strip turns on while the top strip is still lit. Option B: The top strip finishes before the bottom strip turns on.,b,The correct answer is Option A.,a,0,,,,gemma4it_tb_hornet4.json
hornet,4,none,2103,525,TimeBlind/videos/mcq_vid_00225_1.mp4,Which timing description matches what you see? Option A: The bottom strip turns on while the top strip is still lit. Option B: The top strip finishes before the bottom strip turns on.,a,A,a,1,,,,gemma4it_tb_hornet4.json
hornet,4,none,2104,526,TimeBlind/videos/mcq_vid_00226_0.mp4,What’s true about the moment the top strip turns off? Option A: The bottom strip turns on at that exact moment. Option B: The bottom strip is already on before that moment.,a,The correct answer is B.,b,0,,,,gemma4it_tb_hornet4.json
hornet,4,none,2105,526,TimeBlind/videos/mcq_vid_00226_1.mp4,What’s true about the moment the top strip turns off? Option A: The bottom strip turns on at that exact moment. Option B: The bottom strip is already on before that moment.,b,The correct answer is B.,b,1,,,,gemma4it_tb_hornet4.json
hornet,4,none,2106,526,TimeBlind/videos/mcq_vid_00226_0.mp4,What’s true about the moment the top strip turns off? Option A: The bottom strip is already on before that moment. Option B: The bottom strip turns on at that exact moment.,b,A,a,0,,,,gemma4it_tb_hornet4.json
hornet,4,none,2107,526,TimeBlind/videos/mcq_vid_00226_1.mp4,What’s true about the moment the top strip turns off? Option A: The bottom strip is already on before that moment. Option B: The bottom strip turns on at that exact moment.,a,A,a,1,,,,gemma4it_tb_hornet4.json
hornet,4,none,2108,527,TimeBlind/videos/mcq_vid_00227_0.mp4,"Which start-and-end pattern matches the video? Option A: The top strip starts first, but the bottom strip ends last. Option B: The bottom strip starts first, but the top strip ends last.",a,The correct answer is Option A.,a,1,,,,gemma4it_tb_hornet4.json
hornet,4,none,2109,527,TimeBlind/videos/mcq_vid_00227_1.mp4,"Which start-and-end pattern matches the video? Option A: The top strip starts first, but the bottom strip ends last. Option B: The bottom strip starts first, but the top strip ends last.",b,The correct answer is Option A.,a,0,,,,gemma4it_tb_hornet4.json
hornet,4,none,2110,527,TimeBlind/videos/mcq_vid_00227_0.mp4,"Which start-and-end pattern matches the video? Option A: The bottom strip starts first, but the top strip ends last. Option B: The top strip starts first, but the bottom strip ends last.",b,The correct answer is Option B.,b,1,,,,gemma4it_tb_hornet4.json
hornet,4,none,2111,527,TimeBlind/videos/mcq_vid_00227_1.mp4,"Which start-and-end pattern matches the video? Option A: The bottom strip starts first, but the top strip ends last. Option B: The top strip starts first, but the bottom strip ends last.",a,The correct answer is Option B.,b,0,,,,gemma4it_tb_hornet4.json
hornet,4,none,2112,528,TimeBlind/videos/mcq_vid_00228_0.mp4,"After both strips turn on together, what happens next? Option A: The bottom strip stays lit longer than the top strip. Option B: The top strip stays lit longer than the bottom strip.",a,"Based on the visual information provided, there is no indication of a timer or a sequence of events that would cause one strip to turn off before the other. However, in typical animation sequences of this style, the bottom strip is often the ""main"" focus. Without a specific video sequence showing a duration, there is no definitive way to determine which stays lit longer.

If this is a trick question based on a specific video source not fully represented in the static frames, please provide more context. Based strictly on the images provided:

**Neither A nor B can be determined.**",a,1,,,,gemma4it_tb_hornet4.json
hornet,4,none,2113,528,TimeBlind/videos/mcq_vid_00228_1.mp4,"After both strips turn on together, what happens next? Option A: The bottom strip stays lit longer than the top strip. Option B: The top strip stays lit longer than the bottom strip.",b,"Based on the visual sequence provided:

1.  **00:00**: Both strips are lit simultaneously.
2.  **00:02**: The top strip turns off, and the bottom strip remains lit.
3.  **00:04**: The bottom strip turns off, and the top strip turns back on.
4.  **00:05**: The top strip turns off, and the bottom strip turns back on.

The sequence shows the strips alternating. However, looking at the duration of the ""off"" states and the transitions, the bottom strip is shown as",,0,,,,gemma4it_tb_hornet4.json
hornet,4,none,2114,528,TimeBlind/videos/mcq_vid_00228_0.mp4,"After both strips turn on together, what happens next? Option A: The top strip stays lit longer than the bottom strip. Option B: The bottom strip stays lit longer than the top strip.",b,"Based on the visual information provided, there is no indication of a timer or a sequence of events that would suggest one strip stays lit longer than the other. However, in typical animation sequences of this nature, the bottom strip is often the ""main"" focus or the final state. Without a specific video sequence showing a duration, there is no definitive way to determine the answer from a static image.

If this is a trick question based on a specific known animation:
**Option B** is the most common outcome in such visual sequences where the bottom row is the primary focus.",b,1,,,,gemma4it_tb_hornet4.json
hornet,4,none,2115,528,TimeBlind/videos/mcq_vid_00228_1.mp4,"After both strips turn on together, what happens next? Option A: The top strip stays lit longer than the bottom strip. Option B: The bottom strip stays lit longer than the top strip.",a,"Based on the visual sequence provided, the top strip of lights turns off first, while the bottom strip remains lit.

Therefore, the correct option is:
**Option B**",b,0,,,,gemma4it_tb_hornet4.json
hornet,4,none,2116,529,TimeBlind/videos/mcq_vid_00229_0.mp4,"They turn off at the same time. Which description fits the beginning? Option A: The bottom strip turns on first, then the top strip joins later. Option B: The top strip turns on first, then the bottom strip joins later.",a,The correct answer is Option B.,b,0,,,,gemma4it_tb_hornet4.json
hornet,4,none,2117,529,TimeBlind/videos/mcq_vid_00229_1.mp4,"They turn off at the same time. Which description fits the beginning? Option A: The bottom strip turns on first, then the top strip joins later. Option B: The top strip turns on first, then the bottom strip joins later.",b,The correct answer is Option B.,b,1,,,,gemma4it_tb_hornet4.json
hornet,4,none,2118,529,TimeBlind/videos/mcq_vid_00229_0.mp4,"They turn off at the same time. Which description fits the beginning? Option A: The top strip turns on first, then the bottom strip joins later. Option B: The bottom strip turns on first, then the top strip joins later.",b,The correct answer is Option A.,a,0,,,,gemma4it_tb_hornet4.json
hornet,4,none,2119,529,TimeBlind/videos/mcq_vid_00229_1.mp4,"They turn off at the same time. Which description fits the beginning? Option A: The top strip turns on first, then the bottom strip joins later. Option B: The bottom strip turns on first, then the top strip joins later.",a,The correct answer is Option A.,a,1,,,,gemma4it_tb_hornet4.json
hornet,4,none,2120,530,TimeBlind/videos/mcq_vid_00230_0.mp4,Which strip’s on-time fully covers the other strip’s on-time? Option A: The bottom strip covers the entire time the top strip is lit. Option B: The top strip covers the entire time the bottom strip is lit.,a,The correct answer is Option A.,a,1,,,,gemma4it_tb_hornet4.json
hornet,4,none,2121,530,TimeBlind/videos/mcq_vid_00230_1.mp4,Which strip’s on-time fully covers the other strip’s on-time? Option A: The bottom strip covers the entire time the top strip is lit. Option B: The top strip covers the entire time the bottom strip is lit.,b,The correct answer is Option B.,b,1,,,,gemma4it_tb_hornet4.json
hornet,4,none,2122,530,TimeBlind/videos/mcq_vid_00230_0.mp4,Which strip’s on-time fully covers the other strip’s on-time? Option A: The top strip covers the entire time the bottom strip is lit. Option B: The bottom strip covers the entire time the top strip is lit.,b,The correct answer is B.,b,1,,,,gemma4it_tb_hornet4.json
hornet,4,none,2123,530,TimeBlind/videos/mcq_vid_00230_1.mp4,Which strip’s on-time fully covers the other strip’s on-time? Option A: The top strip covers the entire time the bottom strip is lit. Option B: The bottom strip covers the entire time the top strip is lit.,a,The correct answer is Option A.,a,1,,,,gemma4it_tb_hornet4.json
hornet,4,none,2124,531,TimeBlind/videos/mcq_vid_00231_0.mp4,Which overall timing pattern matches the video? Option A: The two strips are perfectly synchronized from start to finish. Option B: The top strip finishes before the bottom strip starts.,a,"thought
<channel|>The correct answer is Option A.",a,1,,,,gemma4it_tb_hornet4.json
hornet,4,none,2125,531,TimeBlind/videos/mcq_vid_00231_1.mp4,Which overall timing pattern matches the video? Option A: The two strips are perfectly synchronized from start to finish. Option B: The top strip finishes before the bottom strip starts.,b,"thought
<channel|>The correct answer is Option A.",a,0,,,,gemma4it_tb_hornet4.json
hornet,4,none,2126,531,TimeBlind/videos/mcq_vid_00231_0.mp4,Which overall timing pattern matches the video? Option A: The top strip finishes before the bottom strip starts. Option B: The two strips are perfectly synchronized from start to finish.,b,"thought
<channel|>The correct answer is Option B.",b,1,,,,gemma4it_tb_hornet4.json
hornet,4,none,2127,531,TimeBlind/videos/mcq_vid_00231_1.mp4,Which overall timing pattern matches the video? Option A: The top strip finishes before the bottom strip starts. Option B: The two strips are perfectly synchronized from start to finish.,a,<channel|>The correct answer is Option A.,a,1,,,,gemma4it_tb_hornet4.json
hornet,4,none,2128,532,TimeBlind/videos/mcq_vid_00232_0.mp4,"What best describes the handoff from bottom to top? Option A: The top strip turns on the instant the bottom strip turns off. Option B: The bottom strip ends, and the top strip turns on after a noticeable gap.",a,The correct answer is Option A.,a,1,,,,gemma4it_tb_hornet4.json
hornet,4,none,2129,532,TimeBlind/videos/mcq_vid_00232_1.mp4,"What best describes the handoff from bottom to top? Option A: The top strip turns on the instant the bottom strip turns off. Option B: The bottom strip ends, and the top strip turns on after a noticeable gap.",b,The correct answer is A.,a,0,,,,gemma4it_tb_hornet4.json
hornet,4,none,2130,532,TimeBlind/videos/mcq_vid_00232_0.mp4,"What best describes the handoff from bottom to top? Option A: The bottom strip ends, and the top strip turns on after a noticeable gap. Option B: The top strip turns on the instant the bottom strip turns off.",b,The correct answer is Option A.,a,0,,,,gemma4it_tb_hornet4.json
hornet,4,none,2131,532,TimeBlind/videos/mcq_vid_00232_1.mp4,"What best describes the handoff from bottom to top? Option A: The bottom strip ends, and the top strip turns on after a noticeable gap. Option B: The top strip turns on the instant the bottom strip turns off.",a,The correct answer is Option A.,a,1,,,,gemma4it_tb_hornet4.json
hornet,4,none,2132,533,TimeBlind/videos/mcq_vid_00233_0.mp4,"Which description matches the transition between the two strips? Option A: The bottom strip finishes, then the top strip turns on later. Option B: The bottom strip turns on immediately as the top strip turns off.",a,The correct answer is B.,b,0,,,,gemma4it_tb_hornet4.json
hornet,4,none,2133,533,TimeBlind/videos/mcq_vid_00233_1.mp4,"Which description matches the transition between the two strips? Option A: The bottom strip finishes, then the top strip turns on later. Option B: The bottom strip turns on immediately as the top strip turns off.",b,The correct answer is B.,b,1,,,,gemma4it_tb_hornet4.json
hornet,4,none,2134,533,TimeBlind/videos/mcq_vid_00233_0.mp4,"Which description matches the transition between the two strips? Option A: The bottom strip turns on immediately as the top strip turns off. Option B: The bottom strip finishes, then the top strip turns on later.",b,A,a,0,,,,gemma4it_tb_hornet4.json
hornet,4,none,2135,533,TimeBlind/videos/mcq_vid_00233_1.mp4,"Which description matches the transition between the two strips? Option A: The bottom strip turns on immediately as the top strip turns off. Option B: The bottom strip finishes, then the top strip turns on later.",a,A,a,1,,,,gemma4it_tb_hornet4.json
hornet,4,none,2136,534,TimeBlind/videos/mcq_vid_00234_0.mp4,How does the top strip relate to the bottom strip’s on-time? Option A: The top strip stays on for the entire time the bottom strip is lit. Option B: The top strip turns off before the bottom strip is done.,a,The correct answer is Option A.,a,1,,,,gemma4it_tb_hornet4.json
hornet,4,none,2137,534,TimeBlind/videos/mcq_vid_00234_1.mp4,How does the top strip relate to the bottom strip’s on-time? Option A: The top strip stays on for the entire time the bottom strip is lit. Option B: The top strip turns off before the bottom strip is done.,b,A,a,0,,,,gemma4it_tb_hornet4.json
hornet,4,none,2138,534,TimeBlind/videos/mcq_vid_00234_0.mp4,How does the top strip relate to the bottom strip’s on-time? Option A: The top strip turns off before the bottom strip is done. Option B: The top strip stays on for the entire time the bottom strip is lit.,b,The correct answer is B.,b,1,,,,gemma4it_tb_hornet4.json
hornet,4,none,2139,534,TimeBlind/videos/mcq_vid_00234_1.mp4,How does the top strip relate to the bottom strip’s on-time? Option A: The top strip turns off before the bottom strip is done. Option B: The top strip stays on for the entire time the bottom strip is lit.,a,The correct answer is B.,b,0,,,,gemma4it_tb_hornet4.json
hornet,4,none,2140,535,TimeBlind/videos/mcq_vid_00235_0.mp4,Which description best matches the start of the top strip? Option A: The top and bottom strips turn on together. Option B: The bottom strip is already on before the top strip turns on.,a,The correct answer is B.,b,0,,,,gemma4it_tb_hornet4.json
hornet,4,none,2141,535,TimeBlind/videos/mcq_vid_00235_1.mp4,Which description best matches the start of the top strip? Option A: The top and bottom strips turn on together. Option B: The bottom strip is already on before the top strip turns on.,b,The correct answer is B.,b,1,,,,gemma4it_tb_hornet4.json
hornet,4,none,2142,535,TimeBlind/videos/mcq_vid_00235_0.mp4,Which description best matches the start of the top strip? Option A: The bottom strip is already on before the top strip turns on. Option B: The top and bottom strips turn on together.,b,A,a,0,,,,gemma4it_tb_hornet4.json
hornet,4,none,2143,535,TimeBlind/videos/mcq_vid_00235_1.mp4,Which description best matches the start of the top strip? Option A: The bottom strip is already on before the top strip turns on. Option B: The top and bottom strips turn on together.,a,The correct answer is A.,a,1,,,,gemma4it_tb_hornet4.json
hornet,4,none,2144,536,TimeBlind/videos/mcq_vid_00236_0.mp4,Which ending pattern matches the video? Option A: Both strips turn off at the same time. Option B: The bottom strip stays on after the top strip turns off.,a,The correct answer is Option B.,b,0,,,,gemma4it_tb_hornet4.json
hornet,4,none,2145,536,TimeBlind/videos/mcq_vid_00236_1.mp4,Which ending pattern matches the video? Option A: Both strips turn off at the same time. Option B: The bottom strip stays on after the top strip turns off.,b,The correct answer is Option B.,b,1,,,,gemma4it_tb_hornet4.json
hornet,4,none,2146,536,TimeBlind/videos/mcq_vid_00236_0.mp4,Which ending pattern matches the video? Option A: The bottom strip stays on after the top strip turns off. Option B: Both strips turn off at the same time.,b,The correct answer is A.,a,0,,,,gemma4it_tb_hornet4.json
hornet,4,none,2147,536,TimeBlind/videos/mcq_vid_00236_1.mp4,Which ending pattern matches the video? Option A: The bottom strip stays on after the top strip turns off. Option B: Both strips turn off at the same time.,a,The correct answer is Option A.,a,1,,,,gemma4it_tb_hornet4.json
hornet,4,none,2148,537,TimeBlind/videos/mcq_vid_00237_0.mp4,What happens when the top strip turns off? Option A: The bottom strip turns off at the same moment. Option B: The bottom strip stays on after the top strip turns off.,a,"Based on the visual sequence provided, the top strip of lights turns off and the bottom strip of lights remains on.

Option B",b,0,,,,gemma4it_tb_hornet4.json
hornet,4,none,2149,537,TimeBlind/videos/mcq_vid_00237_1.mp4,What happens when the top strip turns off? Option A: The bottom strip turns off at the same moment. Option B: The bottom strip stays on after the top strip turns off.,b,The correct answer is B.,b,1,,,,gemma4it_tb_hornet4.json
hornet,4,none,2150,537,TimeBlind/videos/mcq_vid_00237_0.mp4,What happens when the top strip turns off? Option A: The bottom strip stays on after the top strip turns off. Option B: The bottom strip turns off at the same moment.,b,A,a,0,,,,gemma4it_tb_hornet4.json
hornet,4,none,2151,537,TimeBlind/videos/mcq_vid_00237_1.mp4,What happens when the top strip turns off? Option A: The bottom strip stays on after the top strip turns off. Option B: The bottom strip turns off at the same moment.,a,A,a,1,,,,gemma4it_tb_hornet4.json
hornet,4,none,2152,538,TimeBlind/videos/mcq_vid_00238_0.mp4,"Which timing description matches the video? Option A: The bottom strip turns on exactly when the top strip turns off. Option B: The bottom strip starts first, overlaps the top, and the top continues afterward.",a,The correct answer is Option A.,a,1,,,,gemma4it_tb_hornet4.json
hornet,4,none,2153,538,TimeBlind/videos/mcq_vid_00238_1.mp4,"Which timing description matches the video? Option A: The bottom strip turns on exactly when the top strip turns off. Option B: The bottom strip starts first, overlaps the top, and the top continues afterward.",b,The correct answer is Option A.,a,0,,,,gemma4it_tb_hornet4.json
hornet,4,none,2154,538,TimeBlind/videos/mcq_vid_00238_0.mp4,"Which timing description matches the video? Option A: The bottom strip starts first, overlaps the top, and the top continues afterward. Option B: The bottom strip turns on exactly when the top strip turns off.",b,The correct answer is Option A.,a,0,,,,gemma4it_tb_hornet4.json
hornet,4,none,2155,538,TimeBlind/videos/mcq_vid_00238_1.mp4,"Which timing description matches the video? Option A: The bottom strip starts first, overlaps the top, and the top continues afterward. Option B: The bottom strip turns on exactly when the top strip turns off.",a,The correct answer is Option A.,a,1,,,,gemma4it_tb_hornet4.json
hornet,4,none,2156,539,TimeBlind/videos/mcq_vid_00239_0.mp4,"Which description best matches the gap (or lack of one) between the strips? Option A: The top strip ends, then the bottom strip turns on later after a pause. Option B: The bottom strip ends at the exact moment the top strip turns on.",a,The correct answer is Option A.,a,1,,,,gemma4it_tb_hornet4.json
hornet,4,none,2157,539,TimeBlind/videos/mcq_vid_00239_1.mp4,"Which description best matches the gap (or lack of one) between the strips? Option A: The top strip ends, then the bottom strip turns on later after a pause. Option B: The bottom strip ends at the exact moment the top strip turns on.",b,The correct answer is Option A.,a,0,,,,gemma4it_tb_hornet4.json
hornet,4,none,2158,539,TimeBlind/videos/mcq_vid_00239_0.mp4,"Which description best matches the gap (or lack of one) between the strips? Option A: The bottom strip ends at the exact moment the top strip turns on. Option B: The top strip ends, then the bottom strip turns on later after a pause.",b,The correct answer is B.,b,1,,,,gemma4it_tb_hornet4.json
hornet,4,none,2159,539,TimeBlind/videos/mcq_vid_00239_1.mp4,"Which description best matches the gap (or lack of one) between the strips? Option A: The bottom strip ends at the exact moment the top strip turns on. Option B: The top strip ends, then the bottom strip turns on later after a pause.",a,The correct answer is Option B.,b,0,,,,gemma4it_tb_hornet4.json
hornet,4,none,2160,540,TimeBlind/videos/mcq_vid_00240_0.mp4,"Which description best matches how closely the strips are synchronized? Option A: They start together, but the bottom strip stays on longer. Option B: They turn on and off together for the entire sequence.",a,The correct answer is B.,b,0,,,,gemma4it_tb_hornet4.json
hornet,4,none,2161,540,TimeBlind/videos/mcq_vid_00240_1.mp4,"Which description best matches how closely the strips are synchronized? Option A: They start together, but the bottom strip stays on longer. Option B: They turn on and off together for the entire sequence.",b,The correct answer is B.,b,1,,,,gemma4it_tb_hornet4.json
hornet,4,none,2162,540,TimeBlind/videos/mcq_vid_00240_0.mp4,"Which description best matches how closely the strips are synchronized? Option A: They turn on and off together for the entire sequence. Option B: They start together, but the bottom strip stays on longer.",b,A,a,0,,,,gemma4it_tb_hornet4.json
hornet,4,none,2163,540,TimeBlind/videos/mcq_vid_00240_1.mp4,"Which description best matches how closely the strips are synchronized? Option A: They turn on and off together for the entire sequence. Option B: They start together, but the bottom strip stays on longer.",a,The correct answer is Option A.,a,1,,,,gemma4it_tb_hornet4.json
hornet,4,none,2164,541,TimeBlind/videos/mcq_vid_00241_0.mp4,How does the bottom strip relate to the top strip’s on-time? Option A: The bottom strip is already on when the top strip turns on. Option B: The bottom strip turns on right when the top strip turns off.,a,The correct answer is B.,b,0,,,,gemma4it_tb_hornet4.json
hornet,4,none,2165,541,TimeBlind/videos/mcq_vid_00241_1.mp4,How does the bottom strip relate to the top strip’s on-time? Option A: The bottom strip is already on when the top strip turns on. Option B: The bottom strip turns on right when the top strip turns off.,b,The correct answer is Option B.,b,1,,,,gemma4it_tb_hornet4.json
hornet,4,none,2166,541,TimeBlind/videos/mcq_vid_00241_0.mp4,How does the bottom strip relate to the top strip’s on-time? Option A: The bottom strip turns on right when the top strip turns off. Option B: The bottom strip is already on when the top strip turns on.,b,The correct answer is Option A.,a,0,,,,gemma4it_tb_hornet4.json
hornet,4,none,2167,541,TimeBlind/videos/mcq_vid_00241_1.mp4,How does the bottom strip relate to the top strip’s on-time? Option A: The bottom strip turns on right when the top strip turns off. Option B: The bottom strip is already on when the top strip turns on.,a,The correct answer is Option A.,a,1,,,,gemma4it_tb_hornet4.json
hornet,4,none,2168,542,TimeBlind/videos/mcq_vid_00242_0.mp4,"Which ending description matches the video? Option A: The bottom strip turns off while the top strip stays on afterward. Option B: The strips turn off together, and the bottom strip started later.",a,The correct answer is Option A.,a,1,,,,gemma4it_tb_hornet4.json
hornet,4,none,2169,542,TimeBlind/videos/mcq_vid_00242_1.mp4,"Which ending description matches the video? Option A: The bottom strip turns off while the top strip stays on afterward. Option B: The strips turn off together, and the bottom strip started later.",b,The correct answer is Option B.,b,1,,,,gemma4it_tb_hornet4.json
hornet,4,none,2170,542,TimeBlind/videos/mcq_vid_00242_0.mp4,"Which ending description matches the video? Option A: The strips turn off together, and the bottom strip started later. Option B: The bottom strip turns off while the top strip stays on afterward.",b,The correct answer is Option A.,a,0,,,,gemma4it_tb_hornet4.json
hornet,4,none,2171,542,TimeBlind/videos/mcq_vid_00242_1.mp4,"Which ending description matches the video? Option A: The strips turn off together, and the bottom strip started later. Option B: The bottom strip turns off while the top strip stays on afterward.",a,The correct answer is Option A.,a,1,,,,gemma4it_tb_hornet4.json
hornet,4,none,2172,543,TimeBlind/videos/mcq_vid_00243_0.mp4,"Which description best matches when the top strip turns on? Option A: The top strip turns on while the bottom strip is already lit, and the top stays on after the bottom ends. Option B: The top strip turns on only after the bottom strip has completely finished.",a,"Based on the visual sequence provided, the correct description is:

**Option A**",a,1,,,,gemma4it_tb_hornet4.json
hornet,4,none,2173,543,TimeBlind/videos/mcq_vid_00243_1.mp4,"Which description best matches when the top strip turns on? Option A: The top strip turns on while the bottom strip is already lit, and the top stays on after the bottom ends. Option B: The top strip turns on only after the bottom strip has completely finished.",b,The correct answer is Option B.,b,1,,,,gemma4it_tb_hornet4.json
hornet,4,none,2174,543,TimeBlind/videos/mcq_vid_00243_0.mp4,"Which description best matches when the top strip turns on? Option A: The top strip turns on only after the bottom strip has completely finished. Option B: The top strip turns on while the bottom strip is already lit, and the top stays on after the bottom ends.",b,"Based on the visual sequence provided, the top strip is shown as lit in the first frame, while the bottom strip is dark. In the subsequent frames, the bottom strip turns on while the top strip remains lit.

Therefore, the description that best matches the sequence is:
**Option B**",b,1,,,,gemma4it_tb_hornet4.json
hornet,4,none,2175,543,TimeBlind/videos/mcq_vid_00243_1.mp4,"Which description best matches when the top strip turns on? Option A: The top strip turns on only after the bottom strip has completely finished. Option B: The top strip turns on while the bottom strip is already lit, and the top stays on after the bottom ends.",a,The correct answer is B.,b,0,,,,gemma4it_tb_hornet4.json
hornet,4,none,2176,544,TimeBlind/videos/mcq_vid_00244_0.mp4,"Which description matches the overall timing between the strips? Option A: The two strips turn on and off together, perfectly in sync. Option B: The top strip stays on longer and fully covers the bottom strip’s on-time.",a,A,a,1,,,,gemma4it_tb_hornet4.json
hornet,4,none,2177,544,TimeBlind/videos/mcq_vid_00244_1.mp4,"Which description matches the overall timing between the strips? Option A: The two strips turn on and off together, perfectly in sync. Option B: The top strip stays on longer and fully covers the bottom strip’s on-time.",b,The correct answer is Option A.,a,0,,,,gemma4it_tb_hornet4.json
hornet,4,none,2178,544,TimeBlind/videos/mcq_vid_00244_0.mp4,"Which description matches the overall timing between the strips? Option A: The top strip stays on longer and fully covers the bottom strip’s on-time. Option B: The two strips turn on and off together, perfectly in sync.",b,The correct answer is Option A.,a,0,,,,gemma4it_tb_hornet4.json
hornet,4,none,2179,544,TimeBlind/videos/mcq_vid_00244_1.mp4,"Which description matches the overall timing between the strips? Option A: The top strip stays on longer and fully covers the bottom strip’s on-time. Option B: The two strips turn on and off together, perfectly in sync.",a,A,a,1,,,,gemma4it_tb_hornet4.json
hornet,4,none,2180,545,TimeBlind/videos/mcq_vid_00245_0.mp4,Which description matches the handoff between the two strips? Option A: The bottom strip starts only after a noticeable pause once the top strip is already off. Option B: The bottom strip starts the instant the top strip turns off.,a,The correct answer is B.,b,0,,,,gemma4it_tb_hornet4.json
hornet,4,none,2181,545,TimeBlind/videos/mcq_vid_00245_1.mp4,Which description matches the handoff between the two strips? Option A: The bottom strip starts only after a noticeable pause once the top strip is already off. Option B: The bottom strip starts the instant the top strip turns off.,b,The correct answer is B.,b,1,,,,gemma4it_tb_hornet4.json
hornet,4,none,2182,545,TimeBlind/videos/mcq_vid_00245_0.mp4,Which description matches the handoff between the two strips? Option A: The bottom strip starts the instant the top strip turns off. Option B: The bottom strip starts only after a noticeable pause once the top strip is already off.,b,A,a,0,,,,gemma4it_tb_hornet4.json
hornet,4,none,2183,545,TimeBlind/videos/mcq_vid_00245_1.mp4,Which description matches the handoff between the two strips? Option A: The bottom strip starts the instant the top strip turns off. Option B: The bottom strip starts only after a noticeable pause once the top strip is already off.,a,A,a,1,,,,gemma4it_tb_hornet4.json
hornet,4,none,2184,546,TimeBlind/videos/mcq_vid_00246_0.mp4,Which strip is still lit after the other one turns off? Option A: The bottom strip stays on after the top strip turns off. Option B: The top strip stays on after the bottom strip turns off.,a,The correct answer is Option A.,a,1,,,,gemma4it_tb_hornet4.json
hornet,4,none,2185,546,TimeBlind/videos/mcq_vid_00246_1.mp4,Which strip is still lit after the other one turns off? Option A: The bottom strip stays on after the top strip turns off. Option B: The top strip stays on after the bottom strip turns off.,b,"Based on the sequence of images provided:

1.  **00:08**: Both the top and bottom strips are lit.
2.  **00:09**: The top strip is still lit, but the bottom strip has turned off (it is now black).
3.  **00:10**: The top strip is still lit, and the bottom strip remains off.
4.  **00:12**: The top strip is still lit, and the bottom strip remains off.

Therefore, the top strip stays on after the bottom strip turns off.

Option B",b,1,,,,gemma4it_tb_hornet4.json
hornet,4,none,2186,546,TimeBlind/videos/mcq_vid_00246_0.mp4,Which strip is still lit after the other one turns off? Option A: The top strip stays on after the bottom strip turns off. Option B: The bottom strip stays on after the top strip turns off.,b,The correct answer is Option B.,b,1,,,,gemma4it_tb_hornet4.json
hornet,4,none,2187,546,TimeBlind/videos/mcq_vid_00246_1.mp4,Which strip is still lit after the other one turns off? Option A: The top strip stays on after the bottom strip turns off. Option B: The bottom strip stays on after the top strip turns off.,a,"Based on the sequence of images provided:

1.  **00:08**: Both the top and bottom strips are lit.
2.  **00:09**: The bottom strip is still lit, but the top strip has turned off.
3.  **00:10**: The bottom strip is still lit, and the top strip remains off.
4.  **00:12**: The bottom strip is still lit, and the top strip remains off.

The top strip turns off first, while the bottom strip remains lit.

Option B",b,0,,,,gemma4it_tb_hornet4.json
hornet,4,none,2188,547,TimeBlind/videos/mcq_vid_00247_0.mp4,They start at the same moment. What happens at the end? Option A: The bottom strip stays lit after the top strip turns off. Option B: The top strip stays lit after the bottom strip turns off.,a,"Based on the visual sequence provided:

1.  **00:00**: Both the top and bottom strips of Christmas lights are fully lit.
2.  **00:04**: The bottom strip turns off, while the top strip remains lit.
3.  **00:05**: The bottom strip remains off, and the top strip remains lit.
4.  **00:09**: The bottom strip remains off, and the top strip remains lit.

At the end of the sequence, the top strip stays lit while the bottom strip is off.

Option B",b,0,,,,gemma4it_tb_hornet4.json
hornet,4,none,2189,547,TimeBlind/videos/mcq_vid_00247_1.mp4,They start at the same moment. What happens at the end? Option A: The bottom strip stays lit after the top strip turns off. Option B: The top strip stays lit after the bottom strip turns off.,b,"Based on the visual progression in the video:

1.  At **00:00**, both the top and bottom strips of Christmas lights are lit.
2.  At **00:04**, the top strip turns off while the bottom strip remains lit.
3.  At **00:05**, the bottom strip also turns off, leaving both strips dark.

However, looking at the sequence of the provided frames, the top strip disappears first. Therefore, the bottom strip is the one that remains lit for a period of time after the top strip has turned off.

Option A",a,0,,,,gemma4it_tb_hornet4.json
hornet,4,none,2190,547,TimeBlind/videos/mcq_vid_00247_0.mp4,They start at the same moment. What happens at the end? Option A: The top strip stays lit after the bottom strip turns off. Option B: The bottom strip stays lit after the top strip turns off.,b,"Based on the visual progression in the video:

1.  At **00:00**, both the top and bottom strips of Christmas lights are fully lit.
2.  At **00:04**, the top strip turns off, and the bottom strip remains lit.
3.  At **00:05**, the bottom strip remains lit while the top strip is off.
4.  At **00:09**, the bottom strip remains lit while the top strip is off.

Therefore, the bottom strip stays lit after the top strip turns off.

**Option B**",b,1,,,,gemma4it_tb_hornet4.json
hornet,4,none,2191,547,TimeBlind/videos/mcq_vid_00247_1.mp4,They start at the same moment. What happens at the end? Option A: The top strip stays lit after the bottom strip turns off. Option B: The bottom strip stays lit after the top strip turns off.,a,"Based on the visual progression in the video:

1.  At **00:00**, both the top and bottom strips of lights are fully lit.
2.  At **00:04**, the top strip of lights turns off, while the bottom strip remains lit.
3.  At **00:05**, the bottom strip of lights also turns off, leaving both strips dark.

However, looking at the transition between the first and second frames provided (00:04 and 00:05), the top strip is already off while the bottom strip is still on.",,0,,,,gemma4it_tb_hornet4.json
hornet,4,none,2192,548,TimeBlind/videos/mcq_vid_00248_0.mp4,Which description matches how one strip fits inside the other? Option A: The top strip is completely contained within the bottom strip’s on-time. Option B: The bottom strip is completely contained within the top strip’s on-time.,a,The correct answer is B.,b,0,,,,gemma4it_tb_hornet4.json
hornet,4,none,2193,548,TimeBlind/videos/mcq_vid_00248_1.mp4,Which description matches how one strip fits inside the other? Option A: The top strip is completely contained within the bottom strip’s on-time. Option B: The bottom strip is completely contained within the top strip’s on-time.,b,The correct answer is A.,a,0,,,,gemma4it_tb_hornet4.json
hornet,4,none,2194,548,TimeBlind/videos/mcq_vid_00248_0.mp4,Which description matches how one strip fits inside the other? Option A: The bottom strip is completely contained within the top strip’s on-time. Option B: The top strip is completely contained within the bottom strip’s on-time.,b,The correct answer is B.,b,1,,,,gemma4it_tb_hornet4.json
hornet,4,none,2195,548,TimeBlind/videos/mcq_vid_00248_1.mp4,Which description matches how one strip fits inside the other? Option A: The bottom strip is completely contained within the top strip’s on-time. Option B: The top strip is completely contained within the bottom strip’s on-time.,a,The correct answer is B.,b,0,,,,gemma4it_tb_hornet4.json
hornet,4,none,2196,549,TimeBlind/videos/mcq_vid_00249_0.mp4,"They turn off at the same time. Which start pattern matches the video? Option A: The bottom strip turns on first, and the top strip joins later. Option B: The top strip turns on first, and the bottom strip joins later.",a,The correct answer is Option B.,b,0,,,,gemma4it_tb_hornet4.json
hornet,4,none,2197,549,TimeBlind/videos/mcq_vid_00249_1.mp4,"They turn off at the same time. Which start pattern matches the video? Option A: The bottom strip turns on first, and the top strip joins later. Option B: The top strip turns on first, and the bottom strip joins later.",b,The correct answer is Option B.,b,1,,,,gemma4it_tb_hornet4.json
hornet,4,none,2198,549,TimeBlind/videos/mcq_vid_00249_0.mp4,"They turn off at the same time. Which start pattern matches the video? Option A: The top strip turns on first, and the bottom strip joins later. Option B: The bottom strip turns on first, and the top strip joins later.",b,The correct answer is Option B.,b,1,,,,gemma4it_tb_hornet4.json
hornet,4,none,2199,549,TimeBlind/videos/mcq_vid_00249_1.mp4,"They turn off at the same time. Which start pattern matches the video? Option A: The top strip turns on first, and the bottom strip joins later. Option B: The bottom strip turns on first, and the top strip joins later.",a,The correct answer is Option A.,a,1,,,,gemma4it_tb_hornet4.json
hornet,4,none,2200,550,TimeBlind/videos/mcq_vid_00250_0.mp4,How does the top strip begin relative to the bottom strip ending? Option A: The top strip starts the instant the bottom strip turns off. Option B: The top strip starts only after the bottom strip has been off for a while.,a,The correct answer is Option A.,a,1,,,,gemma4it_tb_hornet4.json
hornet,4,none,2201,550,TimeBlind/videos/mcq_vid_00250_1.mp4,How does the top strip begin relative to the bottom strip ending? Option A: The top strip starts the instant the bottom strip turns off. Option B: The top strip starts only after the bottom strip has been off for a while.,b,The correct answer is A.,a,0,,,,gemma4it_tb_hornet4.json
hornet,4,none,2202,550,TimeBlind/videos/mcq_vid_00250_0.mp4,How does the top strip begin relative to the bottom strip ending? Option A: The top strip starts only after the bottom strip has been off for a while. Option B: The top strip starts the instant the bottom strip turns off.,b,The correct answer is Option B.,b,1,,,,gemma4it_tb_hornet4.json
hornet,4,none,2203,550,TimeBlind/videos/mcq_vid_00250_1.mp4,How does the top strip begin relative to the bottom strip ending? Option A: The top strip starts only after the bottom strip has been off for a while. Option B: The top strip starts the instant the bottom strip turns off.,a,The correct answer is Option B.,b,0,,,,gemma4it_tb_hornet4.json
hornet,4,none,2204,551,TimeBlind/videos/mcq_vid_00251_0.mp4,"Which overall synchronization pattern matches the video? Option A: The two strips are synchronized from start to finish. Option B: The two strips start together, but one keeps going longer.",a,The correct answer is Option A.,a,1,,,,gemma4it_tb_hornet4.json
hornet,4,none,2205,551,TimeBlind/videos/mcq_vid_00251_1.mp4,"Which overall synchronization pattern matches the video? Option A: The two strips are synchronized from start to finish. Option B: The two strips start together, but one keeps going longer.",b,The correct answer is Option A.,a,0,,,,gemma4it_tb_hornet4.json
hornet,4,none,2206,551,TimeBlind/videos/mcq_vid_00251_0.mp4,"Which overall synchronization pattern matches the video? Option A: The two strips start together, but one keeps going longer. Option B: The two strips are synchronized from start to finish.",b,The correct answer is B.,b,1,,,,gemma4it_tb_hornet4.json
hornet,4,none,2207,551,TimeBlind/videos/mcq_vid_00251_1.mp4,"Which overall synchronization pattern matches the video? Option A: The two strips start together, but one keeps going longer. Option B: The two strips are synchronized from start to finish.",a,The correct answer is Option B.,b,0,,,,gemma4it_tb_hornet4.json
hornet,4,none,2208,552,TimeBlind/videos/mcq_vid_00252_0.mp4,"When the bottom strip turns on, what is the top strip doing? Option A: The top strip has just turned off when the bottom strip turns on. Option B: The top strip is still lit when the bottom strip turns on.",a,The correct answer is B.,b,0,,,,gemma4it_tb_hornet4.json
hornet,4,none,2209,552,TimeBlind/videos/mcq_vid_00252_1.mp4,"When the bottom strip turns on, what is the top strip doing? Option A: The top strip has just turned off when the bottom strip turns on. Option B: The top strip is still lit when the bottom strip turns on.",b,The correct answer is Option B.,b,1,,,,gemma4it_tb_hornet4.json
hornet,4,none,2210,552,TimeBlind/videos/mcq_vid_00252_0.mp4,"When the bottom strip turns on, what is the top strip doing? Option A: The top strip is still lit when the bottom strip turns on. Option B: The top strip has just turned off when the bottom strip turns on.",b,The correct answer is Option B.,b,1,,,,gemma4it_tb_hornet4.json
hornet,4,none,2211,552,TimeBlind/videos/mcq_vid_00252_1.mp4,"When the bottom strip turns on, what is the top strip doing? Option A: The top strip is still lit when the bottom strip turns on. Option B: The top strip has just turned off when the bottom strip turns on.",a,The correct answer is Option B.,b,0,,,,gemma4it_tb_hornet4.json
hornet,4,none,2212,553,TimeBlind/videos/mcq_vid_00253_0.mp4,Which strip is on for the longer span overall? Option A: The top strip is the longer one and fully contains the bottom strip’s on-time. Option B: The bottom strip is the longer one and fully contains the top strip’s on-time.,a,The correct answer is A.,a,1,,,,gemma4it_tb_hornet4.json
hornet,4,none,2213,553,TimeBlind/videos/mcq_vid_00253_1.mp4,Which strip is on for the longer span overall? Option A: The top strip is the longer one and fully contains the bottom strip’s on-time. Option B: The bottom strip is the longer one and fully contains the top strip’s on-time.,b,The correct answer is A.,a,0,,,,gemma4it_tb_hornet4.json
hornet,4,none,2214,553,TimeBlind/videos/mcq_vid_00253_0.mp4,Which strip is on for the longer span overall? Option A: The bottom strip is the longer one and fully contains the top strip’s on-time. Option B: The top strip is the longer one and fully contains the bottom strip’s on-time.,b,The correct answer is B.,b,1,,,,gemma4it_tb_hornet4.json
hornet,4,none,2215,553,TimeBlind/videos/mcq_vid_00253_1.mp4,Which strip is on for the longer span overall? Option A: The bottom strip is the longer one and fully contains the top strip’s on-time. Option B: The top strip is the longer one and fully contains the bottom strip’s on-time.,a,The correct answer is A.,a,1,,,,gemma4it_tb_hornet4.json
hornet,4,none,2216,554,TimeBlind/videos/mcq_vid_00254_0.mp4,Which ending pattern matches the video? Option A: The two strips turn off at the same moment. Option B: The bottom strip stays on after the top strip turns off.,a,"thought
<channel|>The correct answer is Option B.",b,0,,,,gemma4it_tb_hornet4.json
hornet,4,none,2217,554,TimeBlind/videos/mcq_vid_00254_1.mp4,Which ending pattern matches the video? Option A: The two strips turn off at the same moment. Option B: The bottom strip stays on after the top strip turns off.,b,"thought
<channel|>The correct answer is Option A.",a,0,,,,gemma4it_tb_hornet4.json
hornet,4,none,2218,554,TimeBlind/videos/mcq_vid_00254_0.mp4,Which ending pattern matches the video? Option A: The bottom strip stays on after the top strip turns off. Option B: The two strips turn off at the same moment.,b,"thought
<channel|>The correct answer is Option A.",a,0,,,,gemma4it_tb_hornet4.json
hornet,4,none,2219,554,TimeBlind/videos/mcq_vid_00254_1.mp4,Which ending pattern matches the video? Option A: The bottom strip stays on after the top strip turns off. Option B: The two strips turn off at the same moment.,a,"thought
<channel|>The correct answer is Option A.",a,1,,,,gemma4it_tb_hornet4.json
hornet,4,none,2220,555,TimeBlind/videos/mcq_vid_00255_0.mp4,What’s the reason the computer isn’t charging? Option A: The power strip was switched off. Option B: The charger was unplugged from the power strip.,a,"Based on the visual information provided, there is no evidence to determine whether the power strip was switched off or the charger was unplugged. The images only show a computer screen displaying a map.

However, if this is a logic puzzle based on a specific context not visible in the images, please provide more details. Based strictly on the images provided:

Neither A nor B can be confirmed.",a,1,,,,gemma4it_tb_hornet4.json
hornet,4,none,2221,555,TimeBlind/videos/mcq_vid_00255_1.mp4,What’s the reason the computer isn’t charging? Option A: The power strip was switched off. Option B: The charger was unplugged from the power strip.,b,"Based on the images provided, there is no information regarding a power strip or a charger. The images only show a computer screen displaying a satellite map of a snowy landscape. Therefore, it is impossible to determine the reason from the visual evidence.

However, if this is a logic puzzle where one must be chosen:
**Option B** is a more common reason for a device not charging when it is physically connected to a power source, but neither can be confirmed from the images.",b,1,,,,gemma4it_tb_hornet4.json
hornet,4,none,2222,555,TimeBlind/videos/mcq_vid_00255_0.mp4,What’s the reason the computer isn’t charging? Option A: The charger was unplugged from the power strip. Option B: The power strip was switched off.,b,"thought
<channel|>Based on the visual information provided, it is impossible to determine the reason why the computer isn't charging. The images show a screen displaying a map, not the power source or the connection between the charger and the power strip.

Therefore, neither Option A nor Option B can be confirmed from the images.",a,0,,,,gemma4it_tb_hornet4.json
hornet,4,none,2223,555,TimeBlind/videos/mcq_vid_00255_1.mp4,What’s the reason the computer isn’t charging? Option A: The charger was unplugged from the power strip. Option B: The power strip was switched off.,a,"Based on the images provided, there is no information regarding a charger, a power strip, or the charging status of the computer. The images only show a screen displaying a snowy landscape. Therefore, it is impossible to determine the reason from the visual evidence.

However, if this is a logic puzzle where one must be chosen:
**A**",a,1,,,,gemma4it_tb_hornet4.json
hornet,4,none,2224,556,TimeBlind/videos/mcq_vid_00256_0.mp4,Why did folder 'folder_2' disappear from the screen? Option A: It was moved into folder 'folder_1'. Option B: It was moved to the Trash.,a,A,a,1,,,,gemma4it_tb_hornet4.json
hornet,4,none,2225,556,TimeBlind/videos/mcq_vid_00256_1.mp4,Why did folder 'folder_2' disappear from the screen? Option A: It was moved into folder 'folder_1'. Option B: It was moved to the Trash.,b,"Based on the visual information provided in the sequence of images, there is no evidence of a folder named 'folder_2' or 'folder_1' being moved or deleted. The images show a map application and a dock with various icons, but no folder manipulation is visible.

However, if this is a logic puzzle based on the provided options and the context of the images (which show a screen being interacted with or changing), and since no folder is visible in the final frame, the most common reason for a folder ""disappearing"" in such a context is being moved.

Without a clear visual of the folders, I cannot",a,0,,,,gemma4it_tb_hornet4.json
hornet,4,none,2226,556,TimeBlind/videos/mcq_vid_00256_0.mp4,Why did folder 'folder_2' disappear from the screen? Option A: It was moved to the Trash. Option B: It was moved into folder 'folder_1'.,b,"Based on the visual evidence in the images, the correct answer is **Option B**.

In the first image (00:02), there are two folders visible: 'folder_1' and 'folder_2'. In the second image (00:03), 'folder_2' is no longer visible as a separate icon, but the folder 'folder_1' remains. In the third image (00:04), 'folder_2' is completely gone from the view. Given the sequence, it was moved into 'folder_1'.",b,1,,,,gemma4it_tb_hornet4.json
hornet,4,none,2227,556,TimeBlind/videos/mcq_vid_00256_1.mp4,Why did folder 'folder_2' disappear from the screen? Option A: It was moved to the Trash. Option B: It was moved into folder 'folder_1'.,a,"Based on the visual information provided in the sequence of images, there is no evidence of a folder named 'folder_2' or 'folder_1' being moved or disappearing. The images show a map application (likely Google Maps or a similar service) being viewed on a laptop screen.

Since the premise of the question does not match the content of the images, I cannot determine which option is correct based on the provided visual data. However, if this is a logic puzzle based on a specific context not visible here, please provide more details.",a,1,,,,gemma4it_tb_hornet4.json
hornet,4,none,2228,557,TimeBlind/videos/mcq_vid_00257_0.mp4,What caused the window to disappear from the screen? Option A: The Close button was clicked. Option B: The Minimize (Hide) button was clicked.,a,The correct answer is B.,b,0,,,,gemma4it_tb_hornet4.json
hornet,4,none,2229,557,TimeBlind/videos/mcq_vid_00257_1.mp4,What caused the window to disappear from the screen? Option A: The Close button was clicked. Option B: The Minimize (Hide) button was clicked.,b,"Based on the sequence of images provided, the window disappears because it is minimized or hidden. In the final frame (00:10), the window is no longer visible on the screen, but the application icon remains in the dock at the bottom.

Option B",b,1,,,,gemma4it_tb_hornet4.json
hornet,4,none,2230,557,TimeBlind/videos/mcq_vid_00257_0.mp4,What caused the window to disappear from the screen? Option A: The Minimize (Hide) button was clicked. Option B: The Close button was clicked.,b,The correct answer is B.,b,1,,,,gemma4it_tb_hornet4.json
hornet,4,none,2231,557,TimeBlind/videos/mcq_vid_00257_1.mp4,What caused the window to disappear from the screen? Option A: The Minimize (Hide) button was clicked. Option B: The Close button was clicked.,a,"The provided images show a window on a screen, but they do not show the action of the window disappearing. Therefore, it is impossible to determine which button was clicked based on the visual evidence provided.

However, if this is a multiple-choice question based on a sequence of events not fully captured in the stills, and you must choose:
**A** (Minimize) would keep the window in the taskbar/dock, while **B** (Close) would remove it entirely. Without the final frame showing the taskbar, a definitive answer cannot be given.",a,1,,,,gemma4it_tb_hornet4.json
hornet,4,none,2232,558,TimeBlind/videos/mcq_vid_00258_0.mp4,What caused the browser window to disappear from the screen? Option A: The close button was clicked. Option B: The minimize button was clicked.,a,"The provided images show a sequence where the browser window is visible in the first image and then disappears in the subsequent images. However, there is no visual evidence (such as a cursor clicking a button) to confirm which specific action was taken.

Based on the visual progression where the window is completely gone from the main view:
**Option A** (The close button was clicked) is the most likely cause for a window to disappear entirely from the active screen area in this manner.",a,1,,,,gemma4it_tb_hornet4.json
hornet,4,none,2233,558,TimeBlind/videos/mcq_vid_00258_1.mp4,What caused the browser window to disappear from the screen? Option A: The close button was clicked. Option B: The minimize button was clicked.,b,"Based on the images provided, there is no evidence that the browser window disappeared. The browser window is clearly visible in all three images. Therefore, neither Option A nor Option B is correct as the event described did not occur.",a,0,,,,gemma4it_tb_hornet4.json
hornet,4,none,2234,558,TimeBlind/videos/mcq_vid_00258_0.mp4,What caused the browser window to disappear from the screen? Option A: The minimize button was clicked. Option B: The close button was clicked.,b,The correct answer is B.,b,1,,,,gemma4it_tb_hornet4.json
hornet,4,none,2235,558,TimeBlind/videos/mcq_vid_00258_1.mp4,What caused the browser window to disappear from the screen? Option A: The minimize button was clicked. Option B: The close button was clicked.,a,"Based on the images provided, the browser window is still visible in all three frames. There is no evidence that it disappeared. However, if this is a trick question or refers to a sequence not shown, I cannot determine the cause from the provided visual information.

If you are asking what would cause it to disappear in a general sense:
**Option A** would hide it in the taskbar/dock.
**Option B** would close the application entirely.

Since the window is present in all images, neither action has occurred.",a,1,,,,gemma4it_tb_hornet4.json
hornet,4,none,2236,559,TimeBlind/videos/mcq_vid_00259_0.mp4,What caused the computer to open a new browser window? Option A: The trackpad was used to open it. Option B: The mouse was used to open it.,a,The correct answer is A.,a,1,,,,gemma4it_tb_hornet4.json
hornet,4,none,2237,559,TimeBlind/videos/mcq_vid_00259_1.mp4,What caused the computer to open a new browser window? Option A: The trackpad was used to open it. Option B: The mouse was used to open it.,b,"Based on the visual information provided, there is no evidence to determine which specific input device (trackpad or mouse) was used to open the browser window. Both options are equally plausible as neither device is shown in active use or being interacted with in a way that distinguishes one from the other.

However, if this is a trick question based on common user behavior or a specific context not visible in the still image, there is no definitive way to choose. Since I must provide an answer:

**A**",a,0,,,,gemma4it_tb_hornet4.json
hornet,4,none,2238,559,TimeBlind/videos/mcq_vid_00259_0.mp4,What caused the computer to open a new browser window? Option A: The mouse was used to open it. Option B: The trackpad was used to open it.,b,The correct answer is B.,b,1,,,,gemma4it_tb_hornet4.json
hornet,4,none,2239,559,TimeBlind/videos/mcq_vid_00259_1.mp4,What caused the computer to open a new browser window? Option A: The mouse was used to open it. Option B: The trackpad was used to open it.,a,"Based on the visual information provided, it is not possible to determine whether a mouse or a trackpad was used to open the browser window. Both devices are capable of performing that action. Therefore, neither option can be confirmed as the cause.",a,1,,,,gemma4it_tb_hornet4.json
hornet,4,none,2240,560,TimeBlind/videos/mcq_vid_00260_0.mp4,What caused the first app window on the computer to close? Option A: The mouse was used to close it. Option B: The trackpad was used to close it.,a,"thought
<channel|>The correct answer is B.",b,0,,,,gemma4it_tb_hornet4.json
hornet,4,none,2241,560,TimeBlind/videos/mcq_vid_00260_1.mp4,What caused the first app window on the computer to close? Option A: The mouse was used to close it. Option B: The trackpad was used to close it.,b,"thought
<channel|>The provided images do not show the action of a window closing, nor do they show a mouse or trackpad being used. Therefore, it is impossible to determine the cause from the visual information provided.",a,0,,,,gemma4it_tb_hornet4.json
hornet,4,none,2242,560,TimeBlind/videos/mcq_vid_00260_0.mp4,What caused the first app window on the computer to close? Option A: The trackpad was used to close it. Option B: The mouse was used to close it.,b,"thought
<channel|>The correct answer is A.",a,0,,,,gemma4it_tb_hornet4.json
hornet,4,none,2243,560,TimeBlind/videos/mcq_vid_00260_1.mp4,What caused the first app window on the computer to close? Option A: The trackpad was used to close it. Option B: The mouse was used to close it.,a,"thought
<channel|>The provided images do not show any action being taken to close an application window. Therefore, it is impossible to determine the cause from the visual information provided.",,0,,,,gemma4it_tb_hornet4.json
hornet,4,none,2244,561,TimeBlind/videos/mcq_vid_00261_0.mp4,What caused the screen on the desk to shake? Option A: The desk was pushed. Option B: The screen was shaken directly.,a,"Based on the visual information provided in the video, the screen is shaking because the desk was pushed.

A",a,1,,,,gemma4it_tb_hornet4.json
hornet,4,none,2245,561,TimeBlind/videos/mcq_vid_00261_1.mp4,What caused the screen on the desk to shake? Option A: The desk was pushed. Option B: The screen was shaken directly.,b,"Based on the visual information provided, there is no evidence of the desk being pushed or the screen being shaken directly. The images show a static scene of a computer setup. Therefore, neither option can be confirmed as the cause of a ""shake"" from these still images.

However, if this is a trick question based on the visual content, there is no movement depicted. If you are referring to a specific video or event not captured in these stills, I cannot determine the cause.

If forced to choose based on typical physics in such a setup:
**Option A** is more likely to cause a screen to shake if the monitor",a,0,,,,gemma4it_tb_hornet4.json
hornet,4,none,2246,561,TimeBlind/videos/mcq_vid_00261_0.mp4,What caused the screen on the desk to shake? Option A: The screen was shaken directly. Option B: The desk was pushed.,b,"The provided images do not show any shaking of the screen or the desk. They are static images of a computer setup. Therefore, neither option is correct based on the visual evidence.",a,0,,,,gemma4it_tb_hornet4.json
hornet,4,none,2247,561,TimeBlind/videos/mcq_vid_00261_1.mp4,What caused the screen on the desk to shake? Option A: The screen was shaken directly. Option B: The desk was pushed.,a,"The provided images do not show the screen shaking or any movement of the desk. They are static images of a computer setup. Therefore, neither option can be confirmed based on the visual evidence.",a,1,,,,gemma4it_tb_hornet4.json
hornet,4,none,2248,562,TimeBlind/videos/mcq_vid_00262_0.mp4,How hard does the person press the spray bottle at the start? Option A: It is pressed gently. Option B: It is pressed forcefully.,a,A,a,1,,,,gemma4it_tb_hornet4.json
hornet,4,none,2249,562,TimeBlind/videos/mcq_vid_00262_1.mp4,How hard does the person press the spray bottle at the start? Option A: It is pressed gently. Option B: It is pressed forcefully.,b,A,a,0,,,,gemma4it_tb_hornet4.json
hornet,4,none,2250,562,TimeBlind/videos/mcq_vid_00262_0.mp4,How hard does the person press the spray bottle at the start? Option A: It is pressed forcefully. Option B: It is pressed gently.,b,"The person presses the spray bottle gently.

B",b,1,,,,gemma4it_tb_hornet4.json
hornet,4,none,2251,562,TimeBlind/videos/mcq_vid_00262_1.mp4,How hard does the person press the spray bottle at the start? Option A: It is pressed forcefully. Option B: It is pressed gently.,a,A,a,1,,,,gemma4it_tb_hornet4.json
hornet,4,none,2252,563,TimeBlind/videos/mcq_vid_00263_0.mp4,How does the scene in the video transition? Option A: It transitions from the hallway into the apartment. Option B: It transitions from the apartment into the hallway.,a,The correct answer is Option B.,b,0,,,,gemma4it_tb_hornet4.json
hornet,4,none,2253,563,TimeBlind/videos/mcq_vid_00263_1.mp4,How does the scene in the video transition? Option A: It transitions from the hallway into the apartment. Option B: It transitions from the apartment into the hallway.,b,The correct answer is Option A.,a,0,,,,gemma4it_tb_hornet4.json
hornet,4,none,2254,563,TimeBlind/videos/mcq_vid_00263_0.mp4,How does the scene in the video transition? Option A: It transitions from the apartment into the hallway. Option B: It transitions from the hallway into the apartment.,b,The correct answer is Option B.,b,1,,,,gemma4it_tb_hornet4.json
hornet,4,none,2255,563,TimeBlind/videos/mcq_vid_00263_1.mp4,How does the scene in the video transition? Option A: It transitions from the apartment into the hallway. Option B: It transitions from the hallway into the apartment.,a,The correct answer is Option A.,a,1,,,,gemma4it_tb_hornet4.json
hornet,4,none,2256,564,TimeBlind/videos/mcq_vid_00264_0.mp4,"What is the order of the button presses at the start of the video? Option A: They press the door-close button first, then a floor button. Option B: They press a floor button first, then the door-close button.",a,The correct answer is Option B.,b,0,,,,gemma4it_tb_hornet4.json
hornet,4,none,2257,564,TimeBlind/videos/mcq_vid_00264_1.mp4,"What is the order of the button presses at the start of the video? Option A: They press the door-close button first, then a floor button. Option B: They press a floor button first, then the door-close button.",b,The correct answer is Option B.,b,1,,,,gemma4it_tb_hornet4.json
hornet,4,none,2258,564,TimeBlind/videos/mcq_vid_00264_0.mp4,"What is the order of the button presses at the start of the video? Option A: They press a floor button first, then the door-close button. Option B: They press the door-close button first, then a floor button.",b,The correct answer is Option A.,a,0,,,,gemma4it_tb_hornet4.json
hornet,4,none,2259,564,TimeBlind/videos/mcq_vid_00264_1.mp4,"What is the order of the button presses at the start of the video? Option A: They press a floor button first, then the door-close button. Option B: They press the door-close button first, then a floor button.",a,The correct answer is Option A.,a,1,,,,gemma4it_tb_hornet4.json
hornet,4,none,2260,565,TimeBlind/videos/mcq_vid_00265_0.mp4,How many times is the elevator button pressed? Option A: It is pressed twice. Option B: It is pressed three times.,a,The correct answer is Option B.,b,0,,,,gemma4it_tb_hornet4.json
hornet,4,none,2261,565,TimeBlind/videos/mcq_vid_00265_1.mp4,How many times is the elevator button pressed? Option A: It is pressed twice. Option B: It is pressed three times.,b,The correct answer is Option A.,a,0,,,,gemma4it_tb_hornet4.json
hornet,4,none,2262,565,TimeBlind/videos/mcq_vid_00265_0.mp4,How many times is the elevator button pressed? Option A: It is pressed three times. Option B: It is pressed twice.,b,The correct answer is Option B.,b,1,,,,gemma4it_tb_hornet4.json
hornet,4,none,2263,565,TimeBlind/videos/mcq_vid_00265_1.mp4,How many times is the elevator button pressed? Option A: It is pressed three times. Option B: It is pressed twice.,a,The correct answer is B.,b,0,,,,gemma4it_tb_hornet4.json
hornet,4,none,2264,566,TimeBlind/videos/mcq_vid_00266_0.mp4,What causes the door to open? Option A: Someone kicks it open with their foot. Option B: Someone pushes it open with their hand.,a,B,b,0,,,,gemma4it_tb_hornet4.json
hornet,4,none,2265,566,TimeBlind/videos/mcq_vid_00266_1.mp4,What causes the door to open? Option A: Someone kicks it open with their foot. Option B: Someone pushes it open with their hand.,b,B,b,1,,,,gemma4it_tb_hornet4.json
hornet,4,none,2266,566,TimeBlind/videos/mcq_vid_00266_0.mp4,What causes the door to open? Option A: Someone pushes it open with their hand. Option B: Someone kicks it open with their foot.,b,A,a,0,,,,gemma4it_tb_hornet4.json
hornet,4,none,2267,566,TimeBlind/videos/mcq_vid_00266_1.mp4,What causes the door to open? Option A: Someone pushes it open with their hand. Option B: Someone kicks it open with their foot.,a,A,a,1,,,,gemma4it_tb_hornet4.json
hornet,4,none,2268,567,TimeBlind/videos/mcq_vid_00267_0.mp4,How much is the mouse rotated? Option A: It is rotated by a large amount. Option B: It is rotated by a small amount.,a,The correct answer is Option B.,b,0,,,,gemma4it_tb_hornet4.json
hornet,4,none,2269,567,TimeBlind/videos/mcq_vid_00267_1.mp4,How much is the mouse rotated? Option A: It is rotated by a large amount. Option B: It is rotated by a small amount.,b,The correct answer is B.,b,1,,,,gemma4it_tb_hornet4.json
hornet,4,none,2270,567,TimeBlind/videos/mcq_vid_00267_0.mp4,How much is the mouse rotated? Option A: It is rotated by a small amount. Option B: It is rotated by a large amount.,b,The correct answer is A.,a,0,,,,gemma4it_tb_hornet4.json
hornet,4,none,2271,567,TimeBlind/videos/mcq_vid_00267_1.mp4,How much is the mouse rotated? Option A: It is rotated by a small amount. Option B: It is rotated by a large amount.,a,"The mouse is rotated by a small amount. Therefore, the correct answer is A.",a,1,,,,gemma4it_tb_hornet4.json
hornet,4,none,2272,568,TimeBlind/videos/mcq_vid_00268_0.mp4,How does the yellow cup’s speed compare to the water bottle’s? Option A: The yellow cup moves faster than the water bottle. Option B: The yellow cup moves more slowly than the water bottle.,a,The correct answer is Option A.,a,1,,,,gemma4it_tb_hornet4.json
hornet,4,none,2273,568,TimeBlind/videos/mcq_vid_00268_1.mp4,How does the yellow cup’s speed compare to the water bottle’s? Option A: The yellow cup moves faster than the water bottle. Option B: The yellow cup moves more slowly than the water bottle.,b,"Based on the visual information provided in the two frames, the yellow cup and the water bottle are both stationary objects on the desk. There is no movement between the two timestamps.

However, if we look at the change between the frames, a hand enters the frame and picks up the water bottle. Since the water bottle is being moved by a hand while the yellow cup remains stationary, the water bottle is moving faster than the yellow cup.

Therefore, the yellow cup moves more slowly than the water bottle.

B",a,0,,,,gemma4it_tb_hornet4.json
hornet,4,none,2274,568,TimeBlind/videos/mcq_vid_00268_0.mp4,How does the yellow cup’s speed compare to the water bottle’s? Option A: The yellow cup moves more slowly than the water bottle. Option B: The yellow cup moves faster than the water bottle.,b,The correct answer is Option B.,b,1,,,,gemma4it_tb_hornet4.json
hornet,4,none,2275,568,TimeBlind/videos/mcq_vid_00268_1.mp4,How does the yellow cup’s speed compare to the water bottle’s? Option A: The yellow cup moves more slowly than the water bottle. Option B: The yellow cup moves faster than the water bottle.,a,The correct answer is A.,a,1,,,,gemma4it_tb_hornet4.json
hornet,4,none,2276,569,TimeBlind/videos/mcq_vid_00269_0.mp4,How does the yellow cup’s position change? Option A: It is tipped over from upright. Option B: It is set upright from being tipped over.,a,The correct answer is A.,a,1,,,,gemma4it_tb_hornet4.json
hornet,4,none,2277,569,TimeBlind/videos/mcq_vid_00269_1.mp4,How does the yellow cup’s position change? Option A: It is tipped over from upright. Option B: It is set upright from being tipped over.,b,A,a,0,,,,gemma4it_tb_hornet4.json
hornet,4,none,2278,569,TimeBlind/videos/mcq_vid_00269_0.mp4,How does the yellow cup’s position change? Option A: It is set upright from being tipped over. Option B: It is tipped over from upright.,b,The correct answer is B.,b,1,,,,gemma4it_tb_hornet4.json
hornet,4,none,2279,569,TimeBlind/videos/mcq_vid_00269_1.mp4,How does the yellow cup’s position change? Option A: It is set upright from being tipped over. Option B: It is tipped over from upright.,a,A,a,1,,,,gemma4it_tb_hornet4.json
hornet,4,none,2280,570,TimeBlind/videos/mcq_vid_00270_0.mp4,What causes the water bottle to fall off the table? Option A: It isn’t placed securely on the table. Option B: Someone pushes it off the table with their hand.,a,"Based on the image provided, there is no table visible, and the water bottle is lying on the carpeted floor. Therefore, neither option directly describes the cause of it falling off a table in this specific scene. However, if this is a hypothetical question based on the current state of the bottle being on the floor:

**Option A** is a more likely general cause for an object ending up on the floor if it wasn't intentionally pushed.",a,1,,,,gemma4it_tb_hornet4.json
hornet,4,none,2281,570,TimeBlind/videos/mcq_vid_00270_1.mp4,What causes the water bottle to fall off the table? Option A: It isn’t placed securely on the table. Option B: Someone pushes it off the table with their hand.,b,The correct answer is Option B.,b,1,,,,gemma4it_tb_hornet4.json
hornet,4,none,2282,570,TimeBlind/videos/mcq_vid_00270_0.mp4,What causes the water bottle to fall off the table? Option A: Someone pushes it off the table with their hand. Option B: It isn’t placed securely on the table.,b,"Based on the image provided, the water bottle is on the floor, not a table. However, between the two options provided regarding why it might have fallen:

**Option B** is the more likely logical inference for an object ending up on the floor in this context, as it suggests it was unstable or not secured.",b,1,,,,gemma4it_tb_hornet4.json
hornet,4,none,2283,570,TimeBlind/videos/mcq_vid_00270_1.mp4,What causes the water bottle to fall off the table? Option A: Someone pushes it off the table with their hand. Option B: It isn’t placed securely on the table.,a,A,a,1,,,,gemma4it_tb_hornet4.json
hornet,4,none,2284,571,TimeBlind/videos/mcq_vid_00271_0.mp4,How much force is used to pull the tissue out of the box? Option A: It is pulled out gently. Option B: It is pulled out forcefully.,a,A,a,1,,,,gemma4it_tb_hornet4.json
hornet,4,none,2285,571,TimeBlind/videos/mcq_vid_00271_1.mp4,How much force is used to pull the tissue out of the box? Option A: It is pulled out gently. Option B: It is pulled out forcefully.,b,"Based on the visual evidence in the video, the tissue is being pulled out with significant speed and motion, causing it to blur and stretch rapidly. This indicates a high amount of force.

Option B",b,1,,,,gemma4it_tb_hornet4.json
hornet,4,none,2286,571,TimeBlind/videos/mcq_vid_00271_0.mp4,How much force is used to pull the tissue out of the box? Option A: It is pulled out forcefully. Option B: It is pulled out gently.,b,"Based on the visual evidence in the video, the tissue is being pulled out with a steady, controlled motion rather than a sudden or aggressive jerk.

Option B",b,1,,,,gemma4it_tb_hornet4.json
hornet,4,none,2287,571,TimeBlind/videos/mcq_vid_00271_1.mp4,How much force is used to pull the tissue out of the box? Option A: It is pulled out forcefully. Option B: It is pulled out gently.,a,A,a,1,,,,gemma4it_tb_hornet4.json
hornet,4,none,2288,572,TimeBlind/videos/mcq_vid_00272_0.mp4,Why does very little water come out of the first bottle? Option A: The cap isn’t opened. Option B: There’s no water in the bottle.,a,The correct answer is Option B.,b,0,,,,gemma4it_tb_hornet4.json
hornet,4,none,2289,572,TimeBlind/videos/mcq_vid_00272_1.mp4,Why does very little water come out of the first bottle? Option A: The cap isn’t opened. Option B: There’s no water in the bottle.,b,The correct answer is Option B.,b,1,,,,gemma4it_tb_hornet4.json
hornet,4,none,2290,572,TimeBlind/videos/mcq_vid_00272_0.mp4,Why does very little water come out of the first bottle? Option A: There’s no water in the bottle. Option B: The cap isn’t opened.,b,The correct answer is Option A.,a,0,,,,gemma4it_tb_hornet4.json
hornet,4,none,2291,572,TimeBlind/videos/mcq_vid_00272_1.mp4,Why does very little water come out of the first bottle? Option A: There’s no water in the bottle. Option B: The cap isn’t opened.,a,A,a,1,,,,gemma4it_tb_hornet4.json
hornet,4,none,2292,573,TimeBlind/videos/mcq_vid_00273_0.mp4,Why does very little water come out of the second bottle? Option A: There’s no water in the bottle. Option B: The cap isn’t opened.,a,The correct answer is Option A.,a,1,,,,gemma4it_tb_hornet4.json
hornet,4,none,2293,573,TimeBlind/videos/mcq_vid_00273_1.mp4,Why does very little water come out of the second bottle? Option A: There’s no water in the bottle. Option B: The cap isn’t opened.,b,A,a,0,,,,gemma4it_tb_hornet4.json
hornet,4,none,2294,573,TimeBlind/videos/mcq_vid_00273_0.mp4,Why does very little water come out of the second bottle? Option A: The cap isn’t opened. Option B: There’s no water in the bottle.,b,The correct answer is Option B: There’s no water in the bottle.,b,1,,,,gemma4it_tb_hornet4.json
hornet,4,none,2295,573,TimeBlind/videos/mcq_vid_00273_1.mp4,Why does very little water come out of the second bottle? Option A: The cap isn’t opened. Option B: There’s no water in the bottle.,a,The correct answer is B.,b,0,,,,gemma4it_tb_hornet4.json
hornet,4,none,2296,574,TimeBlind/videos/mcq_vid_00274_0.mp4,"How many times are the yellow cup and the water bottle picked up? Option A: The yellow cup is picked up three times, and the water bottle is picked up once. Option B: The yellow cup is picked up once, and the water bottle is picked up three times.",a,The correct answer is Option A.,a,1,,,,gemma4it_tb_hornet4.json
hornet,4,none,2297,574,TimeBlind/videos/mcq_vid_00274_1.mp4,"How many times are the yellow cup and the water bottle picked up? Option A: The yellow cup is picked up three times, and the water bottle is picked up once. Option B: The yellow cup is picked up once, and the water bottle is picked up three times.",b,The correct answer is Option B.,b,1,,,,gemma4it_tb_hornet4.json
hornet,4,none,2298,574,TimeBlind/videos/mcq_vid_00274_0.mp4,"How many times are the yellow cup and the water bottle picked up? Option A: The yellow cup is picked up once, and the water bottle is picked up three times. Option B: The yellow cup is picked up three times, and the water bottle is picked up once.",b,The correct answer is Option A.,a,0,,,,gemma4it_tb_hornet4.json
hornet,4,none,2299,574,TimeBlind/videos/mcq_vid_00274_1.mp4,"How many times are the yellow cup and the water bottle picked up? Option A: The yellow cup is picked up once, and the water bottle is picked up three times. Option B: The yellow cup is picked up three times, and the water bottle is picked up once.",a,The correct answer is Option B.,b,0,,,,gemma4it_tb_hornet4.json
hornet,4,none,2300,575,TimeBlind/videos/mcq_vid_00275_0.mp4,What happens to the phone stand? Option A: It is unfolded from a folded position. Option B: It is folded from an unfolded position.,a,The correct answer is Option A.,a,1,,,,gemma4it_tb_hornet4.json
hornet,4,none,2301,575,TimeBlind/videos/mcq_vid_00275_1.mp4,What happens to the phone stand? Option A: It is unfolded from a folded position. Option B: It is folded from an unfolded position.,b,The correct answer is Option B.,b,1,,,,gemma4it_tb_hornet4.json
hornet,4,none,2302,575,TimeBlind/videos/mcq_vid_00275_0.mp4,What happens to the phone stand? Option A: It is folded from an unfolded position. Option B: It is unfolded from a folded position.,b,A,a,0,,,,gemma4it_tb_hornet4.json
hornet,4,none,2303,575,TimeBlind/videos/mcq_vid_00275_1.mp4,What happens to the phone stand? Option A: It is folded from an unfolded position. Option B: It is unfolded from a folded position.,a,The correct answer is A.,a,1,,,,gemma4it_tb_hornet4.json
hornet,4,none,2304,576,TimeBlind/videos/mcq_vid_00276_0.mp4,Which button press turns the light on? Option A: The second press turns it on. Option B: The first press turns it on.,a,The correct answer is B.,b,0,,,,gemma4it_tb_hornet4.json
hornet,4,none,2305,576,TimeBlind/videos/mcq_vid_00276_1.mp4,Which button press turns the light on? Option A: The second press turns it on. Option B: The first press turns it on.,b,"The provided image does not contain enough information to determine which button turns the light on. The image shows a hand holding a remote control in front of a lit lamp, but it does not indicate the specific function of any individual button.

Therefore, I cannot provide a definitive answer of A or B.",a,0,,,,gemma4it_tb_hornet4.json
hornet,4,none,2306,576,TimeBlind/videos/mcq_vid_00276_0.mp4,Which button press turns the light on? Option A: The first press turns it on. Option B: The second press turns it on.,b,"Based on the visual information provided, the light is already on in the image. However, typically on a remote control of this design, the power button is the most prominent button at the top.

Since the light is already illuminated, the question asks which press *turns it on* (implying the action to activate it). Usually, the first button at the top is the power button.

A",a,0,,,,gemma4it_tb_hornet4.json
hornet,4,none,2307,576,TimeBlind/videos/mcq_vid_00276_1.mp4,Which button press turns the light on? Option A: The first press turns it on. Option B: The second press turns it on.,a,"Based on the visual information provided, there is no specific button highlighted or indicated as the ""on"" button. However, in standard remote control layouts for lighting:

The **first press** (the top button in the circular navigation pad) is typically the ""Power"" or ""On/Off"" button.

A",a,1,,,,gemma4it_tb_hornet4.json
hornet,4,none,2308,577,TimeBlind/videos/mcq_vid_00277_0.mp4,Which one turns on the light in the video? Option A: The wall switch turns it on. Option B: The remote control turns it on.,a,The correct answer is A.,a,1,,,,gemma4it_tb_hornet4.json
hornet,4,none,2309,577,TimeBlind/videos/mcq_vid_00277_1.mp4,Which one turns on the light in the video? Option A: The wall switch turns it on. Option B: The remote control turns it on.,b,"The remote control turns on the light in the video.

B",b,1,,,,gemma4it_tb_hornet4.json
hornet,4,none,2310,577,TimeBlind/videos/mcq_vid_00277_0.mp4,Which one turns on the light in the video? Option A: The remote control turns it on. Option B: The wall switch turns it on.,b,The correct answer is B.,b,1,,,,gemma4it_tb_hornet4.json
hornet,4,none,2311,577,TimeBlind/videos/mcq_vid_00277_1.mp4,Which one turns on the light in the video? Option A: The remote control turns it on. Option B: The wall switch turns it on.,a,The correct answer is Option A.,a,1,,,,gemma4it_tb_hornet4.json
hornet,4,none,2312,578,TimeBlind/videos/mcq_vid_00278_0.mp4,What causes the chair to move backward? Option A: The person pushes it backward with their leg. Option B: The person pushes it backward with their hand.,a,A,a,1,,,,gemma4it_tb_hornet4.json
hornet,4,none,2313,578,TimeBlind/videos/mcq_vid_00278_1.mp4,What causes the chair to move backward? Option A: The person pushes it backward with their leg. Option B: The person pushes it backward with their hand.,b,A,a,0,,,,gemma4it_tb_hornet4.json
hornet,4,none,2314,578,TimeBlind/videos/mcq_vid_00278_0.mp4,What causes the chair to move backward? Option A: The person pushes it backward with their hand. Option B: The person pushes it backward with their leg.,b,B,b,1,,,,gemma4it_tb_hornet4.json
hornet,4,none,2315,578,TimeBlind/videos/mcq_vid_00278_1.mp4,What causes the chair to move backward? Option A: The person pushes it backward with their hand. Option B: The person pushes it backward with their leg.,a,"Based on the visual information provided, the person is sitting on the chair and their leg is positioned in a way that could exert pressure on the chair. However, there is no visible action of pushing with a hand or a leg in the static image.

If this is a question based on a video sequence where the chair moves backward, and given the positioning of the person's legs, the most likely physical interaction causing a backward movement would be the person pushing with their leg.

B",a,1,,,,gemma4it_tb_hornet4.json
hornet,4,none,2316,579,TimeBlind/videos/mcq_vid_00279_0.mp4,What causes the small box to fall over? Option A: It falls over because the chair shakes. Option B: It falls over because someone pushes it with their hand.,a,The correct answer is Option A.,a,1,,,,gemma4it_tb_hornet4.json
hornet,4,none,2317,579,TimeBlind/videos/mcq_vid_00279_1.mp4,What causes the small box to fall over? Option A: It falls over because the chair shakes. Option B: It falls over because someone pushes it with their hand.,b,"Based on the visual information provided in the sequence of images, the small box falls over because someone pushes it with their hand.

Option B",b,1,,,,gemma4it_tb_hornet4.json
hornet,4,none,2318,579,TimeBlind/videos/mcq_vid_00279_0.mp4,What causes the small box to fall over? Option A: It falls over because someone pushes it with their hand. Option B: It falls over because the chair shakes.,b,The correct answer is B.,b,1,,,,gemma4it_tb_hornet4.json
hornet,4,none,2319,579,TimeBlind/videos/mcq_vid_00279_1.mp4,What causes the small box to fall over? Option A: It falls over because someone pushes it with their hand. Option B: It falls over because the chair shakes.,a,A,a,1,,,,gemma4it_tb_hornet4.json
hornet,4,none,2320,580,TimeBlind/videos/mcq_vid_00280_0.mp4,What causes the small box to fall over? Option A: It falls over because the chair shakes. Option B: It falls over because someone pushes it with their hand.,a,The correct answer is B.,b,0,,,,gemma4it_tb_hornet4.json
hornet,4,none,2321,580,TimeBlind/videos/mcq_vid_00280_1.mp4,What causes the small box to fall over? Option A: It falls over because the chair shakes. Option B: It falls over because someone pushes it with their hand.,b,"Based on the visual information provided, there is no evidence of the chair shaking or a hand pushing the box. However, in the context of a typical ""cause and effect"" scenario for this type of image, if the box were to fall, it would most likely be due to an external force. Since the prompt asks to choose between two specific options and no movement is shown, but a hand is visible in the frame (top right), Option B is the most plausible intended answer for a dynamic scenario.

B",b,1,,,,gemma4it_tb_hornet4.json
hornet,4,none,2322,580,TimeBlind/videos/mcq_vid_00280_0.mp4,What causes the small box to fall over? Option A: It falls over because someone pushes it with their hand. Option B: It falls over because the chair shakes.,b,The correct answer is Option A.,a,0,,,,gemma4it_tb_hornet4.json
hornet,4,none,2323,580,TimeBlind/videos/mcq_vid_00280_1.mp4,What causes the small box to fall over? Option A: It falls over because someone pushes it with their hand. Option B: It falls over because the chair shakes.,a,"Based on the visual information provided, there is no evidence of a person pushing the box or the chair shaking. However, in the context of a typical ""cause and effect"" scenario for this type of image, if the box were to fall, it would most likely be due to an external force. Since the prompt asks to choose between two specific options and neither is explicitly shown happening in the static image, but Option A involves a direct physical interaction that is common in such scenarios:

A",a,1,,,,gemma4it_tb_hornet4.json
hornet,4,none,2324,581,TimeBlind/videos/mcq_vid_00281_0.mp4,What causes the phone’s screen to light up? Option A: Someone taps the phone. Option B: The phone lights up automatically when it is picked up.,a,A,a,1,,,,gemma4it_tb_hornet4.json
hornet,4,none,2325,581,TimeBlind/videos/mcq_vid_00281_1.mp4,What causes the phone’s screen to light up? Option A: Someone taps the phone. Option B: The phone lights up automatically when it is picked up.,b,A,a,0,,,,gemma4it_tb_hornet4.json
hornet,4,none,2326,581,TimeBlind/videos/mcq_vid_00281_0.mp4,What causes the phone’s screen to light up? Option A: The phone lights up automatically when it is picked up. Option B: Someone taps the phone.,b,B,b,1,,,,gemma4it_tb_hornet4.json
hornet,4,none,2327,581,TimeBlind/videos/mcq_vid_00281_1.mp4,What causes the phone’s screen to light up? Option A: The phone lights up automatically when it is picked up. Option B: Someone taps the phone.,a,B,b,0,,,,gemma4it_tb_hornet4.json
hornet,4,none,2328,582,TimeBlind/videos/mcq_vid_00282_0.mp4,What causes the incoming call to disappear on the phone? Option A: The person swipes on the screen to decline the call. Option B: The person presses the mute switch on the side of the phone.,a,A,a,1,,,,gemma4it_tb_hornet4.json
hornet,4,none,2329,582,TimeBlind/videos/mcq_vid_00282_1.mp4,What causes the incoming call to disappear on the phone? Option A: The person swipes on the screen to decline the call. Option B: The person presses the mute switch on the side of the phone.,b,A,a,0,,,,gemma4it_tb_hornet4.json
hornet,4,none,2330,582,TimeBlind/videos/mcq_vid_00282_0.mp4,What causes the incoming call to disappear on the phone? Option A: The person presses the mute switch on the side of the phone. Option B: The person swipes on the screen to decline the call.,b,B,b,1,,,,gemma4it_tb_hornet4.json
hornet,4,none,2331,582,TimeBlind/videos/mcq_vid_00282_1.mp4,What causes the incoming call to disappear on the phone? Option A: The person presses the mute switch on the side of the phone. Option B: The person swipes on the screen to decline the call.,a,B,b,0,,,,gemma4it_tb_hornet4.json
hornet,4,none,2332,583,TimeBlind/videos/mcq_vid_00283_0.mp4,What causes the orange juice carton on the table to fall over? Option A: It is bumped by an elbow. Option B: Someone knocks it over with their hand.,a,"Based on the visual information provided in the images, there is no evidence of an elbow or a hand knocking over the orange juice carton. The images show the carton sitting on the table and a hand interacting with the pastry box, but they do not capture the moment of the carton falling or the specific cause of it falling.

However, if this is a trick question based on a sequence of events not fully shown, and you must choose between the two:
**Option B** is more likely as a hand is visible in the frame interacting with objects on the table.",b,0,,,,gemma4it_tb_hornet4.json
hornet,4,none,2333,583,TimeBlind/videos/mcq_vid_00283_1.mp4,What causes the orange juice carton on the table to fall over? Option A: It is bumped by an elbow. Option B: Someone knocks it over with their hand.,b,"Based on the visual information provided in the sequence of images, the orange juice carton is not shown falling over. The images show a person holding a business card and a box, but there is no action depicted where the juice carton is knocked over by an elbow or a hand.

However, if this is a trick question based on a specific intended narrative not fully captured in these frames, there is no evidence for either option. If forced to choose based on the proximity of the hand in the final frames, one might infer a hand interaction, but the carton remains upright in all visible frames.

Since the prompt asks to choose between A and",a,0,,,,gemma4it_tb_hornet4.json
hornet,4,none,2334,583,TimeBlind/videos/mcq_vid_00283_0.mp4,What causes the orange juice carton on the table to fall over? Option A: Someone knocks it over with their hand. Option B: It is bumped by an elbow.,b,"Based on the visual information provided in the images, there is no evidence of anyone knocking the orange juice carton over with their hand or an elbow. The carton appears to be sitting on the table.

Therefore, neither option is supported by the images.",,0,,,,gemma4it_tb_hornet4.json
hornet,4,none,2335,583,TimeBlind/videos/mcq_vid_00283_1.mp4,What causes the orange juice carton on the table to fall over? Option A: Someone knocks it over with their hand. Option B: It is bumped by an elbow.,a,"Based on the visual information provided in the sequence of images, the orange juice carton is not shown falling over. It remains in the same position throughout the clips. Therefore, neither option is correct based on the video content.

However, if this is a trick question or based on a specific interpretation of the motion:
**Option A** is the most likely intended answer if a movement was perceived, but the juice carton remains stable in the frames provided.",a,1,,,,gemma4it_tb_hornet4.json
hornet,4,none,2336,584,TimeBlind/videos/mcq_vid_00284_0.mp4,What causes the water spill on the table to disappear? Option A: It is wiped away with a paper towel. Option B: It is wiped away with a bare hand.,a,A,a,1,,,,gemma4it_tb_hornet4.json
hornet,4,none,2337,584,TimeBlind/videos/mcq_vid_00284_1.mp4,What causes the water spill on the table to disappear? Option A: It is wiped away with a paper towel. Option B: It is wiped away with a bare hand.,b,A,a,0,,,,gemma4it_tb_hornet4.json
hornet,4,none,2338,584,TimeBlind/videos/mcq_vid_00284_0.mp4,What causes the water spill on the table to disappear? Option A: It is wiped away with a bare hand. Option B: It is wiped away with a paper towel.,b,"thought
<channel|>Option B",b,1,,,,gemma4it_tb_hornet4.json
hornet,4,none,2339,584,TimeBlind/videos/mcq_vid_00284_1.mp4,What causes the water spill on the table to disappear? Option A: It is wiped away with a bare hand. Option B: It is wiped away with a paper towel.,a,Option B,b,0,,,,gemma4it_tb_hornet4.json
hornet,4,none,2340,585,TimeBlind/videos/mcq_vid_00285_0.mp4,How much force is used to squeeze the cup at the start of the video? Option A: It is squeezed gently. Option B: It is squeezed forcefully.,a,The correct answer is A.,a,1,,,,gemma4it_tb_hornet4.json
hornet,4,none,2341,585,TimeBlind/videos/mcq_vid_00285_1.mp4,How much force is used to squeeze the cup at the start of the video? Option A: It is squeezed gently. Option B: It is squeezed forcefully.,b,The correct answer is A.,a,0,,,,gemma4it_tb_hornet4.json
hornet,4,none,2342,585,TimeBlind/videos/mcq_vid_00285_0.mp4,How much force is used to squeeze the cup at the start of the video? Option A: It is squeezed forcefully. Option B: It is squeezed gently.,b,The correct answer is Option B: It is squeezed gently.,b,1,,,,gemma4it_tb_hornet4.json
hornet,4,none,2343,585,TimeBlind/videos/mcq_vid_00285_1.mp4,How much force is used to squeeze the cup at the start of the video? Option A: It is squeezed forcefully. Option B: It is squeezed gently.,a,The correct answer is Option B.,b,0,,,,gemma4it_tb_hornet4.json
hornet,4,none,2344,586,TimeBlind/videos/mcq_vid_00286_0.mp4,How many times does the person pull a tissue out of the tissue box? Option A: Four times. Option B: Three times.,a,"The provided images do not show a person pulling a tissue out of a tissue box. They only show a single pack of ""Daily U"" tissues that has been partially opened. Therefore, neither option is correct based on the visual evidence.

However, if this is a trick question based on the number of images provided, there are 3 images, but none show the action described. Since I must choose between A and B and the action is not shown, I cannot provide a factual answer based on the video/images.

If you are asking how many times the tissue is *pulled* in the sequence of images:
1",a,1,,,,gemma4it_tb_hornet4.json
hornet,4,none,2345,586,TimeBlind/videos/mcq_vid_00286_1.mp4,How many times does the person pull a tissue out of the tissue box? Option A: Four times. Option B: Three times.,b,The correct answer is Option B.,b,1,,,,gemma4it_tb_hornet4.json
hornet,4,none,2346,586,TimeBlind/videos/mcq_vid_00286_0.mp4,How many times does the person pull a tissue out of the tissue box? Option A: Three times. Option B: Four times.,b,"The provided images do not show a person pulling a tissue out of a tissue box. They only show a single pack of ""Daily U"" tissues that has been partially opened. Therefore, neither option is correct based on the visual evidence.",a,0,,,,gemma4it_tb_hornet4.json
hornet,4,none,2347,586,TimeBlind/videos/mcq_vid_00286_1.mp4,How many times does the person pull a tissue out of the tissue box? Option A: Three times. Option B: Four times.,a,"The person pulls a tissue out of the tissue box twice. Since neither option A (Three times) nor option B (Four times) is correct, and the question asks to choose between them, I cannot provide a correct answer based on the options provided. However, based on the sequence of images, the action occurs twice.",a,1,,,,gemma4it_tb_hornet4.json
hornet,4,none,2348,587,TimeBlind/videos/mcq_vid_00287_0.mp4,What happens to the size of the swaying motion? Option A: The swing gradually becomes wider. Option B: The swing gradually becomes smaller.,a,The correct answer is Option B.,b,0,,,,gemma4it_tb_hornet4.json
hornet,4,none,2349,587,TimeBlind/videos/mcq_vid_00287_1.mp4,What happens to the size of the swaying motion? Option A: The swing gradually becomes wider. Option B: The swing gradually becomes smaller.,b,The correct answer is Option B.,b,1,,,,gemma4it_tb_hornet4.json
hornet,4,none,2350,587,TimeBlind/videos/mcq_vid_00287_0.mp4,What happens to the size of the swaying motion? Option A: The swing gradually becomes smaller. Option B: The swing gradually becomes wider.,b,The correct answer is Option A.,a,0,,,,gemma4it_tb_hornet4.json
hornet,4,none,2351,587,TimeBlind/videos/mcq_vid_00287_1.mp4,What happens to the size of the swaying motion? Option A: The swing gradually becomes smaller. Option B: The swing gradually becomes wider.,a,The correct answer is Option A.,a,1,,,,gemma4it_tb_hornet4.json
hornet,4,none,2352,588,TimeBlind/videos/mcq_vid_00288_0.mp4,What happens to the size of the swaying motion over the clip? Option A: The swing gradually becomes wider. Option B: The swing gradually becomes smaller.,a,The correct answer is Option A.,a,1,,,,gemma4it_tb_hornet4.json
hornet,4,none,2353,588,TimeBlind/videos/mcq_vid_00288_1.mp4,What happens to the size of the swaying motion over the clip? Option A: The swing gradually becomes wider. Option B: The swing gradually becomes smaller.,b,"Based on the visual progression in the video, the swaying motion of the light string becomes more pronounced and covers a larger arc as time passes.

Option A",a,0,,,,gemma4it_tb_hornet4.json
hornet,4,none,2354,588,TimeBlind/videos/mcq_vid_00288_0.mp4,What happens to the size of the swaying motion over the clip? Option A: The swing gradually becomes smaller. Option B: The swing gradually becomes wider.,b,The correct answer is Option B.,b,1,,,,gemma4it_tb_hornet4.json
hornet,4,none,2355,588,TimeBlind/videos/mcq_vid_00288_1.mp4,What happens to the size of the swaying motion over the clip? Option A: The swing gradually becomes smaller. Option B: The swing gradually becomes wider.,a,The correct answer is Option A.,a,1,,,,gemma4it_tb_hornet4.json
hornet,4,none,2356,589,TimeBlind/videos/mcq_vid_00289_0.mp4,"In the video, how many times is the black mouse picked up? Option A: Twice. Option B: Three times.",a,The correct answer is A.,a,1,,,,gemma4it_tb_hornet4.json
hornet,4,none,2357,589,TimeBlind/videos/mcq_vid_00289_1.mp4,"In the video, how many times is the black mouse picked up? Option A: Twice. Option B: Three times.",b,The correct answer is A.,a,0,,,,gemma4it_tb_hornet4.json
hornet,4,none,2358,589,TimeBlind/videos/mcq_vid_00289_0.mp4,"In the video, how many times is the black mouse picked up? Option A: Three times. Option B: Twice.",b,The correct answer is Option B.,b,1,,,,gemma4it_tb_hornet4.json
hornet,4,none,2359,589,TimeBlind/videos/mcq_vid_00289_1.mp4,"In the video, how many times is the black mouse picked up? Option A: Three times. Option B: Twice.",a,The correct answer is Option B.,b,0,,,,gemma4it_tb_hornet4.json
hornet,4,none,2360,590,TimeBlind/videos/mcq_vid_00290_0.mp4,"In the video, why does the object fall off the table? Option A: The person pushes it. Option B: It is placed on the edge of the table.",a,Option A,a,1,,,,gemma4it_tb_hornet4.json
hornet,4,none,2361,590,TimeBlind/videos/mcq_vid_00290_1.mp4,"In the video, why does the object fall off the table? Option A: The person pushes it. Option B: It is placed on the edge of the table.",b,Option B,b,1,,,,gemma4it_tb_hornet4.json
hornet,4,none,2362,590,TimeBlind/videos/mcq_vid_00290_0.mp4,"In the video, why does the object fall off the table? Option A: It is placed on the edge of the table. Option B: The person pushes it.",b,B,b,1,,,,gemma4it_tb_hornet4.json
hornet,4,none,2363,590,TimeBlind/videos/mcq_vid_00290_1.mp4,"In the video, why does the object fall off the table? Option A: It is placed on the edge of the table. Option B: The person pushes it.",a,A,a,1,,,,gemma4it_tb_hornet4.json
hornet,4,none,2364,591,TimeBlind/videos/mcq_vid_00291_0.mp4,Why can't you see the chocolate jelly snack with the red lid on the tabletop anymore? Option A: It's blocked from view by a piece of paper. Option B: It's been put into a drawer.,a,A,a,1,,,,gemma4it_tb_hornet4.json
hornet,4,none,2365,591,TimeBlind/videos/mcq_vid_00291_1.mp4,Why can't you see the chocolate jelly snack with the red lid on the tabletop anymore? Option A: It's blocked from view by a piece of paper. Option B: It's been put into a drawer.,b,The correct answer is B.,b,1,,,,gemma4it_tb_hornet4.json
hornet,4,none,2366,591,TimeBlind/videos/mcq_vid_00291_0.mp4,Why can't you see the chocolate jelly snack with the red lid on the tabletop anymore? Option A: It's been put into a drawer. Option B: It's blocked from view by a piece of paper.,b,B,b,1,,,,gemma4it_tb_hornet4.json
hornet,4,none,2367,591,TimeBlind/videos/mcq_vid_00291_1.mp4,Why can't you see the chocolate jelly snack with the red lid on the tabletop anymore? Option A: It's been put into a drawer. Option B: It's blocked from view by a piece of paper.,a,A,a,1,,,,gemma4it_tb_hornet4.json
hornet,4,none,2368,592,TimeBlind/videos/mcq_vid_00292_0.mp4,"In the video, how many times is the cup picked up? Option A: Four times. Option B: Five times.",a,The correct answer is Option A.,a,1,,,,gemma4it_tb_hornet4.json
hornet,4,none,2369,592,TimeBlind/videos/mcq_vid_00292_1.mp4,"In the video, how many times is the cup picked up? Option A: Four times. Option B: Five times.",b,The correct answer is Option B.,b,1,,,,gemma4it_tb_hornet4.json
hornet,4,none,2370,592,TimeBlind/videos/mcq_vid_00292_0.mp4,"In the video, how many times is the cup picked up? Option A: Five times. Option B: Four times.",b,The correct answer is Option B.,b,1,,,,gemma4it_tb_hornet4.json
hornet,4,none,2371,592,TimeBlind/videos/mcq_vid_00292_1.mp4,"In the video, how many times is the cup picked up? Option A: Five times. Option B: Four times.",a,The correct answer is Option B.,b,0,,,,gemma4it_tb_hornet4.json
hornet,4,none,2372,593,TimeBlind/videos/mcq_vid_00293_0.mp4,"In the video, how is the red BBQ sauce picked up? Option A: It is picked up gently. Option B: It is picked up forcefully.",a,The correct answer is Option B.,b,0,,,,gemma4it_tb_hornet4.json
hornet,4,none,2373,593,TimeBlind/videos/mcq_vid_00293_1.mp4,"In the video, how is the red BBQ sauce picked up? Option A: It is picked up gently. Option B: It is picked up forcefully.",b,The correct answer is Option A.,a,0,,,,gemma4it_tb_hornet4.json
hornet,4,none,2374,593,TimeBlind/videos/mcq_vid_00293_0.mp4,"In the video, how is the red BBQ sauce picked up? Option A: It is picked up forcefully. Option B: It is picked up gently.",b,The correct answer is B.,b,1,,,,gemma4it_tb_hornet4.json
hornet,4,none,2375,593,TimeBlind/videos/mcq_vid_00293_1.mp4,"In the video, how is the red BBQ sauce picked up? Option A: It is picked up forcefully. Option B: It is picked up gently.",a,The correct answer is B.,b,0,,,,gemma4it_tb_hornet4.json
hornet,4,none,2376,594,TimeBlind/videos/mcq_vid_00294_0.mp4,"In the video, what is the second item that gets picked up? Option A: A red bottle. Option B: A green and white bottle.",a,"The second item that gets picked up is a green and white bottle.

Option B",b,0,,,,gemma4it_tb_hornet4.json
hornet,4,none,2377,594,TimeBlind/videos/mcq_vid_00294_1.mp4,"In the video, what is the second item that gets picked up? Option A: A red bottle. Option B: A green and white bottle.",b,"The second item that gets picked up is a green and white bottle.

Option B",b,1,,,,gemma4it_tb_hornet4.json
hornet,4,none,2378,594,TimeBlind/videos/mcq_vid_00294_0.mp4,"In the video, what is the second item that gets picked up? Option A: A green and white bottle. Option B: A red bottle.",b,"The second item that gets picked up is a green and white bottle.

Option A",a,0,,,,gemma4it_tb_hornet4.json
hornet,4,none,2379,594,TimeBlind/videos/mcq_vid_00294_1.mp4,"In the video, what is the second item that gets picked up? Option A: A green and white bottle. Option B: A red bottle.",a,"The second item that gets picked up is a green and white bottle.

Option A",a,1,,,,gemma4it_tb_hornet4.json
hornet,4,none,2380,595,TimeBlind/videos/mcq_vid_00295_0.mp4,"Which of the following accurately describes the duration for which each object is held? Option A: The orange juice carton is held for a long time, and the milk carton for a short time. Option B: The orange juice carton is held for a short time, and the milk carton for a long time.",a,The correct answer is Option B.,b,0,,,,gemma4it_tb_hornet4.json
hornet,4,none,2381,595,TimeBlind/videos/mcq_vid_00295_1.mp4,"Which of the following accurately describes the duration for which each object is held? Option A: The orange juice carton is held for a long time, and the milk carton for a short time. Option B: The orange juice carton is held for a short time, and the milk carton for a long time.",b,The correct answer is Option A.,a,0,,,,gemma4it_tb_hornet4.json
hornet,4,none,2382,595,TimeBlind/videos/mcq_vid_00295_0.mp4,"Which of the following accurately describes the duration for which each object is held? Option A: The orange juice carton is held for a short time, and the milk carton for a long time. Option B: The orange juice carton is held for a long time, and the milk carton for a short time.",b,The correct answer is Option B.,b,1,,,,gemma4it_tb_hornet4.json
hornet,4,none,2383,595,TimeBlind/videos/mcq_vid_00295_1.mp4,"Which of the following accurately describes the duration for which each object is held? Option A: The orange juice carton is held for a short time, and the milk carton for a long time. Option B: The orange juice carton is held for a long time, and the milk carton for a short time.",a,The correct answer is Option B.,b,0,,,,gemma4it_tb_hornet4.json
hornet,4,none,2384,596,TimeBlind/videos/mcq_vid_00296_0.mp4,"Which of the following correctly describes the duration each object is held in the video? Option A: The milk carton is held for about 10 seconds, and the blue-and-yellow can is held for about 3 seconds. Option B: The milk carton is held for about 3 seconds, and the blue-and-yellow can is held for about 10 seconds.",a,The correct answer is Option B.,b,0,,,,gemma4it_tb_hornet4.json
hornet,4,none,2385,596,TimeBlind/videos/mcq_vid_00296_1.mp4,"Which of the following correctly describes the duration each object is held in the video? Option A: The milk carton is held for about 10 seconds, and the blue-and-yellow can is held for about 3 seconds. Option B: The milk carton is held for about 3 seconds, and the blue-and-yellow can is held for about 10 seconds.",b,The correct answer is Option B.,b,1,,,,gemma4it_tb_hornet4.json
hornet,4,none,2386,596,TimeBlind/videos/mcq_vid_00296_0.mp4,"Which of the following correctly describes the duration each object is held in the video? Option A: The milk carton is held for about 3 seconds, and the blue-and-yellow can is held for about 10 seconds. Option B: The milk carton is held for about 10 seconds, and the blue-and-yellow can is held for about 3 seconds.",b,The correct answer is Option B.,b,1,,,,gemma4it_tb_hornet4.json
hornet,4,none,2387,596,TimeBlind/videos/mcq_vid_00296_1.mp4,"Which of the following correctly describes the duration each object is held in the video? Option A: The milk carton is held for about 3 seconds, and the blue-and-yellow can is held for about 10 seconds. Option B: The milk carton is held for about 10 seconds, and the blue-and-yellow can is held for about 3 seconds.",a,The correct answer is Option B.,b,0,,,,gemma4it_tb_hornet4.json
hornet,4,none,2388,597,TimeBlind/videos/mcq_vid_00297_0.mp4,Which of the following describes the speed at which the milk carton is moved? Option A: The milk carton is moved slowly. Option B: The milk carton is moved quickly.,a,"The milk carton is moved slowly.

Option A",a,1,,,,gemma4it_tb_hornet4.json
hornet,4,none,2389,597,TimeBlind/videos/mcq_vid_00297_1.mp4,Which of the following describes the speed at which the milk carton is moved? Option A: The milk carton is moved slowly. Option B: The milk carton is moved quickly.,b,"The milk carton is moved slowly.

Option A",a,0,,,,gemma4it_tb_hornet4.json
hornet,4,none,2390,597,TimeBlind/videos/mcq_vid_00297_0.mp4,Which of the following describes the speed at which the milk carton is moved? Option A: The milk carton is moved quickly. Option B: The milk carton is moved slowly.,b,"<channel|>Based on the visual information provided in the sequence of images, the milk carton remains in the same position across all frames. There is no visible movement. However, if the question implies a comparison of motion between frames and there is no change, it is not moving.

If this is a trick question regarding the ""speed"" of a static object, it is not moving. If you must choose between ""quickly"" and ""slowly"" for an object that is not moving, neither is technically correct, but usually, in these types of tests, if there is no movement, it is considered ""slow"" or ""stationary.""",a,0,,,,gemma4it_tb_hornet4.json
hornet,4,none,2391,597,TimeBlind/videos/mcq_vid_00297_1.mp4,Which of the following describes the speed at which the milk carton is moved? Option A: The milk carton is moved quickly. Option B: The milk carton is moved slowly.,a,"The milk carton is moved slowly.

Option B",b,0,,,,gemma4it_tb_hornet4.json
hornet,4,none,2392,598,TimeBlind/videos/mcq_vid_00298_0.mp4,Which of the following accurately describes the duration for which the toy box is held? Option A: The toy box is held for approximately 5 seconds. Option B: The toy box is held for approximately 10 seconds.,a,The correct answer is Option A.,a,1,,,,gemma4it_tb_hornet4.json
hornet,4,none,2393,598,TimeBlind/videos/mcq_vid_00298_1.mp4,Which of the following accurately describes the duration for which the toy box is held? Option A: The toy box is held for approximately 5 seconds. Option B: The toy box is held for approximately 10 seconds.,b,The correct answer is Option B.,b,1,,,,gemma4it_tb_hornet4.json
hornet,4,none,2394,598,TimeBlind/videos/mcq_vid_00298_0.mp4,Which of the following accurately describes the duration for which the toy box is held? Option A: The toy box is held for approximately 10 seconds. Option B: The toy box is held for approximately 5 seconds.,b,The correct answer is Option B.,b,1,,,,gemma4it_tb_hornet4.json
hornet,4,none,2395,598,TimeBlind/videos/mcq_vid_00298_1.mp4,Which of the following accurately describes the duration for which the toy box is held? Option A: The toy box is held for approximately 10 seconds. Option B: The toy box is held for approximately 5 seconds.,a,The correct answer is Option A.,a,1,,,,gemma4it_tb_hornet4.json
hornet,4,none,2396,599,TimeBlind/videos/mcq_vid_00299_0.mp4,Which of the following accurately describes the speed at which the person makes marks on the board? Option A: The person uses a green pen to make marks slowly. Option B: The person uses a green pen to make marks quickly.,a,The correct answer is Option B.,b,0,,,,gemma4it_tb_hornet4.json
hornet,4,none,2397,599,TimeBlind/videos/mcq_vid_00299_1.mp4,Which of the following accurately describes the speed at which the person makes marks on the board? Option A: The person uses a green pen to make marks slowly. Option B: The person uses a green pen to make marks quickly.,b,The correct answer is Option B.,b,1,,,,gemma4it_tb_hornet4.json
hornet,4,none,2398,599,TimeBlind/videos/mcq_vid_00299_0.mp4,Which of the following accurately describes the speed at which the person makes marks on the board? Option A: The person uses a green pen to make marks quickly. Option B: The person uses a green pen to make marks slowly.,b,A,a,0,,,,gemma4it_tb_hornet4.json
hornet,4,none,2399,599,TimeBlind/videos/mcq_vid_00299_1.mp4,Which of the following accurately describes the speed at which the person makes marks on the board? Option A: The person uses a green pen to make marks quickly. Option B: The person uses a green pen to make marks slowly.,a,A,a,1,,,,gemma4it_tb_hornet4.json
