strategy,nframes,ablation,index,instance_id,video_path,question,gold,model_output,extracted,correct,frame_indices,f2c_scales,error,pred_file,duration,task_type
uniform,16,none,0,,videos/fFjv93ACGo8.mp4,"When demonstrating the Germany modern Christmas tree is initially decorated with apples, candles and berries, which kind of the decoration has the largest number?",c,A,a,0,,,,eagle2_5_8b_videomme_default_uniform16.json,short,Counting Problem
uniform,16,none,1,,videos/fFjv93ACGo8.mp4,What is the genre of this video?,a,A,a,1,,,,eagle2_5_8b_videomme_default_uniform16.json,short,Information Synopsis
uniform,16,none,2,,videos/fFjv93ACGo8.mp4,How many red socks are above the fireplace at the end of this video?,d,D,d,1,,,,eagle2_5_8b_videomme_default_uniform16.json,short,Counting Problem
uniform,16,none,3,,videos/N1cdUjctpG8.mp4,Which of the following features/items is not discussed in the video in relation to the tomb?,c,C,c,1,,,,eagle2_5_8b_videomme_default_uniform16.json,short,Object Recognition
uniform,16,none,4,,videos/N1cdUjctpG8.mp4,Which of the following reasons motivated the archaeologists to excavate the tomb?,d,A,a,0,,,,eagle2_5_8b_videomme_default_uniform16.json,short,Action Reasoning
uniform,16,none,5,,videos/N1cdUjctpG8.mp4,How many porcelain jars were discovered in the niches located in the primary chamber of the tomb?,b,B,b,1,,,,eagle2_5_8b_videomme_default_uniform16.json,short,Counting Problem
uniform,16,none,6,,videos/HIjX8OPuf-w.mp4,How many national flags appear in the video?,b,A,a,0,,,,eagle2_5_8b_videomme_default_uniform16.json,short,Counting Problem
uniform,16,none,7,,videos/HIjX8OPuf-w.mp4,What is the video telling when the burger placed in the upper right corner at the end of the video first appears?,c,A,a,0,,,,eagle2_5_8b_videomme_default_uniform16.json,short,Object Recognition
uniform,16,none,8,,videos/HIjX8OPuf-w.mp4,In which country is the food featured in the video recognized worldwide?,d,D,d,1,,,,eagle2_5_8b_videomme_default_uniform16.json,short,Object Reasoning
uniform,16,none,9,,videos/HwnB8aCn8yE.mp4,"According to the video, which of the following is considered the earliest stage of human evolution?",b,B,b,1,,,,eagle2_5_8b_videomme_default_uniform16.json,short,Temporal Perception
uniform,16,none,10,,videos/HwnB8aCn8yE.mp4,"According to the video, in which state did human's ancestors first begin to walk on two legs?",b,A,a,0,,,,eagle2_5_8b_videomme_default_uniform16.json,short,Object Recognition
uniform,16,none,11,,videos/HwnB8aCn8yE.mp4,"Given the information provided by the video, during which stage of human evolution did the regression of body hair occur rapidly?",d,B,b,0,,,,eagle2_5_8b_videomme_default_uniform16.json,short,Object Recognition
uniform,16,none,12,,videos/24i4ncHuf6A.mp4,"According to the video, how many individuals were in the car when Archduke Franz Ferdinand was assassinated?",a,B,b,0,,,,eagle2_5_8b_videomme_default_uniform16.json,short,Counting Problem
uniform,16,none,13,,videos/24i4ncHuf6A.mp4,What's the trigger that set off the war mentioned in the video?,b,B,b,1,,,,eagle2_5_8b_videomme_default_uniform16.json,short,Action Reasoning
uniform,16,none,14,,videos/24i4ncHuf6A.mp4,Which of the following options is incorrect regarding the events in Sarajevo depicted in the video?,c,C,c,1,,,,eagle2_5_8b_videomme_default_uniform16.json,short,Attribute Perception
uniform,16,none,15,,videos/40BlVzjxu-I.mp4,What is one of the symbols of the festival that is introduced by the video?,d,D,d,1,,,,eagle2_5_8b_videomme_default_uniform16.json,short,Object Reasoning
uniform,16,none,16,,videos/40BlVzjxu-I.mp4,What happened when Irish imiggrants brought the tradition of St. Patrick's Day to America?,a,A,a,1,,,,eagle2_5_8b_videomme_default_uniform16.json,short,Temporal Reasoning
uniform,16,none,17,,videos/40BlVzjxu-I.mp4,What is special about the celebration in New York according to the video?,a,B,b,0,,,,eagle2_5_8b_videomme_default_uniform16.json,short,Action Recognition
uniform,16,none,18,,videos/0ay2Qy3wBe8.mp4,How is the smoke generated by the man depicted in the video?,d,D,d,1,,,,eagle2_5_8b_videomme_default_uniform16.json,short,Action Recognition
uniform,16,none,19,,videos/0ay2Qy3wBe8.mp4,What kind of communication is listed before Semaphore?,d,C,c,0,,,,eagle2_5_8b_videomme_default_uniform16.json,short,Temporal Reasoning
uniform,16,none,20,,videos/0ay2Qy3wBe8.mp4,What is the specific sentence in the smart phone that makes the man embarrassed?,a,A,a,1,,,,eagle2_5_8b_videomme_default_uniform16.json,short,OCR Problems
uniform,16,none,21,,videos/_tvmjsKXTu8.mp4,"In the video, what color pen did the author use when he wrote ""guitar"" for the second time?",d,A,a,0,,,,eagle2_5_8b_videomme_default_uniform16.json,short,Attribute Perception
uniform,16,none,22,,videos/_tvmjsKXTu8.mp4,How many different guitar-shaped instruments are there in the video?,b,C,c,0,,,,eagle2_5_8b_videomme_default_uniform16.json,short,Counting Problem
uniform,16,none,23,,videos/_tvmjsKXTu8.mp4,What does the second half of the video show?,a,C,c,0,,,,eagle2_5_8b_videomme_default_uniform16.json,short,Information Synopsis
uniform,16,none,24,,videos/sUDY-SMREtA.mp4,Which color of clothes is QuYuan wearing in the video?,a,A,a,1,,,,eagle2_5_8b_videomme_default_uniform16.json,short,Attribute Perception
uniform,16,none,25,,videos/sUDY-SMREtA.mp4,"Based on the video, which day does the festival fall on the lunar calendar?",b,B,b,1,,,,eagle2_5_8b_videomme_default_uniform16.json,short,Attribute Perception
uniform,16,none,26,,videos/sUDY-SMREtA.mp4,"According to the video, which of the following is the main reason why people commemorate Qu Yuan?",c,B,b,0,,,,eagle2_5_8b_videomme_default_uniform16.json,short,Action Reasoning
uniform,16,none,27,,videos/PSt_op3fQck.mp4,What can be learned from this video?,c,B,b,0,,,,eagle2_5_8b_videomme_default_uniform16.json,short,Information Synopsis
uniform,16,none,28,,videos/PSt_op3fQck.mp4,What is the pattern on the clothing of the staff who is behaving informally at the airline counter?,a,B,b,0,,,,eagle2_5_8b_videomme_default_uniform16.json,short,Object Recognition
uniform,16,none,29,,videos/PSt_op3fQck.mp4,"At the end of the animation, which place does not the copilot travel to?",b,C,c,0,,,,eagle2_5_8b_videomme_default_uniform16.json,short,Object Recognition
uniform,16,none,30,,videos/OE5S-NbNsro.mp4,What is the kind of the dance in the video?,c,C,c,1,,,,eagle2_5_8b_videomme_default_uniform16.json,short,Action Reasoning
uniform,16,none,31,,videos/OE5S-NbNsro.mp4,What's the color of the cosmos introduced by the video?,b,A,a,0,,,,eagle2_5_8b_videomme_default_uniform16.json,short,Attribute Perception
uniform,16,none,32,,videos/OE5S-NbNsro.mp4,What are the moves in the last scene of this dance?,a,D,d,0,,,,eagle2_5_8b_videomme_default_uniform16.json,short,Action Recognition
uniform,16,none,33,,videos/qvwfWyU9Gfc.mp4,"Based on the video, which of the following describes the reason why the student ate the banana?",b,B,b,1,,,,eagle2_5_8b_videomme_default_uniform16.json,short,Action Reasoning
uniform,16,none,34,,videos/qvwfWyU9Gfc.mp4,What did the student do after eating the banana in the video?,c,C,c,1,,,,eagle2_5_8b_videomme_default_uniform16.json,short,Temporal Reasoning
uniform,16,none,35,,videos/qvwfWyU9Gfc.mp4,What's the color of the tape in the video?,d,D,d,1,,,,eagle2_5_8b_videomme_default_uniform16.json,short,Attribute Perception
uniform,16,none,36,,videos/5wLv3pCqZ9o.mp4,Which of the following is visible in the background of the video when the miniature bottle is shown empty?,c,C,c,1,,,,eagle2_5_8b_videomme_default_uniform16.json,short,Spatial Perception
uniform,16,none,37,,videos/5wLv3pCqZ9o.mp4,"According to the video, which of the following ingredients is not used in the artwork?",a,D,d,0,,,,eagle2_5_8b_videomme_default_uniform16.json,short,Action Reasoning
uniform,16,none,38,,videos/5wLv3pCqZ9o.mp4,What was the next step taken by the operator after filling the bottle with oil?,a,B,b,0,,,,eagle2_5_8b_videomme_default_uniform16.json,short,Action Recognition
uniform,16,none,39,,videos/uqILuTcux_o.mp4,"Which of the following can be identified as Susan White-Oakes' most recent art piece, based on the video?",d,D,d,1,,,,eagle2_5_8b_videomme_default_uniform16.json,short,Object Recognition
uniform,16,none,40,,videos/uqILuTcux_o.mp4,"Based on the video, what is Susan White-Oakes' latest art work made of?",d,D,d,1,,,,eagle2_5_8b_videomme_default_uniform16.json,short,Attribute Perception
uniform,16,none,41,,videos/uqILuTcux_o.mp4,What does Susan White-Oakes often do before polishing the whole body?,c,B,b,0,,,,eagle2_5_8b_videomme_default_uniform16.json,short,Temporal Reasoning
uniform,16,none,42,,videos/eXKE0nAMmg4.mp4,Which elements are depicted in the painting introduced by the video?,a,A,a,1,,,,eagle2_5_8b_videomme_default_uniform16.json,short,Attribute Perception
uniform,16,none,43,,videos/eXKE0nAMmg4.mp4,"Based on the video, what happened when the painting was sold?",d,D,d,1,,,,eagle2_5_8b_videomme_default_uniform16.json,short,Action Recognition
uniform,16,none,44,,videos/eXKE0nAMmg4.mp4,"Based on the information provided by the video, which of the following statements is not correct?",b,B,b,1,,,,eagle2_5_8b_videomme_default_uniform16.json,short,Object Reasoning
uniform,16,none,45,,videos/5_fXicEnKKk.mp4,When was the painting mentioned in the video painted?,b,B,b,1,,,,eagle2_5_8b_videomme_default_uniform16.json,short,Attribute Perception
uniform,16,none,46,,videos/5_fXicEnKKk.mp4,Which of the following elements does not appear in the paintings primarily mentioned in the video?,a,D,d,0,,,,eagle2_5_8b_videomme_default_uniform16.json,short,Object Reasoning
uniform,16,none,47,,videos/5_fXicEnKKk.mp4,"Which of the following elements is not present in the ""Starry Sky""?",d,C,c,0,,,,eagle2_5_8b_videomme_default_uniform16.json,short,Object Reasoning
uniform,16,none,48,,videos/O0qVPW1fUn4.mp4,"Based on the information provided by the video, what is the maximum number of fingers required to play this piece of music?",c,B,b,0,,,,eagle2_5_8b_videomme_default_uniform16.json,short,Counting Problem
uniform,16,none,49,,videos/O0qVPW1fUn4.mp4,What do the characters in this video mean?,b,C,c,0,,,,eagle2_5_8b_videomme_default_uniform16.json,short,Object Reasoning
uniform,16,none,50,,videos/O0qVPW1fUn4.mp4,"In this video, why some keys are blue while others are green?",a,A,a,1,,,,eagle2_5_8b_videomme_default_uniform16.json,short,Object Reasoning
uniform,16,none,51,,videos/tX8a00l_Dfs.mp4,"According to the video, which finger does not need to press the strings when playing Em9?",d,A,a,0,,,,eagle2_5_8b_videomme_default_uniform16.json,short,Action Recognition
uniform,16,none,52,,videos/tX8a00l_Dfs.mp4,How many kinds of chords are played in the video?,b,A,a,0,,,,eagle2_5_8b_videomme_default_uniform16.json,short,Counting Problem
uniform,16,none,53,,videos/tX8a00l_Dfs.mp4,What did the YouTuber do at the latter part of the video?,d,C,c,0,,,,eagle2_5_8b_videomme_default_uniform16.json,short,Action Reasoning
uniform,16,none,54,,videos/mVIXU0x9ocI.mp4,What is the author's intention in presenting a scene where all birds fly away except for one on the branch?,c,C,c,1,,,,eagle2_5_8b_videomme_default_uniform16.json,short,Action Reasoning
uniform,16,none,55,,videos/mVIXU0x9ocI.mp4,What is the raven doing in the video?,a,C,c,0,,,,eagle2_5_8b_videomme_default_uniform16.json,short,Action Recognition
uniform,16,none,56,,videos/mVIXU0x9ocI.mp4,Whom is the poem in the video written by?,c,C,c,1,,,,eagle2_5_8b_videomme_default_uniform16.json,short,OCR Problems
uniform,16,none,57,,videos/YPaLGP_xr-w.mp4,"Based on the video, which of the following statements provides the most accurate explanation for why the Statue of Liberty is green in color?",a,A,a,1,,,,eagle2_5_8b_videomme_default_uniform16.json,short,Object Reasoning
uniform,16,none,58,,videos/YPaLGP_xr-w.mp4,How did the photographer who took pictures of the three tourists in the video take the photo?,d,B,b,0,,,,eagle2_5_8b_videomme_default_uniform16.json,short,Action Reasoning
uniform,16,none,59,,videos/YPaLGP_xr-w.mp4,"Based on the information provided by the video, where is the best spot for tourists to take aerial photos of the sculpture mentioned in the video?",b,B,b,1,,,,eagle2_5_8b_videomme_default_uniform16.json,short,Spatial Perception
uniform,16,none,60,,videos/TbaCxIJ_VP4.mp4,Which of the following accurately describes the content of the video?,a,A,a,1,,,,eagle2_5_8b_videomme_default_uniform16.json,short,Information Synopsis
uniform,16,none,61,,videos/TbaCxIJ_VP4.mp4,Where does mRNA come from in the video?,b,B,b,1,,,,eagle2_5_8b_videomme_default_uniform16.json,short,Attribute Perception
uniform,16,none,62,,videos/TbaCxIJ_VP4.mp4,What color is the cell membrane of the virus-invaded cell in the video?,c,C,c,1,,,,eagle2_5_8b_videomme_default_uniform16.json,short,Attribute Perception
uniform,16,none,63,,videos/n3IYmdy6d4Y.mp4,"According to the video, how long should one wait before cracking the same knuckle again?",b,D,d,0,,,,eagle2_5_8b_videomme_default_uniform16.json,short,OCR Problems
uniform,16,none,64,,videos/n3IYmdy6d4Y.mp4,"What detail does the caption provide about the term ""synovial"" at the beginning of the video?",a,A,a,1,,,,eagle2_5_8b_videomme_default_uniform16.json,short,Temporal Perception
uniform,16,none,65,,videos/n3IYmdy6d4Y.mp4,Which of the following could be the main topic of the video segment?,d,D,d,1,,,,eagle2_5_8b_videomme_default_uniform16.json,short,Information Synopsis
uniform,16,none,66,,videos/iZYLeIJwe4w.mp4,Which option best describes the main topic of the video?,c,C,c,1,,,,eagle2_5_8b_videomme_default_uniform16.json,short,Information Synopsis
uniform,16,none,67,,videos/iZYLeIJwe4w.mp4,What is the mechanism/process that can break down bacteria according to the video?,a,A,a,1,,,,eagle2_5_8b_videomme_default_uniform16.json,short,Object Recognition
uniform,16,none,68,,videos/iZYLeIJwe4w.mp4,Which cell shown in the video is of the same type as the white cell scrolling at the beginning?,a,A,a,1,,,,eagle2_5_8b_videomme_default_uniform16.json,short,Attribute Perception
uniform,16,none,69,,videos/jkNxmTrrZSk.mp4,What does the video depict?,a,A,a,1,,,,eagle2_5_8b_videomme_default_uniform16.json,short,Information Synopsis
uniform,16,none,70,,videos/jkNxmTrrZSk.mp4,Which object is depicted as a small flying black dot at the start of the video?,b,B,b,1,,,,eagle2_5_8b_videomme_default_uniform16.json,short,Temporal Perception
uniform,16,none,71,,videos/jkNxmTrrZSk.mp4,What might be the primary focus of the video?,b,B,b,1,,,,eagle2_5_8b_videomme_default_uniform16.json,short,Information Synopsis
uniform,16,none,72,,videos/ebzbKa32kuk.mp4,What structure is primarily depicted in the video?,b,B,b,1,,,,eagle2_5_8b_videomme_default_uniform16.json,short,Object Recognition
uniform,16,none,73,,videos/ebzbKa32kuk.mp4,Which of the following features is NOT visible on the model of the heart in the video?,c,C,c,1,,,,eagle2_5_8b_videomme_default_uniform16.json,short,Attribute Perception
uniform,16,none,74,,videos/ebzbKa32kuk.mp4,Which of the following best describes the purpose of the content shown in the video?,a,A,a,1,,,,eagle2_5_8b_videomme_default_uniform16.json,short,Object Reasoning
uniform,16,none,75,,videos/XWfqBKeC0g8.mp4,What type of cells are highlighted in the video?,c,C,c,1,,,,eagle2_5_8b_videomme_default_uniform16.json,short,Object Recognition
uniform,16,none,76,,videos/XWfqBKeC0g8.mp4,What level of magnification is used to view the cells in the video?,a,A,a,1,,,,eagle2_5_8b_videomme_default_uniform16.json,short,OCR Problems
uniform,16,none,77,,videos/XWfqBKeC0g8.mp4,What process might these cells be undergoing?,d,D,d,1,,,,eagle2_5_8b_videomme_default_uniform16.json,short,Action Recognition
uniform,16,none,78,,videos/tS4a6I4-Yjo.mp4,Why does the woman need to drink water at the beginning of the video?,a,A,a,1,,,,eagle2_5_8b_videomme_default_uniform16.json,short,Temporal Perception
uniform,16,none,79,,videos/tS4a6I4-Yjo.mp4,Which organization is responsible for publishing the video?,c,C,c,1,,,,eagle2_5_8b_videomme_default_uniform16.json,short,OCR Problems
uniform,16,none,80,,videos/tS4a6I4-Yjo.mp4,Which of the following statements can be inferred from the video?,b,B,b,1,,,,eagle2_5_8b_videomme_default_uniform16.json,short,Action Reasoning
uniform,16,none,81,,videos/TVkck1ACKDQ.mp4,What organ did the woman in the video remove from the medical model?,a,A,a,1,,,,eagle2_5_8b_videomme_default_uniform16.json,short,Object Recognition
uniform,16,none,82,,videos/TVkck1ACKDQ.mp4,What is the purpose of the video?,b,D,d,0,,,,eagle2_5_8b_videomme_default_uniform16.json,short,Information Synopsis
uniform,16,none,83,,videos/TVkck1ACKDQ.mp4,How many different people appear in the video?,c,C,c,1,,,,eagle2_5_8b_videomme_default_uniform16.json,short,Counting Problem
uniform,16,none,84,,videos/JbDRs0ja3PE.mp4,Which human organ is visible in the video?,c,C,c,1,,,,eagle2_5_8b_videomme_default_uniform16.json,short,Object Recognition
uniform,16,none,85,,videos/JbDRs0ja3PE.mp4,What is the purpose of the video?,b,B,b,1,,,,eagle2_5_8b_videomme_default_uniform16.json,short,Information Synopsis
uniform,16,none,86,,videos/JbDRs0ja3PE.mp4,What is the most likely message being conveyed by the video?,d,D,d,1,,,,eagle2_5_8b_videomme_default_uniform16.json,short,Information Synopsis
uniform,16,none,87,,videos/39HTpUG1MwQ.mp4,What organelle is depicted at the beginning of the video?,a,A,a,1,,,,eagle2_5_8b_videomme_default_uniform16.json,short,Temporal Perception
uniform,16,none,88,,videos/39HTpUG1MwQ.mp4,What color is the ATP in the video?,d,D,d,1,,,,eagle2_5_8b_videomme_default_uniform16.json,short,Object Recognition
uniform,16,none,89,,videos/39HTpUG1MwQ.mp4,"Based on the video, what is the main function of the organelle featured in the footage?",b,B,b,1,,,,eagle2_5_8b_videomme_default_uniform16.json,short,Attribute Perception
uniform,16,none,90,,videos/TPS22HRRY1k.mp4,"Which of the following best describes the types of assets included within Will's ""Assets Under Management"" visual bar in the video, showcasing the composition of the mutual fund's holdings?",d,D,d,1,,,,eagle2_5_8b_videomme_default_uniform16.json,short,Attribute Perception
uniform,16,none,91,,videos/TPS22HRRY1k.mp4,Which best summarizes the content of the video?,b,B,b,1,,,,eagle2_5_8b_videomme_default_uniform16.json,short,Information Synopsis
uniform,16,none,92,,videos/TPS22HRRY1k.mp4,"According to the video, which of the following statements is true?",a,A,a,1,,,,eagle2_5_8b_videomme_default_uniform16.json,short,Information Synopsis
uniform,16,none,93,,videos/X30VlGh3HwQ.mp4,What is the video illustrating when there are three buildings appear in the video at the same time?,b,B,b,1,,,,eagle2_5_8b_videomme_default_uniform16.json,short,Temporal Perception
uniform,16,none,94,,videos/X30VlGh3HwQ.mp4,"Based on data presented in the video, what was the approximate difference in value between the US bond market and the US stock market as of 2020?",b,B,b,1,,,,eagle2_5_8b_videomme_default_uniform16.json,short,Object Reasoning
uniform,16,none,95,,videos/X30VlGh3HwQ.mp4,How many laptops are produced in the company factory in the video animation?,a,C,c,0,,,,eagle2_5_8b_videomme_default_uniform16.json,short,Counting Problem
uniform,16,none,96,,videos/zKyWRRJQbkM.mp4,"Which denominations of bills and/or coins are shown in the animation at the beginning of the video, and what is the total value of these denominations?",c,C,c,1,,,,eagle2_5_8b_videomme_default_uniform16.json,short,Object Recognition
uniform,16,none,97,,videos/zKyWRRJQbkM.mp4,Which historical figure is visually depicted in a framed portrait in the video?,d,A,a,0,,,,eagle2_5_8b_videomme_default_uniform16.json,short,Object Reasoning
uniform,16,none,98,,videos/zKyWRRJQbkM.mp4,"In the video, what visual aid is used to compare the nominal minimum wage with its value in 2019 dollars, demonstrating the impact of inflation?",c,C,c,1,,,,eagle2_5_8b_videomme_default_uniform16.json,short,Object Recognition
uniform,16,none,99,,videos/blSnLEZe-sI.mp4,What is this video about?,d,D,d,1,,,,eagle2_5_8b_videomme_default_uniform16.json,short,Information Synopsis
uniform,16,none,100,,videos/blSnLEZe-sI.mp4,"According to the video, which statement is correct?",a,D,d,0,,,,eagle2_5_8b_videomme_default_uniform16.json,short,Information Synopsis
uniform,16,none,101,,videos/blSnLEZe-sI.mp4,What does the combination of a bond certificate and the UK flag most likely symbolize in the video?,b,B,b,1,,,,eagle2_5_8b_videomme_default_uniform16.json,short,Object Reasoning
uniform,16,none,102,,videos/Gh_GtYtQoVI.mp4,What is the function of the stopwatch in the upper right corner of the video?,b,B,b,1,,,,eagle2_5_8b_videomme_default_uniform16.json,short,Object Reasoning
uniform,16,none,103,,videos/Gh_GtYtQoVI.mp4,In what direction does the video author draw the various financial institutions?,d,A,a,0,,,,eagle2_5_8b_videomme_default_uniform16.json,short,Spatial Perception
uniform,16,none,104,,videos/Gh_GtYtQoVI.mp4,From which aspect does the video describe the role of finance?,a,A,a,1,,,,eagle2_5_8b_videomme_default_uniform16.json,short,Information Synopsis
uniform,16,none,105,,videos/MXKDvuEkSF0.mp4,How many new advertising situations are introduced in the video?,a,A,a,1,,,,eagle2_5_8b_videomme_default_uniform16.json,short,Counting Problem
uniform,16,none,106,,videos/MXKDvuEkSF0.mp4,How much did sales increase at Dunkin' Donuts locations situated near the scent marketing dispensers?,d,D,d,1,,,,eagle2_5_8b_videomme_default_uniform16.json,short,OCR Problems
uniform,16,none,107,,videos/MXKDvuEkSF0.mp4,What is the estimated value of the global marketing industry?,d,D,d,1,,,,eagle2_5_8b_videomme_default_uniform16.json,short,OCR Problems
uniform,16,none,108,,videos/EQ-67udZEeg.mp4,Which of the following companies is not featured in the video?,d,B,b,0,,,,eagle2_5_8b_videomme_default_uniform16.json,short,OCR Problems
uniform,16,none,109,,videos/EQ-67udZEeg.mp4,What visual element is used to showcase companies that are included in the Dow Jones Industrial Average?,c,C,c,1,,,,eagle2_5_8b_videomme_default_uniform16.json,short,Information Synopsis
uniform,16,none,110,,videos/EQ-67udZEeg.mp4,Which of the following is the correct order for the three indices presented in the video?,d,D,d,1,,,,eagle2_5_8b_videomme_default_uniform16.json,short,Temporal Reasoning
uniform,16,none,111,,videos/GqeRnxSuLFI.mp4,Which color of clothing is worn by the first person selling bananas in the video?,a,A,a,1,,,,eagle2_5_8b_videomme_default_uniform16.json,short,Attribute Perception
uniform,16,none,112,,videos/GqeRnxSuLFI.mp4,"According to the video, which statement is correct?",a,A,a,1,,,,eagle2_5_8b_videomme_default_uniform16.json,short,Information Synopsis
uniform,16,none,113,,videos/GqeRnxSuLFI.mp4,Which best summarizes the content of the video?,a,A,a,1,,,,eagle2_5_8b_videomme_default_uniform16.json,short,Information Synopsis
uniform,16,none,114,,videos/XOJKiOw8Xqo.mp4,Which time is displayed on the clock in the video?,d,A,a,0,,,,eagle2_5_8b_videomme_default_uniform16.json,short,Object Recognition
uniform,16,none,115,,videos/XOJKiOw8Xqo.mp4,What is the color of Canada on the map in the video?,c,C,c,1,,,,eagle2_5_8b_videomme_default_uniform16.json,short,Attribute Perception
uniform,16,none,116,,videos/XOJKiOw8Xqo.mp4,What is the topic of this video?,b,B,b,1,,,,eagle2_5_8b_videomme_default_uniform16.json,short,Information Synopsis
uniform,16,none,117,,videos/5ksVshqVuiM.mp4,When did the events described in the video take place?,c,C,c,1,,,,eagle2_5_8b_videomme_default_uniform16.json,short,Object Reasoning
uniform,16,none,118,,videos/5ksVshqVuiM.mp4,What was Amazon's stock price at the peak of the dot-com bubble?,b,C,c,0,,,,eagle2_5_8b_videomme_default_uniform16.json,short,OCR Problems
uniform,16,none,119,,videos/5ksVshqVuiM.mp4,What is the main content of this video?,b,B,b,1,,,,eagle2_5_8b_videomme_default_uniform16.json,short,Information Synopsis
uniform,16,none,120,,videos/yl5ZXQmrtP0.mp4,When is the zodiacal light visible from the video?,a,A,a,1,,,,eagle2_5_8b_videomme_default_uniform16.json,short,Temporal Reasoning
uniform,16,none,121,,videos/yl5ZXQmrtP0.mp4,How many times is the sun visible in the video?,b,C,c,0,,,,eagle2_5_8b_videomme_default_uniform16.json,short,Counting Problem
uniform,16,none,122,,videos/yl5ZXQmrtP0.mp4,What is the main topic of the video?,d,D,d,1,,,,eagle2_5_8b_videomme_default_uniform16.json,short,Information Synopsis
uniform,16,none,123,,videos/kRlhlCWplqk.mp4,How many bodies are created after the collision?,b,A,a,0,,,,eagle2_5_8b_videomme_default_uniform16.json,short,Counting Problem
uniform,16,none,124,,videos/kRlhlCWplqk.mp4,Which of the following best describes the topic of the video?,c,C,c,1,,,,eagle2_5_8b_videomme_default_uniform16.json,short,Information Synopsis
uniform,16,none,125,,videos/kRlhlCWplqk.mp4,How was the video most likely made?,a,A,a,1,,,,eagle2_5_8b_videomme_default_uniform16.json,short,Object Reasoning
uniform,16,none,126,,videos/9jjTGpWmc5U.mp4,Why does the roof object fly?,d,D,d,1,,,,eagle2_5_8b_videomme_default_uniform16.json,short,Spatial Reasoning
uniform,16,none,127,,videos/9jjTGpWmc5U.mp4,How many people are watching TV in the video?,c,C,c,1,,,,eagle2_5_8b_videomme_default_uniform16.json,short,Counting Problem
uniform,16,none,128,,videos/9jjTGpWmc5U.mp4,Which type of disaster is portrayed in the video?,b,B,b,1,,,,eagle2_5_8b_videomme_default_uniform16.json,short,Spatial Reasoning
uniform,16,none,129,,videos/fo0Hmch2YS0.mp4,How many people can be seen in the video?,a,A,a,1,,,,eagle2_5_8b_videomme_default_uniform16.json,short,Counting Problem
uniform,16,none,130,,videos/fo0Hmch2YS0.mp4,What is the most likely cause of the disaster in the video?,c,C,c,1,,,,eagle2_5_8b_videomme_default_uniform16.json,short,Spatial Reasoning
uniform,16,none,131,,videos/fo0Hmch2YS0.mp4,What are the people in the video doing?,d,D,d,1,,,,eagle2_5_8b_videomme_default_uniform16.json,short,Action Recognition
uniform,16,none,132,,videos/990ci2H9BBc.mp4,What astronomical phenomenon is depicted in the video?,c,C,c,1,,,,eagle2_5_8b_videomme_default_uniform16.json,short,Object Recognition
uniform,16,none,133,,videos/990ci2H9BBc.mp4,"Which of the following is NOT known to occur during a total solar eclipse, according to the video?",b,B,b,1,,,,eagle2_5_8b_videomme_default_uniform16.json,short,Action Recognition
uniform,16,none,134,,videos/990ci2H9BBc.mp4,Where were the people in the video located while observing the total solar eclipse?,a,C,c,0,,,,eagle2_5_8b_videomme_default_uniform16.json,short,Object Recognition
uniform,16,none,135,,videos/gD0MvkDGAMg.mp4,What's the main point of this video?,d,B,b,0,,,,eagle2_5_8b_videomme_default_uniform16.json,short,Information Synopsis
uniform,16,none,136,,videos/gD0MvkDGAMg.mp4,What is the first celestial object shown in the video?,a,A,a,1,,,,eagle2_5_8b_videomme_default_uniform16.json,short,Object Recognition
uniform,16,none,137,,videos/gD0MvkDGAMg.mp4,How many times does the instructor in the video appear in different scenarios?,b,B,b,1,,,,eagle2_5_8b_videomme_default_uniform16.json,short,Counting Problem
uniform,16,none,138,,videos/WTQ7_e8bnfM.mp4,Which of the following emotions might the individuals in the video be feeling?,a,A,a,1,,,,eagle2_5_8b_videomme_default_uniform16.json,short,Action Reasoning
uniform,16,none,139,,videos/WTQ7_e8bnfM.mp4,What is depicted in the video?,b,B,b,1,,,,eagle2_5_8b_videomme_default_uniform16.json,short,Information Synopsis
uniform,16,none,140,,videos/WTQ7_e8bnfM.mp4,What might be the immediate consequence of such an event according to the video?,c,C,c,1,,,,eagle2_5_8b_videomme_default_uniform16.json,short,Spatial Reasoning
uniform,16,none,141,,videos/M7WOXFvwbSY.mp4,Which galaxies are depicted in the video?,d,A,a,0,,,,eagle2_5_8b_videomme_default_uniform16.json,short,Object Recognition
uniform,16,none,142,,videos/M7WOXFvwbSY.mp4,What significant event is the number at the bottom of the video referring to?,a,A,a,1,,,,eagle2_5_8b_videomme_default_uniform16.json,short,Object Reasoning
uniform,16,none,143,,videos/M7WOXFvwbSY.mp4,Which of the following statements can be inferred about the Triangulum Galaxy (M33) based on the information presented in the video about the other two galaxies?,c,B,b,0,,,,eagle2_5_8b_videomme_default_uniform16.json,short,Object Reasoning
uniform,16,none,144,,videos/RvnC--JjDBw.mp4,Which activity is being performed by the astronaut in the video?,c,C,c,1,,,,eagle2_5_8b_videomme_default_uniform16.json,short,Action Recognition
uniform,16,none,145,,videos/RvnC--JjDBw.mp4,Which feature of the astronaut's equipment indicates that they can move independently in space in the video?,b,B,b,1,,,,eagle2_5_8b_videomme_default_uniform16.json,short,Spatial Reasoning
uniform,16,none,146,,videos/RvnC--JjDBw.mp4,"Considering the context of the astronaut in the video, what historic milestone might this represent?",d,D,d,1,,,,eagle2_5_8b_videomme_default_uniform16.json,short,Action Reasoning
uniform,16,none,147,,videos/08km9Yqbt-A.mp4,What is the No.2 celestial event shown in the video?,a,A,a,1,,,,eagle2_5_8b_videomme_default_uniform16.json,short,Temporal Perception
uniform,16,none,148,,videos/08km9Yqbt-A.mp4,On what date is the total eclipse supposed to occur in the video?,d,D,d,1,,,,eagle2_5_8b_videomme_default_uniform16.json,short,Temporal Perception
uniform,16,none,149,,videos/08km9Yqbt-A.mp4,What direction should one face to observe the No.5 celestial event?,b,B,b,1,,,,eagle2_5_8b_videomme_default_uniform16.json,short,Spatial Perception
uniform,16,none,150,,videos/Qyg_91gNHCc.mp4,How many bridges can be spotted in the video?,b,D,d,0,,,,eagle2_5_8b_videomme_default_uniform16.json,short,Counting Problem
uniform,16,none,151,,videos/Qyg_91gNHCc.mp4,What do the scenes shot on Indus River and Yangze River have in common?,a,A,a,1,,,,eagle2_5_8b_videomme_default_uniform16.json,short,Object Recognition
uniform,16,none,152,,videos/Qyg_91gNHCc.mp4,In which river's bank is it possible to see snow?,c,C,c,1,,,,eagle2_5_8b_videomme_default_uniform16.json,short,Object Recognition
uniform,16,none,153,,videos/nYLMNQ77FjM.mp4,"According to the video, which of the following statement is true?",d,D,d,1,,,,eagle2_5_8b_videomme_default_uniform16.json,short,Spatial Reasoning
uniform,16,none,154,,videos/nYLMNQ77FjM.mp4,How many climbers are there in the video?,a,B,b,0,,,,eagle2_5_8b_videomme_default_uniform16.json,short,Counting Problem
uniform,16,none,155,,videos/nYLMNQ77FjM.mp4,What color of clothing is the painter wearing?,a,A,a,1,,,,eagle2_5_8b_videomme_default_uniform16.json,short,Attribute Perception
uniform,16,none,156,,videos/DF_J3vCcbBA.mp4,How does the color of lava change when exposed to the air for a short while?,c,C,c,1,,,,eagle2_5_8b_videomme_default_uniform16.json,short,Attribute Perception
uniform,16,none,157,,videos/DF_J3vCcbBA.mp4,"According to the video, how do the geologists collect lava safely?",b,B,b,1,,,,eagle2_5_8b_videomme_default_uniform16.json,short,Action Recognition
uniform,16,none,158,,videos/DF_J3vCcbBA.mp4,How do the geologists cool the lava down?,c,C,c,1,,,,eagle2_5_8b_videomme_default_uniform16.json,short,Action Reasoning
uniform,16,none,159,,videos/wVlfyhs64IY.mp4,Which of the following statements is not correct according to the video?,b,B,b,1,,,,eagle2_5_8b_videomme_default_uniform16.json,short,Attribute Perception
uniform,16,none,160,,videos/wVlfyhs64IY.mp4,Which of the following is considered to be the primary cause of El Niño?,c,C,c,1,,,,eagle2_5_8b_videomme_default_uniform16.json,short,Object Reasoning
uniform,16,none,161,,videos/wVlfyhs64IY.mp4,How is cold water formed on the sea surface?,a,B,b,0,,,,eagle2_5_8b_videomme_default_uniform16.json,short,Object Reasoning
uniform,16,none,162,,videos/K0mjUgHKfJo.mp4,How many circles can be observed in the first few seconds of the video?,b,B,b,1,,,,eagle2_5_8b_videomme_default_uniform16.json,short,Counting Problem
uniform,16,none,163,,videos/K0mjUgHKfJo.mp4,"Based on the information provided by the video, what is the reason for the phenomenon that the atmospheric temperature in some places is lower than the sea water temperature?",c,D,d,0,,,,eagle2_5_8b_videomme_default_uniform16.json,short,Spatial Reasoning
uniform,16,none,164,,videos/K0mjUgHKfJo.mp4,What is the red color in the circle most likely to represent?,d,D,d,1,,,,eagle2_5_8b_videomme_default_uniform16.json,short,Object Reasoning
uniform,16,none,165,,videos/WmVLcj-XKnM.mp4,"What does ""you"" in the video represent?",b,B,b,1,,,,eagle2_5_8b_videomme_default_uniform16.json,short,Object Reasoning
uniform,16,none,166,,videos/WmVLcj-XKnM.mp4,Which of the following elements does not appear in the video?,b,B,b,1,,,,eagle2_5_8b_videomme_default_uniform16.json,short,Object Recognition
uniform,16,none,167,,videos/WmVLcj-XKnM.mp4,"According to the video, what is the focal point in the scene referred to as ""thrive"" by the speaker?",d,D,d,1,,,,eagle2_5_8b_videomme_default_uniform16.json,short,Temporal Perception
uniform,16,none,168,,videos/zBnKgwnn7i4.mp4,"According to the video, what do the three curved lines extending from bottom up symbolize?",c,C,c,1,,,,eagle2_5_8b_videomme_default_uniform16.json,short,Object Reasoning
uniform,16,none,169,,videos/zBnKgwnn7i4.mp4,What is the correct sequence of events in the formation of rain?,a,A,a,1,,,,eagle2_5_8b_videomme_default_uniform16.json,short,Temporal Reasoning
uniform,16,none,170,,videos/zBnKgwnn7i4.mp4,Which of the following statement is true according to the video?,a,B,b,0,,,,eagle2_5_8b_videomme_default_uniform16.json,short,Object Reasoning
uniform,16,none,171,,videos/D52rTzibFRc.mp4,"Based on the information provided by the video, which one is the most direct cause of the phenomenon that the smoke flows towards the lamp?",b,B,b,1,,,,eagle2_5_8b_videomme_default_uniform16.json,short,Spatial Reasoning
uniform,16,none,172,,videos/D52rTzibFRc.mp4,Which color are the mountains in the video?,d,D,d,1,,,,eagle2_5_8b_videomme_default_uniform16.json,short,Attribute Perception
uniform,16,none,173,,videos/D52rTzibFRc.mp4,What is one of the causes of wind according to the video?,c,B,b,0,,,,eagle2_5_8b_videomme_default_uniform16.json,short,Spatial Reasoning
uniform,16,none,174,,videos/NEFG7YcIDcI.mp4,Which ocean do the thunderstorms in the video need to cross before they reach America?,a,A,a,1,,,,eagle2_5_8b_videomme_default_uniform16.json,short,Object Recognition
uniform,16,none,175,,videos/NEFG7YcIDcI.mp4,What does the speaker in the video dress like?,b,B,b,1,,,,eagle2_5_8b_videomme_default_uniform16.json,short,Attribute Perception
uniform,16,none,176,,videos/NEFG7YcIDcI.mp4,Which of the following statement is true according to the video?,b,A,a,0,,,,eagle2_5_8b_videomme_default_uniform16.json,short,Object Reasoning
uniform,16,none,177,,videos/8TNPeimqOO0.mp4,Which element doesn't show up in the video?,d,D,d,1,,,,eagle2_5_8b_videomme_default_uniform16.json,short,Object Recognition
uniform,16,none,178,,videos/8TNPeimqOO0.mp4,"According to the video, which of the following statements is not correct?",a,A,a,1,,,,eagle2_5_8b_videomme_default_uniform16.json,short,Attribute Perception
uniform,16,none,179,,videos/8TNPeimqOO0.mp4,Which of the following facts is not caused by the iceberg mentioned in the video?,c,D,d,0,,,,eagle2_5_8b_videomme_default_uniform16.json,short,Spatial Reasoning
uniform,16,none,180,,videos/LCtOpCi5r2s.mp4,How many red flags appear in the video?,b,C,c,0,,,,eagle2_5_8b_videomme_default_uniform16.json,short,Counting Problem
uniform,16,none,181,,videos/LCtOpCi5r2s.mp4,Which item was not featured in the video?,c,D,d,0,,,,eagle2_5_8b_videomme_default_uniform16.json,short,Object Recognition
uniform,16,none,182,,videos/LCtOpCi5r2s.mp4,What is the website that appears at the end of the video?,a,A,a,1,,,,eagle2_5_8b_videomme_default_uniform16.json,short,OCR Problems
uniform,16,none,183,,videos/jTzKgI68VLc.mp4,In what order did the movement occur in the focused image within the video?,d,C,c,0,,,,eagle2_5_8b_videomme_default_uniform16.json,short,Spatial Perception
uniform,16,none,184,,videos/jTzKgI68VLc.mp4,Which of the following keywords was not mentioned in the video?,b,B,b,1,,,,eagle2_5_8b_videomme_default_uniform16.json,short,OCR Problems
uniform,16,none,185,,videos/jTzKgI68VLc.mp4,What information is shown in the video regarding Portugal's GDP?,c,C,c,1,,,,eagle2_5_8b_videomme_default_uniform16.json,short,OCR Problems
uniform,16,none,186,,videos/eTLMWnsStuk.mp4,How many individuals are visible in the introductory shot of the video?,a,B,b,0,,,,eagle2_5_8b_videomme_default_uniform16.json,short,Counting Problem
uniform,16,none,187,,videos/eTLMWnsStuk.mp4,What is the fate of the double-story building showcased in the video?,d,D,d,1,,,,eagle2_5_8b_videomme_default_uniform16.json,short,Attribute Perception
uniform,16,none,188,,videos/eTLMWnsStuk.mp4,What does this video introduce?,b,B,b,1,,,,eagle2_5_8b_videomme_default_uniform16.json,short,Information Synopsis
uniform,16,none,189,,videos/9_M4bNOxsYs.mp4,Which option best represents the main topic of this video?,c,C,c,1,,,,eagle2_5_8b_videomme_default_uniform16.json,short,Information Synopsis
uniform,16,none,190,,videos/9_M4bNOxsYs.mp4,What are the people wearing a white shirt and a person wearing a black shirt doing together in the video?,a,A,a,1,,,,eagle2_5_8b_videomme_default_uniform16.json,short,Action Recognition
uniform,16,none,191,,videos/9_M4bNOxsYs.mp4,"What is the identity of the individual sitting in the center of the video, wearing glasses, and holding a small hammer?",d,D,d,1,,,,eagle2_5_8b_videomme_default_uniform16.json,short,Object Reasoning
uniform,16,none,192,,videos/fo-mVfOsC-E.mp4,What topic is introduced in the video?,b,B,b,1,,,,eagle2_5_8b_videomme_default_uniform16.json,short,Information Synopsis
uniform,16,none,193,,videos/fo-mVfOsC-E.mp4,"What is the role of the woman in the video with short hair, wearing a black top, and donning a white scarf?",c,C,c,1,,,,eagle2_5_8b_videomme_default_uniform16.json,short,Object Reasoning
uniform,16,none,194,,videos/fo-mVfOsC-E.mp4,How many people can be seen holding cameras in the video?,a,A,a,1,,,,eagle2_5_8b_videomme_default_uniform16.json,short,Counting Problem
uniform,16,none,195,,videos/x6jPuXwtxCM.mp4,What are the colors of the three doors that appear in the video?,d,D,d,1,,,,eagle2_5_8b_videomme_default_uniform16.json,short,Attribute Perception
uniform,16,none,196,,videos/x6jPuXwtxCM.mp4,What is the man doing at the beginning of the video?,b,B,b,1,,,,eagle2_5_8b_videomme_default_uniform16.json,short,Action Recognition
uniform,16,none,197,,videos/x6jPuXwtxCM.mp4,What is the object that appears after the red door opens in the video?,c,D,d,0,,,,eagle2_5_8b_videomme_default_uniform16.json,short,Object Recognition
uniform,16,none,198,,videos/yXNShWnon4g.mp4,What is the name of the island that is shown at the start of the video?,a,A,a,1,,,,eagle2_5_8b_videomme_default_uniform16.json,short,Object Reasoning
uniform,16,none,199,,videos/yXNShWnon4g.mp4,What is the color of the pencils that individuals are grasping for drawing in the video?,d,D,d,1,,,,eagle2_5_8b_videomme_default_uniform16.json,short,Attribute Perception
uniform,16,none,200,,videos/yXNShWnon4g.mp4,"How many adult men, aged 18 years or older, can be seen in the video?",b,B,b,1,,,,eagle2_5_8b_videomme_default_uniform16.json,short,Counting Problem
uniform,16,none,201,,videos/UZvydHZKyww.mp4,Which of the following best describes the main topic of the video below?,c,C,c,1,,,,eagle2_5_8b_videomme_default_uniform16.json,short,Information Synopsis
uniform,16,none,202,,videos/UZvydHZKyww.mp4,Which of the following is NOT mentioned in the new labor law?,a,A,a,1,,,,eagle2_5_8b_videomme_default_uniform16.json,short,OCR Problems
uniform,16,none,203,,videos/UZvydHZKyww.mp4,Which activity can be seen in the video?,d,D,d,1,,,,eagle2_5_8b_videomme_default_uniform16.json,short,Action Recognition
uniform,16,none,204,,videos/-O6mJ0VBTc4.mp4,How many areas are divided into the video?,b,B,b,1,,,,eagle2_5_8b_videomme_default_uniform16.json,short,Counting Problem
uniform,16,none,205,,videos/-O6mJ0VBTc4.mp4,What is the object illustrated in the second point in the video?,c,C,c,1,,,,eagle2_5_8b_videomme_default_uniform16.json,short,Object Recognition
uniform,16,none,206,,videos/-O6mJ0VBTc4.mp4,What is the first thing depicted in the video?,a,A,a,1,,,,eagle2_5_8b_videomme_default_uniform16.json,short,Action Recognition
uniform,16,none,207,,videos/CezlmUwMXNo.mp4,Which of the following best describes the topic introduced in the video?,d,D,d,1,,,,eagle2_5_8b_videomme_default_uniform16.json,short,Information Synopsis
uniform,16,none,208,,videos/CezlmUwMXNo.mp4,Which of the following options correctly states the number of people visible in the video?,b,B,b,1,,,,eagle2_5_8b_videomme_default_uniform16.json,short,Counting Problem
uniform,16,none,209,,videos/CezlmUwMXNo.mp4,Which statement accurately describes the job of the man shown in the center of the video who is wearing a black suit?,c,C,c,1,,,,eagle2_5_8b_videomme_default_uniform16.json,short,Object Reasoning
uniform,16,none,210,,videos/IzQ2siryQrM.mp4,"How many hours of sleep does this video recommend adults aim to achieve each day, as depicted in the animation?",b,B,b,1,,,,eagle2_5_8b_videomme_default_uniform16.json,short,Temporal Perception
uniform,16,none,211,,videos/IzQ2siryQrM.mp4,How does the animation demonstrate the impact of insufficient sleep on one's abilities?,c,C,c,1,,,,eagle2_5_8b_videomme_default_uniform16.json,short,Action Recognition
uniform,16,none,212,,videos/IzQ2siryQrM.mp4,What is left of the wine on the animation when suggesting avoiding stimulants?,a,A,a,1,,,,eagle2_5_8b_videomme_default_uniform16.json,short,Object Recognition
uniform,16,none,213,,videos/VsuShNWghXk.mp4,Which item does not the man wear in this video?,a,A,a,1,,,,eagle2_5_8b_videomme_default_uniform16.json,short,Object Recognition
uniform,16,none,214,,videos/VsuShNWghXk.mp4,"According to the video, what is the right pose demonstrated in the animation when sitting on the bike before starting to ride?",d,D,d,1,,,,eagle2_5_8b_videomme_default_uniform16.json,short,Action Recognition
uniform,16,none,215,,videos/VsuShNWghXk.mp4,"What is the sequence of steps introduced in this video?
(a) Walk and practice using the brakes.
(b) Glide to practice balancing.
(c) Find a good space and safety considerations.
(d) Start to pedal.
(e) Adjust the seat.",b,B,b,1,,,,eagle2_5_8b_videomme_default_uniform16.json,short,Temporal Reasoning
uniform,16,none,216,,videos/7iXM5aq53Ts.mp4,"As depicted in the video, which smart phone is advertised on the screen of the laptop?",d,D,d,1,,,,eagle2_5_8b_videomme_default_uniform16.json,short,OCR Problems
uniform,16,none,217,,videos/7iXM5aq53Ts.mp4,What is the icon of Keyborad Cleaner app shown in the video?,b,B,b,1,,,,eagle2_5_8b_videomme_default_uniform16.json,short,Object Recognition
uniform,16,none,218,,videos/7iXM5aq53Ts.mp4,What does the man use to clean the keyboard in this video?,c,C,c,1,,,,eagle2_5_8b_videomme_default_uniform16.json,short,Object Recognition
uniform,16,none,219,,videos/HvjgQqNOq9A.mp4,How many steps does the man walk in this video?,c,C,c,1,,,,eagle2_5_8b_videomme_default_uniform16.json,short,Counting Problem
uniform,16,none,220,,videos/HvjgQqNOq9A.mp4,"As depicted in the video, which of the following items is not hanging on the walls?",a,A,a,1,,,,eagle2_5_8b_videomme_default_uniform16.json,short,Object Recognition
uniform,16,none,221,,videos/HvjgQqNOq9A.mp4,What is the primary focus of this video?,b,B,b,1,,,,eagle2_5_8b_videomme_default_uniform16.json,short,Information Synopsis
uniform,16,none,222,,videos/uz6rjbw0ZA0.mp4,On which shirt does the man show drawing imaginary lines?,b,B,b,1,,,,eagle2_5_8b_videomme_default_uniform16.json,short,Object Recognition
uniform,16,none,223,,videos/uz6rjbw0ZA0.mp4,"As can be seen in the video, where is the point B when drawing imaginary lines?",c,B,b,0,,,,eagle2_5_8b_videomme_default_uniform16.json,short,Object Recognition
uniform,16,none,224,,videos/uz6rjbw0ZA0.mp4,What is this video mainly about?,a,A,a,1,,,,eagle2_5_8b_videomme_default_uniform16.json,short,Information Synopsis
uniform,16,none,225,,videos/KOwR0Ln46Ks.mp4,"According to the video, what is the brown item pinned on the speaker's waist?",d,D,d,1,,,,eagle2_5_8b_videomme_default_uniform16.json,short,Object Recognition
uniform,16,none,226,,videos/KOwR0Ln46Ks.mp4,What is the color of rope to the dog of white?,b,B,b,1,,,,eagle2_5_8b_videomme_default_uniform16.json,short,Attribute Perception
uniform,16,none,227,,videos/KOwR0Ln46Ks.mp4,What is the primary focus of this video?,c,C,c,1,,,,eagle2_5_8b_videomme_default_uniform16.json,short,Information Synopsis
uniform,16,none,228,,videos/540LkURTR7g.mp4,What is the color of the tall drinking glass initially held by the woman?,a,A,a,1,,,,eagle2_5_8b_videomme_default_uniform16.json,short,Attribute Perception
uniform,16,none,229,,videos/540LkURTR7g.mp4,How many cups appear in this video?,d,B,b,0,,,,eagle2_5_8b_videomme_default_uniform16.json,short,Counting Problem
uniform,16,none,230,,videos/540LkURTR7g.mp4,"According to this video, what is the purpose of adding fresh produce to the water?",b,B,b,1,,,,eagle2_5_8b_videomme_default_uniform16.json,short,Action Reasoning
uniform,16,none,231,,videos/SnOc5W0PgVE.mp4,Which side of the tie is shorter?,c,A,a,0,,,,eagle2_5_8b_videomme_default_uniform16.json,short,Spatial Perception
uniform,16,none,232,,videos/SnOc5W0PgVE.mp4,Which item is similar in size to the loop depicted in the video?,a,A,a,1,,,,eagle2_5_8b_videomme_default_uniform16.json,short,Attribute Perception
uniform,16,none,233,,videos/SnOc5W0PgVE.mp4,What is this video mainly about?,d,D,d,1,,,,eagle2_5_8b_videomme_default_uniform16.json,short,Information Synopsis
uniform,16,none,234,,videos/WViSvPFUVd8.mp4,Which vegetable is not visible in this video when introducing the first tip?,b,C,c,0,,,,eagle2_5_8b_videomme_default_uniform16.json,short,Object Recognition
uniform,16,none,235,,videos/WViSvPFUVd8.mp4,How are the tomatoes in the video placed when introducing the fourth tip?,c,C,c,1,,,,eagle2_5_8b_videomme_default_uniform16.json,short,Spatial Perception
uniform,16,none,236,,videos/WViSvPFUVd8.mp4,"In which order do the six tips are introduced in the video?
(a) Clip coupons.
(b) Eat at home.
(c) Freeze leftovers.
(d) Cook once, eat twice.
(e) Meal plan.
(f) Buy in bulk.",a,A,a,1,,,,eagle2_5_8b_videomme_default_uniform16.json,short,Temporal Reasoning
uniform,16,none,237,,videos/21q-lDikdBg.mp4,When does the man take a long exhaled breath in this video?,d,C,c,0,,,,eagle2_5_8b_videomme_default_uniform16.json,short,Temporal Perception
uniform,16,none,238,,videos/21q-lDikdBg.mp4,"As depicted in the video, what are the resistance bands parallel to when the man is pulling apart?",b,B,b,1,,,,eagle2_5_8b_videomme_default_uniform16.json,short,Spatial Perception
uniform,16,none,239,,videos/21q-lDikdBg.mp4,Which choice best summarizes the main topic of the video?,c,C,c,1,,,,eagle2_5_8b_videomme_default_uniform16.json,short,Information Synopsis
uniform,16,none,240,,videos/FjS2LzrHEO8.mp4,What was the purpose of using a hammer to hit the car in the video?,b,B,b,1,,,,eagle2_5_8b_videomme_default_uniform16.json,short,Action Recognition
uniform,16,none,241,,videos/FjS2LzrHEO8.mp4,What is the size of the back touchscreen display in this video?,b,B,b,1,,,,eagle2_5_8b_videomme_default_uniform16.json,short,OCR Problems
uniform,16,none,242,,videos/FjS2LzrHEO8.mp4,Which summarizes the main content of this video?,a,A,a,1,,,,eagle2_5_8b_videomme_default_uniform16.json,short,Information Synopsis
uniform,16,none,243,,videos/m4qhFFdHTCc.mp4,What's wrong with this car?,b,B,b,1,,,,eagle2_5_8b_videomme_default_uniform16.json,short,Attribute Perception
uniform,16,none,244,,videos/m4qhFFdHTCc.mp4,"Which colors are not present on the car, including the color of the lights, shown in the video?",b,B,b,1,,,,eagle2_5_8b_videomme_default_uniform16.json,short,Attribute Perception
uniform,16,none,245,,videos/m4qhFFdHTCc.mp4,In what location was the video most likely recorded?,a,A,a,1,,,,eagle2_5_8b_videomme_default_uniform16.json,short,Spatial Reasoning
uniform,16,none,246,,videos/lKoG2_zdoSA.mp4,What is the color of the pants worn by the young girl who converses with the elderly man on the subway?,d,A,a,0,,,,eagle2_5_8b_videomme_default_uniform16.json,short,Attribute Perception
uniform,16,none,247,,videos/lKoG2_zdoSA.mp4,What is the topic of this video?,c,C,c,1,,,,eagle2_5_8b_videomme_default_uniform16.json,short,Information Synopsis
uniform,16,none,248,,videos/lKoG2_zdoSA.mp4,How many changes in the development of mobile phones are introduced in the video?,b,B,b,1,,,,eagle2_5_8b_videomme_default_uniform16.json,short,Counting Problem
uniform,16,none,249,,videos/aqTIB_q40bo.mp4,Which of the following options describes a common trait shared by the characters in the video?,c,C,c,1,,,,eagle2_5_8b_videomme_default_uniform16.json,short,Object Reasoning
uniform,16,none,250,,videos/aqTIB_q40bo.mp4,Which summarizes the main content of this video?,b,A,a,0,,,,eagle2_5_8b_videomme_default_uniform16.json,short,Information Synopsis
uniform,16,none,251,,videos/aqTIB_q40bo.mp4,"At the end of the video, how many books can be seen resting on the living room table?",b,A,a,0,,,,eagle2_5_8b_videomme_default_uniform16.json,short,Counting Problem
uniform,16,none,252,,videos/hUrjmA0fhsc.mp4,What speed is displayed on the car dashboard in the video?,b,B,b,1,,,,eagle2_5_8b_videomme_default_uniform16.json,short,OCR Problems
uniform,16,none,253,,videos/hUrjmA0fhsc.mp4,How many methods for disengaging Super Cruise are mentioned in the video?,b,A,a,0,,,,eagle2_5_8b_videomme_default_uniform16.json,short,Counting Problem
uniform,16,none,254,,videos/hUrjmA0fhsc.mp4,"According to the video, which of the following statements is accurate?",d,D,d,1,,,,eagle2_5_8b_videomme_default_uniform16.json,short,Information Synopsis
uniform,16,none,255,,videos/aBdQQxgxDrY.mp4,"According to the video, which statement is correct?",c,C,c,1,,,,eagle2_5_8b_videomme_default_uniform16.json,short,Information Synopsis
uniform,16,none,256,,videos/aBdQQxgxDrY.mp4,What is this video about?,a,A,a,1,,,,eagle2_5_8b_videomme_default_uniform16.json,short,Information Synopsis
uniform,16,none,257,,videos/aBdQQxgxDrY.mp4,What is the car model written on the registration plate that can be seen in this video?,a,A,a,1,,,,eagle2_5_8b_videomme_default_uniform16.json,short,OCR Problems
uniform,16,none,258,,videos/tF4DML7FIWk.mp4,How many humanoid robots can be identified in the video?,c,C,c,1,,,,eagle2_5_8b_videomme_default_uniform16.json,short,Counting Problem
uniform,16,none,259,,videos/tF4DML7FIWk.mp4,Which task was not completed by the robots?,b,D,d,0,,,,eagle2_5_8b_videomme_default_uniform16.json,short,Action Recognition
uniform,16,none,260,,videos/tF4DML7FIWk.mp4,What color are the fences on both sides of the room in this video?,c,C,c,1,,,,eagle2_5_8b_videomme_default_uniform16.json,short,Attribute Perception
uniform,16,none,261,,videos/jRS9fVh7MUw.mp4,What is the main content of this video?,a,A,a,1,,,,eagle2_5_8b_videomme_default_uniform16.json,short,Information Synopsis
uniform,16,none,262,,videos/jRS9fVh7MUw.mp4,"How many glass discs are there inside the disassembled lens in the video, at minimum?",b,A,a,0,,,,eagle2_5_8b_videomme_default_uniform16.json,short,Counting Problem
uniform,16,none,263,,videos/jRS9fVh7MUw.mp4,"According to the video, what is the purpose of changing the size of the hole of the center formed by stainless steel leaves?",d,D,d,1,,,,eagle2_5_8b_videomme_default_uniform16.json,short,Object Reasoning
uniform,16,none,264,,videos/JxkJ-FwFeVI.mp4,"Based on the video, which of the following statements is true?",c,C,c,1,,,,eagle2_5_8b_videomme_default_uniform16.json,short,Information Synopsis
uniform,16,none,265,,videos/JxkJ-FwFeVI.mp4,What type of aircraft model is being used as an example when explaining gas turbines in the video?,a,C,c,0,,,,eagle2_5_8b_videomme_default_uniform16.json,short,OCR Problems
uniform,16,none,266,,videos/JxkJ-FwFeVI.mp4,Which of the following best describes the content of the video?,d,D,d,1,,,,eagle2_5_8b_videomme_default_uniform16.json,short,Information Synopsis
uniform,16,none,267,,videos/c9arR8T0Qts.mp4,"According to the video, which of the following statements is correct?",b,B,b,1,,,,eagle2_5_8b_videomme_default_uniform16.json,short,Information Synopsis
uniform,16,none,268,,videos/c9arR8T0Qts.mp4,What is this video mainly about?,d,D,d,1,,,,eagle2_5_8b_videomme_default_uniform16.json,short,Information Synopsis
uniform,16,none,269,,videos/c9arR8T0Qts.mp4,"Based on the video, what is the total number of measurements involved in chip manufacturing?",b,B,b,1,,,,eagle2_5_8b_videomme_default_uniform16.json,short,OCR Problems
uniform,16,none,270,,videos/_aVHf_jmWk8.mp4,How does the girl feel in this video?,d,D,d,1,,,,eagle2_5_8b_videomme_default_uniform16.json,short,Action Recognition
uniform,16,none,271,,videos/_aVHf_jmWk8.mp4,How many times does the butterfly occur in this video?,b,B,b,1,,,,eagle2_5_8b_videomme_default_uniform16.json,short,Counting Problem
uniform,16,none,272,,videos/_aVHf_jmWk8.mp4,What is the number of three-dimensional graphics that can be seen in this video?,b,B,b,1,,,,eagle2_5_8b_videomme_default_uniform16.json,short,Counting Problem
uniform,16,none,273,,videos/3rTsETO3s9U.mp4,What does the girl want to do in the video?,c,C,c,1,,,,eagle2_5_8b_videomme_default_uniform16.json,short,Action Recognition
uniform,16,none,274,,videos/3rTsETO3s9U.mp4,What does the girl's mom want her to do in this video?,d,D,d,1,,,,eagle2_5_8b_videomme_default_uniform16.json,short,Action Recognition
uniform,16,none,275,,videos/3rTsETO3s9U.mp4,How does the girl perceive her future with regard to decision-making and control?,c,B,b,0,,,,eagle2_5_8b_videomme_default_uniform16.json,short,Action Reasoning
uniform,16,none,276,,videos/drbi6HK1gSc.mp4,How does the girl feel in this video?,d,D,d,1,,,,eagle2_5_8b_videomme_default_uniform16.json,short,Action Reasoning
uniform,16,none,277,,videos/drbi6HK1gSc.mp4,What might be the age of the girl in the video?,b,B,b,1,,,,eagle2_5_8b_videomme_default_uniform16.json,short,Object Recognition
uniform,16,none,278,,videos/drbi6HK1gSc.mp4,Which of the following does the girl desire?,c,C,c,1,,,,eagle2_5_8b_videomme_default_uniform16.json,short,Action Reasoning
uniform,16,none,279,,videos/M69Sn3OERZo.mp4,What color is the monkey depicted in the video?,a,A,a,1,,,,eagle2_5_8b_videomme_default_uniform16.json,short,Attribute Perception
uniform,16,none,280,,videos/M69Sn3OERZo.mp4,What animal saves the monkey in the video?,c,C,c,1,,,,eagle2_5_8b_videomme_default_uniform16.json,short,Object Recognition
uniform,16,none,281,,videos/M69Sn3OERZo.mp4,What action does the monkey do after being rescued?,d,A,a,0,,,,eagle2_5_8b_videomme_default_uniform16.json,short,Action Recognition
uniform,16,none,282,,videos/djr6T2C8Gfs.mp4,Which activity do the two ghost cowboys enjoy while horse riding as depicted in the video?,c,C,c,1,,,,eagle2_5_8b_videomme_default_uniform16.json,short,Action Recognition
uniform,16,none,283,,videos/djr6T2C8Gfs.mp4,"As can be seen in the video, which animal is seeking to capture the two ghost cowboys?",d,D,d,1,,,,eagle2_5_8b_videomme_default_uniform16.json,short,Object Recognition
uniform,16,none,284,,videos/djr6T2C8Gfs.mp4,What do the two ghost cowboys like to do when they ride horses according to the video?,b,C,c,0,,,,eagle2_5_8b_videomme_default_uniform16.json,short,Spatial Perception
uniform,16,none,285,,videos/Q0B5dLHDQ2w.mp4,Which animal is the character depicted as in the video?,b,B,b,1,,,,eagle2_5_8b_videomme_default_uniform16.json,short,Object Recognition
uniform,16,none,286,,videos/Q0B5dLHDQ2w.mp4,Which location is the current whereabouts of the creature?,a,A,a,1,,,,eagle2_5_8b_videomme_default_uniform16.json,short,Spatial Perception
uniform,16,none,287,,videos/Q0B5dLHDQ2w.mp4,Which object does the creature hold in its hand?,d,D,d,1,,,,eagle2_5_8b_videomme_default_uniform16.json,short,Object Recognition
uniform,16,none,288,,videos/uoJDGnaVuTg.mp4,What do the two spider-men do in this video?,c,C,c,1,,,,eagle2_5_8b_videomme_default_uniform16.json,short,Action Recognition
uniform,16,none,289,,videos/uoJDGnaVuTg.mp4,Which person placed their leg on the table?,c,C,c,1,,,,eagle2_5_8b_videomme_default_uniform16.json,short,Object Recognition
uniform,16,none,290,,videos/uoJDGnaVuTg.mp4,How does the right one become at the end?,a,A,a,1,,,,eagle2_5_8b_videomme_default_uniform16.json,short,Attribute Perception
uniform,16,none,291,,videos/PU-XOFIJMlg.mp4,What element is unavailable for the protagonist to use?,a,A,a,1,,,,eagle2_5_8b_videomme_default_uniform16.json,short,Object Recognition
uniform,16,none,292,,videos/PU-XOFIJMlg.mp4,Which character also appears in this video?,d,B,b,0,,,,eagle2_5_8b_videomme_default_uniform16.json,short,Object Recognition
uniform,16,none,293,,videos/PU-XOFIJMlg.mp4,What weapon does the protagonist use in this video?,b,B,b,1,,,,eagle2_5_8b_videomme_default_uniform16.json,short,Object Recognition
uniform,16,none,294,,videos/Ij-FYOrklFE.mp4,How many Spider-Men are visible in the video?,b,B,b,1,,,,eagle2_5_8b_videomme_default_uniform16.json,short,Counting Problem
uniform,16,none,295,,videos/Ij-FYOrklFE.mp4,What is the traffic situation in the city?,a,A,a,1,,,,eagle2_5_8b_videomme_default_uniform16.json,short,Spatial Perception
uniform,16,none,296,,videos/Ij-FYOrklFE.mp4,"As can be seen in the video, what happens when the black spider-man is blamed by the other spider-man?",c,C,c,1,,,,eagle2_5_8b_videomme_default_uniform16.json,short,Action Recognition
uniform,16,none,297,,videos/56yT3H_DjVE.mp4,Which animal appears in this video?,d,D,d,1,,,,eagle2_5_8b_videomme_default_uniform16.json,short,Object Recognition
uniform,16,none,298,,videos/56yT3H_DjVE.mp4,What  does the panda use to fight with enemies in the video?,b,B,b,1,,,,eagle2_5_8b_videomme_default_uniform16.json,short,Object Recognition
uniform,16,none,299,,videos/56yT3H_DjVE.mp4,Which type of tree is depicted behind the meditating panda?,a,D,d,0,,,,eagle2_5_8b_videomme_default_uniform16.json,short,Object Recognition
uniform,16,none,300,,videos/tiMaUSvlzIU.mp4,Where is the man answering the phone in the video?,a,A,a,1,,,,eagle2_5_8b_videomme_default_uniform16.json,short,Spatial Perception
uniform,16,none,301,,videos/tiMaUSvlzIU.mp4,Why is the man in the video angry?,d,D,d,1,,,,eagle2_5_8b_videomme_default_uniform16.json,short,Action Reasoning
uniform,16,none,302,,videos/tiMaUSvlzIU.mp4,How many times does the person in the video transfer the phone to another person?,b,B,b,1,,,,eagle2_5_8b_videomme_default_uniform16.json,short,Action Recognition
uniform,16,none,303,,videos/0IdYJGBmguM.mp4,"According to the video, who is about to get married?",b,B,b,1,,,,eagle2_5_8b_videomme_default_uniform16.json,short,Object Reasoning
uniform,16,none,304,,videos/0IdYJGBmguM.mp4,What are the people in the video arguing about?,b,B,b,1,,,,eagle2_5_8b_videomme_default_uniform16.json,short,Action Recognition
uniform,16,none,305,,videos/0IdYJGBmguM.mp4,How many people are wearing ties in the video?,a,A,a,1,,,,eagle2_5_8b_videomme_default_uniform16.json,short,Counting Problem
uniform,16,none,306,,videos/G267g0DpCVg.mp4,Which item  does the man throw into the trash at the beginning of the video?,a,B,b,0,,,,eagle2_5_8b_videomme_default_uniform16.json,short,Object Recognition
uniform,16,none,307,,videos/G267g0DpCVg.mp4,What is the man in the video eating?,c,C,c,1,,,,eagle2_5_8b_videomme_default_uniform16.json,short,Object Recognition
uniform,16,none,308,,videos/G267g0DpCVg.mp4,Why did the man in the video laugh at the end?,a,A,a,1,,,,eagle2_5_8b_videomme_default_uniform16.json,short,Action Reasoning
uniform,16,none,309,,videos/_cZXyj6rYVg.mp4,What are the two people in the video doing?,a,A,a,1,,,,eagle2_5_8b_videomme_default_uniform16.json,short,Action Recognition
uniform,16,none,310,,videos/_cZXyj6rYVg.mp4,What was the reason for the woman in the video crying?,c,C,c,1,,,,eagle2_5_8b_videomme_default_uniform16.json,short,Action Reasoning
uniform,16,none,311,,videos/_cZXyj6rYVg.mp4,What color is the lamp next to the sofa in the video?,c,C,c,1,,,,eagle2_5_8b_videomme_default_uniform16.json,short,Attribute Perception
uniform,16,none,312,,videos/rQhLWHtHyiM.mp4,What number does the person type in at the beginning of the video?,c,B,b,0,,,,eagle2_5_8b_videomme_default_uniform16.json,short,OCR Problems
uniform,16,none,313,,videos/rQhLWHtHyiM.mp4,"According to the video, which of the following items is in the safe?",d,D,d,1,,,,eagle2_5_8b_videomme_default_uniform16.json,short,Object Recognition
uniform,16,none,314,,videos/rQhLWHtHyiM.mp4,How many individuals are present in the room?,d,B,b,0,,,,eagle2_5_8b_videomme_default_uniform16.json,short,Counting Problem
uniform,16,none,315,,videos/bYXhA8VG8Lw.mp4,What is the main color of the mug in the room?,a,C,c,0,,,,eagle2_5_8b_videomme_default_uniform16.json,short,Attribute Perception
uniform,16,none,316,,videos/bYXhA8VG8Lw.mp4,"As can be seen in the video, what does the woman do to the man next to her?",d,C,c,0,,,,eagle2_5_8b_videomme_default_uniform16.json,short,Action Reasoning
uniform,16,none,317,,videos/bYXhA8VG8Lw.mp4,Who speaks the most in the room?,d,A,a,0,,,,eagle2_5_8b_videomme_default_uniform16.json,short,Object Reasoning
uniform,16,none,318,,videos/2Qno7H4BwAU.mp4,What object is the man in the gray T-shirt pulling?,d,D,d,1,,,,eagle2_5_8b_videomme_default_uniform16.json,short,Object Reasoning
uniform,16,none,319,,videos/2Qno7H4BwAU.mp4,Whar color is the helicopter in the video?,c,C,c,1,,,,eagle2_5_8b_videomme_default_uniform16.json,short,Attribute Perception
uniform,16,none,320,,videos/2Qno7H4BwAU.mp4,What happens after the helicopter takes off in this video?,a,A,a,1,,,,eagle2_5_8b_videomme_default_uniform16.json,short,Action Reasoning
uniform,16,none,321,,videos/a0AGwUACt7E.mp4,What is the weather like when the helicopter takes off?,c,C,c,1,,,,eagle2_5_8b_videomme_default_uniform16.json,short,Spatial Perception
uniform,16,none,322,,videos/a0AGwUACt7E.mp4,What does the man do in the helicopter?,b,B,b,1,,,,eagle2_5_8b_videomme_default_uniform16.json,short,Action Recognition
uniform,16,none,323,,videos/a0AGwUACt7E.mp4,Which of the following shows up as Iron-Man flies away?,b,D,d,0,,,,eagle2_5_8b_videomme_default_uniform16.json,short,Object Recognition
uniform,16,none,324,,videos/qu9ImFMLYxw.mp4,What is the man at the table doing while others speak to him?,a,A,a,1,,,,eagle2_5_8b_videomme_default_uniform16.json,short,Action Recognition
uniform,16,none,325,,videos/qu9ImFMLYxw.mp4,What is the hair color of the smoking man?,d,B,b,0,,,,eagle2_5_8b_videomme_default_uniform16.json,short,Attribute Perception
uniform,16,none,326,,videos/qu9ImFMLYxw.mp4,What is the attitude of the man who sits at the table when others speak to him?,c,C,c,1,,,,eagle2_5_8b_videomme_default_uniform16.json,short,Action Recognition
uniform,16,none,327,,videos/Qgr4dcsY-60.mp4,What activities do students engage in within the room?,b,C,c,0,,,,eagle2_5_8b_videomme_default_uniform16.json,short,Action Recognition
uniform,16,none,328,,videos/Qgr4dcsY-60.mp4,Which of the following outcomes occurs when the boy with brown hair and no glasses indicates the feather?,c,D,d,0,,,,eagle2_5_8b_videomme_default_uniform16.json,short,Action Recognition
uniform,16,none,329,,videos/Qgr4dcsY-60.mp4,What is the attitude of the teacher towards the girl's appearance?,b,B,b,1,,,,eagle2_5_8b_videomme_default_uniform16.json,short,Action Reasoning
uniform,16,none,330,,videos/HmnKbBmYii8.mp4,How many polar bears are visible/seen in the video?,b,B,b,1,,,,eagle2_5_8b_videomme_default_uniform16.json,short,Counting Problem
uniform,16,none,331,,videos/HmnKbBmYii8.mp4,"In the video, what is the polar bear mother waiting for?",d,D,d,1,,,,eagle2_5_8b_videomme_default_uniform16.json,short,Action Reasoning
uniform,16,none,332,,videos/HmnKbBmYii8.mp4,"According to the video, what is the frequency at which a seal needs to surface for air?",c,C,c,1,,,,eagle2_5_8b_videomme_default_uniform16.json,short,OCR Problems
uniform,16,none,333,,videos/MPfuSfiZ96A.mp4,How many birds can be observed perched on the street lamp in the first half of the video?,b,C,c,0,,,,eagle2_5_8b_videomme_default_uniform16.json,short,Counting Problem
uniform,16,none,334,,videos/MPfuSfiZ96A.mp4,What do the people in the village show in the video used to illuminate the night?,c,C,c,1,,,,eagle2_5_8b_videomme_default_uniform16.json,short,Information Synopsis
uniform,16,none,335,,videos/MPfuSfiZ96A.mp4,What is the purpose of collecting sap from a rubber tree in the video?,d,D,d,1,,,,eagle2_5_8b_videomme_default_uniform16.json,short,Action Reasoning
uniform,16,none,336,,videos/HqAfzcJurMM.mp4,Which material was used to create the perfect sphere in the video?,a,A,a,1,,,,eagle2_5_8b_videomme_default_uniform16.json,short,Attribute Perception
uniform,16,none,337,,videos/HqAfzcJurMM.mp4,"In the second half of the video, the man held up several spheres with both hands. How many spheres did he hold up in total during this time?",b,B,b,1,,,,eagle2_5_8b_videomme_default_uniform16.json,short,Counting Problem
uniform,16,none,338,,videos/HqAfzcJurMM.mp4,What is the man in a dark shirt and jeans holding in his hand at the beginning of the video?,b,B,b,1,,,,eagle2_5_8b_videomme_default_uniform16.json,short,Object Recognition
uniform,16,none,339,,videos/pcO-alfiyEo.mp4,Which disease is the subject of this video?,d,D,d,1,,,,eagle2_5_8b_videomme_default_uniform16.json,short,Information Synopsis
uniform,16,none,340,,videos/pcO-alfiyEo.mp4,How do the people in the video appear emotionally?,c,C,c,1,,,,eagle2_5_8b_videomme_default_uniform16.json,short,Attribute Perception
uniform,16,none,341,,videos/pcO-alfiyEo.mp4,"At the beginning of the video, what is the number of pills displayed on the board being held by an individual?",c,A,a,0,,,,eagle2_5_8b_videomme_default_uniform16.json,short,Counting Problem
uniform,16,none,342,,videos/W86cTIoMv2U.mp4,What is the color pattern of the cat in the video?,d,D,d,1,,,,eagle2_5_8b_videomme_default_uniform16.json,short,Attribute Perception
uniform,16,none,343,,videos/W86cTIoMv2U.mp4,"According to the video, what is the age range of the cat in the video?",b,B,b,1,,,,eagle2_5_8b_videomme_default_uniform16.json,short,OCR Problems
uniform,16,none,344,,videos/W86cTIoMv2U.mp4,How many streams did the cat cross in the video?,a,B,b,0,,,,eagle2_5_8b_videomme_default_uniform16.json,short,Counting Problem
uniform,16,none,345,,videos/qK4G2KpmqFU.mp4,What color are the protective gloves worn by the person in the video?,b,B,b,1,,,,eagle2_5_8b_videomme_default_uniform16.json,short,Attribute Perception
uniform,16,none,346,,videos/qK4G2KpmqFU.mp4,"According to the video, why is this plant called the most dangerous plant in the desert?",d,D,d,1,,,,eagle2_5_8b_videomme_default_uniform16.json,short,Information Synopsis
uniform,16,none,347,,videos/qK4G2KpmqFU.mp4,Which hand did the person in the video wear a glove on?,b,A,a,0,,,,eagle2_5_8b_videomme_default_uniform16.json,short,Spatial Perception
uniform,16,none,348,,videos/Z7PlUGbsXlQ.mp4,What is the total number of bird species that are visible in the video?,b,A,a,0,,,,eagle2_5_8b_videomme_default_uniform16.json,short,Counting Problem
uniform,16,none,349,,videos/Z7PlUGbsXlQ.mp4,"According to the information provided in the video, approximately what is the height of these emperor penguin chicks?",b,C,c,0,,,,eagle2_5_8b_videomme_default_uniform16.json,short,Information Synopsis
uniform,16,none,350,,videos/Z7PlUGbsXlQ.mp4,How many giant petrels are seen in the video?,d,D,d,1,,,,eagle2_5_8b_videomme_default_uniform16.json,short,Counting Problem
uniform,16,none,351,,videos/tGdL-34L-GE.mp4,How many sand cats that can be observed in the video?,c,C,c,1,,,,eagle2_5_8b_videomme_default_uniform16.json,short,Counting Problem
uniform,16,none,352,,videos/tGdL-34L-GE.mp4,"According to the video, why is it very difficult to capture footage of sand cats?",c,C,c,1,,,,eagle2_5_8b_videomme_default_uniform16.json,short,Information Synopsis
uniform,16,none,353,,videos/tGdL-34L-GE.mp4,What is the estimated age of the sand cats shown in the video according to the scientists?,b,B,b,1,,,,eagle2_5_8b_videomme_default_uniform16.json,short,OCR Problems
uniform,16,none,354,,videos/-ApL8d6tX5U.mp4,What is the subject of this video?,b,A,a,0,,,,eagle2_5_8b_videomme_default_uniform16.json,short,Information Synopsis
uniform,16,none,355,,videos/-ApL8d6tX5U.mp4,"As can be seen in the video, what color is the bowling ball next to the world's shortest woman?",c,B,b,0,,,,eagle2_5_8b_videomme_default_uniform16.json,short,Attribute Perception
uniform,16,none,356,,videos/-ApL8d6tX5U.mp4,"According to the video, what problem does the world's shortest woman have?",a,A,a,1,,,,eagle2_5_8b_videomme_default_uniform16.json,short,Information Synopsis
uniform,16,none,357,,videos/s50vvwTystA.mp4,What is the animal in the video?,b,B,b,1,,,,eagle2_5_8b_videomme_default_uniform16.json,short,Attribute Perception
uniform,16,none,358,,videos/s50vvwTystA.mp4,"What is the reason for the lamp's action in the video, slapping the human portrayed?",d,D,d,1,,,,eagle2_5_8b_videomme_default_uniform16.json,short,Action Reasoning
uniform,16,none,359,,videos/s50vvwTystA.mp4,Which color of clothing is the person wearing in the video?,b,B,b,1,,,,eagle2_5_8b_videomme_default_uniform16.json,short,Attribute Perception
uniform,16,none,360,,videos/43wqf_KhiUo.mp4,Who was sentenced to have guilt in this video?,b,B,b,1,,,,eagle2_5_8b_videomme_default_uniform16.json,short,Object Reasoning
uniform,16,none,361,,videos/43wqf_KhiUo.mp4,Which color is the coat worn by the news anchor at the beginning of the video?,d,D,d,1,,,,eagle2_5_8b_videomme_default_uniform16.json,short,Attribute Perception
uniform,16,none,362,,videos/43wqf_KhiUo.mp4,"Based on the information provided in the video, which of the following locations is where the shooting occurred?",d,D,d,1,,,,eagle2_5_8b_videomme_default_uniform16.json,short,Spatial Perception
uniform,16,none,363,,videos/Z-rHofd6g2Q.mp4,Which license plate is shown on Obama's car in the video?,b,B,b,1,,,,eagle2_5_8b_videomme_default_uniform16.json,short,OCR Problems
uniform,16,none,364,,videos/Z-rHofd6g2Q.mp4,What brand of car does Obama have in the video?,d,D,d,1,,,,eagle2_5_8b_videomme_default_uniform16.json,short,OCR Problems
uniform,16,none,365,,videos/Z-rHofd6g2Q.mp4,Which color is the dress worn by the woman next to Obama in the video clip?,c,C,c,1,,,,eagle2_5_8b_videomme_default_uniform16.json,short,Attribute Perception
uniform,16,none,366,,videos/lmlw4NNZBbw.mp4,"According to the video, how many days in the year 2023 were there no recorded incidents of air pollution in Bangkok?",c,B,b,0,,,,eagle2_5_8b_videomme_default_uniform16.json,short,OCR Problems
uniform,16,none,367,,videos/lmlw4NNZBbw.mp4,"According to the video, which of the following statements about Thailand's agenda on air pollution is correct?",c,C,c,1,,,,eagle2_5_8b_videomme_default_uniform16.json,short,Object Reasoning
uniform,16,none,368,,videos/lmlw4NNZBbw.mp4,How many times does the interviewed girl appear in the video?,c,C,c,1,,,,eagle2_5_8b_videomme_default_uniform16.json,short,Counting Problem
uniform,16,none,369,,videos/c0siCya457M.mp4,"According to the video, which of the following events occurred in India?",d,D,d,1,,,,eagle2_5_8b_videomme_default_uniform16.json,short,Information Synopsis
uniform,16,none,370,,videos/c0siCya457M.mp4,"According to the video, what is the primary demand of farmers?",d,D,d,1,,,,eagle2_5_8b_videomme_default_uniform16.json,short,Information Synopsis
uniform,16,none,371,,videos/c0siCya457M.mp4,What colour is the news presenter's coat?,c,C,c,1,,,,eagle2_5_8b_videomme_default_uniform16.json,short,Attribute Perception
uniform,16,none,372,,videos/nKtWkDNGNOw.mp4,"According to the video, how many residents have been evacuated from the town?",c,B,b,0,,,,eagle2_5_8b_videomme_default_uniform16.json,short,Attribute Perception
uniform,16,none,373,,videos/nKtWkDNGNOw.mp4,"According to the video, what was the reason for the town's evacuation?",a,A,a,1,,,,eagle2_5_8b_videomme_default_uniform16.json,short,Action Reasoning
uniform,16,none,374,,videos/nKtWkDNGNOw.mp4,"According to the video, what was the overall mood of the people interviewed?",a,C,c,0,,,,eagle2_5_8b_videomme_default_uniform16.json,short,Object Reasoning
uniform,16,none,375,,videos/y6ReUXtm_VE.mp4,What is the atmosphere portrayed in the video like?,d,C,c,0,,,,eagle2_5_8b_videomme_default_uniform16.json,short,Spatial Reasoning
uniform,16,none,376,,videos/y6ReUXtm_VE.mp4,What is the reason for entering cold water in the video during the winter season?,b,B,b,1,,,,eagle2_5_8b_videomme_default_uniform16.json,short,Action Reasoning
uniform,16,none,377,,videos/y6ReUXtm_VE.mp4,What is the approximate temperature shown in the video?,b,B,b,1,,,,eagle2_5_8b_videomme_default_uniform16.json,short,OCR Problems
uniform,16,none,378,,videos/YlAefotZNAc.mp4,What clothes were the boys being interviewed wearing?,c,C,c,1,,,,eagle2_5_8b_videomme_default_uniform16.json,short,Attribute Perception
uniform,16,none,379,,videos/YlAefotZNAc.mp4,What is the mood of the people interviewed in the video who experienced the blizzard?,d,D,d,1,,,,eagle2_5_8b_videomme_default_uniform16.json,short,Attribute Perception
uniform,16,none,380,,videos/YlAefotZNAc.mp4,"According to the video, what is the reason why the interviewed man frequently observes snow?",a,A,a,1,,,,eagle2_5_8b_videomme_default_uniform16.json,short,Object Reasoning
uniform,16,none,381,,videos/EJ_yarUrgVQ.mp4,"According to the information presented in the video, what natural disaster did France experience that was identified as its worst ever?",a,B,b,0,,,,eagle2_5_8b_videomme_default_uniform16.json,short,Object Reasoning
uniform,16,none,382,,videos/EJ_yarUrgVQ.mp4,What happened in the mountains captured in the video?,a,A,a,1,,,,eagle2_5_8b_videomme_default_uniform16.json,short,Object Recognition
uniform,16,none,383,,videos/EJ_yarUrgVQ.mp4,Which color is the news anchor's top at the start of the video?,c,C,c,1,,,,eagle2_5_8b_videomme_default_uniform16.json,short,Attribute Perception
uniform,16,none,384,,videos/tNQo2GTbP6s.mp4,"According to the video, why is this fossil discovery special?",b,B,b,1,,,,eagle2_5_8b_videomme_default_uniform16.json,short,Object Reasoning
uniform,16,none,385,,videos/tNQo2GTbP6s.mp4,"According to the video, which of the following options correctly identifies Joe Davis?",d,D,d,1,,,,eagle2_5_8b_videomme_default_uniform16.json,short,Object Recognition
uniform,16,none,386,,videos/tNQo2GTbP6s.mp4,"According to the video, where were the ichthyosaur fossils found this time?",b,B,b,1,,,,eagle2_5_8b_videomme_default_uniform16.json,short,Spatial Reasoning
uniform,16,none,387,,videos/ykJ7pyr87Qc.mp4,"According to the information presented in the video, what was the exact number of individuals present in the store at the time?",d,B,b,0,,,,eagle2_5_8b_videomme_default_uniform16.json,short,Counting Problem
uniform,16,none,388,,videos/ykJ7pyr87Qc.mp4,"According to the video, what happened in the supermarket?",b,B,b,1,,,,eagle2_5_8b_videomme_default_uniform16.json,short,Action Recognition
uniform,16,none,389,,videos/ykJ7pyr87Qc.mp4,How did the cowboy subdue the criminal according to the video?,b,B,b,1,,,,eagle2_5_8b_videomme_default_uniform16.json,short,Action Recognition
uniform,16,none,390,,videos/HdBsD5VspVM.mp4,"Based on the video, who will benefit from the change buffs of armors?",c,C,c,1,,,,eagle2_5_8b_videomme_default_uniform16.json,short,Object Reasoning
uniform,16,none,391,,videos/HdBsD5VspVM.mp4,What profession is the legend in this video?,b,B,b,1,,,,eagle2_5_8b_videomme_default_uniform16.json,short,Object Reasoning
uniform,16,none,392,,videos/HdBsD5VspVM.mp4,What is the armor that first be described in the video?,a,B,b,0,,,,eagle2_5_8b_videomme_default_uniform16.json,short,Object Recognition
uniform,16,none,393,,videos/4V6G0qYVoBg.mp4,What is on the legend when he is hit by the turret?,d,D,d,1,,,,eagle2_5_8b_videomme_default_uniform16.json,short,Object Recognition
uniform,16,none,394,,videos/4V6G0qYVoBg.mp4,Which of the following events occur when the player presses R?,d,B,b,0,,,,eagle2_5_8b_videomme_default_uniform16.json,short,Action Recognition
uniform,16,none,395,,videos/4V6G0qYVoBg.mp4,What is thrown out when pressing Q on the keyboard?,d,D,d,1,,,,eagle2_5_8b_videomme_default_uniform16.json,short,Object Recognition
uniform,16,none,396,,videos/uF3zNOthLAg.mp4,How many legends are featured in the video?,a,B,b,0,,,,eagle2_5_8b_videomme_default_uniform16.json,short,Counting Problem
uniform,16,none,397,,videos/uF3zNOthLAg.mp4,Which legend is knocked down in the video?,c,B,b,0,,,,eagle2_5_8b_videomme_default_uniform16.json,short,Object Recognition
uniform,16,none,398,,videos/uF3zNOthLAg.mp4,Which location serves as the battleground in the fight?,d,D,d,1,,,,eagle2_5_8b_videomme_default_uniform16.json,short,Spatial Perception
uniform,16,none,399,,videos/6Z_XNM_iT4g.mp4,"In the legend, when the character with a fox tail goes left, what is her intention or goal?",b,B,b,1,,,,eagle2_5_8b_videomme_default_uniform16.json,short,Action Recognition
uniform,16,none,400,,videos/6Z_XNM_iT4g.mp4,Which skill is used by the legend who slays the enemy?,b,B,b,1,,,,eagle2_5_8b_videomme_default_uniform16.json,short,Action Recognition
uniform,16,none,401,,videos/6Z_XNM_iT4g.mp4,What type of weapon does the slain legend retrieve?,c,C,c,1,,,,eagle2_5_8b_videomme_default_uniform16.json,short,Object Recognition
uniform,16,none,402,,videos/fJ-hp5Jlbv0.mp4,Which color is the pistol used by the player?,c,C,c,1,,,,eagle2_5_8b_videomme_default_uniform16.json,short,Attribute Perception
uniform,16,none,403,,videos/fJ-hp5Jlbv0.mp4,What is on the wall that the player shoot at?,b,B,b,1,,,,eagle2_5_8b_videomme_default_uniform16.json,short,Object Recognition
uniform,16,none,404,,videos/fJ-hp5Jlbv0.mp4,How many people are in the video?,b,B,b,1,,,,eagle2_5_8b_videomme_default_uniform16.json,short,Counting Problem
uniform,16,none,405,,videos/LlajSKnbcGk.mp4,"According to the video, how many persons are shot to death by the player before he is dead?",a,C,c,0,,,,eagle2_5_8b_videomme_default_uniform16.json,short,Counting Problem
uniform,16,none,406,,videos/LlajSKnbcGk.mp4,What color are his gloves in the video?,a,A,a,1,,,,eagle2_5_8b_videomme_default_uniform16.json,short,Attribute Perception
uniform,16,none,407,,videos/LlajSKnbcGk.mp4,Where is the player finally dead?,a,A,a,1,,,,eagle2_5_8b_videomme_default_uniform16.json,short,Spatial Perception
uniform,16,none,408,,videos/dIPNQRVqJmY.mp4,What happens when the player approaches the window first?,b,B,b,1,,,,eagle2_5_8b_videomme_default_uniform16.json,short,Action Recognition
uniform,16,none,409,,videos/dIPNQRVqJmY.mp4,What does the player see upon exiting the building?,c,C,c,1,,,,eagle2_5_8b_videomme_default_uniform16.json,short,Object Recognition
uniform,16,none,410,,videos/dIPNQRVqJmY.mp4,How many shots does the player take in the video?,c,A,a,0,,,,eagle2_5_8b_videomme_default_uniform16.json,short,Counting Problem
uniform,16,none,411,,videos/of62s85uMMs.mp4,What is the location of the scene being depicted in the video?,d,D,d,1,,,,eagle2_5_8b_videomme_default_uniform16.json,short,Spatial Perception
uniform,16,none,412,,videos/of62s85uMMs.mp4,How many craches occurs in this video?,b,B,b,1,,,,eagle2_5_8b_videomme_default_uniform16.json,short,Counting Problem
uniform,16,none,413,,videos/of62s85uMMs.mp4,How many cars are overtaken in this video?,d,B,b,0,,,,eagle2_5_8b_videomme_default_uniform16.json,short,Counting Problem
uniform,16,none,414,,videos/80p80ynsZ78.mp4,Which of the following is the main color of the racetrack?,c,C,c,1,,,,eagle2_5_8b_videomme_default_uniform16.json,short,Attribute Perception
uniform,16,none,415,,videos/80p80ynsZ78.mp4,What the weather is like when the race begins?,d,D,d,1,,,,eagle2_5_8b_videomme_default_uniform16.json,short,Spatial Perception
uniform,16,none,416,,videos/80p80ynsZ78.mp4,"According to the video, what happens to the car when it is running?",a,A,a,1,,,,eagle2_5_8b_videomme_default_uniform16.json,short,Action Recognition
uniform,16,none,417,,videos/Kv1JXuOkAfk.mp4,What is the color of the car in this video?,b,B,b,1,,,,eagle2_5_8b_videomme_default_uniform16.json,short,Attribute Perception
uniform,16,none,418,,videos/Kv1JXuOkAfk.mp4,What is the pattern on the car?,a,A,a,1,,,,eagle2_5_8b_videomme_default_uniform16.json,short,Counting Problem
uniform,16,none,419,,videos/Kv1JXuOkAfk.mp4,"According to the video, what happens to the car when it is running?",d,D,d,1,,,,eagle2_5_8b_videomme_default_uniform16.json,short,Action Recognition
uniform,16,none,420,,videos/lsfEHOtYGyk.mp4,Which player does the video call for to finally put the ball in the basket?,a,C,c,0,,,,eagle2_5_8b_videomme_default_uniform16.json,short,Action Recognition
uniform,16,none,421,,videos/lsfEHOtYGyk.mp4,Which player is running the pick-and-roll for the other players?,b,C,c,0,,,,eagle2_5_8b_videomme_default_uniform16.json,short,Action Recognition
uniform,16,none,422,,videos/lsfEHOtYGyk.mp4,Which sport's tactics are shown in the video?,a,A,a,1,,,,eagle2_5_8b_videomme_default_uniform16.json,short,Object Recognition
uniform,16,none,423,,videos/rj6rJzs029A.mp4,What is the remaining time in seconds when the player in the video takes a free throw during the game?,c,C,c,1,,,,eagle2_5_8b_videomme_default_uniform16.json,short,OCR Problems
uniform,16,none,424,,videos/rj6rJzs029A.mp4,What are the people in the video cheering for?,a,C,c,0,,,,eagle2_5_8b_videomme_default_uniform16.json,short,Action Reasoning
uniform,16,none,425,,videos/rj6rJzs029A.mp4,Who is the player that ends the game in the video?,c,C,c,1,,,,eagle2_5_8b_videomme_default_uniform16.json,short,Object Recognition
uniform,16,none,426,,videos/PJHkIJZGwKA.mp4,What team currently has the lead in the video?,c,B,b,0,,,,eagle2_5_8b_videomme_default_uniform16.json,short,Object Recognition
uniform,16,none,427,,videos/PJHkIJZGwKA.mp4,Which player finished the dunk?,b,B,b,1,,,,eagle2_5_8b_videomme_default_uniform16.json,short,Action Recognition
uniform,16,none,428,,videos/PJHkIJZGwKA.mp4,Which type of basketball game is being played in the video?,d,D,d,1,,,,eagle2_5_8b_videomme_default_uniform16.json,short,Object Recognition
uniform,16,none,429,,videos/QUmkzhUQoEA.mp4,Who is the first player in the video to take a shot?,a,B,b,0,,,,eagle2_5_8b_videomme_default_uniform16.json,short,Object Recognition
uniform,16,none,430,,videos/QUmkzhUQoEA.mp4,Which player in the video scores first?,d,C,c,0,,,,eagle2_5_8b_videomme_default_uniform16.json,short,Object Recognition
uniform,16,none,431,,videos/QUmkzhUQoEA.mp4,Which of the following describes the unique aspect of this basketball game?,b,B,b,1,,,,eagle2_5_8b_videomme_default_uniform16.json,short,Object Reasoning
uniform,16,none,432,,videos/gvtvz-keDmE.mp4,What does the rabbit do while the man is flying up to dunk?,d,D,d,1,,,,eagle2_5_8b_videomme_default_uniform16.json,short,Action Recognition
uniform,16,none,433,,videos/gvtvz-keDmE.mp4,Which of the following options explains why the man is screaming at the beginning of the video?,a,A,a,1,,,,eagle2_5_8b_videomme_default_uniform16.json,short,Action Reasoning
uniform,16,none,434,,videos/gvtvz-keDmE.mp4,What sport is being played in the video?,b,B,b,1,,,,eagle2_5_8b_videomme_default_uniform16.json,short,Object Recognition
uniform,16,none,435,,videos/V9fsOaa97F4.mp4,Who dunks in the video?,c,C,c,1,,,,eagle2_5_8b_videomme_default_uniform16.json,short,Attribute Perception
uniform,16,none,436,,videos/V9fsOaa97F4.mp4,What is the total number of people guarding basketball players in orange shoes in the video?,b,D,d,0,,,,eagle2_5_8b_videomme_default_uniform16.json,short,Counting Problem
uniform,16,none,437,,videos/V9fsOaa97F4.mp4,What is this video mainly about?,d,D,d,1,,,,eagle2_5_8b_videomme_default_uniform16.json,short,Object Recognition
uniform,16,none,438,,videos/7R1eNHvfspk.mp4,How many challengers does the protagonist in the video take on?,a,A,a,1,,,,eagle2_5_8b_videomme_default_uniform16.json,short,Counting Problem
uniform,16,none,439,,videos/7R1eNHvfspk.mp4,What is the game in the video?,c,C,c,1,,,,eagle2_5_8b_videomme_default_uniform16.json,short,Action Recognition
uniform,16,none,440,,videos/7R1eNHvfspk.mp4,Which person in the video is shown to shoot the ball the highest?,b,B,b,1,,,,eagle2_5_8b_videomme_default_uniform16.json,short,Object Reasoning
uniform,16,none,441,,videos/KZu5iE7yrPI.mp4,Which player in the video dunks?,d,D,d,1,,,,eagle2_5_8b_videomme_default_uniform16.json,short,Action Recognition
uniform,16,none,442,,videos/KZu5iE7yrPI.mp4,Which basketball rule is featured in the video?,a,A,a,1,,,,eagle2_5_8b_videomme_default_uniform16.json,short,Action Reasoning
uniform,16,none,443,,videos/KZu5iE7yrPI.mp4,Why was the athlete in the video called for a traveling violation despite not being a foul?,b,B,b,1,,,,eagle2_5_8b_videomme_default_uniform16.json,short,Action Reasoning
uniform,16,none,444,,videos/5fPtlxR3s3c.mp4,What technical moves do the players perform in the third clip in the video?,c,D,d,0,,,,eagle2_5_8b_videomme_default_uniform16.json,short,Action Recognition
uniform,16,none,445,,videos/5fPtlxR3s3c.mp4,From which country does the player who takes the last shot in the video hail?,b,C,c,0,,,,eagle2_5_8b_videomme_default_uniform16.json,short,Object Recognition
uniform,16,none,446,,videos/5fPtlxR3s3c.mp4,What is the main theme of this video?,d,D,d,1,,,,eagle2_5_8b_videomme_default_uniform16.json,short,Information Synopsis
uniform,16,none,447,,videos/Tn70NxIMk2Q.mp4,What story does the video tell?,a,A,a,1,,,,eagle2_5_8b_videomme_default_uniform16.json,short,Information Synopsis
uniform,16,none,448,,videos/Tn70NxIMk2Q.mp4,Which one of the following jersey sizes does the man wear when he enters the NBA at the end of the video?,c,B,b,0,,,,eagle2_5_8b_videomme_default_uniform16.json,short,Object Recognition
uniform,16,none,449,,videos/Tn70NxIMk2Q.mp4,Which of the following best describes why the man appeared upset in the middle of the video?,a,A,a,1,,,,eagle2_5_8b_videomme_default_uniform16.json,short,Action Reasoning
uniform,16,none,450,,videos/JP67IM1LX-M.mp4,How many players are in the beach volleyball game shown in the video?,a,A,a,1,,,,eagle2_5_8b_videomme_default_uniform16.json,short,Counting Problem
uniform,16,none,451,,videos/JP67IM1LX-M.mp4,"What color of the T-shirt worn by the boy in black skin, who appears at the beginning and end of the video?",d,D,d,1,,,,eagle2_5_8b_videomme_default_uniform16.json,short,Attribute Perception
uniform,16,none,452,,videos/JP67IM1LX-M.mp4,Which location is most likely to host the FIFA World Cup based on the given landmark and promotional event in.  this video?,c,C,c,1,,,,eagle2_5_8b_videomme_default_uniform16.json,short,Spatial Reasoning
uniform,16,none,453,,videos/PYqmI0Hiaho.mp4,How many times did the No. 7 in red score in the video?,b,B,b,1,,,,eagle2_5_8b_videomme_default_uniform16.json,short,Counting Problem
uniform,16,none,454,,videos/PYqmI0Hiaho.mp4,What event is this video most likely associated with?,a,A,a,1,,,,eagle2_5_8b_videomme_default_uniform16.json,short,Object Recognition
uniform,16,none,455,,videos/PYqmI0Hiaho.mp4,"In the first goal, which player passed the ball to number 7 in red?",d,B,b,0,,,,eagle2_5_8b_videomme_default_uniform16.json,short,Object Recognition
uniform,16,none,456,,videos/_KU4X06VNiE.mp4,"Referring to ths video, which company sponsored the competition?",a,A,a,1,,,,eagle2_5_8b_videomme_default_uniform16.json,short,OCR Problems
uniform,16,none,457,,videos/_KU4X06VNiE.mp4,"As depicted in the video, what's the last name of the white team wearing number 13?",c,C,c,1,,,,eagle2_5_8b_videomme_default_uniform16.json,short,OCR Problems
uniform,16,none,458,,videos/_KU4X06VNiE.mp4,Which player in the video ends the game?,b,A,a,0,,,,eagle2_5_8b_videomme_default_uniform16.json,short,Object Recognition
uniform,16,none,459,,videos/1tidNDIpKSY.mp4,"At the beginning of the video, what is the man standing next to?",c,C,c,1,,,,eagle2_5_8b_videomme_default_uniform16.json,short,Object Recognition
uniform,16,none,460,,videos/1tidNDIpKSY.mp4,Which of the following options best describes the scene in the background behind the man?,a,A,a,1,,,,eagle2_5_8b_videomme_default_uniform16.json,short,Spatial Perception
uniform,16,none,461,,videos/1tidNDIpKSY.mp4,What can be inferred from the video about the location of the FIFA World Cup 2026 Final?,b,B,b,1,,,,eagle2_5_8b_videomme_default_uniform16.json,short,OCR Problems
uniform,16,none,462,,videos/ya2IXAREZho.mp4,"Which team does the player, seen wearing the number 10 shirt and scoring multiple goals in the video, belong to?",d,D,d,1,,,,eagle2_5_8b_videomme_default_uniform16.json,short,Object Recognition
uniform,16,none,463,,videos/ya2IXAREZho.mp4,Which player's goal highlights video is being shown in the video?,b,B,b,1,,,,eagle2_5_8b_videomme_default_uniform16.json,short,Object Recognition
uniform,16,none,464,,videos/ya2IXAREZho.mp4,How many Mbappe's spectacular goals does the video show?,a,B,b,0,,,,eagle2_5_8b_videomme_default_uniform16.json,short,Counting Problem
uniform,16,none,465,,videos/BkiTScinYOQ.mp4,How do the players celebrate scoring the first goal in this video?,c,D,d,0,,,,eagle2_5_8b_videomme_default_uniform16.json,short,Action Recognition
uniform,16,none,466,,videos/BkiTScinYOQ.mp4,Which country did Portugal score against in the last goal of the video?,b,B,b,1,,,,eagle2_5_8b_videomme_default_uniform16.json,short,Temporal Perception
uniform,16,none,467,,videos/BkiTScinYOQ.mp4,What are the two main colors of the Portuguese team uniforms featured in the video?,b,B,b,1,,,,eagle2_5_8b_videomme_default_uniform16.json,short,Attribute Perception
uniform,16,none,468,,videos/9dQXiqS56Y4.mp4,Which player is substituted with player 19?,d,D,d,1,,,,eagle2_5_8b_videomme_default_uniform16.json,short,Object Recognition
uniform,16,none,469,,videos/9dQXiqS56Y4.mp4,Which of the following is the name of player 18?,c,B,b,0,,,,eagle2_5_8b_videomme_default_uniform16.json,short,OCR Problems
uniform,16,none,470,,videos/9dQXiqS56Y4.mp4,How many goals can be seen in the video?,a,A,a,1,,,,eagle2_5_8b_videomme_default_uniform16.json,short,Counting Problem
uniform,16,none,471,,videos/uJFbOrNrL3w.mp4,What is the score of the football match at the time 78:32?,a,A,a,1,,,,eagle2_5_8b_videomme_default_uniform16.json,short,OCR Problems
uniform,16,none,472,,videos/uJFbOrNrL3w.mp4,Which player delivers the pass to number 9 to score the goal?,d,C,c,0,,,,eagle2_5_8b_videomme_default_uniform16.json,short,Object Recognition
uniform,16,none,473,,videos/uJFbOrNrL3w.mp4,"Judging by the score and time, what can be inferred about Qatar's performance in this match so far?",b,B,b,1,,,,eagle2_5_8b_videomme_default_uniform16.json,short,Object Reasoning
uniform,16,none,474,,videos/ByUONqA1IJY.mp4,Which of the following players serves from the backcourt?,b,B,b,1,,,,eagle2_5_8b_videomme_default_uniform16.json,short,Object Recognition
uniform,16,none,475,,videos/ByUONqA1IJY.mp4,Which team is the player most likely representing based on the indication of his jersey in this video?,c,C,c,1,,,,eagle2_5_8b_videomme_default_uniform16.json,short,Attribute Perception
uniform,16,none,476,,videos/ByUONqA1IJY.mp4,What emotion is represented by the number 9 in blue after scoring a goal?,b,B,b,1,,,,eagle2_5_8b_videomme_default_uniform16.json,short,Attribute Perception
uniform,16,none,477,,videos/njc90ODIbLc.mp4,What is the score following the goal being scored?,c,C,c,1,,,,eagle2_5_8b_videomme_default_uniform16.json,short,OCR Problems
uniform,16,none,478,,videos/njc90ODIbLc.mp4,Who could be the man in the white shirt clapping in the video?,d,B,b,0,,,,eagle2_5_8b_videomme_default_uniform16.json,short,Object Reasoning
uniform,16,none,479,,videos/njc90ODIbLc.mp4,Which team scored in the video?,b,B,b,1,,,,eagle2_5_8b_videomme_default_uniform16.json,short,Object Recognition
uniform,16,none,480,,videos/-qTAeVGl_e8.mp4,How many athletes are doing high jumps in the video?,b,B,b,1,,,,eagle2_5_8b_videomme_default_uniform16.json,short,Counting Problem
uniform,16,none,481,,videos/-qTAeVGl_e8.mp4,Who ultimately won the high jump competition in the video?,c,C,c,1,,,,eagle2_5_8b_videomme_default_uniform16.json,short,Object Reasoning
uniform,16,none,482,,videos/-qTAeVGl_e8.mp4,What is the competition in this video?,a,A,a,1,,,,eagle2_5_8b_videomme_default_uniform16.json,short,Object Recognition
uniform,16,none,483,,videos/8y2Hj7GDcwI.mp4,Which country's athlete's high jump process is documented in the video?,d,D,d,1,,,,eagle2_5_8b_videomme_default_uniform16.json,short,Object Recognition
uniform,16,none,484,,videos/8y2Hj7GDcwI.mp4,What is the name of the athlete who won the second place in the video?,b,B,b,1,,,,eagle2_5_8b_videomme_default_uniform16.json,short,OCR Problems
uniform,16,none,485,,videos/8y2Hj7GDcwI.mp4,Which company's advertisement did not appear in the video?,c,C,c,1,,,,eagle2_5_8b_videomme_default_uniform16.json,short,OCR Problems
uniform,16,none,486,,videos/zNxi2s36tS0.mp4,How many athletes are competing on the track in the video?,a,A,a,1,,,,eagle2_5_8b_videomme_default_uniform16.json,short,Counting Problem
uniform,16,none,487,,videos/zNxi2s36tS0.mp4,What is the competition event currently taking place in the video?,d,D,d,1,,,,eagle2_5_8b_videomme_default_uniform16.json,short,Object Recognition
uniform,16,none,488,,videos/zNxi2s36tS0.mp4,What is the shortest time to reach the finish line in the video?,b,B,b,1,,,,eagle2_5_8b_videomme_default_uniform16.json,short,OCR Problems
uniform,16,none,489,,videos/YNV0pLQ3r5U.mp4,How many groups of athletes' competitions are recorded in the video?,c,A,a,0,,,,eagle2_5_8b_videomme_default_uniform16.json,short,Counting Problem
uniform,16,none,490,,videos/YNV0pLQ3r5U.mp4,"Assuming groups are numbered in chronological order of appearance in the video, with the first group being the one that appears first in the video. To which group does the athlete who fell in the video belong?",a,D,d,0,,,,eagle2_5_8b_videomme_default_uniform16.json,short,Object Recognition
uniform,16,none,491,,videos/YNV0pLQ3r5U.mp4,What is the competition event currently taking place in the video?,d,D,d,1,,,,eagle2_5_8b_videomme_default_uniform16.json,short,Action Recognition
uniform,16,none,492,,videos/2yGaTOzaGIA.mp4,Who was the first athlete to reach the finish line in the video?,b,B,b,1,,,,eagle2_5_8b_videomme_default_uniform16.json,short,Object Recognition
uniform,16,none,493,,videos/2yGaTOzaGIA.mp4,How many athletes are competing in the video?,c,C,c,1,,,,eagle2_5_8b_videomme_default_uniform16.json,short,Counting Problem
uniform,16,none,494,,videos/2yGaTOzaGIA.mp4,What is the competition event taking place in the video?,a,A,a,1,,,,eagle2_5_8b_videomme_default_uniform16.json,short,Action Recognition
uniform,16,none,495,,videos/ejFVFtJdP3s.mp4,How many times do the athletes in the event shown in the video need to touch the pool wall?,d,B,b,0,,,,eagle2_5_8b_videomme_default_uniform16.json,short,Counting Problem
uniform,16,none,496,,videos/ejFVFtJdP3s.mp4,Which country does the swimmer who was given a close-up in the video hail from?,b,B,b,1,,,,eagle2_5_8b_videomme_default_uniform16.json,short,Attribute Perception
uniform,16,none,497,,videos/ejFVFtJdP3s.mp4,What swimming stroke does the athlete in the video use?,c,C,c,1,,,,eagle2_5_8b_videomme_default_uniform16.json,short,Action Recognition
uniform,16,none,498,,videos/913JhnW28U4.mp4,From which country does the first-place athlete in the video originate?,a,A,a,1,,,,eagle2_5_8b_videomme_default_uniform16.json,short,Attribute Perception
uniform,16,none,499,,videos/913JhnW28U4.mp4,What swimming stroke does the athlete in the video use?,d,D,d,1,,,,eagle2_5_8b_videomme_default_uniform16.json,short,Action Recognition
uniform,16,none,500,,videos/913JhnW28U4.mp4,What is the time difference in seconds between the second and third place in the competition results shown at the end of the video?,b,B,b,1,,,,eagle2_5_8b_videomme_default_uniform16.json,short,Counting Problem
uniform,16,none,501,,videos/DK6bKtXUE1c.mp4,How many athletes' long jumps are recorded in the video?,c,C,c,1,,,,eagle2_5_8b_videomme_default_uniform16.json,short,Counting Problem
uniform,16,none,502,,videos/DK6bKtXUE1c.mp4,How many athletes in the video achieved a high jump distance of over 9 meters?,a,B,b,0,,,,eagle2_5_8b_videomme_default_uniform16.json,short,Counting Problem
uniform,16,none,503,,videos/DK6bKtXUE1c.mp4,What is the competition event taking place in the video?,d,D,d,1,,,,eagle2_5_8b_videomme_default_uniform16.json,short,Action Recognition
uniform,16,none,504,,videos/CHlJdMVLV2s.mp4,Which country do the athletes shown at the beginning of the video come from?,b,B,b,1,,,,eagle2_5_8b_videomme_default_uniform16.json,short,Attribute Perception
uniform,16,none,505,,videos/CHlJdMVLV2s.mp4,Where and when was the diving scene in the video taken?,c,C,c,1,,,,eagle2_5_8b_videomme_default_uniform16.json,short,OCR Problems
uniform,16,none,506,,videos/CHlJdMVLV2s.mp4,How many times did the two athletes dive together at the same time in the video?,a,C,c,0,,,,eagle2_5_8b_videomme_default_uniform16.json,short,Counting Problem
uniform,16,none,507,,videos/E895PNqSgEI.mp4,When and where did the match in the video take place?,d,D,d,1,,,,eagle2_5_8b_videomme_default_uniform16.json,short,OCR Problems
uniform,16,none,508,,videos/E895PNqSgEI.mp4,How many athletes can be seen crossing the finish line in the video?,b,A,a,0,,,,eagle2_5_8b_videomme_default_uniform16.json,short,Counting Problem
uniform,16,none,509,,videos/E895PNqSgEI.mp4,Who was the first athlete to reach the finish line in the video?,c,D,d,0,,,,eagle2_5_8b_videomme_default_uniform16.json,short,Object Recognition
uniform,16,none,510,,videos/FsLaTZmP6Uw.mp4,When was the game hosted?,b,B,b,1,,,,eagle2_5_8b_videomme_default_uniform16.json,short,Temporal Perception
uniform,16,none,511,,videos/FsLaTZmP6Uw.mp4,Which player was the winner of the game?,c,C,c,1,,,,eagle2_5_8b_videomme_default_uniform16.json,short,Object Reasoning
uniform,16,none,512,,videos/FsLaTZmP6Uw.mp4,Which sentence describes this rally according to this video?,a,A,a,1,,,,eagle2_5_8b_videomme_default_uniform16.json,short,Action Reasoning
uniform,16,none,513,,videos/8W4gbKKNI1E.mp4,What is the logo on the pitcher's chest who wears a blue and red sports shirt and orange helmet?,d,B,b,0,,,,eagle2_5_8b_videomme_default_uniform16.json,short,Object Recognition
uniform,16,none,514,,videos/8W4gbKKNI1E.mp4,What did the baseball umpire do after the second ball?,a,B,b,0,,,,eagle2_5_8b_videomme_default_uniform16.json,short,Action Recognition
uniform,16,none,515,,videos/8W4gbKKNI1E.mp4,What happened to the last ball in this video?,b,B,b,1,,,,eagle2_5_8b_videomme_default_uniform16.json,short,Action Recognition
uniform,16,none,516,,videos/tbKTfX5Az6w.mp4,What is the final score of the game?,d,C,c,0,,,,eagle2_5_8b_videomme_default_uniform16.json,short,OCR Problems
uniform,16,none,517,,videos/tbKTfX5Az6w.mp4,Which player was the winner of the game?,b,B,b,1,,,,eagle2_5_8b_videomme_default_uniform16.json,short,Object Reasoning
uniform,16,none,518,,videos/tbKTfX5Az6w.mp4,How did the winner win this rally?,c,C,c,1,,,,eagle2_5_8b_videomme_default_uniform16.json,short,Action Recognition
uniform,16,none,519,,videos/84EpEwIVFdU.mp4,Which color of balls is absent from the table?,c,A,a,0,,,,eagle2_5_8b_videomme_default_uniform16.json,short,Attribute Perception
uniform,16,none,520,,videos/84EpEwIVFdU.mp4,What Latin texts are inscribed on the man's chest?,a,A,a,1,,,,eagle2_5_8b_videomme_default_uniform16.json,short,OCR Problems
uniform,16,none,521,,videos/84EpEwIVFdU.mp4,What is the main focus of this video?,b,B,b,1,,,,eagle2_5_8b_videomme_default_uniform16.json,short,Information Synopsis
uniform,16,none,522,,videos/TblFD8H4j94.mp4,How many rallies did the two athletes play?,b,B,b,1,,,,eagle2_5_8b_videomme_default_uniform16.json,short,Counting Problem
uniform,16,none,523,,videos/TblFD8H4j94.mp4,Which of the following occurred in the last rally?,c,A,a,0,,,,eagle2_5_8b_videomme_default_uniform16.json,short,Action Recognition
uniform,16,none,524,,videos/TblFD8H4j94.mp4,What sport are the two athletes playing?,a,A,a,1,,,,eagle2_5_8b_videomme_default_uniform16.json,short,Object Recognition
uniform,16,none,525,,videos/wGfRSojH0PE.mp4,What is the score after this game?,d,D,d,1,,,,eagle2_5_8b_videomme_default_uniform16.json,short,OCR Problems
uniform,16,none,526,,videos/wGfRSojH0PE.mp4,What is the man in black doing while standing beside the field and in front of the Dove board?,b,B,b,1,,,,eagle2_5_8b_videomme_default_uniform16.json,short,Object Recognition
uniform,16,none,527,,videos/wGfRSojH0PE.mp4,How did the white team win this game?,c,C,c,1,,,,eagle2_5_8b_videomme_default_uniform16.json,short,Action Recognition
uniform,16,none,528,,videos/6DO8yOVYXr0.mp4,What is the current score of the ongoing game?,a,A,a,1,,,,eagle2_5_8b_videomme_default_uniform16.json,short,OCR Problems
uniform,16,none,529,,videos/6DO8yOVYXr0.mp4,How many players are wearing black shirts in this video?,d,B,b,0,,,,eagle2_5_8b_videomme_default_uniform16.json,short,Counting Problem
uniform,16,none,530,,videos/6DO8yOVYXr0.mp4,Who smashed the decisive ball?,b,C,c,0,,,,eagle2_5_8b_videomme_default_uniform16.json,short,Object Recognition
uniform,16,none,531,,videos/IPevXMMEVQ0.mp4,Which flag is being held by the spectator?,c,C,c,1,,,,eagle2_5_8b_videomme_default_uniform16.json,short,Object Recognition
uniform,16,none,532,,videos/IPevXMMEVQ0.mp4,What action did the man in blue take towards the goalkeeper in yellow?,a,A,a,1,,,,eagle2_5_8b_videomme_default_uniform16.json,short,Action Recognition
uniform,16,none,533,,videos/IPevXMMEVQ0.mp4,Which number is located on the back of the blue man?,d,D,d,1,,,,eagle2_5_8b_videomme_default_uniform16.json,short,OCR Problems
uniform,16,none,534,,videos/fkJv7LRa6Pc.mp4,What happened to the blue car with a decoration of fire on the hood?,b,C,c,0,,,,eagle2_5_8b_videomme_default_uniform16.json,short,Action Recognition
uniform,16,none,535,,videos/fkJv7LRa6Pc.mp4,Which of the following sentences is accurate based on the video?,c,C,c,1,,,,eagle2_5_8b_videomme_default_uniform16.json,short,Action Reasoning
uniform,16,none,536,,videos/fkJv7LRa6Pc.mp4,What are the red texts recognized on the white wall?,a,A,a,1,,,,eagle2_5_8b_videomme_default_uniform16.json,short,OCR Problems
uniform,16,none,537,,videos/54YD3Gv-3MI.mp4,How many players are participating in the game?,d,B,b,0,,,,eagle2_5_8b_videomme_default_uniform16.json,short,Counting Problem
uniform,16,none,538,,videos/54YD3Gv-3MI.mp4,What happened to the blue player during the game?,b,B,b,1,,,,eagle2_5_8b_videomme_default_uniform16.json,short,Action Recognition
uniform,16,none,539,,videos/54YD3Gv-3MI.mp4,What country won first place?,c,C,c,1,,,,eagle2_5_8b_videomme_default_uniform16.json,short,Object Reasoning
uniform,16,none,540,,videos/8np5YKYx3sU.mp4,How many men and women are presenting on the stage?,a,C,c,0,,,,eagle2_5_8b_videomme_default_uniform16.json,short,Counting Problem
uniform,16,none,541,,videos/8np5YKYx3sU.mp4,What clothes is the singer wearing?,d,D,d,1,,,,eagle2_5_8b_videomme_default_uniform16.json,short,Attribute Perception
uniform,16,none,542,,videos/8np5YKYx3sU.mp4,What are the people on the stage doing in this video?,b,B,b,1,,,,eagle2_5_8b_videomme_default_uniform16.json,short,Action Recognition
uniform,16,none,543,,videos/2QTiAmvygC4.mp4,Which color of pants is the person wearing while playing the piano in the video?,c,C,c,1,,,,eagle2_5_8b_videomme_default_uniform16.json,short,Attribute Perception
uniform,16,none,544,,videos/2QTiAmvygC4.mp4,What is the exact number of performers in the video?,a,B,b,0,,,,eagle2_5_8b_videomme_default_uniform16.json,short,Counting Problem
uniform,16,none,545,,videos/2QTiAmvygC4.mp4,What is happening in the video?,d,D,d,1,,,,eagle2_5_8b_videomme_default_uniform16.json,short,Information Synopsis
uniform,16,none,546,,videos/NjxJY7P-Qpo.mp4,How many individuals are shown singing in the video?,b,B,b,1,,,,eagle2_5_8b_videomme_default_uniform16.json,short,Counting Problem
uniform,16,none,547,,videos/NjxJY7P-Qpo.mp4,Which individual does the singer wearing a yellow dress embrace?,c,C,c,1,,,,eagle2_5_8b_videomme_default_uniform16.json,short,Object Recognition
uniform,16,none,548,,videos/NjxJY7P-Qpo.mp4,Which of the following best describes the audience's reaction to the singer's performance in the video?,a,A,a,1,,,,eagle2_5_8b_videomme_default_uniform16.json,short,Object Reasoning
uniform,16,none,549,,videos/HiJb_2dvuHc.mp4,What instrument is the character in the middle playing in the video?,a,A,a,1,,,,eagle2_5_8b_videomme_default_uniform16.json,short,Attribute Perception
uniform,16,none,550,,videos/HiJb_2dvuHc.mp4,What is the color of the wig worn by the character playing the guitar?,b,B,b,1,,,,eagle2_5_8b_videomme_default_uniform16.json,short,Attribute Perception
uniform,16,none,551,,videos/HiJb_2dvuHc.mp4,"Based on the backdrop and costumes, which demographic is the intended audience for the show in the video?",d,D,d,1,,,,eagle2_5_8b_videomme_default_uniform16.json,short,Action Reasoning
uniform,16,none,552,,videos/mmKggCnGtA4.mp4,Which activity is the most likely one for the two main people in the image?,b,B,b,1,,,,eagle2_5_8b_videomme_default_uniform16.json,short,Action Recognition
uniform,16,none,553,,videos/mmKggCnGtA4.mp4,What can be seen in the background directly above the heads of the main characters?,a,A,a,1,,,,eagle2_5_8b_videomme_default_uniform16.json,short,Object Recognition
uniform,16,none,554,,videos/mmKggCnGtA4.mp4,"Which of the following venue types is most likely the setting of the scene, given its context?",c,C,c,1,,,,eagle2_5_8b_videomme_default_uniform16.json,short,Spatial Reasoning
uniform,16,none,555,,videos/QhL6ICNQ_So.mp4,How many individuals are currently present on the stage?,b,B,b,1,,,,eagle2_5_8b_videomme_default_uniform16.json,short,Counting Problem
uniform,16,none,556,,videos/QhL6ICNQ_So.mp4,What is the pattern on the backdrop of the stage?,c,C,c,1,,,,eagle2_5_8b_videomme_default_uniform16.json,short,Attribute Perception
uniform,16,none,557,,videos/QhL6ICNQ_So.mp4,Which genre best describes the performance based on the activity and costumes?,a,A,a,1,,,,eagle2_5_8b_videomme_default_uniform16.json,short,Attribute Perception
uniform,16,none,558,,videos/iOOseoPiw8E.mp4,"In this video, which stage setting is featured at the beginning of the performance?",a,A,a,1,,,,eagle2_5_8b_videomme_default_uniform16.json,short,Attribute Perception
uniform,16,none,559,,videos/iOOseoPiw8E.mp4,"According to the video, which country will host this live stage event?",b,B,b,1,,,,eagle2_5_8b_videomme_default_uniform16.json,short,OCR Problems
uniform,16,none,560,,videos/iOOseoPiw8E.mp4,"Based on the characters' costumes and the stage setup, which of the following types of performance is most likely being portrayed in this video?",d,D,d,1,,,,eagle2_5_8b_videomme_default_uniform16.json,short,Spatial Reasoning
uniform,16,none,561,,videos/XK6ApJHa59I.mp4,Which person in the video is being slapped by the man?,c,B,b,0,,,,eagle2_5_8b_videomme_default_uniform16.json,short,Object Recognition
uniform,16,none,562,,videos/XK6ApJHa59I.mp4,Which item is being held by the actor in the image on the poster displayed at the end of the video?,a,A,a,1,,,,eagle2_5_8b_videomme_default_uniform16.json,short,Object Recognition
uniform,16,none,563,,videos/XK6ApJHa59I.mp4,What can be inferred about the tone of the play?,b,B,b,1,,,,eagle2_5_8b_videomme_default_uniform16.json,short,Attribute Perception
uniform,16,none,564,,videos/eICN548E2TU.mp4,What is the purpose of the performers sitting down?,a,A,a,1,,,,eagle2_5_8b_videomme_default_uniform16.json,short,Action Recognition
uniform,16,none,565,,videos/eICN548E2TU.mp4,Which item does the man display to the woman?,d,D,d,1,,,,eagle2_5_8b_videomme_default_uniform16.json,short,Object Recognition
uniform,16,none,566,,videos/eICN548E2TU.mp4,Which of the following statements best describes the relationship between the two characters in this scene based on the available information?,c,A,a,0,,,,eagle2_5_8b_videomme_default_uniform16.json,short,Object Reasoning
uniform,16,none,567,,videos/PSC_HUeqaUk.mp4,What is the main event taking place?,c,C,c,1,,,,eagle2_5_8b_videomme_default_uniform16.json,short,Attribute Perception
uniform,16,none,568,,videos/PSC_HUeqaUk.mp4,Which of the following is visible on the background screen?,d,B,b,0,,,,eagle2_5_8b_videomme_default_uniform16.json,short,Object Recognition
uniform,16,none,569,,videos/PSC_HUeqaUk.mp4,"Based on the audience's reaction, what is the most likely atmosphere in the venue?",a,A,a,1,,,,eagle2_5_8b_videomme_default_uniform16.json,short,Attribute Perception
uniform,16,none,570,,videos/vQTQJ1Mlzqo.mp4,How many tricks are performed in this video?,b,B,b,1,,,,eagle2_5_8b_videomme_default_uniform16.json,short,Counting Problem
uniform,16,none,571,,videos/vQTQJ1Mlzqo.mp4,What finger is wrapped with the third rubber band trick in this video?,c,A,a,0,,,,eagle2_5_8b_videomme_default_uniform16.json,short,Object Recognition
uniform,16,none,572,,videos/vQTQJ1Mlzqo.mp4,Which sentence best describes the first rubber band trick shown in the video?,a,B,b,0,,,,eagle2_5_8b_videomme_default_uniform16.json,short,Object Recognition
uniform,16,none,573,,videos/gTBRQaBRiSs.mp4,"As can be seen in the video, how many judges are watching the show?",a,A,a,1,,,,eagle2_5_8b_videomme_default_uniform16.json,short,Counting Problem
uniform,16,none,574,,videos/gTBRQaBRiSs.mp4,"According the video, what makes the audience shocked and rise to applaud?",d,D,d,1,,,,eagle2_5_8b_videomme_default_uniform16.json,short,Action Reasoning
uniform,16,none,575,,videos/gTBRQaBRiSs.mp4,Which regional clothes does the performer wear in the video?,b,C,c,0,,,,eagle2_5_8b_videomme_default_uniform16.json,short,Object Recognition
uniform,16,none,576,,videos/jznsxDcKSnE.mp4,What clothes does the performer wear in the video?,d,D,d,1,,,,eagle2_5_8b_videomme_default_uniform16.json,short,Object Recognition
uniform,16,none,577,,videos/jznsxDcKSnE.mp4,"Based on the video, when are the lights turned on during the performance?",b,B,b,1,,,,eagle2_5_8b_videomme_default_uniform16.json,short,Temporal Perception
uniform,16,none,578,,videos/jznsxDcKSnE.mp4,What does she do after picking a pink ball from the thunder in the video?,c,C,c,1,,,,eagle2_5_8b_videomme_default_uniform16.json,short,Action Recognition
uniform,16,none,579,,videos/fRf2aYYPrkc.mp4,"Based on the video, what most likely roles do the man and woman have alongside the magician?",c,C,c,1,,,,eagle2_5_8b_videomme_default_uniform16.json,short,Object Reasoning
uniform,16,none,580,,videos/fRf2aYYPrkc.mp4,"As depicted in the video, what occurs when the magician taps only the man on the shoulder?",a,B,b,0,,,,eagle2_5_8b_videomme_default_uniform16.json,short,Action Recognition
uniform,16,none,581,,videos/fRf2aYYPrkc.mp4,What does the magician not do according to the video?,b,B,b,1,,,,eagle2_5_8b_videomme_default_uniform16.json,short,Action Recognition
uniform,16,none,582,,videos/QGHVpr8FIN8.mp4,What happens to the balloon in the video?,b,B,b,1,,,,eagle2_5_8b_videomme_default_uniform16.json,short,Object Reasoning
uniform,16,none,583,,videos/QGHVpr8FIN8.mp4,What does the performer have in his hand at the beginning of this video?,c,C,c,1,,,,eagle2_5_8b_videomme_default_uniform16.json,short,Object Recognition
uniform,16,none,584,,videos/QGHVpr8FIN8.mp4,What are the colors of the fan?,a,A,a,1,,,,eagle2_5_8b_videomme_default_uniform16.json,short,Attribute Perception
uniform,16,none,585,,videos/lNKtsi2Cu0E.mp4,What are the tools the man  in this video used to perform magic?,d,D,d,1,,,,eagle2_5_8b_videomme_default_uniform16.json,short,Object Recognition
uniform,16,none,586,,videos/lNKtsi2Cu0E.mp4,What is the color of the performer's hair in this video?,d,D,d,1,,,,eagle2_5_8b_videomme_default_uniform16.json,short,Attribute Perception
uniform,16,none,587,,videos/lNKtsi2Cu0E.mp4,"As can be seen in the video, what does the performer do when he leaves the stage?",c,C,c,1,,,,eagle2_5_8b_videomme_default_uniform16.json,short,Action Recognition
uniform,16,none,588,,videos/1q-5IIyZL20.mp4,"According the video, what is the appearance of the clothes worn by the man holding a dog?",a,A,a,1,,,,eagle2_5_8b_videomme_default_uniform16.json,short,Object Recognition
uniform,16,none,589,,videos/1q-5IIyZL20.mp4,What is the function of the black plastic bag shown in the video?,d,D,d,1,,,,eagle2_5_8b_videomme_default_uniform16.json,short,Object Reasoning
uniform,16,none,590,,videos/1q-5IIyZL20.mp4,Which of the following items is not placed on the judge's table who is speaking at the end of this video?,a,A,a,1,,,,eagle2_5_8b_videomme_default_uniform16.json,short,Object Recognition
uniform,16,none,591,,videos/V_skpmEXebM.mp4,What is the magic trick in this video?,c,C,c,1,,,,eagle2_5_8b_videomme_default_uniform16.json,short,Action Recognition
uniform,16,none,592,,videos/V_skpmEXebM.mp4,Which statement accurately describes a similarity between the two men in this video?,a,C,c,0,,,,eagle2_5_8b_videomme_default_uniform16.json,short,Object Reasoning
uniform,16,none,593,,videos/V_skpmEXebM.mp4,What is this video mainly about?,d,D,d,1,,,,eagle2_5_8b_videomme_default_uniform16.json,short,Information Synopsis
uniform,16,none,594,,videos/sxsjigV9S-Y.mp4,Why do the men on the stage look similar to each other?,b,B,b,1,,,,eagle2_5_8b_videomme_default_uniform16.json,short,Object Reasoning
uniform,16,none,595,,videos/sxsjigV9S-Y.mp4,What do the two men first perform on the stage?,c,C,c,1,,,,eagle2_5_8b_videomme_default_uniform16.json,short,Action Recognition
uniform,16,none,596,,videos/sxsjigV9S-Y.mp4,What happened to the curves they draw on the screen?,a,C,c,0,,,,eagle2_5_8b_videomme_default_uniform16.json,short,Action Recognition
uniform,16,none,597,,videos/LeBG88YT3rU.mp4,Which of the following best describes the subject matter of the video?,b,A,a,0,,,,eagle2_5_8b_videomme_default_uniform16.json,short,Information Synopsis
uniform,16,none,598,,videos/LeBG88YT3rU.mp4,How did the woman respond to the performance in the video?,d,A,a,0,,,,eagle2_5_8b_videomme_default_uniform16.json,short,Object Reasoning
uniform,16,none,599,,videos/LeBG88YT3rU.mp4,What is the background behind the woman in FaceTime?,c,C,c,1,,,,eagle2_5_8b_videomme_default_uniform16.json,short,Object Recognition
uniform,16,none,600,,videos/k74LDvXSnHM.mp4,"Based on the beginning of the video, during which holiday was the video most likely recorded?",a,A,a,1,,,,eagle2_5_8b_videomme_default_uniform16.json,short,Spatial Reasoning
uniform,16,none,601,,videos/k74LDvXSnHM.mp4,What caused the sudden fall of the woman in the video?,c,D,d,0,,,,eagle2_5_8b_videomme_default_uniform16.json,short,Action Reasoning
uniform,16,none,602,,videos/k74LDvXSnHM.mp4,"According to the video, how many individuals are in the bathroom?",a,D,d,0,,,,eagle2_5_8b_videomme_default_uniform16.json,short,Counting Problem
uniform,16,none,603,,videos/QtKT3q7xB4M.mp4,What was the final score of the man in the video?,b,A,a,0,,,,eagle2_5_8b_videomme_default_uniform16.json,short,OCR Problems
uniform,16,none,604,,videos/QtKT3q7xB4M.mp4,What color shoes is the man wearing in the video who is playing the obstacle course game?,c,C,c,1,,,,eagle2_5_8b_videomme_default_uniform16.json,short,Attribute Perception
uniform,16,none,605,,videos/QtKT3q7xB4M.mp4,Which of the following best describes the topic of the video?,b,B,b,1,,,,eagle2_5_8b_videomme_default_uniform16.json,short,Information Synopsis
uniform,16,none,606,,videos/mD_7mhnPS_Y.mp4,"In the opening scene of the video, how many stars are present on the trophy situated on the left hand side of the screen?",d,B,b,0,,,,eagle2_5_8b_videomme_default_uniform16.json,short,Counting Problem
uniform,16,none,607,,videos/mD_7mhnPS_Y.mp4,Why were the two people so happy in the video?,d,D,d,1,,,,eagle2_5_8b_videomme_default_uniform16.json,short,Action Reasoning
uniform,16,none,608,,videos/mD_7mhnPS_Y.mp4,Which hairstyle is being worn by the host on stage in the video?,d,A,a,0,,,,eagle2_5_8b_videomme_default_uniform16.json,short,Attribute Perception
uniform,16,none,609,,videos/pcm_E7UoKLo.mp4,"According to the video, what country does the shortest woman in the world come from?",c,A,a,0,,,,eagle2_5_8b_videomme_default_uniform16.json,short,Attribute Perception
uniform,16,none,610,,videos/pcm_E7UoKLo.mp4,"According to the opening scene of the video, what color tie is the man wearing with his suit?",d,D,d,1,,,,eagle2_5_8b_videomme_default_uniform16.json,short,Attribute Perception
uniform,16,none,611,,videos/pcm_E7UoKLo.mp4,"Based on the video, which statement is true regarding the height comparison of the world's shortest man and shortest woman?",c,D,d,0,,,,eagle2_5_8b_videomme_default_uniform16.json,short,Attribute Perception
uniform,16,none,612,,videos/EVnzXA9b7Ww.mp4,What is this video about?,a,A,a,1,,,,eagle2_5_8b_videomme_default_uniform16.json,short,Information Synopsis
uniform,16,none,613,,videos/EVnzXA9b7Ww.mp4,What clothing is the man wearing while holding the dog in the second half of the video?,a,A,a,1,,,,eagle2_5_8b_videomme_default_uniform16.json,short,Attribute Perception
uniform,16,none,614,,videos/EVnzXA9b7Ww.mp4,What color are the wheels of the skateboard used by the dog in the video?,b,B,b,1,,,,eagle2_5_8b_videomme_default_uniform16.json,short,Attribute Perception
uniform,16,none,615,,videos/4H8hcvNeWtg.mp4,What is the total number of people in the video?,a,A,a,1,,,,eagle2_5_8b_videomme_default_uniform16.json,short,Counting Problem
uniform,16,none,616,,videos/4H8hcvNeWtg.mp4,Did they successfully play the game of telephone in the video?,b,B,b,1,,,,eagle2_5_8b_videomme_default_uniform16.json,short,Object Reasoning
uniform,16,none,617,,videos/4H8hcvNeWtg.mp4,How many people are wearing ties in the video?,a,A,a,1,,,,eagle2_5_8b_videomme_default_uniform16.json,short,Counting Problem
uniform,16,none,618,,videos/RqA3LAo75kw.mp4,What game are they playing in the video?,d,D,d,1,,,,eagle2_5_8b_videomme_default_uniform16.json,short,Action Recognition
uniform,16,none,619,,videos/RqA3LAo75kw.mp4,How many people were shown in the video drawing on the stage?,d,B,b,0,,,,eagle2_5_8b_videomme_default_uniform16.json,short,Counting Problem
uniform,16,none,620,,videos/RqA3LAo75kw.mp4,How many individuals depicted in the video are wearing glasses?,c,D,d,0,,,,eagle2_5_8b_videomme_default_uniform16.json,short,Counting Problem
uniform,16,none,621,,videos/44ivpEIcBhE.mp4,Which instrument is the performer on the stage holding in the video?,b,B,b,1,,,,eagle2_5_8b_videomme_default_uniform16.json,short,Object Recognition
uniform,16,none,622,,videos/44ivpEIcBhE.mp4,Who was the first person to press the button and turn the chair around in the video?,a,A,a,1,,,,eagle2_5_8b_videomme_default_uniform16.json,short,Object Recognition
uniform,16,none,623,,videos/44ivpEIcBhE.mp4,Which option correctly indicates the number of microphones on the stage?,c,C,c,1,,,,eagle2_5_8b_videomme_default_uniform16.json,short,Counting Problem
uniform,16,none,624,,videos/n7q1yYzx2g8.mp4,How many times do the two people in the video give different answers to the question?,b,A,a,0,,,,eagle2_5_8b_videomme_default_uniform16.json,short,Counting Problem
uniform,16,none,625,,videos/n7q1yYzx2g8.mp4,Which country's flag is on the ribbon in the video?,a,A,a,1,,,,eagle2_5_8b_videomme_default_uniform16.json,short,Object Recognition
uniform,16,none,626,,videos/n7q1yYzx2g8.mp4,"According to the video,who spends more time on their phone?",a,D,d,0,,,,eagle2_5_8b_videomme_default_uniform16.json,short,Information Synopsis
uniform,16,none,627,,videos/XS6ysDFTbLU.mp4,How many people were challenged by the person in the video?,b,A,a,0,,,,eagle2_5_8b_videomme_default_uniform16.json,short,Counting Problem
uniform,16,none,628,,videos/XS6ysDFTbLU.mp4,What color is the rope pulled by the person during the ice bucket challenge in the video?,b,B,b,1,,,,eagle2_5_8b_videomme_default_uniform16.json,short,Attribute Perception
uniform,16,none,629,,videos/XS6ysDFTbLU.mp4,"Based on the words spoken by the person in the video, what is the main significance of the activity shown in the video?",a,C,c,0,,,,eagle2_5_8b_videomme_default_uniform16.json,short,Action Reasoning
uniform,16,none,630,,videos/lNO6cYxqMZk.mp4,What did the little girl not do after the performance?,b,B,b,1,,,,eagle2_5_8b_videomme_default_uniform16.json,short,Action Recognition
uniform,16,none,631,,videos/lNO6cYxqMZk.mp4,What is the background for the stage when the little girl and her mom jump on ropes in this video?,c,C,c,1,,,,eagle2_5_8b_videomme_default_uniform16.json,short,Object Recognition
uniform,16,none,632,,videos/lNO6cYxqMZk.mp4,What is the color of the woman's nails?,a,A,a,1,,,,eagle2_5_8b_videomme_default_uniform16.json,short,Attribute Perception
uniform,16,none,633,,videos/026dzf-vc5g.mp4,Which skill is not included in the little girl's performance?,a,A,a,1,,,,eagle2_5_8b_videomme_default_uniform16.json,short,Action Recognition
uniform,16,none,634,,videos/026dzf-vc5g.mp4,"According to the little girl's expression, how does she feel after finishing her performance?",d,D,d,1,,,,eagle2_5_8b_videomme_default_uniform16.json,short,Object Reasoning
uniform,16,none,635,,videos/026dzf-vc5g.mp4,What is the color of the little girl wearing shorts?,b,B,b,1,,,,eagle2_5_8b_videomme_default_uniform16.json,short,Attribute Perception
uniform,16,none,636,,videos/KEy2iCzpce4.mp4,What is the ending pose in the performance?,d,D,d,1,,,,eagle2_5_8b_videomme_default_uniform16.json,short,Action Recognition
uniform,16,none,637,,videos/KEy2iCzpce4.mp4,What can be seen on her chin when she is being interviewd in this video?,b,B,b,1,,,,eagle2_5_8b_videomme_default_uniform16.json,short,Object Recognition
uniform,16,none,638,,videos/KEy2iCzpce4.mp4,What does the girl wear during the performance?,c,C,c,1,,,,eagle2_5_8b_videomme_default_uniform16.json,short,Object Recognition
uniform,16,none,639,,videos/dH8l--46j6s.mp4,Which pose appears in this video?,c,C,c,1,,,,eagle2_5_8b_videomme_default_uniform16.json,short,Action Recognition
uniform,16,none,640,,videos/dH8l--46j6s.mp4,"According to the video, what synchronized action do the two performers engage in simultaneously?",a,A,a,1,,,,eagle2_5_8b_videomme_default_uniform16.json,short,Object Reasoning
uniform,16,none,641,,videos/dH8l--46j6s.mp4,What does the male performer wear in this video?,b,B,b,1,,,,eagle2_5_8b_videomme_default_uniform16.json,short,Object Recognition
uniform,16,none,642,,videos/VmNBt1tzC6k.mp4,What is this video mainly about?,b,B,b,1,,,,eagle2_5_8b_videomme_default_uniform16.json,short,Information Synopsis
uniform,16,none,643,,videos/VmNBt1tzC6k.mp4,What is the ending pose of the team at the end of this video?,c,C,c,1,,,,eagle2_5_8b_videomme_default_uniform16.json,short,Action Recognition
uniform,16,none,644,,videos/VmNBt1tzC6k.mp4,"How many individuals are in the team, with each person dressed in yellow?",a,A,a,1,,,,eagle2_5_8b_videomme_default_uniform16.json,short,Counting Problem
uniform,16,none,645,,videos/5Knkqo-lYF0.mp4,What does the girl wear above the head during her performance?,d,D,d,1,,,,eagle2_5_8b_videomme_default_uniform16.json,short,Object Recognition
uniform,16,none,646,,videos/5Knkqo-lYF0.mp4,Which sentence best describes the girl's dress?,b,B,b,1,,,,eagle2_5_8b_videomme_default_uniform16.json,short,Attribute Perception
uniform,16,none,647,,videos/5Knkqo-lYF0.mp4,How many rolls does the girl do in her performance?,a,A,a,1,,,,eagle2_5_8b_videomme_default_uniform16.json,short,Counting Problem
uniform,16,none,648,,videos/BrrDT_uYQsg.mp4,What is the physique of the athletes?,a,B,b,0,,,,eagle2_5_8b_videomme_default_uniform16.json,short,Attribute Perception
uniform,16,none,649,,videos/BrrDT_uYQsg.mp4,Which sports in this video involve athletes utilizing humans as tools?,d,B,b,0,,,,eagle2_5_8b_videomme_default_uniform16.json,short,Action Recognition
uniform,16,none,650,,videos/BrrDT_uYQsg.mp4,What do the athletes wear during their performance?,b,B,b,1,,,,eagle2_5_8b_videomme_default_uniform16.json,short,Object Recognition
uniform,16,none,651,,videos/jmE9y0vv2aM.mp4,"If the man is 180cm tall, what is the estimated diameter of the pilates ball which the man is playing with?",c,C,c,1,,,,eagle2_5_8b_videomme_default_uniform16.json,short,Attribute Perception
uniform,16,none,652,,videos/jmE9y0vv2aM.mp4,How many different tricks does the man show inside the house?,c,C,c,1,,,,eagle2_5_8b_videomme_default_uniform16.json,short,Counting Problem
uniform,16,none,653,,videos/jmE9y0vv2aM.mp4,What does the man wear outside the house?,d,D,d,1,,,,eagle2_5_8b_videomme_default_uniform16.json,short,Object Recognition
uniform,16,none,654,,videos/fSDq8CPXHQM.mp4,Where do the events in this video take place?,b,B,b,1,,,,eagle2_5_8b_videomme_default_uniform16.json,short,Spatial Perception
uniform,16,none,655,,videos/fSDq8CPXHQM.mp4,Which skill does not appear in her performance?,c,C,c,1,,,,eagle2_5_8b_videomme_default_uniform16.json,short,Action Recognition
uniform,16,none,656,,videos/fSDq8CPXHQM.mp4,What is the stage background where several male performers are holding long sticks?,a,A,a,1,,,,eagle2_5_8b_videomme_default_uniform16.json,short,Object Recognition
uniform,16,none,657,,videos/D61jenC5oBA.mp4,Which skill does not appear in her performance?,d,D,d,1,,,,eagle2_5_8b_videomme_default_uniform16.json,short,Action Recognition
uniform,16,none,658,,videos/D61jenC5oBA.mp4,What color do the clothes of the two players have in common?,b,B,b,1,,,,eagle2_5_8b_videomme_default_uniform16.json,short,Attribute Perception
uniform,16,none,659,,videos/D61jenC5oBA.mp4,What is this video mainly about?,c,C,c,1,,,,eagle2_5_8b_videomme_default_uniform16.json,short,Information Synopsis
uniform,16,none,660,,videos/c9oXTCVcTSE.mp4,"As depicted in the video, which tool is not necessary to make a rubber band car?",b,D,d,0,,,,eagle2_5_8b_videomme_default_uniform16.json,short,Object Recognition
uniform,16,none,661,,videos/c9oXTCVcTSE.mp4,What is the color of the bottle cap?,c,C,c,1,,,,eagle2_5_8b_videomme_default_uniform16.json,short,Attribute Perception
uniform,16,none,662,,videos/c9oXTCVcTSE.mp4,What is this video mainly about?,a,B,b,0,,,,eagle2_5_8b_videomme_default_uniform16.json,short,Information Synopsis
uniform,16,none,663,,videos/FlcVBKTSjRs.mp4,How many spoons are used to make the holder in the video?,a,D,d,0,,,,eagle2_5_8b_videomme_default_uniform16.json,short,Counting Problem
uniform,16,none,664,,videos/FlcVBKTSjRs.mp4,Which object does the holder made in this video visually resemble?,d,D,d,1,,,,eagle2_5_8b_videomme_default_uniform16.json,short,Object Recognition
uniform,16,none,665,,videos/FlcVBKTSjRs.mp4,What is the primary focus or main topic of this video?,b,B,b,1,,,,eagle2_5_8b_videomme_default_uniform16.json,short,Information Synopsis
uniform,16,none,666,,videos/OCTekmo_szs.mp4,How many different kinds of snow globes are made in this video?,d,D,d,1,,,,eagle2_5_8b_videomme_default_uniform16.json,short,Counting Problem
uniform,16,none,667,,videos/OCTekmo_szs.mp4,Which tool is not necessary to make a snow globe?,b,B,b,1,,,,eagle2_5_8b_videomme_default_uniform16.json,short,Object Recognition
uniform,16,none,668,,videos/OCTekmo_szs.mp4,What is this video mainly about?,c,C,c,1,,,,eagle2_5_8b_videomme_default_uniform16.json,short,Information Synopsis
uniform,16,none,669,,videos/g1MCVp5xICM.mp4,What is the color of the pistil in this video?,c,C,c,1,,,,eagle2_5_8b_videomme_default_uniform16.json,short,Attribute Perception
uniform,16,none,670,,videos/g1MCVp5xICM.mp4,"As can be seen in the video, which hand is used to hold the glue gun?",a,B,b,0,,,,eagle2_5_8b_videomme_default_uniform16.json,short,Spatial Perception
uniform,16,none,671,,videos/g1MCVp5xICM.mp4,"What is the right order of the tools appearing in the video when making a paper peony?
(a) Glue gun.
(b) Yellow paper.
(c) Pink paper.
(d) Scissors.",b,B,b,1,,,,eagle2_5_8b_videomme_default_uniform16.json,short,Temporal Reasoning
uniform,16,none,672,,videos/BiJtPU9uP0c.mp4,How many different kinds of animal faces are made in this video?,b,B,b,1,,,,eagle2_5_8b_videomme_default_uniform16.json,short,Counting Problem
uniform,16,none,673,,videos/BiJtPU9uP0c.mp4,What is the shape of the paper shown in the video?,c,C,c,1,,,,eagle2_5_8b_videomme_default_uniform16.json,short,Attribute Perception
uniform,16,none,674,,videos/BiJtPU9uP0c.mp4,What is the second paper animal made in this video?,a,A,a,1,,,,eagle2_5_8b_videomme_default_uniform16.json,short,Object Recognition
uniform,16,none,675,,videos/OQAf_rTw7n8.mp4,How many candle holders are made in this video?,d,D,d,1,,,,eagle2_5_8b_videomme_default_uniform16.json,short,Counting Problem
uniform,16,none,676,,videos/OQAf_rTw7n8.mp4,What common objects do the candle holders made in this video share?,b,D,d,0,,,,eagle2_5_8b_videomme_default_uniform16.json,short,Object Reasoning
uniform,16,none,677,,videos/OQAf_rTw7n8.mp4,"As shown in the video, where are the candles placed?",c,C,c,1,,,,eagle2_5_8b_videomme_default_uniform16.json,short,Spatial Perception
uniform,16,none,678,,videos/qhW8L_GAodE.mp4,How are the bottle caps placed at the beginning of this video?,a,C,c,0,,,,eagle2_5_8b_videomme_default_uniform16.json,short,Spatial Perception
uniform,16,none,679,,videos/qhW8L_GAodE.mp4,What are the objects next to the girl on the sticker of the orange cap?,d,D,d,1,,,,eagle2_5_8b_videomme_default_uniform16.json,short,Object Recognition
uniform,16,none,680,,videos/qhW8L_GAodE.mp4,What is the objective or purpose of this do-it-yourself (DIY) project?,b,B,b,1,,,,eagle2_5_8b_videomme_default_uniform16.json,short,Action Reasoning
uniform,16,none,681,,videos/ufZMrlZRn8o.mp4,What is the size of the rectangular paper?,c,C,c,1,,,,eagle2_5_8b_videomme_default_uniform16.json,short,Attribute Perception
uniform,16,none,682,,videos/ufZMrlZRn8o.mp4,"As depicted in the video, how many times is the paper folded before cutting by scissors?",d,C,c,0,,,,eagle2_5_8b_videomme_default_uniform16.json,short,Counting Problem
uniform,16,none,683,,videos/ufZMrlZRn8o.mp4,What is the function of the scissors that are used in the video?,a,A,a,1,,,,eagle2_5_8b_videomme_default_uniform16.json,short,Object Reasoning
uniform,16,none,684,,videos/IKtnfFHjERg.mp4,What is the color of the two butterflies made of paper?,b,B,b,1,,,,eagle2_5_8b_videomme_default_uniform16.json,short,Attribute Perception
uniform,16,none,685,,videos/IKtnfFHjERg.mp4,"According to the video, in what manner is the paper initially folded?",c,B,b,0,,,,eagle2_5_8b_videomme_default_uniform16.json,short,Action Recognition
uniform,16,none,686,,videos/IKtnfFHjERg.mp4,"What is the right order of actions the video encourages to do after finishing making a paper butterfly?
(a) Click Likes.
(b) Subscribe.
(c) Set Notifications.",a,A,a,1,,,,eagle2_5_8b_videomme_default_uniform16.json,short,Temporal Reasoning
uniform,16,none,687,,videos/B_OL2TSrpKM.mp4,What is the intended use or function of the needle used in the video?,d,D,d,1,,,,eagle2_5_8b_videomme_default_uniform16.json,short,Object Reasoning
uniform,16,none,688,,videos/B_OL2TSrpKM.mp4,What is written on the first made keychains?,b,B,b,1,,,,eagle2_5_8b_videomme_default_uniform16.json,short,OCR Problems
uniform,16,none,689,,videos/B_OL2TSrpKM.mp4,What is the last step that this video showcases to DIY a keychain using popsicle sticks?,c,C,c,1,,,,eagle2_5_8b_videomme_default_uniform16.json,short,Action Recognition
uniform,16,none,690,,videos/KfTtpoIovuk.mp4,What does the chef in the video end up cutting with a knife?,a,A,a,1,,,,eagle2_5_8b_videomme_default_uniform16.json,short,Object Recognition
uniform,16,none,691,,videos/KfTtpoIovuk.mp4,How many customers can be seen in the video?,c,C,c,1,,,,eagle2_5_8b_videomme_default_uniform16.json,short,Counting Problem
uniform,16,none,692,,videos/KfTtpoIovuk.mp4,What is the subject matter of the video?,d,D,d,1,,,,eagle2_5_8b_videomme_default_uniform16.json,short,Information Synopsis
uniform,16,none,693,,videos/zPx3EibuO_w.mp4,Which food item is cut in half with a knife by the person in the video?,b,B,b,1,,,,eagle2_5_8b_videomme_default_uniform16.json,short,Object Recognition
uniform,16,none,694,,videos/zPx3EibuO_w.mp4,Which ingredient in the video is not used as a decoration at the end of the video?,b,A,a,0,,,,eagle2_5_8b_videomme_default_uniform16.json,short,Object Reasoning
uniform,16,none,695,,videos/zPx3EibuO_w.mp4,What is the topic of this video?,c,C,c,1,,,,eagle2_5_8b_videomme_default_uniform16.json,short,Information Synopsis
uniform,16,none,696,,videos/J2rlJV7zKZw.mp4,What tool is used in the video to stir ingredients?,d,A,a,0,,,,eagle2_5_8b_videomme_default_uniform16.json,short,Object Recognition
uniform,16,none,697,,videos/J2rlJV7zKZw.mp4,Which ingredient is used first in the video to make this dish?,a,A,a,1,,,,eagle2_5_8b_videomme_default_uniform16.json,short,Object Recognition
uniform,16,none,698,,videos/J2rlJV7zKZw.mp4,Which of the following could have caused the dark spots in the mayonnaise?,a,A,a,1,,,,eagle2_5_8b_videomme_default_uniform16.json,short,Object Reasoning
uniform,16,none,699,,videos/v0m3E_uSyFg.mp4,What color is the spoon used for mixing in the video?,b,B,b,1,,,,eagle2_5_8b_videomme_default_uniform16.json,short,Attribute Perception
uniform,16,none,700,,videos/v0m3E_uSyFg.mp4,Why does the food in the video swell?,c,C,c,1,,,,eagle2_5_8b_videomme_default_uniform16.json,short,Object Reasoning
uniform,16,none,701,,videos/v0m3E_uSyFg.mp4,What kind of food is being prepared in the video?,d,D,d,1,,,,eagle2_5_8b_videomme_default_uniform16.json,short,Object Recognition
uniform,16,none,702,,videos/kij9GXWdmik.mp4,What is the reason for cutting out the center of the pineapple slice in the video?,b,B,b,1,,,,eagle2_5_8b_videomme_default_uniform16.json,short,Object Reasoning
uniform,16,none,703,,videos/kij9GXWdmik.mp4,What is the color of the clothing worn by the individuals in the video?,a,A,a,1,,,,eagle2_5_8b_videomme_default_uniform16.json,short,Attribute Perception
uniform,16,none,704,,videos/kij9GXWdmik.mp4,What is the second step in the production process?,c,C,c,1,,,,eagle2_5_8b_videomme_default_uniform16.json,short,Temporal Perception
uniform,16,none,705,,videos/NAahAX62MZ0.mp4,How many peppers can be seen on the plate in the video's final shot?,d,A,a,0,,,,eagle2_5_8b_videomme_default_uniform16.json,short,Counting Problem
uniform,16,none,706,,videos/NAahAX62MZ0.mp4,What are the main ingredients in the video?,b,B,b,1,,,,eagle2_5_8b_videomme_default_uniform16.json,short,Object Reasoning
uniform,16,none,707,,videos/NAahAX62MZ0.mp4,Why does the surface of the pepper in the video turn yellow?,a,A,a,1,,,,eagle2_5_8b_videomme_default_uniform16.json,short,Object Reasoning
uniform,16,none,708,,videos/YZ11C-U7S8I.mp4,What animal doesn't appear in the video?,c,A,a,0,,,,eagle2_5_8b_videomme_default_uniform16.json,short,Object Recognition
uniform,16,none,709,,videos/YZ11C-U7S8I.mp4,Which of the following best describes the topic of this video?,a,B,b,0,,,,eagle2_5_8b_videomme_default_uniform16.json,short,Information Synopsis
uniform,16,none,710,,videos/YZ11C-U7S8I.mp4,What is the reason for the crocodile in the video to grow taller?,b,B,b,1,,,,eagle2_5_8b_videomme_default_uniform16.json,short,Object Reasoning
uniform,16,none,711,,videos/NXeHeEHj9Xc.mp4,Which of the following best describes the topic of the video?,d,D,d,1,,,,eagle2_5_8b_videomme_default_uniform16.json,short,Information Synopsis
uniform,16,none,712,,videos/NXeHeEHj9Xc.mp4,How do the people in the video eat potato chips?,c,D,d,0,,,,eagle2_5_8b_videomme_default_uniform16.json,short,Action Recognition
uniform,16,none,713,,videos/NXeHeEHj9Xc.mp4,Which snack does the main character in the video prefer?,a,C,c,0,,,,eagle2_5_8b_videomme_default_uniform16.json,short,Action Reasoning
uniform,16,none,714,,videos/VnvG08masio.mp4,Which of the following cooking methods causes the smoke seen in the video?,b,B,b,1,,,,eagle2_5_8b_videomme_default_uniform16.json,short,Object Reasoning
uniform,16,none,715,,videos/VnvG08masio.mp4,Which dish is served last in the video?,c,A,a,0,,,,eagle2_5_8b_videomme_default_uniform16.json,short,Counting Problem
uniform,16,none,716,,videos/VnvG08masio.mp4,What is the color of the laughing grandmother's attire in the video?,d,B,b,0,,,,eagle2_5_8b_videomme_default_uniform16.json,short,Attribute Perception
uniform,16,none,717,,videos/4twBzf6ngSc.mp4,Which of the following best describes the topic of the video?,a,A,a,1,,,,eagle2_5_8b_videomme_default_uniform16.json,short,Information Synopsis
uniform,16,none,718,,videos/4twBzf6ngSc.mp4,How is the food in the video destroyed?,d,D,d,1,,,,eagle2_5_8b_videomme_default_uniform16.json,short,Object Reasoning
uniform,16,none,719,,videos/4twBzf6ngSc.mp4,What are the potential risks associated with exotic animal diseases according to the bulletin board in the video?,b,D,d,0,,,,eagle2_5_8b_videomme_default_uniform16.json,short,OCR Problems
uniform,16,none,720,,videos/jb-To6qJcxU.mp4,What color is the woman's manicure in the video?,c,C,c,1,,,,eagle2_5_8b_videomme_default_uniform16.json,short,Attribute Perception
uniform,16,none,721,,videos/jb-To6qJcxU.mp4,How many earrings does the woman in the video have on her left ear?,c,D,d,0,,,,eagle2_5_8b_videomme_default_uniform16.json,short,Counting Problem
uniform,16,none,722,,videos/jb-To6qJcxU.mp4,What is this video about?,b,B,b,1,,,,eagle2_5_8b_videomme_default_uniform16.json,short,Information Synopsis
uniform,16,none,723,,videos/lokFoo_QD8c.mp4,Which of the following is the correct order of cosmetics used in the video?,d,A,a,0,,,,eagle2_5_8b_videomme_default_uniform16.json,short,Temporal Reasoning
uniform,16,none,724,,videos/lokFoo_QD8c.mp4,What is the number of the first lipstick she used?,b,D,d,0,,,,eagle2_5_8b_videomme_default_uniform16.json,short,OCR Problems
uniform,16,none,725,,videos/lokFoo_QD8c.mp4,Where was the video most likely shot?,b,B,b,1,,,,eagle2_5_8b_videomme_default_uniform16.json,short,Spatial Reasoning
uniform,16,none,726,,videos/pwVJizpCuDQ.mp4,What color is the bicycle parked against the wall?,a,A,a,1,,,,eagle2_5_8b_videomme_default_uniform16.json,short,Attribute Perception
uniform,16,none,727,,videos/pwVJizpCuDQ.mp4,How many outfits did the female protagonist change in total in the video?,c,C,c,1,,,,eagle2_5_8b_videomme_default_uniform16.json,short,Counting Problem
uniform,16,none,728,,videos/pwVJizpCuDQ.mp4,What is the woman wearing when standing in front of the mirror?,a,A,a,1,,,,eagle2_5_8b_videomme_default_uniform16.json,short,Object Recognition
uniform,16,none,729,,videos/9v9NHoTXc-Q.mp4,What color are the shoes worn by the boy with the white hat?,a,B,b,0,,,,eagle2_5_8b_videomme_default_uniform16.json,short,Attribute Perception
uniform,16,none,730,,videos/9v9NHoTXc-Q.mp4,Which of the following objects is the pink satin high-heeled shoe placed on in the video?,c,C,c,1,,,,eagle2_5_8b_videomme_default_uniform16.json,short,Spatial Perception
uniform,16,none,731,,videos/9v9NHoTXc-Q.mp4,What is this video about?,c,C,c,1,,,,eagle2_5_8b_videomme_default_uniform16.json,short,Information Synopsis
uniform,16,none,732,,videos/ZO12ZY38FEw.mp4,Which outfit is the male protagonist wearing on the train in the video?,c,C,c,1,,,,eagle2_5_8b_videomme_default_uniform16.json,short,Object Recognition
uniform,16,none,733,,videos/ZO12ZY38FEw.mp4,Which musical instrument did the man play upon entering the classroom?,c,C,c,1,,,,eagle2_5_8b_videomme_default_uniform16.json,short,Object Recognition
uniform,16,none,734,,videos/ZO12ZY38FEw.mp4,How many outfits did the male protagonist change in total in the video?,c,C,c,1,,,,eagle2_5_8b_videomme_default_uniform16.json,short,Counting Problem
uniform,16,none,735,,videos/frX8GujpmkI.mp4,What is the emotion of the video?,b,B,b,1,,,,eagle2_5_8b_videomme_default_uniform16.json,short,Spatial Reasoning
uniform,16,none,736,,videos/frX8GujpmkI.mp4,What is the woman wearing with a light green striped handbag in the video?,c,D,d,0,,,,eagle2_5_8b_videomme_default_uniform16.json,short,Object Recognition
uniform,16,none,737,,videos/frX8GujpmkI.mp4,"At the end of the video, how many people are there on the staircase along a coastal hillside?",d,C,c,0,,,,eagle2_5_8b_videomme_default_uniform16.json,short,Counting Problem
uniform,16,none,738,,videos/uVR-DZQuRbM.mp4,What is the role of the man speaking in the video?,b,A,a,0,,,,eagle2_5_8b_videomme_default_uniform16.json,short,Object Reasoning
uniform,16,none,739,,videos/uVR-DZQuRbM.mp4,What are the characteristics of the makeup in the video?,c,C,c,1,,,,eagle2_5_8b_videomme_default_uniform16.json,short,Object Recognition
uniform,16,none,740,,videos/uVR-DZQuRbM.mp4,What is the color of the sponge ball used for applying foundation in the video?,d,A,a,0,,,,eagle2_5_8b_videomme_default_uniform16.json,short,Attribute Perception
uniform,16,none,741,,videos/6NVr0cNiHPM.mp4,How many items are stored in the box displayed at the beginning of the video?,c,B,b,0,,,,eagle2_5_8b_videomme_default_uniform16.json,short,Counting Problem
uniform,16,none,742,,videos/6NVr0cNiHPM.mp4,What is the order of skincare products used before makeup in the video?,d,D,d,1,,,,eagle2_5_8b_videomme_default_uniform16.json,short,Temporal Reasoning
uniform,16,none,743,,videos/6NVr0cNiHPM.mp4,What is used to apply eye cream in the video?,b,B,b,1,,,,eagle2_5_8b_videomme_default_uniform16.json,short,Object Recognition
uniform,16,none,744,,videos/OGQ7KwUXuBk.mp4,What is the pregnant woman wearing in the video?,c,B,b,0,,,,eagle2_5_8b_videomme_default_uniform16.json,short,Object Recognition
uniform,16,none,745,,videos/OGQ7KwUXuBk.mp4,Where did the video take place?,a,A,a,1,,,,eagle2_5_8b_videomme_default_uniform16.json,short,Spatial Reasoning
uniform,16,none,746,,videos/OGQ7KwUXuBk.mp4,"What is the total number of nominations received by the movie ""Oppenheimer""?",a,A,a,1,,,,eagle2_5_8b_videomme_default_uniform16.json,short,OCR Problems
uniform,16,none,747,,videos/2iHmlBmLKUE.mp4,Which topic does the video cover?,c,C,c,1,,,,eagle2_5_8b_videomme_default_uniform16.json,short,Information Synopsis
uniform,16,none,748,,videos/2iHmlBmLKUE.mp4,What is the capacity of the refill if the capacity of a bottle of perfume is 50mL?,b,A,a,0,,,,eagle2_5_8b_videomme_default_uniform16.json,short,Object Reasoning
uniform,16,none,749,,videos/2iHmlBmLKUE.mp4,Which of the following best describes the shape of the perfume bottle?,b,B,b,1,,,,eagle2_5_8b_videomme_default_uniform16.json,short,Attribute Perception
uniform,16,none,750,,videos/1sTQOxXFO44.mp4,Which daily activity is not shown in the video?,b,C,c,0,,,,eagle2_5_8b_videomme_default_uniform16.json,short,Action Recognition
uniform,16,none,751,,videos/1sTQOxXFO44.mp4,What is the woman sitting on the floor ready to do at the end of the video?,c,A,a,0,,,,eagle2_5_8b_videomme_default_uniform16.json,short,Action Recognition
uniform,16,none,752,,videos/1sTQOxXFO44.mp4,"After cleaning her floor in the video, what did the woman do next?",a,A,a,1,,,,eagle2_5_8b_videomme_default_uniform16.json,short,Temporal Perception
uniform,16,none,753,,videos/RP1AL2DU6vQ.mp4,"In the video, what is the primary mode of transportation for the boys to get to school?",d,D,d,1,,,,eagle2_5_8b_videomme_default_uniform16.json,short,Action Recognition
uniform,16,none,754,,videos/RP1AL2DU6vQ.mp4,How many people in total can be seen in the video sitting at the table eating breakfast?,b,B,b,1,,,,eagle2_5_8b_videomme_default_uniform16.json,short,Counting Problem
uniform,16,none,755,,videos/RP1AL2DU6vQ.mp4,"In the video, at what time do classes begin at the boys' school?",c,C,c,1,,,,eagle2_5_8b_videomme_default_uniform16.json,short,OCR Problems
uniform,16,none,756,,videos/kePBvNotYy4.mp4,What is the mode of transportation for the woman in the video to get to work?,a,A,a,1,,,,eagle2_5_8b_videomme_default_uniform16.json,short,Action Recognition
uniform,16,none,757,,videos/kePBvNotYy4.mp4,What does the woman in the video do after brushing her teeth?,c,D,d,0,,,,eagle2_5_8b_videomme_default_uniform16.json,short,Action Recognition
uniform,16,none,758,,videos/kePBvNotYy4.mp4,How long does it take for the girl in the video to get from home to work?,b,B,b,1,,,,eagle2_5_8b_videomme_default_uniform16.json,short,Counting Problem
uniform,16,none,759,,videos/lk2ics_YImU.mp4,What kind of transportation does the boy in the video take to and from school?,c,C,c,1,,,,eagle2_5_8b_videomme_default_uniform16.json,short,Action Recognition
uniform,16,none,760,,videos/lk2ics_YImU.mp4,What is the second class the boys are taking in the video?,a,A,a,1,,,,eagle2_5_8b_videomme_default_uniform16.json,short,Object Recognition
uniform,16,none,761,,videos/lk2ics_YImU.mp4,Which item did not appear in the video?,d,D,d,1,,,,eagle2_5_8b_videomme_default_uniform16.json,short,Object Recognition
uniform,16,none,762,,videos/CQUphYL0vY8.mp4,What is the first thing the heroine in the video does after going out in the morning?,b,B,b,1,,,,eagle2_5_8b_videomme_default_uniform16.json,short,Action Recognition
uniform,16,none,763,,videos/CQUphYL0vY8.mp4,How many meals did the woman in the video have with other people?,c,C,c,1,,,,eagle2_5_8b_videomme_default_uniform16.json,short,Counting Problem
uniform,16,none,764,,videos/CQUphYL0vY8.mp4,Where did the heroine in the video change into high heels?,a,A,a,1,,,,eagle2_5_8b_videomme_default_uniform16.json,short,Spatial Reasoning
uniform,16,none,765,,videos/aFfMGy94sjE.mp4,What is the video mainly about?,d,D,d,1,,,,eagle2_5_8b_videomme_default_uniform16.json,short,Information Synopsis
uniform,16,none,766,,videos/aFfMGy94sjE.mp4,What country is the lady in the video from?,b,C,c,0,,,,eagle2_5_8b_videomme_default_uniform16.json,short,Attribute Perception
uniform,16,none,767,,videos/aFfMGy94sjE.mp4,Which activity is shown in the video?,c,C,c,1,,,,eagle2_5_8b_videomme_default_uniform16.json,short,Action Recognition
uniform,16,none,768,,videos/s-lM2uwiwyQ.mp4,What is the lady's mode of transport to work in the video?,a,A,a,1,,,,eagle2_5_8b_videomme_default_uniform16.json,short,Action Recognition
uniform,16,none,769,,videos/s-lM2uwiwyQ.mp4,Which of these tests does the lady shown in the video perform on the patient NOT include?,d,B,b,0,,,,eagle2_5_8b_videomme_default_uniform16.json,short,Action Recognition
uniform,16,none,770,,videos/s-lM2uwiwyQ.mp4,How many people are shown having lunch with the woman in the video?,b,D,d,0,,,,eagle2_5_8b_videomme_default_uniform16.json,short,Counting Problem
uniform,16,none,771,,videos/ZfNSxRiYfZQ.mp4,What color are the shoes the man in the video is wearing during his run?,c,C,c,1,,,,eagle2_5_8b_videomme_default_uniform16.json,short,Attribute Perception
uniform,16,none,772,,videos/ZfNSxRiYfZQ.mp4,Which of the following items is the man in the video doing at the gym?,a,A,a,1,,,,eagle2_5_8b_videomme_default_uniform16.json,short,Action Recognition
uniform,16,none,773,,videos/ZfNSxRiYfZQ.mp4,What mode of transportation does the man in the video use to go out?,d,D,d,1,,,,eagle2_5_8b_videomme_default_uniform16.json,short,Action Recognition
uniform,16,none,774,,videos/RU8IfXp7LbE.mp4,What time does the man in the video get up?,b,A,a,0,,,,eagle2_5_8b_videomme_default_uniform16.json,short,OCR Problems
uniform,16,none,775,,videos/RU8IfXp7LbE.mp4,Which activity is not shown in the video?,c,C,c,1,,,,eagle2_5_8b_videomme_default_uniform16.json,short,Action Recognition
uniform,16,none,776,,videos/RU8IfXp7LbE.mp4,What does the man shown in the video do after swimming?,a,B,b,0,,,,eagle2_5_8b_videomme_default_uniform16.json,short,Action Recognition
uniform,16,none,777,,videos/3E4Zca1p64s.mp4,What kind of cell phone is the person in the video using?,d,C,c,0,,,,eagle2_5_8b_videomme_default_uniform16.json,short,Object Recognition
uniform,16,none,778,,videos/3E4Zca1p64s.mp4,What does the person in the video do after brushing his teeth?,b,B,b,1,,,,eagle2_5_8b_videomme_default_uniform16.json,short,Action Recognition
uniform,16,none,779,,videos/3E4Zca1p64s.mp4,What feature of the cell phone did the person in the video use?,c,C,c,1,,,,eagle2_5_8b_videomme_default_uniform16.json,short,Action Recognition
uniform,16,none,780,,videos/aWBRHk_-5as.mp4,Which region is the most likely destination of the subject in the video?,b,B,b,1,,,,eagle2_5_8b_videomme_default_uniform16.json,short,Spatial Reasoning
uniform,16,none,781,,videos/aWBRHk_-5as.mp4,Which color shirt is the protagonist wearing when he speaks in the car?,c,C,c,1,,,,eagle2_5_8b_videomme_default_uniform16.json,short,Attribute Perception
uniform,16,none,782,,videos/aWBRHk_-5as.mp4,Which activity does the protagonist not engage in?,a,A,a,1,,,,eagle2_5_8b_videomme_default_uniform16.json,short,Action Recognition
uniform,16,none,783,,videos/PaC3CEkCD6k.mp4,What kind of transport does the protagonist in the video take to set off?,d,D,d,1,,,,eagle2_5_8b_videomme_default_uniform16.json,short,Object Recognition
uniform,16,none,784,,videos/PaC3CEkCD6k.mp4,During which season does the protagonists in the video probably set out?,a,B,b,0,,,,eagle2_5_8b_videomme_default_uniform16.json,short,Spatial Reasoning
uniform,16,none,785,,videos/PaC3CEkCD6k.mp4,How many people join in a toast at the end of the video?,b,B,b,1,,,,eagle2_5_8b_videomme_default_uniform16.json,short,Counting Problem
uniform,16,none,786,,videos/AyIqI6P8eN8.mp4,What type of street performance is showcased in the video?,c,D,d,0,,,,eagle2_5_8b_videomme_default_uniform16.json,short,Action Recognition
uniform,16,none,787,,videos/AyIqI6P8eN8.mp4,Which building does the protagonist capture on his phone in the video?,b,B,b,1,,,,eagle2_5_8b_videomme_default_uniform16.json,short,Object Recognition
uniform,16,none,788,,videos/AyIqI6P8eN8.mp4,Where are the final scenes in the video most likely shot?,d,D,d,1,,,,eagle2_5_8b_videomme_default_uniform16.json,short,Spatial Reasoning
uniform,16,none,789,,videos/8e05W-wi38g.mp4,Which country is the main character in the video most likely to travel to?,d,D,d,1,,,,eagle2_5_8b_videomme_default_uniform16.json,short,Spatial Reasoning
uniform,16,none,790,,videos/8e05W-wi38g.mp4,Which animal is shown in the video?,a,C,c,0,,,,eagle2_5_8b_videomme_default_uniform16.json,short,Object Recognition
uniform,16,none,791,,videos/8e05W-wi38g.mp4,What activities does the protagonist do with his friends in the snow?,c,B,b,0,,,,eagle2_5_8b_videomme_default_uniform16.json,short,Action Recognition
uniform,16,none,792,,videos/5-4Od1qn53s.mp4,What is the lateral distance of the Buddha in the video?,b,B,b,1,,,,eagle2_5_8b_videomme_default_uniform16.json,short,OCR Problems
uniform,16,none,793,,videos/5-4Od1qn53s.mp4,Which city is the video showcasing?,c,C,c,1,,,,eagle2_5_8b_videomme_default_uniform16.json,short,Spatial Reasoning
uniform,16,none,794,,videos/5-4Od1qn53s.mp4,"In the video, what does the man's facial expression look like when he sees the scorpion skewer?",a,A,a,1,,,,eagle2_5_8b_videomme_default_uniform16.json,short,Attribute Perception
uniform,16,none,795,,videos/2gFxZmb0dMo.mp4,"What is the most likely role of the blonde woman in the video, clad in a blue T-shirt and black shorts?",d,D,d,1,,,,eagle2_5_8b_videomme_default_uniform16.json,short,Object Reasoning
uniform,16,none,796,,videos/2gFxZmb0dMo.mp4,What are the people in the video doing in the lake?,c,C,c,1,,,,eagle2_5_8b_videomme_default_uniform16.json,short,Action Recognition
uniform,16,none,797,,videos/2gFxZmb0dMo.mp4,Which hair color does the little boy have while playing the guitar in the video?,b,B,b,1,,,,eagle2_5_8b_videomme_default_uniform16.json,short,Attribute Perception
uniform,16,none,798,,videos/Atf_Af1q_5w.mp4,What scenery does the video mainly show?,a,A,a,1,,,,eagle2_5_8b_videomme_default_uniform16.json,short,Attribute Perception
uniform,16,none,799,,videos/Atf_Af1q_5w.mp4,How many people have their backs to the camera in the sunset scene?,d,D,d,1,,,,eagle2_5_8b_videomme_default_uniform16.json,short,Counting Problem
uniform,16,none,800,,videos/Atf_Af1q_5w.mp4,How many main tourists are shown in the video?,b,B,b,1,,,,eagle2_5_8b_videomme_default_uniform16.json,short,Counting Problem
uniform,16,none,801,,videos/27YZLpw0M98.mp4,What camera does the protagonist in the video use to shoot?,c,C,c,1,,,,eagle2_5_8b_videomme_default_uniform16.json,short,OCR Problems
uniform,16,none,802,,videos/27YZLpw0M98.mp4,What color clothing is the protagonist wearing while carrying a tripod over his shoulder?,b,A,a,0,,,,eagle2_5_8b_videomme_default_uniform16.json,short,Attribute Perception
uniform,16,none,803,,videos/27YZLpw0M98.mp4,Which of the following topics is the most likely focus of this video?,a,C,c,0,,,,eagle2_5_8b_videomme_default_uniform16.json,short,Information Synopsis
uniform,16,none,804,,videos/ZXoaMa6jlO4.mp4,In what manner do the children in the video get transported by their parents?,a,A,a,1,,,,eagle2_5_8b_videomme_default_uniform16.json,short,Action Recognition
uniform,16,none,805,,videos/ZXoaMa6jlO4.mp4,What food is the child eating in the video when the family is dining at a restaurant?,d,D,d,1,,,,eagle2_5_8b_videomme_default_uniform16.json,short,Object Recognition
uniform,16,none,806,,videos/ZXoaMa6jlO4.mp4,What is the weather like when the family goes out?,d,D,d,1,,,,eagle2_5_8b_videomme_default_uniform16.json,short,Object Recognition
uniform,16,none,807,,videos/gR5YcIJhDcU.mp4,To which location does the person in the video travel in Australia?,c,C,c,1,,,,eagle2_5_8b_videomme_default_uniform16.json,short,OCR Problems
uniform,16,none,808,,videos/gR5YcIJhDcU.mp4,How does the protagonist of the video most likely reach their destination?,c,C,c,1,,,,eagle2_5_8b_videomme_default_uniform16.json,short,Object Reasoning
uniform,16,none,809,,videos/gR5YcIJhDcU.mp4,What color is the train in the video?,b,B,b,1,,,,eagle2_5_8b_videomme_default_uniform16.json,short,Attribute Perception
uniform,16,none,810,,videos/yXl0Vrk5ssk.mp4,What is the total number of baby birds shown in the video?,b,B,b,1,,,,eagle2_5_8b_videomme_default_uniform16.json,short,Counting Problem
uniform,16,none,811,,videos/yXl0Vrk5ssk.mp4,Where is this video most likely shot?,c,C,c,1,,,,eagle2_5_8b_videomme_default_uniform16.json,short,Spatial Perception
uniform,16,none,812,,videos/yXl0Vrk5ssk.mp4,Which of the following accurately describes the events depicted in the video?,a,B,b,0,,,,eagle2_5_8b_videomme_default_uniform16.json,short,Action Recognition
uniform,16,none,813,,videos/YsPwg3dUwjQ.mp4,What is the animal in this video?,d,D,d,1,,,,eagle2_5_8b_videomme_default_uniform16.json,short,Object Recognition
uniform,16,none,814,,videos/YsPwg3dUwjQ.mp4,How many people appear in this video?,a,A,a,1,,,,eagle2_5_8b_videomme_default_uniform16.json,short,Counting Problem
uniform,16,none,815,,videos/YsPwg3dUwjQ.mp4,What is the shape of its nose?,c,C,c,1,,,,eagle2_5_8b_videomme_default_uniform16.json,short,Attribute Perception
uniform,16,none,816,,videos/Kn10Jf1x24Q.mp4,Where does the first bunny hide?,d,D,d,1,,,,eagle2_5_8b_videomme_default_uniform16.json,short,Spatial Perception
uniform,16,none,817,,videos/Kn10Jf1x24Q.mp4,What is the bunny's behavior after being placed on the ground?,b,D,d,0,,,,eagle2_5_8b_videomme_default_uniform16.json,short,Action Recognition
uniform,16,none,818,,videos/Kn10Jf1x24Q.mp4,What color is the bunny in the video?,b,B,b,1,,,,eagle2_5_8b_videomme_default_uniform16.json,short,Attribute Perception
uniform,16,none,819,,videos/vszWsYOdnPg.mp4,What are the animals in this video?,c,C,c,1,,,,eagle2_5_8b_videomme_default_uniform16.json,short,Object Recognition
uniform,16,none,820,,videos/vszWsYOdnPg.mp4,How many animals appear in this video?,b,B,b,1,,,,eagle2_5_8b_videomme_default_uniform16.json,short,Counting Problem
uniform,16,none,821,,videos/vszWsYOdnPg.mp4,What do these animals do in this video?,a,A,a,1,,,,eagle2_5_8b_videomme_default_uniform16.json,short,Action Recognition
uniform,16,none,822,,videos/ZHWZf1Z4B5k.mp4,What does the person do in the video?,a,A,a,1,,,,eagle2_5_8b_videomme_default_uniform16.json,short,Action Recognition
uniform,16,none,823,,videos/ZHWZf1Z4B5k.mp4,Where is this video most likely shot?,c,C,c,1,,,,eagle2_5_8b_videomme_default_uniform16.json,short,Spatial Perception
uniform,16,none,824,,videos/ZHWZf1Z4B5k.mp4,What is the posture of the bunny?,d,D,d,1,,,,eagle2_5_8b_videomme_default_uniform16.json,short,Action Recognition
uniform,16,none,825,,videos/6Cr_8tvvQ0k.mp4,What is the animal in this video?,d,D,d,1,,,,eagle2_5_8b_videomme_default_uniform16.json,short,Object Recognition
uniform,16,none,826,,videos/6Cr_8tvvQ0k.mp4,What does the animal do in the video?,a,A,a,1,,,,eagle2_5_8b_videomme_default_uniform16.json,short,Action Recognition
uniform,16,none,827,,videos/6Cr_8tvvQ0k.mp4,What color is the animal in this video?,c,C,c,1,,,,eagle2_5_8b_videomme_default_uniform16.json,short,Attribute Perception
uniform,16,none,828,,videos/H8fbAFOMTp4.mp4,What color is the cat?,a,A,a,1,,,,eagle2_5_8b_videomme_default_uniform16.json,short,Attribute Perception
uniform,16,none,829,,videos/H8fbAFOMTp4.mp4,What does the animal do to the glove in the video?,b,B,b,1,,,,eagle2_5_8b_videomme_default_uniform16.json,short,Action Recognition
uniform,16,none,830,,videos/H8fbAFOMTp4.mp4,"In the video, how many airboxes can be observed?",b,A,a,0,,,,eagle2_5_8b_videomme_default_uniform16.json,short,Counting Problem
uniform,16,none,831,,videos/fQVhppRP4Wo.mp4,How many foxes appear in this video?,b,B,b,1,,,,eagle2_5_8b_videomme_default_uniform16.json,short,Counting Problem
uniform,16,none,832,,videos/fQVhppRP4Wo.mp4,What color are the foxes in the video?,d,D,d,1,,,,eagle2_5_8b_videomme_default_uniform16.json,short,Attribute Perception
uniform,16,none,833,,videos/fQVhppRP4Wo.mp4,What is the behavior of the fox when a person appears in the video?,d,D,d,1,,,,eagle2_5_8b_videomme_default_uniform16.json,short,Action Recognition
uniform,16,none,834,,videos/hsKmC7RwHvo.mp4,What is the animal in this video?,c,C,c,1,,,,eagle2_5_8b_videomme_default_uniform16.json,short,Object Recognition
uniform,16,none,835,,videos/hsKmC7RwHvo.mp4,What does the animal do in the video?,a,C,c,0,,,,eagle2_5_8b_videomme_default_uniform16.json,short,Action Recognition
uniform,16,none,836,,videos/hsKmC7RwHvo.mp4,What time of day is depicted in this video?,b,B,b,1,,,,eagle2_5_8b_videomme_default_uniform16.json,short,Temporal Perception
uniform,16,none,837,,videos/S1nUMsPC1-0.mp4,Which kind of pets is not introduced in this video?,d,B,b,0,,,,eagle2_5_8b_videomme_default_uniform16.json,short,Object Recognition
uniform,16,none,838,,videos/S1nUMsPC1-0.mp4,How many people are in the family that is playing with a dog at the end of the video?,b,B,b,1,,,,eagle2_5_8b_videomme_default_uniform16.json,short,Object Recognition
uniform,16,none,839,,videos/S1nUMsPC1-0.mp4,Which color of fish is absent from the video?,d,D,d,1,,,,eagle2_5_8b_videomme_default_uniform16.json,short,Attribute Perception
uniform,16,none,840,,videos/VgtNv__qR0k.mp4,"When receiving what instruction in the video, the movement needs to be stopped?",b,B,b,1,,,,eagle2_5_8b_videomme_default_uniform16.json,short,Action Recognition
uniform,16,none,841,,videos/VgtNv__qR0k.mp4,How many people were exercising in the video?,c,C,c,1,,,,eagle2_5_8b_videomme_default_uniform16.json,short,Counting Problem
uniform,16,none,842,,videos/VgtNv__qR0k.mp4,Who finishes training first in the video?,a,D,d,0,,,,eagle2_5_8b_videomme_default_uniform16.json,short,Action Recognition
uniform,16,none,843,,videos/MiPw-RZMHCQ.mp4,Who of the two people competing in the second group in the video reaches the finish line first?,d,C,c,0,,,,eagle2_5_8b_videomme_default_uniform16.json,short,Object Recognition
uniform,16,none,844,,videos/MiPw-RZMHCQ.mp4,How many games are played in the video?,b,B,b,1,,,,eagle2_5_8b_videomme_default_uniform16.json,short,Counting Problem
uniform,16,none,845,,videos/MiPw-RZMHCQ.mp4,How many times did the man in the video with no shirt on his upper body race?,c,A,a,0,,,,eagle2_5_8b_videomme_default_uniform16.json,short,Counting Problem
uniform,16,none,846,,videos/UbIVqUDZOs0.mp4,What exercise is the woman in black doing at the beginning of the video?,a,C,c,0,,,,eagle2_5_8b_videomme_default_uniform16.json,short,Action Recognition
uniform,16,none,847,,videos/UbIVqUDZOs0.mp4,Which sport is not featured in the video?,d,D,d,1,,,,eagle2_5_8b_videomme_default_uniform16.json,short,Action Recognition
uniform,16,none,848,,videos/UbIVqUDZOs0.mp4,How many times does the sport of skipping appear in the video?,b,B,b,1,,,,eagle2_5_8b_videomme_default_uniform16.json,short,Counting Problem
uniform,16,none,849,,videos/6EIrArTyLVU.mp4,"What is the person in the background, wearing a white top and black shorts, doing while the person in pink is speaking at the beginning of the video?",c,C,c,1,,,,eagle2_5_8b_videomme_default_uniform16.json,short,Action Recognition
uniform,16,none,850,,videos/6EIrArTyLVU.mp4,Which training exercise in the video does the man perform with the assistance of an elastic rope?,a,A,a,1,,,,eagle2_5_8b_videomme_default_uniform16.json,short,Action Recognition
uniform,16,none,851,,videos/6EIrArTyLVU.mp4,"How many sit-ups did the man in the video, wearing a pink top and black pants, perform?",c,A,a,0,,,,eagle2_5_8b_videomme_default_uniform16.json,short,Counting Problem
uniform,16,none,852,,videos/p_-ocKiob4w.mp4,How many different types of sports equipment were demonstrated in detail by the people in the video?,b,B,b,1,,,,eagle2_5_8b_videomme_default_uniform16.json,short,Object Recognition
uniform,16,none,853,,videos/p_-ocKiob4w.mp4,Which training exercise was not demonstrated in the video?,c,C,c,1,,,,eagle2_5_8b_videomme_default_uniform16.json,short,Action Recognition
uniform,16,none,854,,videos/p_-ocKiob4w.mp4,What is the subsequent move demonstrated in the video after completing the demonstration of box jumps?,a,A,a,1,,,,eagle2_5_8b_videomme_default_uniform16.json,short,Action Recognition
uniform,16,none,855,,videos/5kmnEgBSCfg.mp4,How many sets of jumps did the two men do in total at the beginning of the video?,d,C,c,0,,,,eagle2_5_8b_videomme_default_uniform16.json,short,Counting Problem
uniform,16,none,856,,videos/5kmnEgBSCfg.mp4,What is the primary item that the two men in the video utilize for their workout?,b,B,b,1,,,,eagle2_5_8b_videomme_default_uniform16.json,short,Object Recognition
uniform,16,none,857,,videos/5kmnEgBSCfg.mp4,Who is the main speaker during the latter half of the video?,c,C,c,1,,,,eagle2_5_8b_videomme_default_uniform16.json,short,Object Recognition
uniform,16,none,858,,videos/UcL6WlcyBcI.mp4,What is the main ability to compete in the game in the video?,a,A,a,1,,,,eagle2_5_8b_videomme_default_uniform16.json,short,Object Reasoning
uniform,16,none,859,,videos/UcL6WlcyBcI.mp4,Which part of their body do they not need to touch during the movement prior to grabbing the conical object?,d,B,b,0,,,,eagle2_5_8b_videomme_default_uniform16.json,short,Object Recognition
uniform,16,none,860,,videos/UcL6WlcyBcI.mp4,Who won the game in the group closest to the camera in the final game?,b,A,a,0,,,,eagle2_5_8b_videomme_default_uniform16.json,short,Object Recognition
uniform,16,none,861,,videos/j7vUGiA-uIE.mp4,What were the movements of the individuals in the video during the competition process?,c,C,c,1,,,,eagle2_5_8b_videomme_default_uniform16.json,short,Action Recognition
uniform,16,none,862,,videos/j7vUGiA-uIE.mp4,Where does the participant need to place his/her hand during the game in the video?,a,A,a,1,,,,eagle2_5_8b_videomme_default_uniform16.json,short,Spatial Perception
uniform,16,none,863,,videos/j7vUGiA-uIE.mp4,Who is the last to reach the finish line at the end of the video?,d,B,b,0,,,,eagle2_5_8b_videomme_default_uniform16.json,short,Object Recognition
uniform,16,none,864,,videos/SFmocFLXg0Y.mp4,How many squats did the lady in the video do?,b,C,c,0,,,,eagle2_5_8b_videomme_default_uniform16.json,short,Counting Problem
uniform,16,none,865,,videos/SFmocFLXg0Y.mp4,What was the exercise demonstrated after the squatting exercise in the video?,c,C,c,1,,,,eagle2_5_8b_videomme_default_uniform16.json,short,Object Recognition
uniform,16,none,866,,videos/SFmocFLXg0Y.mp4,How long does the video recommend performing the third introduced move at the beginning?,a,A,a,1,,,,eagle2_5_8b_videomme_default_uniform16.json,short,Temporal Perception
uniform,16,none,867,,videos/IRDp5HcZyVA.mp4,How many people are on each team in the video?,d,D,d,1,,,,eagle2_5_8b_videomme_default_uniform16.json,short,Counting Problem
uniform,16,none,868,,videos/IRDp5HcZyVA.mp4,Which team won the last game in the video?,b,D,d,0,,,,eagle2_5_8b_videomme_default_uniform16.json,short,Object Recognition
uniform,16,none,869,,videos/IRDp5HcZyVA.mp4,What game are they playing in the video?,c,C,c,1,,,,eagle2_5_8b_videomme_default_uniform16.json,short,Action Recognition
uniform,16,none,870,,videos/nVtTVt9csBc.mp4,What's the main content of this video?,d,B,b,0,,,,eagle2_5_8b_videomme_default_uniform16.json,short,Information Synopsis
uniform,16,none,871,,videos/nVtTVt9csBc.mp4,Which mode of transportation is not shown in the video?,b,B,b,1,,,,eagle2_5_8b_videomme_default_uniform16.json,short,Object Recognition
uniform,16,none,872,,videos/nVtTVt9csBc.mp4,"Which color dress is the woman wearing, who is in the video and is also wearing brown heels?",c,C,c,1,,,,eagle2_5_8b_videomme_default_uniform16.json,short,Attribute Perception
uniform,16,none,873,,videos/DoFmXBjRGmk.mp4,What mode of transportation does the male protagonist use to get home from work according to the video?,a,D,d,0,,,,eagle2_5_8b_videomme_default_uniform16.json,short,Action Recognition
uniform,16,none,874,,videos/DoFmXBjRGmk.mp4,What is the job of the male protagonist in the video?,d,B,b,0,,,,eagle2_5_8b_videomme_default_uniform16.json,short,Object Reasoning
uniform,16,none,875,,videos/DoFmXBjRGmk.mp4,Which was the duration of the male protagonist's morning work in the video?,b,B,b,1,,,,eagle2_5_8b_videomme_default_uniform16.json,short,OCR Problems
uniform,16,none,876,,videos/PYZSjin_Pe8.mp4,Which player scored the final goal of the match in the video?,a,C,c,0,,,,eagle2_5_8b_videomme_default_uniform16.json,short,Action Recognition
uniform,16,none,877,,videos/PYZSjin_Pe8.mp4,"Based on the video, how did China score their goals in the match?",b,A,a,0,,,,eagle2_5_8b_videomme_default_uniform16.json,short,Action Recognition
uniform,16,none,878,,videos/PYZSjin_Pe8.mp4,How did the team wearing green perform in the game shown in the video compared to their game against the team in red that took place 10 years ago?,c,C,c,1,,,,eagle2_5_8b_videomme_default_uniform16.json,short,Object Reasoning
uniform,16,none,879,,videos/nbOXpuv7K4Q.mp4,"According to the video, how does the magician demonstrate his skill with a Rubik's Cube?",b,B,b,1,,,,eagle2_5_8b_videomme_default_uniform16.json,short,Action Recognition
uniform,16,none,880,,videos/nbOXpuv7K4Q.mp4,"Based on the visual cues provided by the video, where did not the magician perform his magic?",c,D,d,0,,,,eagle2_5_8b_videomme_default_uniform16.json,short,Spatial Perception
uniform,16,none,881,,videos/nbOXpuv7K4Q.mp4,What clothes does the performer wear during the spider magic act?,a,A,a,1,,,,eagle2_5_8b_videomme_default_uniform16.json,short,Object Recognition
uniform,16,none,882,,videos/Lv7cYKTYE2g.mp4,What color is Ms. Milani's boss' clothing in the video?,d,A,a,0,,,,eagle2_5_8b_videomme_default_uniform16.json,short,Attribute Perception
uniform,16,none,883,,videos/Lv7cYKTYE2g.mp4,"What is the primary difference between Arbeitslosengeld and Bürgergeld, as depicted in the video?",d,B,b,0,,,,eagle2_5_8b_videomme_default_uniform16.json,short,Object Reasoning
uniform,16,none,884,,videos/Lv7cYKTYE2g.mp4,What is the overall message of the video?,c,C,c,1,,,,eagle2_5_8b_videomme_default_uniform16.json,short,Information Synopsis
uniform,16,none,885,,videos/bHt0Riqz0qo.mp4,Which animal is the man's pet depicted in the video?,c,C,c,1,,,,eagle2_5_8b_videomme_default_uniform16.json,short,Object Recognition
uniform,16,none,886,,videos/bHt0Riqz0qo.mp4,Which of the statements is not in the video?,a,D,d,0,,,,eagle2_5_8b_videomme_default_uniform16.json,short,Action Recognition
uniform,16,none,887,,videos/bHt0Riqz0qo.mp4,What is the temperament of the pet in the video?,d,D,d,1,,,,eagle2_5_8b_videomme_default_uniform16.json,short,Action Reasoning
uniform,16,none,888,,videos/AIs3LoU4JUo.mp4,What is the man eating in the video?,a,A,a,1,,,,eagle2_5_8b_videomme_default_uniform16.json,short,Object Recognition
uniform,16,none,889,,videos/AIs3LoU4JUo.mp4,"According to the video, which of the following is typically used as the filling in wontons?",c,C,c,1,,,,eagle2_5_8b_videomme_default_uniform16.json,short,Object Recognition
uniform,16,none,890,,videos/AIs3LoU4JUo.mp4,How does the man feel about the food?,d,D,d,1,,,,eagle2_5_8b_videomme_default_uniform16.json,short,Action Reasoning
uniform,16,none,891,,videos/4ZK-m01XSQ8.mp4,Which track athlete knocked down the railing first in the video?,b,B,b,1,,,,eagle2_5_8b_videomme_default_uniform16.json,short,Object Recognition
uniform,16,none,892,,videos/4ZK-m01XSQ8.mp4,What was the total number of athletes who participated in the game in the video?,b,A,a,0,,,,eagle2_5_8b_videomme_default_uniform16.json,short,Counting Problem
uniform,16,none,893,,videos/4ZK-m01XSQ8.mp4,Which of the following track athletes did not cause any disruption by knocking down railings during the competition?,a,B,b,0,,,,eagle2_5_8b_videomme_default_uniform16.json,short,Object Recognition
uniform,16,none,894,,videos/g7PjwIzqyCQ.mp4,What is the primary focus of the video?,d,D,d,1,,,,eagle2_5_8b_videomme_default_uniform16.json,short,Information Synopsis
uniform,16,none,895,,videos/g7PjwIzqyCQ.mp4,Where were the video clips of the mountain tour taken from among the following options?,c,C,c,1,,,,eagle2_5_8b_videomme_default_uniform16.json,short,Spatial Reasoning
uniform,16,none,896,,videos/g7PjwIzqyCQ.mp4,What color of pants is the female commentator wearing in the video?,d,C,c,0,,,,eagle2_5_8b_videomme_default_uniform16.json,short,Attribute Perception
uniform,16,none,897,,videos/mBD-TPIHbUs.mp4,"According to the early part of the video, when the man with the gray and white beard and black glasses sits at the table, what does the man in the burgundy shirt next to him say when he says 'no'?",a,C,c,0,,,,eagle2_5_8b_videomme_default_uniform16.json,short,Action Reasoning
uniform,16,none,898,,videos/mBD-TPIHbUs.mp4,"In the middle part of the video, why does the man with gray and white beard and black glasses wave and greet the restaurant staff repeatedly when he enters the restaurant?",d,D,d,1,,,,eagle2_5_8b_videomme_default_uniform16.json,short,Action Reasoning
uniform,16,none,899,,videos/mBD-TPIHbUs.mp4,"According to the later part of the video, why is it not recommended for the man with gray and white beard and black glasses to say 'ciao'?",b,B,b,1,,,,eagle2_5_8b_videomme_default_uniform16.json,short,Action Reasoning
uniform,16,none,900,,videos/dphq5X-rMew.mp4,"According to the video, how many man-made ditches are found recently?",c,B,b,0,,,,eagle2_5_8b_videomme_default_uniform16.json,medium,Counting Problem
uniform,16,none,901,,videos/dphq5X-rMew.mp4,Why Cusco and Tenochtitlan can be easily found while Amazonian settlements can not?,a,A,a,1,,,,eagle2_5_8b_videomme_default_uniform16.json,medium,Object Reasoning
uniform,16,none,902,,videos/dphq5X-rMew.mp4,Who finally find the lost city?,d,D,d,1,,,,eagle2_5_8b_videomme_default_uniform16.json,medium,Object Recognition
uniform,16,none,903,,videos/K64wRD8eaus.mp4,Why does this video mention Victor Garber?,c,C,c,1,,,,eagle2_5_8b_videomme_default_uniform16.json,medium,Object Recognition
uniform,16,none,904,,videos/K64wRD8eaus.mp4,Which of the following statements is not correct?,c,B,b,0,,,,eagle2_5_8b_videomme_default_uniform16.json,medium,Object Reasoning
uniform,16,none,905,,videos/K64wRD8eaus.mp4,How many ships are shown in the map while the sinking ship sending out message?,c,B,b,0,,,,eagle2_5_8b_videomme_default_uniform16.json,medium,Counting Problem
uniform,16,none,906,,videos/kSBB5PsRV-k.mp4,"When the video talks about sea level rise, what is the time span?",c,C,c,1,,,,eagle2_5_8b_videomme_default_uniform16.json,medium,OCR Problems
uniform,16,none,907,,videos/kSBB5PsRV-k.mp4,"What is the accurate sequence for the video to present its content?
(a) Sunken cities.
(b) Sunken ships.
(c) Sunken things used to learn about ancient people.",b,B,b,1,,,,eagle2_5_8b_videomme_default_uniform16.json,medium,Temporal Reasoning
uniform,16,none,908,,videos/kSBB5PsRV-k.mp4,What is the primary focus of this video for the audience?,d,D,d,1,,,,eagle2_5_8b_videomme_default_uniform16.json,medium,Information Synopsis
uniform,16,none,909,,videos/QTA8j5wSTx4.mp4,Why did the main character in the video put his hand in the coat?,b,C,c,0,,,,eagle2_5_8b_videomme_default_uniform16.json,medium,Action Reasoning
uniform,16,none,910,,videos/QTA8j5wSTx4.mp4,Who started the custom of restraining hand activities in pulic?,b,C,c,0,,,,eagle2_5_8b_videomme_default_uniform16.json,medium,Object Reasoning
uniform,16,none,911,,videos/QTA8j5wSTx4.mp4,"Which of the following elements isn't mentioned in the painting ""The Emperor Napoleon in His Study at the Tuileries""?",a,B,b,0,,,,eagle2_5_8b_videomme_default_uniform16.json,medium,Spatial Perception
uniform,16,none,912,,videos/tuZcS2Flabw.mp4,Who embraces the Parthenon Temple in the video?,b,C,c,0,,,,eagle2_5_8b_videomme_default_uniform16.json,medium,Object Recognition
uniform,16,none,913,,videos/tuZcS2Flabw.mp4,Which of the following ideas about the Temple's design is not innovative?,c,A,a,0,,,,eagle2_5_8b_videomme_default_uniform16.json,medium,Attribute Perception
uniform,16,none,914,,videos/tuZcS2Flabw.mp4,Which of the following events are in correct order?,c,C,c,1,,,,eagle2_5_8b_videomme_default_uniform16.json,medium,Temporal Reasoning
uniform,16,none,915,,videos/s_TGkDcjBqI.mp4,How many princesses flew away when the cowherd approached?,d,B,b,0,,,,eagle2_5_8b_videomme_default_uniform16.json,medium,Counting Problem
uniform,16,none,916,,videos/s_TGkDcjBqI.mp4,What was weaver doing when the cowherd saw her at the first time?,b,A,a,0,,,,eagle2_5_8b_videomme_default_uniform16.json,medium,Action Recognition
uniform,16,none,917,,videos/s_TGkDcjBqI.mp4,How did the cowherd use the bull's magic?,b,B,b,1,,,,eagle2_5_8b_videomme_default_uniform16.json,medium,Action Reasoning
uniform,16,none,918,,videos/8l1NyR6UvxU.mp4,Which of the following events happened before 72 BCE?,b,B,b,1,,,,eagle2_5_8b_videomme_default_uniform16.json,medium,Temporal Reasoning
uniform,16,none,919,,videos/8l1NyR6UvxU.mp4,Which of the following features can not describe Spartacus?,a,B,b,0,,,,eagle2_5_8b_videomme_default_uniform16.json,medium,Attribute Perception
uniform,16,none,920,,videos/8l1NyR6UvxU.mp4,"What happened when the main character owned an army of about 120,000 soldiers?",d,B,b,0,,,,eagle2_5_8b_videomme_default_uniform16.json,medium,Action Recognition
uniform,16,none,921,,videos/wgPymD-NBQU.mp4,Who is the main character in the video?,c,D,d,0,,,,eagle2_5_8b_videomme_default_uniform16.json,medium,Object Reasoning
uniform,16,none,922,,videos/wgPymD-NBQU.mp4,How many people attended in the assasination of Caesar according to the video?,c,C,c,1,,,,eagle2_5_8b_videomme_default_uniform16.json,medium,Counting Problem
uniform,16,none,923,,videos/wgPymD-NBQU.mp4,Which of the following statements is true?,d,A,a,0,,,,eagle2_5_8b_videomme_default_uniform16.json,medium,Attribute Perception
uniform,16,none,924,,videos/tjrvKA4w9-Y.mp4,How does the video organize the story of Che Guevara?,a,A,a,1,,,,eagle2_5_8b_videomme_default_uniform16.json,medium,Spatial Reasoning
uniform,16,none,925,,videos/tjrvKA4w9-Y.mp4,Whose portrait is on the cup of the judge in the video?,c,C,c,1,,,,eagle2_5_8b_videomme_default_uniform16.json,medium,Attribute Perception
uniform,16,none,926,,videos/tjrvKA4w9-Y.mp4,What happened when Che Guevara failed to rally rebels in the Congo?,d,D,d,1,,,,eagle2_5_8b_videomme_default_uniform16.json,medium,Temporal Reasoning
uniform,16,none,927,,videos/A9fQPzZ1-hg.mp4,How many defending layers were there in the barrier in the east of the Berlin wall accoridng to the video?,b,B,b,1,,,,eagle2_5_8b_videomme_default_uniform16.json,medium,Counting Problem
uniform,16,none,928,,videos/A9fQPzZ1-hg.mp4,"Which of the following events happened after the fall of the Berlin Wall, according to the video?",b,B,b,1,,,,eagle2_5_8b_videomme_default_uniform16.json,medium,Temporal Reasoning
uniform,16,none,929,,videos/A9fQPzZ1-hg.mp4,How many people from East Germany had fled to West Germany by 1961?,c,C,c,1,,,,eagle2_5_8b_videomme_default_uniform16.json,medium,Attribute Perception
uniform,16,none,930,,videos/4jmMWohs1XM.mp4,What are the colors of the famous statue of Augustus Caesar that is supposed to?,b,C,c,0,,,,eagle2_5_8b_videomme_default_uniform16.json,medium,Attribute Perception
uniform,16,none,931,,videos/4jmMWohs1XM.mp4,Which of the following statements is not true?,d,D,d,1,,,,eagle2_5_8b_videomme_default_uniform16.json,medium,Object Reasoning
uniform,16,none,932,,videos/4jmMWohs1XM.mp4,Which of the following methods of revealing the original color of the ancient art work is not mentioned in the video?,a,B,b,0,,,,eagle2_5_8b_videomme_default_uniform16.json,medium,Attribute Perception
uniform,16,none,933,,videos/RBTiTcHm_ac.mp4,What does Michael Bierut take as an example to illustrate pictoral logos?,d,A,a,0,,,,eagle2_5_8b_videomme_default_uniform16.json,medium,Attribute Perception
uniform,16,none,934,,videos/RBTiTcHm_ac.mp4,Why does Michael Bierut mention religious symbols?,c,C,c,1,,,,eagle2_5_8b_videomme_default_uniform16.json,medium,Action Reasoning
uniform,16,none,935,,videos/RBTiTcHm_ac.mp4,What did Nike do when a graphic design student submit her work in the video?,c,A,a,0,,,,eagle2_5_8b_videomme_default_uniform16.json,medium,Object Reasoning
uniform,16,none,936,,videos/osRzbY_AdaM.mp4,What do the two people at the beginning of the video have in common?,d,D,d,1,,,,eagle2_5_8b_videomme_default_uniform16.json,medium,Attribute Perception
uniform,16,none,937,,videos/osRzbY_AdaM.mp4,What is the teacher's attitude toward the student when the student attempts to play middle C on the violin?,b,B,b,1,,,,eagle2_5_8b_videomme_default_uniform16.json,medium,Action Reasoning
uniform,16,none,938,,videos/osRzbY_AdaM.mp4,Which of the following statements about the violin-learner in the video is true?,a,B,b,0,,,,eagle2_5_8b_videomme_default_uniform16.json,medium,Action Reasoning
uniform,16,none,939,,videos/1pHkv4KUiFY.mp4,How many listeners gave busking donations to the girl before she started playing?,b,C,c,0,,,,eagle2_5_8b_videomme_default_uniform16.json,medium,Counting Problem
uniform,16,none,940,,videos/1pHkv4KUiFY.mp4,What instrument is the little girl playing in the video?,a,A,a,1,,,,eagle2_5_8b_videomme_default_uniform16.json,medium,Object Recognition
uniform,16,none,941,,videos/1pHkv4KUiFY.mp4,What color shoes does the little girl wear?,d,C,c,0,,,,eagle2_5_8b_videomme_default_uniform16.json,medium,Attribute Perception
uniform,16,none,942,,videos/B2zhLYz4pYo.mp4,What's the color of Gabriel García Márquez's car in the video?,a,C,c,0,,,,eagle2_5_8b_videomme_default_uniform16.json,medium,Attribute Perception
uniform,16,none,943,,videos/B2zhLYz4pYo.mp4,Which of the following plots about the book was not mentioned in the video?,d,D,d,1,,,,eagle2_5_8b_videomme_default_uniform16.json,medium,Object Reasoning
uniform,16,none,944,,videos/B2zhLYz4pYo.mp4,Which of the following statements about the author is not correct?,d,C,c,0,,,,eagle2_5_8b_videomme_default_uniform16.json,medium,Action Reasoning
uniform,16,none,945,,videos/IaTaaNinolU.mp4,Which of the following features can describe Hamlet in the video?,d,D,d,1,,,,eagle2_5_8b_videomme_default_uniform16.json,medium,Attribute Perception
uniform,16,none,946,,videos/IaTaaNinolU.mp4,Which of the following events happened after Polonius's death?,d,B,b,0,,,,eagle2_5_8b_videomme_default_uniform16.json,medium,Temporal Reasoning
uniform,16,none,947,,videos/IaTaaNinolU.mp4,Why didn't the English king kill Hamlet?,a,A,a,1,,,,eagle2_5_8b_videomme_default_uniform16.json,medium,Action Reasoning
uniform,16,none,948,,videos/Bkheu99K5lY.mp4,Which of the following materials used to recreate Monate's Water Lilies is not neccessary?,d,D,d,1,,,,eagle2_5_8b_videomme_default_uniform16.json,medium,Object Reasoning
uniform,16,none,949,,videos/Bkheu99K5lY.mp4,Which style does the painting in the video belong to?,c,C,c,1,,,,eagle2_5_8b_videomme_default_uniform16.json,medium,Attribute Perception
uniform,16,none,950,,videos/Bkheu99K5lY.mp4,"What's the correct order of the following events?
1. Creating basic background.
2. Add a few flowers to the painting.
3. Building up the texture of the painting even more.
4. Drawing the pads of the water lilies.",c,D,d,0,,,,eagle2_5_8b_videomme_default_uniform16.json,medium,Temporal Reasoning
uniform,16,none,951,,videos/QdlP8ai8trw.mp4,Where is the sculture supposed to stay?,c,C,c,1,,,,eagle2_5_8b_videomme_default_uniform16.json,medium,Spatial Perception
uniform,16,none,952,,videos/QdlP8ai8trw.mp4,Which of the following statements is not correct?,a,D,d,0,,,,eagle2_5_8b_videomme_default_uniform16.json,medium,Object Recognition
uniform,16,none,953,,videos/QdlP8ai8trw.mp4,What was David doing according to the sculpture?,b,B,b,1,,,,eagle2_5_8b_videomme_default_uniform16.json,medium,Action Recognition
uniform,16,none,954,,videos/MrRvX5I8PyY.mp4,What kind of clothes is the speaker wearing?,b,B,b,1,,,,eagle2_5_8b_videomme_default_uniform16.json,medium,Attribute Perception
uniform,16,none,955,,videos/MrRvX5I8PyY.mp4,Which one is listed top 2 according to the video?,b,C,c,0,,,,eagle2_5_8b_videomme_default_uniform16.json,medium,Attribute Perception
uniform,16,none,956,,videos/MrRvX5I8PyY.mp4,Which of the following statements about Zaha Hadid's work is not correct?,a,A,a,1,,,,eagle2_5_8b_videomme_default_uniform16.json,medium,Object Reasoning
uniform,16,none,957,,videos/z2APU5ob9Og.mp4,What is the first artist's specialty in pottery?,b,D,d,0,,,,eagle2_5_8b_videomme_default_uniform16.json,medium,Object Reasoning
uniform,16,none,958,,videos/z2APU5ob9Og.mp4,Why can the tenth artist create potteries with marbled designs?,b,B,b,1,,,,eagle2_5_8b_videomme_default_uniform16.json,medium,Object Reasoning
uniform,16,none,959,,videos/z2APU5ob9Og.mp4,What's the main color of Hugh Hope's work?,b,B,b,1,,,,eagle2_5_8b_videomme_default_uniform16.json,medium,Attribute Perception
uniform,16,none,960,,videos/7Hk9jct2ozY.mp4,What is responsible for gene activation according to the video?,a,A,a,1,,,,eagle2_5_8b_videomme_default_uniform16.json,medium,Action Recognition
uniform,16,none,961,,videos/7Hk9jct2ozY.mp4,"What is the correct order in which the following events are presented in the video?
(a) The nucleus is introduced.
(b) Base pairing.
(c) Cell division.",d,A,a,0,,,,eagle2_5_8b_videomme_default_uniform16.json,medium,Temporal Reasoning
uniform,16,none,962,,videos/7Hk9jct2ozY.mp4,What does this video focus on?,b,B,b,1,,,,eagle2_5_8b_videomme_default_uniform16.json,medium,Information Synopsis
uniform,16,none,963,,videos/UZTf3OXJDWA.mp4,What is the context of the video?,c,C,c,1,,,,eagle2_5_8b_videomme_default_uniform16.json,medium,Information Synopsis
uniform,16,none,964,,videos/UZTf3OXJDWA.mp4,"What is the sequence of events in the video showing the following?
(a) A rolling T-cell.
(b) Human hair follicles ooze oil.
(c) Plasma cell division.",a,A,a,1,,,,eagle2_5_8b_videomme_default_uniform16.json,medium,Temporal Reasoning
uniform,16,none,965,,videos/UZTf3OXJDWA.mp4,"Which of the following descriptions of the blue, bisected cell at the beginning of the video is correct?",d,A,a,0,,,,eagle2_5_8b_videomme_default_uniform16.json,medium,Object Reasoning
uniform,16,none,966,,videos/URUJD5NEXC8.mp4,Which cellular structure is responsible for receiving proteins according to the video?,a,A,a,1,,,,eagle2_5_8b_videomme_default_uniform16.json,medium,Object Recognition
uniform,16,none,967,,videos/URUJD5NEXC8.mp4,Which components are part of the object described in the video?,b,B,b,1,,,,eagle2_5_8b_videomme_default_uniform16.json,medium,Attribute Perception
uniform,16,none,968,,videos/URUJD5NEXC8.mp4,"What is the correct chronological order in which the following parts of the video appear?
(a) Human lungs.
(b) Protein folding distortion.
(c) Mice, plants and cells.",c,C,c,1,,,,eagle2_5_8b_videomme_default_uniform16.json,medium,Temporal Reasoning
uniform,16,none,969,,videos/eWUAB194qhU.mp4,What is the context of the video?,b,B,b,1,,,,eagle2_5_8b_videomme_default_uniform16.json,medium,Information Synopsis
uniform,16,none,970,,videos/eWUAB194qhU.mp4,"Which cells are contained within the lymph nodes, as depicted in the video?",a,A,a,1,,,,eagle2_5_8b_videomme_default_uniform16.json,medium,Object Recognition
uniform,16,none,971,,videos/eWUAB194qhU.mp4,"Why should exercise be included as a part of maintaining a healthy lymphatic system, according to the video?",d,D,d,1,,,,eagle2_5_8b_videomme_default_uniform16.json,medium,Action Reasoning
uniform,16,none,972,,videos/CxBbw8eT624.mp4,"What is the role of Neuralink's first product, Telepathy according to the video?",d,D,d,1,,,,eagle2_5_8b_videomme_default_uniform16.json,medium,Object Reasoning
uniform,16,none,973,,videos/CxBbw8eT624.mp4,How many individual electrodes are distributed across the circular hole in Neuralink's device?,c,A,a,0,,,,eagle2_5_8b_videomme_default_uniform16.json,medium,Counting Problem
uniform,16,none,974,,videos/CxBbw8eT624.mp4,What is the name of the brain-computer interface company introduced at the end of the video?,a,A,a,1,,,,eagle2_5_8b_videomme_default_uniform16.json,medium,Temporal Perception
uniform,16,none,975,,videos/ZGGDKC3GlrI.mp4,What is the topic of the video?,a,A,a,1,,,,eagle2_5_8b_videomme_default_uniform16.json,medium,Information Synopsis
uniform,16,none,976,,videos/ZGGDKC3GlrI.mp4,What is the third future topic in medicine mentioned in the video?,a,C,c,0,,,,eagle2_5_8b_videomme_default_uniform16.json,medium,Temporal Perception
uniform,16,none,977,,videos/ZGGDKC3GlrI.mp4,What is the medical technique that takes up the most space in the video?,b,B,b,1,,,,eagle2_5_8b_videomme_default_uniform16.json,medium,Object Reasoning
uniform,16,none,978,,videos/iPi-QNYgAa4.mp4,Which summarizes the main focus of the video?,a,B,b,0,,,,eagle2_5_8b_videomme_default_uniform16.json,medium,Attribute Perception
uniform,16,none,979,,videos/iPi-QNYgAa4.mp4,"What is the exact order in which the video presents the following events?
(a) Application of respiratory cells to cardiovascular cure therapy.
(b) The use of nanorobots in cancer treatment.
(c) Nanorobots for haemostasis.",a,A,a,1,,,,eagle2_5_8b_videomme_default_uniform16.json,medium,Temporal Reasoning
uniform,16,none,980,,videos/iPi-QNYgAa4.mp4,For which diseases will respiratory cells potentially be used in treatment?,c,A,a,0,,,,eagle2_5_8b_videomme_default_uniform16.json,medium,Object Reasoning
uniform,16,none,981,,videos/ckn9zybpYZ8.mp4,What is the main focus of the video?,d,D,d,1,,,,eagle2_5_8b_videomme_default_uniform16.json,medium,Information Synopsis
uniform,16,none,982,,videos/ckn9zybpYZ8.mp4,How many cases of Parkinson's disease are mentioned in the video?,c,C,c,1,,,,eagle2_5_8b_videomme_default_uniform16.json,medium,OCR Problems
uniform,16,none,983,,videos/ckn9zybpYZ8.mp4,"What issue related to mitochondria is discussed in the context of Parkinson's disease, as depicted in the video?",a,C,c,0,,,,eagle2_5_8b_videomme_default_uniform16.json,medium,Attribute Perception
uniform,16,none,984,,videos/3uV8XZcIBbk.mp4,What is the main topic of the video?,b,B,b,1,,,,eagle2_5_8b_videomme_default_uniform16.json,medium,Information Synopsis
uniform,16,none,985,,videos/3uV8XZcIBbk.mp4,"According to the video, how many heart transplants are performed annually, and how many are requested in the U.S. and worldwide?",b,B,b,1,,,,eagle2_5_8b_videomme_default_uniform16.json,medium,Counting Problem
uniform,16,none,986,,videos/3uV8XZcIBbk.mp4,What is the role of the company BiVACOR in the field of medical devices?,a,A,a,1,,,,eagle2_5_8b_videomme_default_uniform16.json,medium,Attribute Perception
uniform,16,none,987,,videos/cMim0uU1yzA.mp4,Which summarizes the main focus of the video?,b,B,b,1,,,,eagle2_5_8b_videomme_default_uniform16.json,medium,Information Synopsis
uniform,16,none,988,,videos/cMim0uU1yzA.mp4,What is different from the other chapters in the video when introducing the children's chapter?,a,D,d,0,,,,eagle2_5_8b_videomme_default_uniform16.json,medium,Action Reasoning
uniform,16,none,989,,videos/cMim0uU1yzA.mp4,What happens to your brain when you're in your 70s according to the video?,c,D,d,0,,,,eagle2_5_8b_videomme_default_uniform16.json,medium,Object Reasoning
uniform,16,none,990,,videos/t6V9i8fFADI.mp4,Which company is featured in the video but not mentioned in the audio?,d,C,c,0,,,,eagle2_5_8b_videomme_default_uniform16.json,medium,OCR Problems
uniform,16,none,991,,videos/t6V9i8fFADI.mp4,"Suppose Emily purchased some company stock in 2005 at a price of $50 per share. She passed away in 2020, when the stock's market value was $150 per share. If her heir, John, sold the stock in 2023 for $180 per share. Assume the capital gains tax rate is 15%. According to the 'step-up in basis' rule, how much capital gains tax would John need to pay?",a,A,a,1,,,,eagle2_5_8b_videomme_default_uniform16.json,medium,Object Reasoning
uniform,16,none,992,,videos/t6V9i8fFADI.mp4,What is the correct order in which the billionaires appear in the video?,b,B,b,1,,,,eagle2_5_8b_videomme_default_uniform16.json,medium,Temporal Reasoning
uniform,16,none,993,,videos/zIbNJCSCEjk.mp4,What event wasn't mentioned within the video?,a,C,c,0,,,,eagle2_5_8b_videomme_default_uniform16.json,medium,Object Recognition
uniform,16,none,994,,videos/zIbNJCSCEjk.mp4,"According to the video, how much did the central bank drop interest rates during the epidemic?",a,C,c,0,,,,eagle2_5_8b_videomme_default_uniform16.json,medium,OCR Problems
uniform,16,none,995,,videos/zIbNJCSCEjk.mp4,Why does the price of apples go up in the video?,a,A,a,1,,,,eagle2_5_8b_videomme_default_uniform16.json,medium,Object Reasoning
uniform,16,none,996,,videos/9XCKnN6o19k.mp4,What is the role of the woman speaking in a white blouse in the video?,d,C,c,0,,,,eagle2_5_8b_videomme_default_uniform16.json,medium,Object Reasoning
uniform,16,none,997,,videos/9XCKnN6o19k.mp4,"Extrapolating from the video, when was Shein founded?",c,B,b,0,,,,eagle2_5_8b_videomme_default_uniform16.json,medium,Object Reasoning
uniform,16,none,998,,videos/9XCKnN6o19k.mp4,"Inferring from the video, what is the characteristic of Shein Corp?",b,D,d,0,,,,eagle2_5_8b_videomme_default_uniform16.json,medium,Information Synopsis
uniform,16,none,999,,videos/257wV-AbKaE.mp4,What is the main point of this video?,c,C,c,1,,,,eagle2_5_8b_videomme_default_uniform16.json,medium,Information Synopsis
uniform,16,none,1000,,videos/257wV-AbKaE.mp4,"As shown in the video, if a money launderer is rigging a bet, what stage of money laundering might it be at?",b,D,d,0,,,,eagle2_5_8b_videomme_default_uniform16.json,medium,Object Reasoning
uniform,16,none,1001,,videos/257wV-AbKaE.mp4,What is the correct order in which the following patterns appear in the video?,b,C,c,0,,,,eagle2_5_8b_videomme_default_uniform16.json,medium,Temporal Reasoning
uniform,16,none,1002,,videos/GPOv72Awo68.mp4,How many times does Jacob Clifford appear alone in the video?,d,C,c,0,,,,eagle2_5_8b_videomme_default_uniform16.json,medium,Counting Problem
uniform,16,none,1003,,videos/GPOv72Awo68.mp4,"As depicted in the video, how did investors respond to the availability of mortgage-backed securities and CDOs in the early 2000s?",d,D,d,1,,,,eagle2_5_8b_videomme_default_uniform16.json,medium,Object Reasoning
uniform,16,none,1004,,videos/GPOv72Awo68.mp4,"According to what is shown in the video, what were the key factors that contributed to the 2008 financial crisis in the United States?",a,A,a,1,,,,eagle2_5_8b_videomme_default_uniform16.json,medium,Information Synopsis
uniform,16,none,1005,,videos/ZCFkWDdmXG8.mp4,Which of the following investment strategies does Warren Buffet advocate for in the video?,b,B,b,1,,,,eagle2_5_8b_videomme_default_uniform16.json,medium,Information Synopsis
uniform,16,none,1006,,videos/ZCFkWDdmXG8.mp4,The video mentions a potential risk associated with focusing solely on short-term stock price performance. What is this risk?,d,D,d,1,,,,eagle2_5_8b_videomme_default_uniform16.json,medium,Object Reasoning
uniform,16,none,1007,,videos/ZCFkWDdmXG8.mp4,The video highlights a disparity between a booming stock market and other economic indicators. Which of the following best exemplifies this disparity?,a,A,a,1,,,,eagle2_5_8b_videomme_default_uniform16.json,medium,Object Reasoning
uniform,16,none,1008,,videos/CC9VeHrI3Es.mp4,"If a cereal company predicts a potential increase in corn prices in the coming months, what action might they take in the futures market?",c,C,c,1,,,,eagle2_5_8b_videomme_default_uniform16.json,medium,Object Reasoning
uniform,16,none,1009,,videos/CC9VeHrI3Es.mp4,Which statement best summarises the role of the economics term pointed to by the green arrow at the beginning of the video?,a,A,a,1,,,,eagle2_5_8b_videomme_default_uniform16.json,medium,Information Synopsis
uniform,16,none,1010,,videos/CC9VeHrI3Es.mp4,What is a potential disadvantage for a corn farmer who chooses NOT to participate in the futures market?,c,C,c,1,,,,eagle2_5_8b_videomme_default_uniform16.json,medium,Object Reasoning
uniform,16,none,1011,,videos/GFTKKyYSCKs.mp4,"According to the video, what happened in early 2020 in response to the COVID-19 pandemic?",c,C,c,1,,,,eagle2_5_8b_videomme_default_uniform16.json,medium,Object Reasoning
uniform,16,none,1012,,videos/GFTKKyYSCKs.mp4,"In line with the video evidence, what is the main reason why central banks avoid simply printing more money during an economic crisis?",a,A,a,1,,,,eagle2_5_8b_videomme_default_uniform16.json,medium,Information Synopsis
uniform,16,none,1013,,videos/GFTKKyYSCKs.mp4,Which building appears in the video when the central bank is mentioned?,d,B,b,0,,,,eagle2_5_8b_videomme_default_uniform16.json,medium,Object Recognition
uniform,16,none,1014,,videos/qFUuUzZNznY.mp4,What is a key advantage for hotel owners who choose to franchise with a major brand?,a,A,a,1,,,,eagle2_5_8b_videomme_default_uniform16.json,medium,Object Reasoning
uniform,16,none,1015,,videos/qFUuUzZNznY.mp4,"According to what is shown in the video, what is a major factor influencing hotel room prices in dynamic cities?",d,D,d,1,,,,eagle2_5_8b_videomme_default_uniform16.json,medium,Information Synopsis
uniform,16,none,1016,,videos/qFUuUzZNznY.mp4,"According to the video, in which tier of hotels do major brands like Marriott and Hyatt still predominantly own and operate the properties?",d,C,c,0,,,,eagle2_5_8b_videomme_default_uniform16.json,medium,OCR Problems
uniform,16,none,1017,,videos/p7HKvqRI_Bo.mp4,What is the intended educational purpose of this video for the viewer?,a,C,c,0,,,,eagle2_5_8b_videomme_default_uniform16.json,medium,Information Synopsis
uniform,16,none,1018,,videos/p7HKvqRI_Bo.mp4,"In the video, what event caused CCO's stock price to plummet?",c,C,c,1,,,,eagle2_5_8b_videomme_default_uniform16.json,medium,Object Reasoning
uniform,16,none,1019,,videos/p7HKvqRI_Bo.mp4,"As shown in the video, how many companies compete with the coffee company?",b,A,a,0,,,,eagle2_5_8b_videomme_default_uniform16.json,medium,Counting Problem
uniform,16,none,1020,,videos/tBVUTFPate0.mp4,What is the main focus of the video?,a,A,a,1,,,,eagle2_5_8b_videomme_default_uniform16.json,medium,Information Synopsis
uniform,16,none,1021,,videos/tBVUTFPate0.mp4,What does the astronaut show us at the end of the video?,c,D,d,0,,,,eagle2_5_8b_videomme_default_uniform16.json,medium,Action Recognition
uniform,16,none,1022,,videos/tBVUTFPate0.mp4,How many astronaut sleeping capsules are shown in the video?,b,C,c,0,,,,eagle2_5_8b_videomme_default_uniform16.json,medium,Counting Problem
uniform,16,none,1023,,videos/AmrrSfiMxGA.mp4,What is the astronaut in the video doing?,d,D,d,1,,,,eagle2_5_8b_videomme_default_uniform16.json,medium,Action Recognition
uniform,16,none,1024,,videos/AmrrSfiMxGA.mp4,Which detail in the video indicates that the astronaut is currently outside the International Space Station (ISS)?,b,B,b,1,,,,eagle2_5_8b_videomme_default_uniform16.json,medium,Spatial Reasoning
uniform,16,none,1025,,videos/AmrrSfiMxGA.mp4,What unfortunate event occurred during the middle of the video?,d,D,d,1,,,,eagle2_5_8b_videomme_default_uniform16.json,medium,Object Reasoning
uniform,16,none,1026,,videos/sf4qRY3h_eo.mp4,Approximately how much time does the rocket in the video take from launch to when it reaches 1000km/h?,b,C,c,0,,,,eagle2_5_8b_videomme_default_uniform16.json,medium,OCR Problems
uniform,16,none,1027,,videos/sf4qRY3h_eo.mp4,"In the middle of the video, what is recorded on the shown below the video?",c,C,c,1,,,,eagle2_5_8b_videomme_default_uniform16.json,medium,Spatial Perception
uniform,16,none,1028,,videos/sf4qRY3h_eo.mp4,How many times are rocket part separations shown in the video?,a,B,b,0,,,,eagle2_5_8b_videomme_default_uniform16.json,medium,Counting Problem
uniform,16,none,1029,,videos/GQEYGAJIzAM.mp4,Why does the main character in the video dip a drop of coffee and drip it back?,c,C,c,1,,,,eagle2_5_8b_videomme_default_uniform16.json,medium,Action Reasoning
uniform,16,none,1030,,videos/GQEYGAJIzAM.mp4,What is the second planet observed by the main character of the video?,d,A,a,0,,,,eagle2_5_8b_videomme_default_uniform16.json,medium,Object Recognition
uniform,16,none,1031,,videos/GQEYGAJIzAM.mp4,"The main character of the video is observing the surface of the moon when he notices a straight line, what is it?",b,A,a,0,,,,eagle2_5_8b_videomme_default_uniform16.json,medium,Object Recognition
uniform,16,none,1032,,videos/pSHVbLPWA28.mp4,The video shows how long it takes to drive from the Earth to the Moon?,a,D,d,0,,,,eagle2_5_8b_videomme_default_uniform16.json,medium,Object Recognition
uniform,16,none,1033,,videos/pSHVbLPWA28.mp4,"In the middle of the video a photo is shown, what are the dots on the photo?",b,D,d,0,,,,eagle2_5_8b_videomme_default_uniform16.json,medium,Object Reasoning
uniform,16,none,1034,,videos/pSHVbLPWA28.mp4,What is this video mainly about?,d,D,d,1,,,,eagle2_5_8b_videomme_default_uniform16.json,medium,Information Synopsis
uniform,16,none,1035,,videos/MaAv2IVzqhM.mp4,What is the main theme of the video?,a,A,a,1,,,,eagle2_5_8b_videomme_default_uniform16.json,medium,Information Synopsis
uniform,16,none,1036,,videos/MaAv2IVzqhM.mp4,What can be inferred about the location of LIGO Hanford in the video?,b,B,b,1,,,,eagle2_5_8b_videomme_default_uniform16.json,medium,Spatial Reasoning
uniform,16,none,1037,,videos/MaAv2IVzqhM.mp4,Which of the following gravitational wave detectors was featured in the video?,c,C,c,1,,,,eagle2_5_8b_videomme_default_uniform16.json,medium,Object Reasoning
uniform,16,none,1038,,videos/VQKpMmBDtZo.mp4,What is the main issue addressed in the video?,a,A,a,1,,,,eagle2_5_8b_videomme_default_uniform16.json,medium,Information Synopsis
uniform,16,none,1039,,videos/VQKpMmBDtZo.mp4,What significant event increased the number of objects in Earth's orbit in the video?,c,C,c,1,,,,eagle2_5_8b_videomme_default_uniform16.json,medium,Object Reasoning
uniform,16,none,1040,,videos/VQKpMmBDtZo.mp4,"For the class of space debris measuring between 1 and 10 centimeters, which cleanup method is proposed in the video?",d,D,d,1,,,,eagle2_5_8b_videomme_default_uniform16.json,medium,Object Reasoning
uniform,16,none,1041,,videos/HLxvq_M4218.mp4,Which specific phenomenon during the video demonstrated the correctness of general relativity?,b,B,b,1,,,,eagle2_5_8b_videomme_default_uniform16.json,medium,Object Reasoning
uniform,16,none,1042,,videos/HLxvq_M4218.mp4,What is the video about?,a,A,a,1,,,,eagle2_5_8b_videomme_default_uniform16.json,medium,Information Synopsis
uniform,16,none,1043,,videos/HLxvq_M4218.mp4,At least how many total solar eclipses occurred between 1921 and 1970 according to the video?,d,B,b,0,,,,eagle2_5_8b_videomme_default_uniform16.json,medium,Counting Problem
uniform,16,none,1044,,videos/V5M_grieetw.mp4,What is the primary topic of the video?,c,C,c,1,,,,eagle2_5_8b_videomme_default_uniform16.json,medium,Information Synopsis
uniform,16,none,1045,,videos/V5M_grieetw.mp4,Who does the video focus on regarding their work with globular clusters?,a,B,b,0,,,,eagle2_5_8b_videomme_default_uniform16.json,medium,Object Recognition
uniform,16,none,1046,,videos/V5M_grieetw.mp4,In what order were the following mentioned in the video?,a,A,a,1,,,,eagle2_5_8b_videomme_default_uniform16.json,medium,Temporal Perception
uniform,16,none,1047,,videos/e-P5IFTqB98.mp4,What is the primary topic of the video?,c,C,c,1,,,,eagle2_5_8b_videomme_default_uniform16.json,medium,Information Synopsis
uniform,16,none,1048,,videos/e-P5IFTqB98.mp4,How does the diameter of the black hole S5 0014+81 compare to other distances in space?,d,D,d,1,,,,eagle2_5_8b_videomme_default_uniform16.json,medium,Object Reasoning
uniform,16,none,1049,,videos/e-P5IFTqB98.mp4,What indicates if we travel inside a black hole for quite a while?,a,A,a,1,,,,eagle2_5_8b_videomme_default_uniform16.json,medium,Object Reasoning
uniform,16,none,1050,,videos/pmF41T52nJs.mp4,What is the color of the shirt that the speaker is wearing in the video?,c,C,c,1,,,,eagle2_5_8b_videomme_default_uniform16.json,medium,Attribute Perception
uniform,16,none,1051,,videos/pmF41T52nJs.mp4,Why does the speaker mention water pipes?,a,C,c,0,,,,eagle2_5_8b_videomme_default_uniform16.json,medium,Action Reasoning
uniform,16,none,1052,,videos/pmF41T52nJs.mp4,What's the order of the following types of weathering in the video?,a,A,a,1,,,,eagle2_5_8b_videomme_default_uniform16.json,medium,Temporal Reasoning
uniform,16,none,1053,,videos/xa6SdvFA3w0.mp4,Why does the speaker mention students in a stressful class?,b,B,b,1,,,,eagle2_5_8b_videomme_default_uniform16.json,medium,Action Reasoning
uniform,16,none,1054,,videos/xa6SdvFA3w0.mp4,Which of the following causes is not mentioned in the video when it comes to ocean current?,d,D,d,1,,,,eagle2_5_8b_videomme_default_uniform16.json,medium,Object Recognition
uniform,16,none,1055,,videos/xa6SdvFA3w0.mp4,Which of the following statements about the water bottle in imagination is true?,a,C,c,0,,,,eagle2_5_8b_videomme_default_uniform16.json,medium,Temporal Reasoning
uniform,16,none,1056,,videos/wdcXmerZWDc.mp4,What's the weather like in the city at the beginning of the video?,d,D,d,1,,,,eagle2_5_8b_videomme_default_uniform16.json,medium,Attribute Perception
uniform,16,none,1057,,videos/wdcXmerZWDc.mp4,What is the color of the clothes that the speaker is wearing in the video?,a,A,a,1,,,,eagle2_5_8b_videomme_default_uniform16.json,medium,Attribute Perception
uniform,16,none,1058,,videos/wdcXmerZWDc.mp4,What does the speaker explain before introducing MS4?,c,C,c,1,,,,eagle2_5_8b_videomme_default_uniform16.json,medium,Object Reasoning
uniform,16,none,1059,,videos/HooZ84rpovQ.mp4,How does the speaker introduce the fact that the Mediterranean might disappear for a long while?,c,A,a,0,,,,eagle2_5_8b_videomme_default_uniform16.json,medium,Object Reasoning
uniform,16,none,1060,,videos/HooZ84rpovQ.mp4,Which of the following hypotheses for the disappearance of Mediterranean isn't mentioned in the video?,b,B,b,1,,,,eagle2_5_8b_videomme_default_uniform16.json,medium,Object Recognition
uniform,16,none,1061,,videos/HooZ84rpovQ.mp4,What is Nuralagus rex doing in the video?,d,C,c,0,,,,eagle2_5_8b_videomme_default_uniform16.json,medium,Action Recognition
uniform,16,none,1062,,videos/ZQP-7BPvvq0.mp4,What does the speaker mean when mentioning images of livestock and grazing animals from ancient paintings?,d,D,d,1,,,,eagle2_5_8b_videomme_default_uniform16.json,medium,Object Reasoning
uniform,16,none,1063,,videos/ZQP-7BPvvq0.mp4,Which of the following elements is not an evidence for the green Sahara?,b,B,b,1,,,,eagle2_5_8b_videomme_default_uniform16.json,medium,Object Reasoning
uniform,16,none,1064,,videos/ZQP-7BPvvq0.mp4,What does the speaker explain after seeing the ancient paintings at the beginning of the video?,a,C,c,0,,,,eagle2_5_8b_videomme_default_uniform16.json,medium,Object Recognition
uniform,16,none,1065,,videos/rWp5ZpJAIAE.mp4,What is the color of the clothes that William Smith is wearing in his protrait?,c,A,a,0,,,,eagle2_5_8b_videomme_default_uniform16.json,medium,Attribute Perception
uniform,16,none,1066,,videos/rWp5ZpJAIAE.mp4,How many protraits at most are shown at one point of the video?,c,C,c,1,,,,eagle2_5_8b_videomme_default_uniform16.json,medium,Counting Problem
uniform,16,none,1067,,videos/rWp5ZpJAIAE.mp4,What happens at the end of the Paleozoic Era?,d,D,d,1,,,,eagle2_5_8b_videomme_default_uniform16.json,medium,Temporal Perception
uniform,16,none,1068,,videos/DI6SemRT2iY.mp4,What's the lichens possibly like according to its image in the video?,b,B,b,1,,,,eagle2_5_8b_videomme_default_uniform16.json,medium,Attribute Perception
uniform,16,none,1069,,videos/DI6SemRT2iY.mp4,What is the main reason that the period is called Boring Billion?,c,B,b,0,,,,eagle2_5_8b_videomme_default_uniform16.json,medium,Object Reasoning
uniform,16,none,1070,,videos/DI6SemRT2iY.mp4,What's the main color of Nuna?,d,D,d,1,,,,eagle2_5_8b_videomme_default_uniform16.json,medium,Attribute Perception
uniform,16,none,1071,,videos/_qepWb_NVj4.mp4,How many different points of views about the amount of continents are mentioned in the video?,a,B,b,0,,,,eagle2_5_8b_videomme_default_uniform16.json,medium,Counting Problem
uniform,16,none,1072,,videos/_qepWb_NVj4.mp4,Which of the following statements about the Eight-Continents theory is true according to the video?,b,B,b,1,,,,eagle2_5_8b_videomme_default_uniform16.json,medium,Object Reasoning
uniform,16,none,1073,,videos/_qepWb_NVj4.mp4,What's the third criteria promoted by Nick Mortimer that a continent must meet?,b,C,c,0,,,,eagle2_5_8b_videomme_default_uniform16.json,medium,OCR Problems
uniform,16,none,1074,,videos/QTK_bC00ilg.mp4,Which one does not exist on the islands west of the Wallace Line?,d,D,d,1,,,,eagle2_5_8b_videomme_default_uniform16.json,medium,Object Recognition
uniform,16,none,1075,,videos/QTK_bC00ilg.mp4,When was Wallace firstly aware of the Wallace line?,a,A,a,1,,,,eagle2_5_8b_videomme_default_uniform16.json,medium,Temporal Perception
uniform,16,none,1076,,videos/QTK_bC00ilg.mp4,What's the correct order of these following events?,c,B,b,0,,,,eagle2_5_8b_videomme_default_uniform16.json,medium,Temporal Reasoning
uniform,16,none,1077,,videos/7Ni4gcl4tpE.mp4,What is the background color of the sign that marks the highest point of Kiribati?,a,A,a,1,,,,eagle2_5_8b_videomme_default_uniform16.json,medium,Attribute Perception
uniform,16,none,1078,,videos/7Ni4gcl4tpE.mp4,Why did the local people ask whether the youtuber brought his oxygen mask?,c,C,c,1,,,,eagle2_5_8b_videomme_default_uniform16.json,medium,Spatial Reasoning
uniform,16,none,1079,,videos/7Ni4gcl4tpE.mp4,What did the youtuber advise in order to save Kiribati?,a,A,a,1,,,,eagle2_5_8b_videomme_default_uniform16.json,medium,Object Reasoning
uniform,16,none,1080,,videos/gT2lNXqt2V0.mp4,"Based on the video, what is the role of the girl in the yellow top and red trousers?",a,A,a,1,,,,eagle2_5_8b_videomme_default_uniform16.json,medium,Object Reasoning
uniform,16,none,1081,,videos/gT2lNXqt2V0.mp4,Who made the call received in the video?,d,D,d,1,,,,eagle2_5_8b_videomme_default_uniform16.json,medium,Object Reasoning
uniform,16,none,1082,,videos/gT2lNXqt2V0.mp4,What is the application submitted by the victim in the last part of the video?,b,B,b,1,,,,eagle2_5_8b_videomme_default_uniform16.json,medium,Attribute Perception
uniform,16,none,1083,,videos/TtJVJ9UP7M0.mp4,What is the video mainly about?,c,C,c,1,,,,eagle2_5_8b_videomme_default_uniform16.json,medium,Information Synopsis
uniform,16,none,1084,,videos/TtJVJ9UP7M0.mp4,What is not mentioned in the video that need to pay attention to before entering the court?,a,A,a,1,,,,eagle2_5_8b_videomme_default_uniform16.json,medium,Action Recognition
uniform,16,none,1085,,videos/TtJVJ9UP7M0.mp4,What is the role of the man in the suit sitting next to the boy in the courtroom in the video?,d,D,d,1,,,,eagle2_5_8b_videomme_default_uniform16.json,medium,Object Reasoning
uniform,16,none,1086,,videos/HwpzzAefx9M.mp4,What is the video mainly about?,b,B,b,1,,,,eagle2_5_8b_videomme_default_uniform16.json,medium,Information Synopsis
uniform,16,none,1087,,videos/HwpzzAefx9M.mp4,"According to the content of the video, why does the little boy squatting on the ground playing with a toy car run away and hide?",c,C,c,1,,,,eagle2_5_8b_videomme_default_uniform16.json,medium,Action Reasoning
uniform,16,none,1088,,videos/HwpzzAefx9M.mp4,What activities are the men in the video not allowed to do while in captivity?,a,D,d,0,,,,eagle2_5_8b_videomme_default_uniform16.json,medium,Action Recognition
uniform,16,none,1089,,videos/3fQxvz4ENDg.mp4,Which summarizes the main content of the video?,d,D,d,1,,,,eagle2_5_8b_videomme_default_uniform16.json,medium,Information Synopsis
uniform,16,none,1090,,videos/3fQxvz4ENDg.mp4,Which AI technology is not featured in the video?,b,B,b,1,,,,eagle2_5_8b_videomme_default_uniform16.json,medium,OCR Problems
uniform,16,none,1091,,videos/3fQxvz4ENDg.mp4,What was discussed after the introduction to generative AI?,c,C,c,1,,,,eagle2_5_8b_videomme_default_uniform16.json,medium,Attribute Perception
uniform,16,none,1092,,videos/IGyx5UEwgtA.mp4,How many judges hear the federal appeals shown in the video?,a,B,b,0,,,,eagle2_5_8b_videomme_default_uniform16.json,medium,Counting Problem
uniform,16,none,1093,,videos/IGyx5UEwgtA.mp4,Which of the following is not mentioned in the video?,d,B,b,0,,,,eagle2_5_8b_videomme_default_uniform16.json,medium,OCR Problems
uniform,16,none,1094,,videos/IGyx5UEwgtA.mp4,What is the example of avocados in the video meant to illustrate?,b,C,c,0,,,,eagle2_5_8b_videomme_default_uniform16.json,medium,Object Reasoning
uniform,16,none,1095,,videos/zOgYnntFl-k.mp4,Which of the following professions does not appear at the beginning of the video?,c,B,b,0,,,,eagle2_5_8b_videomme_default_uniform16.json,medium,Object Reasoning
uniform,16,none,1096,,videos/zOgYnntFl-k.mp4,How many members of the jury are shown in the first half of the video?,a,B,b,0,,,,eagle2_5_8b_videomme_default_uniform16.json,medium,Counting Problem
uniform,16,none,1097,,videos/zOgYnntFl-k.mp4,"In the real trial transcript in the second half of the video, how many people raised their right hands during the jury discussion?",d,A,a,0,,,,eagle2_5_8b_videomme_default_uniform16.json,medium,Counting Problem
uniform,16,none,1098,,videos/orVnyudsNuw.mp4,What is the fifth sign that is introduced in the video?,b,C,c,0,,,,eagle2_5_8b_videomme_default_uniform16.json,medium,OCR Problems
uniform,16,none,1099,,videos/orVnyudsNuw.mp4,"When discussing which of the following points in this video, there was no page switching?
(a) The first.
(b) The fourth.
(c) The fifth.
(d) The eighth.
(e) The ninth.",c,A,a,0,,,,eagle2_5_8b_videomme_default_uniform16.json,medium,Temporal Reasoning
uniform,16,none,1100,,videos/orVnyudsNuw.mp4,"When introducing the eighth point, how many people finally appeared on the screen?",d,D,d,1,,,,eagle2_5_8b_videomme_default_uniform16.json,medium,Counting Problem
uniform,16,none,1101,,videos/Hel5dqvImSw.mp4,Which country is the destination of the plane at the beginning of the video?,d,D,d,1,,,,eagle2_5_8b_videomme_default_uniform16.json,medium,Attribute Perception
uniform,16,none,1102,,videos/Hel5dqvImSw.mp4,What is the second case in the video about?,b,B,b,1,,,,eagle2_5_8b_videomme_default_uniform16.json,medium,Information Synopsis
uniform,16,none,1103,,videos/Hel5dqvImSw.mp4,"In the last case of the video, what happens when the man divorces with the lady?",c,B,b,0,,,,eagle2_5_8b_videomme_default_uniform16.json,medium,Spatial Reasoning
uniform,16,none,1104,,videos/_rC5V5vEprs.mp4,Which of the following options does not appear on the stone tablet carved by the two men at the beginning of the video?,a,A,a,1,,,,eagle2_5_8b_videomme_default_uniform16.json,medium,Attribute Perception
uniform,16,none,1105,,videos/_rC5V5vEprs.mp4,What type of cases are cited in the video?,d,D,d,1,,,,eagle2_5_8b_videomme_default_uniform16.json,medium,Object Recognition
uniform,16,none,1106,,videos/_rC5V5vEprs.mp4,Which codexes are compared in common in the second half of the video?,b,D,d,0,,,,eagle2_5_8b_videomme_default_uniform16.json,medium,Object Recognition
uniform,16,none,1107,,videos/y3am4T5LuKU.mp4,What happens when a woman crosses the road in the beginning of the video when there are no legal rules?,c,C,c,1,,,,eagle2_5_8b_videomme_default_uniform16.json,medium,Action Recognition
uniform,16,none,1108,,videos/y3am4T5LuKU.mp4,What is the identity of the cartoon character wearing a hat and raising his right hand in salute in the video?,a,A,a,1,,,,eagle2_5_8b_videomme_default_uniform16.json,medium,Object Recognition
uniform,16,none,1109,,videos/y3am4T5LuKU.mp4,How many photos of the cartoon version of criminals appear in the video?,d,C,c,0,,,,eagle2_5_8b_videomme_default_uniform16.json,medium,Counting Problem
uniform,16,none,1110,,videos/7fnVcXfPe5c.mp4,"Which option correctly indicates the location of the ""psychological tip"" written in white on the board when illustrating the third suggestion in the video?",b,A,a,0,,,,eagle2_5_8b_videomme_default_uniform16.json,medium,Spatial Perception
uniform,16,none,1111,,videos/7fnVcXfPe5c.mp4,What does the visualization in the video most closely resemble?,c,C,c,1,,,,eagle2_5_8b_videomme_default_uniform16.json,medium,Object Recognition
uniform,16,none,1112,,videos/7fnVcXfPe5c.mp4,What is the purpose of drawing a bifurcated tree when introducing the threading?,a,A,a,1,,,,eagle2_5_8b_videomme_default_uniform16.json,medium,Action Reasoning
uniform,16,none,1113,,videos/phM_SYH6aA0.mp4,How does the man demonstrate to do a tuck?,a,A,a,1,,,,eagle2_5_8b_videomme_default_uniform16.json,medium,Action Recognition
uniform,16,none,1114,,videos/phM_SYH6aA0.mp4,What is the function of the phone display at the end of this video?,d,D,d,1,,,,eagle2_5_8b_videomme_default_uniform16.json,medium,Object Reasoning
uniform,16,none,1115,,videos/phM_SYH6aA0.mp4,What is the trick of evolving backward tuck into a backflip in the video?,b,A,a,0,,,,eagle2_5_8b_videomme_default_uniform16.json,medium,Action Recognition
uniform,16,none,1116,,videos/ce_uHxXsUWA.mp4,What is the name of the department on the website?,d,D,d,1,,,,eagle2_5_8b_videomme_default_uniform16.json,medium,OCR Problems
uniform,16,none,1117,,videos/ce_uHxXsUWA.mp4,How does the displaying link change after is historically clicked?,b,B,b,1,,,,eagle2_5_8b_videomme_default_uniform16.json,medium,Action Reasoning
uniform,16,none,1118,,videos/ce_uHxXsUWA.mp4,Which question is not included in the frequently asked questions displayed on the website?,c,B,b,0,,,,eagle2_5_8b_videomme_default_uniform16.json,medium,OCR Problems
uniform,16,none,1119,,videos/us78iBEMihk.mp4,What is the function of the red bucket shown in the video?,c,C,c,1,,,,eagle2_5_8b_videomme_default_uniform16.json,medium,Object Reasoning
uniform,16,none,1120,,videos/us78iBEMihk.mp4,What is the difference between the plants before and after being placed in the hole?,a,A,a,1,,,,eagle2_5_8b_videomme_default_uniform16.json,medium,Object Reasoning
uniform,16,none,1121,,videos/us78iBEMihk.mp4,What is this video mainly about?,b,B,b,1,,,,eagle2_5_8b_videomme_default_uniform16.json,medium,Information Synopsis
uniform,16,none,1122,,videos/axGscDVdHWg.mp4,"What are the steps to decorate a Christmas tree?
(a) Add Ornaments.
(b) Frost with Icicles to finish.
(c) Assemble the tree, and add lights if necessary.
(d) Fluff the branches according to your liking.
(e) Add the nature.
(f) Fix the area you want to camouflage.",b,B,b,1,,,,eagle2_5_8b_videomme_default_uniform16.json,medium,Temporal Reasoning
uniform,16,none,1123,,videos/axGscDVdHWg.mp4,What item is not used to decorate the Christmas tree?,c,C,c,1,,,,eagle2_5_8b_videomme_default_uniform16.json,medium,Object Recognition
uniform,16,none,1124,,videos/axGscDVdHWg.mp4,What is the difference of the woman when talking to the camera and when decorating the tree?,a,B,b,0,,,,eagle2_5_8b_videomme_default_uniform16.json,medium,Object Reasoning
uniform,16,none,1125,,videos/VBygMK8jRoI.mp4,What is special about her skate?,a,A,a,1,,,,eagle2_5_8b_videomme_default_uniform16.json,medium,Object Reasoning
uniform,16,none,1126,,videos/VBygMK8jRoI.mp4,What is the final piece of equipment that the woman adds to her body?,a,B,b,0,,,,eagle2_5_8b_videomme_default_uniform16.json,medium,Object Recognition
uniform,16,none,1127,,videos/VBygMK8jRoI.mp4,What is this video mainly about?,c,C,c,1,,,,eagle2_5_8b_videomme_default_uniform16.json,medium,Information Synopsis
uniform,16,none,1128,,videos/RF86oSB6_bc.mp4,What is forbidden when there is a huge red cross on the screen?,a,A,a,1,,,,eagle2_5_8b_videomme_default_uniform16.json,medium,Action Reasoning
uniform,16,none,1129,,videos/RF86oSB6_bc.mp4,What is the recommended brand of the shoe cleaner in this video?,a,B,b,0,,,,eagle2_5_8b_videomme_default_uniform16.json,medium,OCR Problems
uniform,16,none,1130,,videos/RF86oSB6_bc.mp4,What is this video mainly about?,b,B,b,1,,,,eagle2_5_8b_videomme_default_uniform16.json,medium,Information Synopsis
uniform,16,none,1131,,videos/WOGaS19VZ8Q.mp4,What is the color of the pneumatic air gun?,c,C,c,1,,,,eagle2_5_8b_videomme_default_uniform16.json,medium,Attribute Perception
uniform,16,none,1132,,videos/WOGaS19VZ8Q.mp4,What happens to the drill when it is taken out of the orange bucket?,a,B,b,0,,,,eagle2_5_8b_videomme_default_uniform16.json,medium,Object Reasoning
uniform,16,none,1133,,videos/WOGaS19VZ8Q.mp4,Which tool does not the man wearing green hat use?,d,C,c,0,,,,eagle2_5_8b_videomme_default_uniform16.json,medium,Object Recognition
uniform,16,none,1134,,videos/BxrolAZXZFg.mp4,What is this video mainly about?,b,B,b,1,,,,eagle2_5_8b_videomme_default_uniform16.json,medium,Information Synopsis
uniform,16,none,1135,,videos/BxrolAZXZFg.mp4,"According to the video, what is the blue item most likely to be?",c,A,a,0,,,,eagle2_5_8b_videomme_default_uniform16.json,medium,Object Recognition
uniform,16,none,1136,,videos/BxrolAZXZFg.mp4,What sticker does it appear on the screen at the beginning of this video?,a,C,c,0,,,,eagle2_5_8b_videomme_default_uniform16.json,medium,Object Recognition
uniform,16,none,1137,,videos/2Bns2m5Bg4M.mp4,"As can be seen in the video, which food is not used to practice holding chopsticks?",d,D,d,1,,,,eagle2_5_8b_videomme_default_uniform16.json,medium,Object Recognition
uniform,16,none,1138,,videos/2Bns2m5Bg4M.mp4,"As depicted in the video, which finger touches the chopsticks?",c,B,b,0,,,,eagle2_5_8b_videomme_default_uniform16.json,medium,Object Recognition
uniform,16,none,1139,,videos/2Bns2m5Bg4M.mp4,What is this video mainly about?,c,C,c,1,,,,eagle2_5_8b_videomme_default_uniform16.json,medium,Information Synopsis
uniform,16,none,1140,,videos/GWNzRtKzIRA.mp4,How many clips of Mad Men where the typewriter made appearances are shown in the video?,d,C,c,0,,,,eagle2_5_8b_videomme_default_uniform16.json,medium,Counting Problem
uniform,16,none,1141,,videos/GWNzRtKzIRA.mp4,"According to the video, which statement is correct about the typewriter introduced in the video?",b,B,b,1,,,,eagle2_5_8b_videomme_default_uniform16.json,medium,Information Synopsis
uniform,16,none,1142,,videos/GWNzRtKzIRA.mp4,Which year marked the debut of the typewriter introduced in the video?,b,B,b,1,,,,eagle2_5_8b_videomme_default_uniform16.json,medium,Object Reasoning
uniform,16,none,1143,,videos/6DAFkaGUiT4.mp4,"According to the video, why is IMAX not suitable for filming movies?",d,B,b,0,,,,eagle2_5_8b_videomme_default_uniform16.json,medium,Object Reasoning
uniform,16,none,1144,,videos/6DAFkaGUiT4.mp4,"According to the video, which statement is correct?",d,C,c,0,,,,eagle2_5_8b_videomme_default_uniform16.json,medium,Information Synopsis
uniform,16,none,1145,,videos/6DAFkaGUiT4.mp4,Which IMAX movie isn't in the video?,d,B,b,0,,,,eagle2_5_8b_videomme_default_uniform16.json,medium,Object Recognition
uniform,16,none,1146,,videos/e3fz3dqhN44.mp4,What is the ad in the video about?,b,B,b,1,,,,eagle2_5_8b_videomme_default_uniform16.json,medium,Object Recognition
uniform,16,none,1147,,videos/e3fz3dqhN44.mp4,Which transportation is the quantum computer compared to in the video?,b,B,b,1,,,,eagle2_5_8b_videomme_default_uniform16.json,medium,Object Reasoning
uniform,16,none,1148,,videos/e3fz3dqhN44.mp4,"According to the video, which statement is incorrect?",b,B,b,1,,,,eagle2_5_8b_videomme_default_uniform16.json,medium,Information Synopsis
uniform,16,none,1149,,videos/ECgVLceb_LE.mp4,Where are the propellers of the flying car in the video stored?,c,B,b,0,,,,eagle2_5_8b_videomme_default_uniform16.json,medium,Spatial Perception
uniform,16,none,1150,,videos/ECgVLceb_LE.mp4,"According to the video, which statement is incorrect?",c,C,c,1,,,,eagle2_5_8b_videomme_default_uniform16.json,medium,Information Synopsis
uniform,16,none,1151,,videos/ECgVLceb_LE.mp4,What color are the seats in the car?,c,C,c,1,,,,eagle2_5_8b_videomme_default_uniform16.json,medium,Attribute Perception
uniform,16,none,1152,,videos/bepwr1-CNRU.mp4,Which of the following is correct for ranking Tesla models from shortest to longest 0-60 mph acceleration time based on the video?,c,C,c,1,,,,eagle2_5_8b_videomme_default_uniform16.json,medium,Temporal Reasoning
uniform,16,none,1153,,videos/bepwr1-CNRU.mp4,What is this video about?,a,C,c,0,,,,eagle2_5_8b_videomme_default_uniform16.json,medium,Information Synopsis
uniform,16,none,1154,,videos/bepwr1-CNRU.mp4,What is the driving range of Tesla Model X Long Range version on a single charge?,a,B,b,0,,,,eagle2_5_8b_videomme_default_uniform16.json,medium,OCR Problems
uniform,16,none,1155,,videos/yU5kPoc7sL4.mp4,"Based on the video, guess what device the touch screen was first used on?",d,D,d,1,,,,eagle2_5_8b_videomme_default_uniform16.json,medium,Object Reasoning
uniform,16,none,1156,,videos/yU5kPoc7sL4.mp4,Which of the following options correctly orders the types of touch screens according to their order in the video?,c,C,c,1,,,,eagle2_5_8b_videomme_default_uniform16.json,medium,Temporal Reasoning
uniform,16,none,1157,,videos/yU5kPoc7sL4.mp4,Why doesn't it work to click on a cell phone while wearing gloves?,c,C,c,1,,,,eagle2_5_8b_videomme_default_uniform16.json,medium,Object Reasoning
uniform,16,none,1158,,videos/Lyv_2usFQA0.mp4,"According to the order in the video, what is the fourth GPT introduced (except GPT Finder)?",b,B,b,1,,,,eagle2_5_8b_videomme_default_uniform16.json,medium,Temporal Reasoning
uniform,16,none,1159,,videos/Lyv_2usFQA0.mp4,Which GPT is introduced after Convert Anything?,b,B,b,1,,,,eagle2_5_8b_videomme_default_uniform16.json,medium,Temporal Reasoning
uniform,16,none,1160,,videos/Lyv_2usFQA0.mp4,Which GPT can generate a prompt based on the image so that DALLE can generate a similar image?,c,C,c,1,,,,eagle2_5_8b_videomme_default_uniform16.json,medium,Action Recognition
uniform,16,none,1161,,videos/t61Wl2HVwFo.mp4,How many groups of people were interviewed in the promotional video at the beginning of the video?,c,C,c,1,,,,eagle2_5_8b_videomme_default_uniform16.json,medium,Counting Problem
uniform,16,none,1162,,videos/t61Wl2HVwFo.mp4,Which of the following is not the meaning of the On-device AI technology introduced in the video?,d,D,d,1,,,,eagle2_5_8b_videomme_default_uniform16.json,medium,Object Reasoning
uniform,16,none,1163,,videos/t61Wl2HVwFo.mp4,"According to the video, which statement is correct?",b,B,b,1,,,,eagle2_5_8b_videomme_default_uniform16.json,medium,Information Synopsis
uniform,16,none,1164,,videos/0rCbfsuKdYw.mp4,What is the brand of the TV used with PS2 in the video?,a,D,d,0,,,,eagle2_5_8b_videomme_default_uniform16.json,medium,OCR Problems
uniform,16,none,1165,,videos/0rCbfsuKdYw.mp4,Which game is played on each generation of Play Stations in the video?,a,A,a,1,,,,eagle2_5_8b_videomme_default_uniform16.json,medium,Object Recognition
uniform,16,none,1166,,videos/0rCbfsuKdYw.mp4,"According to the video, guess how many times more powerful is the PS5 than the PS2?",a,B,b,0,,,,eagle2_5_8b_videomme_default_uniform16.json,medium,Object Reasoning
uniform,16,none,1167,,videos/tVcEEw6qbBQ.mp4,Who owns the bottle containing protists at the beginning of the video?,b,A,a,0,,,,eagle2_5_8b_videomme_default_uniform16.json,medium,Object Reasoning
uniform,16,none,1168,,videos/tVcEEw6qbBQ.mp4,"Among the examples of using microscopes to help learning life sciences at the end of the video, what are being observed in the example following the demonstration of studying mitosis?",d,C,c,0,,,,eagle2_5_8b_videomme_default_uniform16.json,medium,Object Reasoning
uniform,16,none,1169,,videos/tVcEEw6qbBQ.mp4,"According to the video, which statement is correct?",b,D,d,0,,,,eagle2_5_8b_videomme_default_uniform16.json,medium,Information Synopsis
uniform,16,none,1170,,videos/jIzGzPzdLwM.mp4,What does Shen do for changing his fate?,d,A,a,0,,,,eagle2_5_8b_videomme_default_uniform16.json,medium,Action Recognition
uniform,16,none,1171,,videos/jIzGzPzdLwM.mp4,How does Shen feel when he is going to see a panda?,c,C,c,1,,,,eagle2_5_8b_videomme_default_uniform16.json,medium,Action Reasoning
uniform,16,none,1172,,videos/jIzGzPzdLwM.mp4,What happens to Shen at last?,b,B,b,1,,,,eagle2_5_8b_videomme_default_uniform16.json,medium,Action Recognition
uniform,16,none,1173,,videos/edAu5_O4C54.mp4,Which does not appear in this video?,a,D,d,0,,,,eagle2_5_8b_videomme_default_uniform16.json,medium,Object Recognition
uniform,16,none,1174,,videos/edAu5_O4C54.mp4,Who is the mentor of the Chased black spider-man?,d,D,d,1,,,,eagle2_5_8b_videomme_default_uniform16.json,medium,Object Reasoning
uniform,16,none,1175,,videos/edAu5_O4C54.mp4,Where is the chased black spider-man hide at first?,d,D,d,1,,,,eagle2_5_8b_videomme_default_uniform16.json,medium,Action Recognition
uniform,16,none,1176,,videos/dcYgBU4t98E.mp4,What happens when the chicken is bumping fists with a penguin?,b,C,c,0,,,,eagle2_5_8b_videomme_default_uniform16.json,medium,Action Recognition
uniform,16,none,1177,,videos/dcYgBU4t98E.mp4,How many penguins play torches when they have a bonfire party?,c,C,c,1,,,,eagle2_5_8b_videomme_default_uniform16.json,medium,Counting Problem
uniform,16,none,1178,,videos/dcYgBU4t98E.mp4,Which skill does the chicken have?,a,A,a,1,,,,eagle2_5_8b_videomme_default_uniform16.json,medium,Action Recognition
uniform,16,none,1179,,videos/V6ui161NyTg.mp4,What is the relationship between the two girls in the video?,d,D,d,1,,,,eagle2_5_8b_videomme_default_uniform16.json,medium,Object Reasoning
uniform,16,none,1180,,videos/V6ui161NyTg.mp4,What kind of story does this video record about the little girl?,c,C,c,1,,,,eagle2_5_8b_videomme_default_uniform16.json,medium,Information Synopsis
uniform,16,none,1181,,videos/V6ui161NyTg.mp4,"In the video, in the little girl's recollection, what is the correct order of the events she experienced?
(1) Her paintings were disliked by others.
(2) She was pushed down by others.
(3) She was forgotten by others when playing hide and seek.
(4) She was talked about by others while swinging.",b,A,a,0,,,,eagle2_5_8b_videomme_default_uniform16.json,medium,Temporal Reasoning
uniform,16,none,1182,,videos/-XpJeDGh8No.mp4,What happens when a monster teach math?,a,A,a,1,,,,eagle2_5_8b_videomme_default_uniform16.json,medium,Action Recognition
uniform,16,none,1183,,videos/-XpJeDGh8No.mp4,What does the yellow turtle monster do after receiving a red book?,b,C,c,0,,,,eagle2_5_8b_videomme_default_uniform16.json,medium,Action Recognition
uniform,16,none,1184,,videos/-XpJeDGh8No.mp4,Who fight versus the black dinosaur at last?,d,D,d,1,,,,eagle2_5_8b_videomme_default_uniform16.json,medium,Object Recognition
uniform,16,none,1185,,videos/QI9VIulqTCA.mp4,Who is the little iceberg meet first?,c,C,c,1,,,,eagle2_5_8b_videomme_default_uniform16.json,medium,Object Recognition
uniform,16,none,1186,,videos/QI9VIulqTCA.mp4,What is the purpose of the ship coming here?,d,D,d,1,,,,eagle2_5_8b_videomme_default_uniform16.json,medium,Action Recognition
uniform,16,none,1187,,videos/QI9VIulqTCA.mp4,Why is the small iceberg shrinking?,b,B,b,1,,,,eagle2_5_8b_videomme_default_uniform16.json,medium,Action Reasoning
uniform,16,none,1188,,videos/2za5RwplXdI.mp4,What happens when a star falls on the earth?,d,D,d,1,,,,eagle2_5_8b_videomme_default_uniform16.json,medium,Action Recognition
uniform,16,none,1189,,videos/2za5RwplXdI.mp4,"According to the video, what do the dead dinosaurs transform into?",b,D,d,0,,,,eagle2_5_8b_videomme_default_uniform16.json,medium,Object Recognition
uniform,16,none,1190,,videos/2za5RwplXdI.mp4,What story does the video tell?,d,B,b,0,,,,eagle2_5_8b_videomme_default_uniform16.json,medium,Information Synopsis
uniform,16,none,1191,,videos/Jm0MLlE4x0U.mp4,What does the fox do after meeting the blue baby bird?,b,D,d,0,,,,eagle2_5_8b_videomme_default_uniform16.json,medium,Action Recognition
uniform,16,none,1192,,videos/Jm0MLlE4x0U.mp4,Why does the mother bird bring a fish to the fox?,a,A,a,1,,,,eagle2_5_8b_videomme_default_uniform16.json,medium,Action Reasoning
uniform,16,none,1193,,videos/Jm0MLlE4x0U.mp4,Where does the baby bird go at last?,c,C,c,1,,,,eagle2_5_8b_videomme_default_uniform16.json,medium,Spatial Perception
uniform,16,none,1194,,videos/I5cFBi02O34.mp4,What is the attitude of the king towards the hero in front of him?,c,D,d,0,,,,eagle2_5_8b_videomme_default_uniform16.json,medium,Action Recognition
uniform,16,none,1195,,videos/I5cFBi02O34.mp4,Why does the hero wait until the last moment to save the princess?,a,C,c,0,,,,eagle2_5_8b_videomme_default_uniform16.json,medium,Action Reasoning
uniform,16,none,1196,,videos/I5cFBi02O34.mp4,Why does the hero take the last monster back?,b,B,b,1,,,,eagle2_5_8b_videomme_default_uniform16.json,medium,Action Reasoning
uniform,16,none,1197,,videos/ZN6kyy2SXnk.mp4,Where is Puss in Boots meet Death?,b,D,d,0,,,,eagle2_5_8b_videomme_default_uniform16.json,medium,Spatial Perception
uniform,16,none,1198,,videos/ZN6kyy2SXnk.mp4,How does Puss in Boots feel when he hear the whistle of the man with hat?,c,B,b,0,,,,eagle2_5_8b_videomme_default_uniform16.json,medium,Action Recognition
uniform,16,none,1199,,videos/ZN6kyy2SXnk.mp4,How many crystals with cat in boots does Death break?,a,C,c,0,,,,eagle2_5_8b_videomme_default_uniform16.json,medium,Counting Problem
uniform,16,none,1200,,videos/TIK01MpwWGg.mp4,Why does the woman in the blue and black shirt want to do makeup for the man in the yellow shirt in the video?,b,B,b,1,,,,eagle2_5_8b_videomme_default_uniform16.json,medium,Action Reasoning
uniform,16,none,1201,,videos/TIK01MpwWGg.mp4,Why does the man always speak in a strange way during his date in the latter half of the video?,c,C,c,1,,,,eagle2_5_8b_videomme_default_uniform16.json,medium,Action Reasoning
uniform,16,none,1202,,videos/TIK01MpwWGg.mp4,"In the latter half of the video, what are the man and woman drinking during their date?",b,B,b,1,,,,eagle2_5_8b_videomme_default_uniform16.json,medium,Attribute Perception
uniform,16,none,1203,,videos/44G3dPME330.mp4,"If a cue appears in the bottom left corner when a splice occurs, then how many video clips were used to compose this video?",a,B,b,0,,,,eagle2_5_8b_videomme_default_uniform16.json,medium,Counting Problem
uniform,16,none,1204,,videos/44G3dPME330.mp4,What common element do these clips in the video share?,d,D,d,1,,,,eagle2_5_8b_videomme_default_uniform16.json,medium,Object Reasoning
uniform,16,none,1205,,videos/44G3dPME330.mp4,What color is the laptop the woman is holding at the beginning of the video?,b,B,b,1,,,,eagle2_5_8b_videomme_default_uniform16.json,medium,Attribute Perception
uniform,16,none,1206,,videos/iC54QQSe4_I.mp4,"Based on the video, what might the content of the letter be?",c,C,c,1,,,,eagle2_5_8b_videomme_default_uniform16.json,medium,Object Reasoning
uniform,16,none,1207,,videos/iC54QQSe4_I.mp4,"Based on the video, where does young Sheldon find his father?",d,D,d,1,,,,eagle2_5_8b_videomme_default_uniform16.json,medium,Spatial Reasoning
uniform,16,none,1208,,videos/iC54QQSe4_I.mp4,Why did young Sheldon's mother not tell him about the contents of the letter?,b,B,b,1,,,,eagle2_5_8b_videomme_default_uniform16.json,medium,Action Reasoning
uniform,16,none,1209,,videos/4aPxxE345OM.mp4,"Based on the video, who is Griffin more interested in?",a,A,a,1,,,,eagle2_5_8b_videomme_default_uniform16.json,medium,Object Reasoning
uniform,16,none,1210,,videos/4aPxxE345OM.mp4,"Based on the video, what is Manny's family's pet?",b,A,a,0,,,,eagle2_5_8b_videomme_default_uniform16.json,medium,Object Recognition
uniform,16,none,1211,,videos/4aPxxE345OM.mp4,"Based on the video, why does Manny want to be friends with Griffin?",a,C,c,0,,,,eagle2_5_8b_videomme_default_uniform16.json,medium,Action Reasoning
uniform,16,none,1212,,videos/hjNX33W-99I.mp4,"Based on the video, the man who leaves with the female protagonist is actually?",b,C,c,0,,,,eagle2_5_8b_videomme_default_uniform16.json,medium,Object Reasoning
uniform,16,none,1213,,videos/hjNX33W-99I.mp4,When in the video does the female protagonist wear a green dress?,d,D,d,1,,,,eagle2_5_8b_videomme_default_uniform16.json,medium,Temporal Perception
uniform,16,none,1214,,videos/hjNX33W-99I.mp4,Why does the female protagonist pay a bum to accompany her for a day at the beginning of the video?,c,C,c,1,,,,eagle2_5_8b_videomme_default_uniform16.json,medium,Action Reasoning
uniform,16,none,1215,,videos/r-ySDrO4uf4.mp4,Who is the smarter one according to the hippo god?,c,B,b,0,,,,eagle2_5_8b_videomme_default_uniform16.json,medium,Object Reasoning
uniform,16,none,1216,,videos/r-ySDrO4uf4.mp4,What does the hippo god do with the two men's hearts?,a,B,b,0,,,,eagle2_5_8b_videomme_default_uniform16.json,medium,Action Recognition
uniform,16,none,1217,,videos/r-ySDrO4uf4.mp4,What does the hippo god decide to do?,c,B,b,0,,,,eagle2_5_8b_videomme_default_uniform16.json,medium,Action Reasoning
uniform,16,none,1218,,videos/QxYHkKLaFmY.mp4,What is covered on the ground of the castle?,d,D,d,1,,,,eagle2_5_8b_videomme_default_uniform16.json,medium,Object Recognition
uniform,16,none,1219,,videos/QxYHkKLaFmY.mp4,What color is the dragon?,b,B,b,1,,,,eagle2_5_8b_videomme_default_uniform16.json,medium,Object Recognition
uniform,16,none,1220,,videos/QxYHkKLaFmY.mp4,What is the creature do at last?,d,D,d,1,,,,eagle2_5_8b_videomme_default_uniform16.json,medium,Object Recognition
uniform,16,none,1221,,videos/weOrNMHcDTI.mp4,Which animal doesn't appear in the video?,a,A,a,1,,,,eagle2_5_8b_videomme_default_uniform16.json,medium,Action Reasoning
uniform,16,none,1222,,videos/weOrNMHcDTI.mp4,How many bullets does Rango use to kill the hawl in the video?,c,B,b,0,,,,eagle2_5_8b_videomme_default_uniform16.json,medium,Counting Problem
uniform,16,none,1223,,videos/weOrNMHcDTI.mp4,Who is the opponent of Rango in the second matchup in the video?,a,C,c,0,,,,eagle2_5_8b_videomme_default_uniform16.json,medium,Object Reasoning
uniform,16,none,1224,,videos/uMIohuKRq58.mp4,What is the video about?,b,B,b,1,,,,eagle2_5_8b_videomme_default_uniform16.json,medium,Information Synopsis
uniform,16,none,1225,,videos/uMIohuKRq58.mp4,Who is protecting the boy?,d,D,d,1,,,,eagle2_5_8b_videomme_default_uniform16.json,medium,Object Reasoning
uniform,16,none,1226,,videos/uMIohuKRq58.mp4,Where does the terminator with sunglasses hide his gun?,c,D,d,0,,,,eagle2_5_8b_videomme_default_uniform16.json,medium,Object Recognition
uniform,16,none,1227,,videos/uC9qU3X1JgM.mp4,How many persons does superman fight versus?,c,B,b,0,,,,eagle2_5_8b_videomme_default_uniform16.json,medium,Counting Problem
uniform,16,none,1228,,videos/uC9qU3X1JgM.mp4,Which is not the ability of superman?,a,B,b,0,,,,eagle2_5_8b_videomme_default_uniform16.json,medium,Object Recognition
uniform,16,none,1229,,videos/uC9qU3X1JgM.mp4,Who is caught in the air by Superman?,b,C,c,0,,,,eagle2_5_8b_videomme_default_uniform16.json,medium,Object Recognition
uniform,16,none,1230,,videos/K759eXmaMTY.mp4,What caused the dilapidated scene at the beginning of the video?,d,D,d,1,,,,eagle2_5_8b_videomme_default_uniform16.json,medium,Attribute Perception
uniform,16,none,1231,,videos/K759eXmaMTY.mp4,What are the children wearing pink outfits doing at the beginning of the video?,c,C,c,1,,,,eagle2_5_8b_videomme_default_uniform16.json,medium,Action Recognition
uniform,16,none,1232,,videos/K759eXmaMTY.mp4,"In the middle of the video, what are the difficulties of rebuilding after the earthquake?",a,B,b,0,,,,eagle2_5_8b_videomme_default_uniform16.json,medium,Information Synopsis
uniform,16,none,1233,,videos/xr_nln2ZQw8.mp4,"In the video, how does Vitória make money?",a,A,a,1,,,,eagle2_5_8b_videomme_default_uniform16.json,medium,Action Recognition
uniform,16,none,1234,,videos/xr_nln2ZQw8.mp4,Which of the following is NOT a reason why there are many teenage mothers in Brazil every year?,b,B,b,1,,,,eagle2_5_8b_videomme_default_uniform16.json,medium,Information Synopsis
uniform,16,none,1235,,videos/xr_nln2ZQw8.mp4,"At the end of the video, what kind of attitude is reflected in the interview with the young parents?",c,C,c,1,,,,eagle2_5_8b_videomme_default_uniform16.json,medium,Attribute Perception
uniform,16,none,1236,,videos/tXb_zrHp4H8.mp4,"What is ""Avenues for Justice"" mentioned in the video?",d,D,d,1,,,,eagle2_5_8b_videomme_default_uniform16.json,medium,Attribute Perception
uniform,16,none,1237,,videos/tXb_zrHp4H8.mp4,What is this video about?,d,D,d,1,,,,eagle2_5_8b_videomme_default_uniform16.json,medium,Information Synopsis
uniform,16,none,1238,,videos/tXb_zrHp4H8.mp4,In which part of the video is the woman in the blue top interviewed?,d,C,c,0,,,,eagle2_5_8b_videomme_default_uniform16.json,medium,Temporal Perception
uniform,16,none,1239,,videos/NrtwBO_nyFA.mp4,Which step introduced in this video does not require the collaboration of two excavators?,d,D,d,1,,,,eagle2_5_8b_videomme_default_uniform16.json,medium,Object Recognition
uniform,16,none,1240,,videos/NrtwBO_nyFA.mp4,What is the main content of this video?,c,C,c,1,,,,eagle2_5_8b_videomme_default_uniform16.json,medium,Information Synopsis
uniform,16,none,1241,,videos/NrtwBO_nyFA.mp4,Which of the five black-text lines penned by the man in blue is replicated in red spray paint during the sorting and counting phase?,a,C,c,0,,,,eagle2_5_8b_videomme_default_uniform16.json,medium,Object Recognition
uniform,16,none,1242,,videos/HeEyJo838PA.mp4,"In the video, how many cubs is the mother bear with when the filmer encounters her downstream of the river?",d,D,d,1,,,,eagle2_5_8b_videomme_default_uniform16.json,medium,Counting Problem
uniform,16,none,1243,,videos/HeEyJo838PA.mp4,What is the main food of the brown bear in the video?,c,C,c,1,,,,eagle2_5_8b_videomme_default_uniform16.json,medium,Object Recognition
uniform,16,none,1244,,videos/HeEyJo838PA.mp4,Why does the mother brown bear in the video make her cubs run to higher ground?,c,C,c,1,,,,eagle2_5_8b_videomme_default_uniform16.json,medium,Action Reasoning
uniform,16,none,1245,,videos/B7-6lRo2m4Y.mp4,"At the beginning of the video, in which direction is the little penguin moving?",b,B,b,1,,,,eagle2_5_8b_videomme_default_uniform16.json,medium,Spatial Perception
uniform,16,none,1246,,videos/B7-6lRo2m4Y.mp4,What ultimately happened to the little penguin that got lost from its parents in the video?,c,B,b,0,,,,eagle2_5_8b_videomme_default_uniform16.json,medium,Action Recognition
uniform,16,none,1247,,videos/B7-6lRo2m4Y.mp4,"The video mentions that when penguins huddle together, the temperature in the middle can reach up to how many degrees Celsius?",a,B,b,0,,,,eagle2_5_8b_videomme_default_uniform16.json,medium,Counting Problem
uniform,16,none,1248,,videos/QrmxMNBhH2Q.mp4,What does this video end with?,d,D,d,1,,,,eagle2_5_8b_videomme_default_uniform16.json,medium,Information Synopsis
uniform,16,none,1249,,videos/QrmxMNBhH2Q.mp4,"In the live show featured in the first half of this video, what hairstyle does the second member who starts to sing have?",a,A,a,1,,,,eagle2_5_8b_videomme_default_uniform16.json,medium,Attribute Perception
uniform,16,none,1250,,videos/QrmxMNBhH2Q.mp4,Which of the following sections is not included in the video?,c,D,d,0,,,,eagle2_5_8b_videomme_default_uniform16.json,medium,Object Reasoning
uniform,16,none,1251,,videos/9Y-YJEtxHeo.mp4,What is the direction of movement of the man speaking to the camera at the beginning of the video?,c,A,a,0,,,,eagle2_5_8b_videomme_default_uniform16.json,medium,Spatial Perception
uniform,16,none,1252,,videos/9Y-YJEtxHeo.mp4,What is the main content of this video?,c,C,c,1,,,,eagle2_5_8b_videomme_default_uniform16.json,medium,Temporal Perception
uniform,16,none,1253,,videos/9Y-YJEtxHeo.mp4,How many Japanese people would feel ashamed for taking paid leave according to the video?,c,C,c,1,,,,eagle2_5_8b_videomme_default_uniform16.json,medium,OCR Problems
uniform,16,none,1254,,videos/3EQLFHRHpag.mp4,The problems people encounter in the video are caused by what?,b,A,a,0,,,,eagle2_5_8b_videomme_default_uniform16.json,medium,Information Synopsis
uniform,16,none,1255,,videos/3EQLFHRHpag.mp4,In which part of the video is a man wearing a red jersey interviewed?,c,C,c,1,,,,eagle2_5_8b_videomme_default_uniform16.json,medium,Temporal Perception
uniform,16,none,1256,,videos/3EQLFHRHpag.mp4,What emotion is the song sung by the woman at the end of the video expressing?,b,C,c,0,,,,eagle2_5_8b_videomme_default_uniform16.json,medium,Attribute Perception
uniform,16,none,1257,,videos/FEzcqbzTwvA.mp4,Which of the following views is expressed by the interviewee in the green shirt with a white beard in the video?,a,B,b,0,,,,eagle2_5_8b_videomme_default_uniform16.json,medium,Attribute Perception
uniform,16,none,1258,,videos/FEzcqbzTwvA.mp4,Where in the video is the interview with the woman wearing a mask and a green shirt located?,b,B,b,1,,,,eagle2_5_8b_videomme_default_uniform16.json,medium,Temporal Perception
uniform,16,none,1259,,videos/FEzcqbzTwvA.mp4,Which of the following is NOT a significance of the Ping Pong Parkinson event according to the video?,d,D,d,1,,,,eagle2_5_8b_videomme_default_uniform16.json,medium,Information Synopsis
uniform,16,none,1260,,videos/9SEMSQDO-pg.mp4,What are the people holding candles doing at the beginning of the video?,a,A,a,1,,,,eagle2_5_8b_videomme_default_uniform16.json,medium,Action Recognition
uniform,16,none,1261,,videos/9SEMSQDO-pg.mp4,How many years has it been since the disappearance of flight MH370 according to the video?,d,D,d,1,,,,eagle2_5_8b_videomme_default_uniform16.json,medium,OCR Problems
uniform,16,none,1262,,videos/9SEMSQDO-pg.mp4,Who is the person with white hair wearing a black top that appears in the middle of the video?,a,C,c,0,,,,eagle2_5_8b_videomme_default_uniform16.json,medium,Object Recognition
uniform,16,none,1263,,videos/FkZn5u3MIiY.mp4,"Who could the woman sitting on the bench at the beginning of the video, wearing black and white stripes and speaking, possibly be?",c,C,c,1,,,,eagle2_5_8b_videomme_default_uniform16.json,medium,Object Recognition
uniform,16,none,1264,,videos/FkZn5u3MIiY.mp4,"In the video, what kind of emotion does the Princess of Wales display?",c,C,c,1,,,,eagle2_5_8b_videomme_default_uniform16.json,medium,Attribute Perception
uniform,16,none,1265,,videos/FkZn5u3MIiY.mp4,During which part of the video is a black-and-white photo shown?,a,D,d,0,,,,eagle2_5_8b_videomme_default_uniform16.json,medium,Temporal Perception
uniform,16,none,1266,,videos/S6hF2ffyz2c.mp4,What was the cause of the chaos depicted in the video?,c,C,c,1,,,,eagle2_5_8b_videomme_default_uniform16.json,medium,Action Reasoning
uniform,16,none,1267,,videos/S6hF2ffyz2c.mp4,"Based on the information provided by the video, which of the following is NOT a reason for the outbreak of protests by European farmers?",c,C,c,1,,,,eagle2_5_8b_videomme_default_uniform16.json,medium,Action Reasoning
uniform,16,none,1268,,videos/S6hF2ffyz2c.mp4,"In the video, the man speaking to the camera, wearing glasses and a brown coat, is most likely in which role?",d,D,d,1,,,,eagle2_5_8b_videomme_default_uniform16.json,medium,Object Recognition
uniform,16,none,1269,,videos/9QXXL96y3A0.mp4,"According to the video, which of the following countries has the lowest birth rate?",a,A,a,1,,,,eagle2_5_8b_videomme_default_uniform16.json,medium,Object Reasoning
uniform,16,none,1270,,videos/9QXXL96y3A0.mp4,What is the key focus of the video?,c,C,c,1,,,,eagle2_5_8b_videomme_default_uniform16.json,medium,Information Synopsis
uniform,16,none,1271,,videos/9QXXL96y3A0.mp4,"According to the narration in the latter part of the video, what is the current trend of the global population?",b,C,c,0,,,,eagle2_5_8b_videomme_default_uniform16.json,medium,Information Synopsis
uniform,16,none,1272,,videos/HK13nVxBYxI.mp4,How many people were interviewed in the video?,b,C,c,0,,,,eagle2_5_8b_videomme_default_uniform16.json,medium,Counting Problem
uniform,16,none,1273,,videos/HK13nVxBYxI.mp4,What is the interviewed man's opinion on cryptocurrencies in the video?,a,A,a,1,,,,eagle2_5_8b_videomme_default_uniform16.json,medium,Information Synopsis
uniform,16,none,1274,,videos/HK13nVxBYxI.mp4,"According to the video, what has the price of Bitcoin reached in dollars?",b,B,b,1,,,,eagle2_5_8b_videomme_default_uniform16.json,medium,OCR Problems
uniform,16,none,1275,,videos/vv6ATRPUjrI.mp4,"According to the video, which of the following is NOT a difficulty in growing crops in space?",c,C,c,1,,,,eagle2_5_8b_videomme_default_uniform16.json,medium,Information Synopsis
uniform,16,none,1276,,videos/vv6ATRPUjrI.mp4,When does the interview with the woman in the green shirt take place in the video?,a,A,a,1,,,,eagle2_5_8b_videomme_default_uniform16.json,medium,Temporal Perception
uniform,16,none,1277,,videos/vv6ATRPUjrI.mp4,Where was the scene shown at the beginning of the video filmed?,d,D,d,1,,,,eagle2_5_8b_videomme_default_uniform16.json,medium,Spatial Perception
uniform,16,none,1278,,videos/dTUaWnvIOp4.mp4,"In the early part of the video, the interview with the man could likely have been filmed in what location?",d,D,d,1,,,,eagle2_5_8b_videomme_default_uniform16.json,medium,Spatial Perception
uniform,16,none,1279,,videos/dTUaWnvIOp4.mp4,"Based on the video, what are people's concerns about artificially manufactured diamonds?",c,C,c,1,,,,eagle2_5_8b_videomme_default_uniform16.json,medium,Object Reasoning
uniform,16,none,1280,,videos/dTUaWnvIOp4.mp4,"In the early to middle part of the video, there are two women wearing blue clothes. What is their relationship?",b,A,a,0,,,,eagle2_5_8b_videomme_default_uniform16.json,medium,Object Reasoning
uniform,16,none,1281,,videos/20gUIdXGuAs.mp4,"Based on the video, why was Google sued?",a,A,a,1,,,,eagle2_5_8b_videomme_default_uniform16.json,medium,Information Synopsis
uniform,16,none,1282,,videos/20gUIdXGuAs.mp4,What is the likely liquid contained in the cup on the desk of the news studio?,b,B,b,1,,,,eagle2_5_8b_videomme_default_uniform16.json,medium,Attribute Perception
uniform,16,none,1283,,videos/20gUIdXGuAs.mp4,How is the game content that appears in the video produced?,c,C,c,1,,,,eagle2_5_8b_videomme_default_uniform16.json,medium,Object Reasoning
uniform,16,none,1284,,videos/uw30kZ_z0Q8.mp4,What is the genre or category of this video?,a,A,a,1,,,,eagle2_5_8b_videomme_default_uniform16.json,medium,Information Synopsis
uniform,16,none,1285,,videos/uw30kZ_z0Q8.mp4,What was the host talking about when the screenshots of the webpage and comments were shown at the beginning of the video?,d,D,d,1,,,,eagle2_5_8b_videomme_default_uniform16.json,medium,Object Recognition
uniform,16,none,1286,,videos/uw30kZ_z0Q8.mp4,How many different humanoid characters appear in the game shown in this video?,b,B,b,1,,,,eagle2_5_8b_videomme_default_uniform16.json,medium,Counting Problem
uniform,16,none,1287,,videos/p86ZOmxiTx4.mp4,What caused the death of the people reported in the video?,b,C,c,0,,,,eagle2_5_8b_videomme_default_uniform16.json,medium,Object Recognition
uniform,16,none,1288,,videos/p86ZOmxiTx4.mp4,What is the main content of this news?,d,A,a,0,,,,eagle2_5_8b_videomme_default_uniform16.json,medium,Information Synopsis
uniform,16,none,1289,,videos/p86ZOmxiTx4.mp4,Which news media outlet reported on this video?,a,A,a,1,,,,eagle2_5_8b_videomme_default_uniform16.json,medium,OCR Problems
uniform,16,none,1290,,videos/RN1ZC7Tb2Pg.mp4,What happens when Gragas and Akali fight versus Sylas?,d,D,d,1,,,,eagle2_5_8b_videomme_default_uniform16.json,medium,Action Recognition
uniform,16,none,1291,,videos/RN1ZC7Tb2Pg.mp4,How many legends does Rengar slay?,a,C,c,0,,,,eagle2_5_8b_videomme_default_uniform16.json,medium,Counting Problem
uniform,16,none,1292,,videos/RN1ZC7Tb2Pg.mp4,Who slays Azir as shown in the video?,c,D,d,0,,,,eagle2_5_8b_videomme_default_uniform16.json,medium,Object Recognition
uniform,16,none,1293,,videos/OApAF--FqLA.mp4,Who was the first to be slain by Vi?,b,A,a,0,,,,eagle2_5_8b_videomme_default_uniform16.json,medium,Object Recognition
uniform,16,none,1294,,videos/OApAF--FqLA.mp4,How many times is Vi slain in this video?,a,B,b,0,,,,eagle2_5_8b_videomme_default_uniform16.json,medium,Counting Problem
uniform,16,none,1295,,videos/OApAF--FqLA.mp4,How many skins does Vi have in this video?,c,C,c,1,,,,eagle2_5_8b_videomme_default_uniform16.json,medium,Counting Problem
uniform,16,none,1296,,videos/Gokw6n0qf-w.mp4,When does Sion start proxying?,d,D,d,1,,,,eagle2_5_8b_videomme_default_uniform16.json,medium,Temporal Perception
uniform,16,none,1297,,videos/Gokw6n0qf-w.mp4,What is Sion's passive skill?,b,B,b,1,,,,eagle2_5_8b_videomme_default_uniform16.json,medium,Action Recognition
uniform,16,none,1298,,videos/Gokw6n0qf-w.mp4,Which summoner skill does Sion use in this video?,c,C,c,1,,,,eagle2_5_8b_videomme_default_uniform16.json,medium,Action Recognition
uniform,16,none,1299,,videos/0FM64MrRuZE.mp4,What does Vayne do at the beginning of the game?,c,A,a,0,,,,eagle2_5_8b_videomme_default_uniform16.json,medium,Action Recognition
uniform,16,none,1300,,videos/0FM64MrRuZE.mp4,Which skill is used first by Vayne?,a,B,b,0,,,,eagle2_5_8b_videomme_default_uniform16.json,medium,Action Recognition
uniform,16,none,1301,,videos/0FM64MrRuZE.mp4,Which position is Vayne in this video?,d,D,d,1,,,,eagle2_5_8b_videomme_default_uniform16.json,medium,Object Recognition
uniform,16,none,1302,,videos/Rh8sz6ZnXM4.mp4,Where is the location of the race as shown in the video?,b,C,c,0,,,,eagle2_5_8b_videomme_default_uniform16.json,medium,Spatial Perception
uniform,16,none,1303,,videos/Rh8sz6ZnXM4.mp4,"At the beginning, what is the player's rank?",d,D,d,1,,,,eagle2_5_8b_videomme_default_uniform16.json,medium,Object Recognition
uniform,16,none,1304,,videos/Rh8sz6ZnXM4.mp4,What rank is the player at the end?,b,B,b,1,,,,eagle2_5_8b_videomme_default_uniform16.json,medium,Object Recognition
uniform,16,none,1305,,videos/erjwCQ-UZyw.mp4,What can be seen in the sky during the race?,c,C,c,1,,,,eagle2_5_8b_videomme_default_uniform16.json,medium,Object Recognition
uniform,16,none,1306,,videos/erjwCQ-UZyw.mp4,How many cars does player use?,d,D,d,1,,,,eagle2_5_8b_videomme_default_uniform16.json,medium,Counting Problem
uniform,16,none,1307,,videos/erjwCQ-UZyw.mp4,What is the weather like?,b,B,b,1,,,,eagle2_5_8b_videomme_default_uniform16.json,medium,Spatial Perception
uniform,16,none,1308,,videos/H54zMD-9Q-8.mp4,What is in the sky?,c,D,d,0,,,,eagle2_5_8b_videomme_default_uniform16.json,medium,Object Recognition
uniform,16,none,1309,,videos/H54zMD-9Q-8.mp4,Which brand of car does the player use?,c,C,c,1,,,,eagle2_5_8b_videomme_default_uniform16.json,medium,Object Recognition
uniform,16,none,1310,,videos/H54zMD-9Q-8.mp4,How many taillights does the player's car have?,a,A,a,1,,,,eagle2_5_8b_videomme_default_uniform16.json,medium,Counting Problem
uniform,16,none,1311,,videos/UIvP4xyw9H8.mp4,How many grenades does the player throw?,d,C,c,0,,,,eagle2_5_8b_videomme_default_uniform16.json,medium,Counting Problem
uniform,16,none,1312,,videos/UIvP4xyw9H8.mp4,How many times does the play die?,b,B,b,1,,,,eagle2_5_8b_videomme_default_uniform16.json,medium,Counting Problem
uniform,16,none,1313,,videos/UIvP4xyw9H8.mp4,What color is the player's sniper rifle?,a,A,a,1,,,,eagle2_5_8b_videomme_default_uniform16.json,medium,Attribute Perception
uniform,16,none,1314,,videos/kGR4r4Av1ig.mp4,How many sports does the player play?,b,B,b,1,,,,eagle2_5_8b_videomme_default_uniform16.json,medium,Counting Problem
uniform,16,none,1315,,videos/kGR4r4Av1ig.mp4,How many times does the player crash?,c,B,b,0,,,,eagle2_5_8b_videomme_default_uniform16.json,medium,Counting Problem
uniform,16,none,1316,,videos/kGR4r4Av1ig.mp4,What color is the hat of player's figure?,d,D,d,1,,,,eagle2_5_8b_videomme_default_uniform16.json,medium,Attribute Perception
uniform,16,none,1317,,videos/IN8t1d3pRMY.mp4,How many players hold a weapon in their left hand?,a,C,c,0,,,,eagle2_5_8b_videomme_default_uniform16.json,medium,Counting Problem
uniform,16,none,1318,,videos/IN8t1d3pRMY.mp4,How many players jump from a building and die?,a,A,a,1,,,,eagle2_5_8b_videomme_default_uniform16.json,medium,Counting Problem
uniform,16,none,1319,,videos/IN8t1d3pRMY.mp4,What style is the video?,a,D,d,0,,,,eagle2_5_8b_videomme_default_uniform16.json,medium,Counting Problem
uniform,16,none,1320,,videos/QnGwAUTM1fY.mp4,Who hit the third ball in the video?,d,C,c,0,,,,eagle2_5_8b_videomme_default_uniform16.json,medium,Object Recognition
uniform,16,none,1321,,videos/QnGwAUTM1fY.mp4,"What does the narrator's ""1, 2, 3"" stand for when the player in the white undershirt is attacking in the video?",b,B,b,1,,,,eagle2_5_8b_videomme_default_uniform16.json,medium,Action Reasoning
uniform,16,none,1322,,videos/QnGwAUTM1fY.mp4,How many players completed dunks in the video?,c,B,b,0,,,,eagle2_5_8b_videomme_default_uniform16.json,medium,Counting Problem
uniform,16,none,1323,,videos/kjwjDjQupLc.mp4,In what way is the penultimate goal in the video accomplished?,a,C,c,0,,,,eagle2_5_8b_videomme_default_uniform16.json,medium,Action Reasoning
uniform,16,none,1324,,videos/kjwjDjQupLc.mp4,How many times has LOUISVILLE been ahead in the video?,c,B,b,0,,,,eagle2_5_8b_videomme_default_uniform16.json,medium,Counting Problem
uniform,16,none,1325,,videos/kjwjDjQupLc.mp4,What is the score at the end of the half?,b,C,c,0,,,,eagle2_5_8b_videomme_default_uniform16.json,medium,OCR Problems
uniform,16,none,1326,,videos/cPlpZdGLa5A.mp4,How many attempts do it take for Phonzy to hit a 3-pointer in the first game?,d,C,c,0,,,,eagle2_5_8b_videomme_default_uniform16.json,medium,Counting Problem
uniform,16,none,1327,,videos/cPlpZdGLa5A.mp4,How many free throws does Jamal hit in game 2?,d,B,b,0,,,,eagle2_5_8b_videomme_default_uniform16.json,medium,Counting Problem
uniform,16,none,1328,,videos/cPlpZdGLa5A.mp4,Why is there no winner in Game 3?,b,B,b,1,,,,eagle2_5_8b_videomme_default_uniform16.json,medium,Action Reasoning
uniform,16,none,1329,,videos/EavQ0LtEICY.mp4,Why do they replace the other side of the layup in the second game?,c,A,a,0,,,,eagle2_5_8b_videomme_default_uniform16.json,medium,Action Reasoning
uniform,16,none,1330,,videos/EavQ0LtEICY.mp4,What are the conditions under which an offensive player can continue to attack when he scores a goal against someone else's defense in the fourth game?,a,C,c,0,,,,eagle2_5_8b_videomme_default_uniform16.json,medium,Action Recognition
uniform,16,none,1331,,videos/EavQ0LtEICY.mp4,Who wins the game in the last match?,c,C,c,1,,,,eagle2_5_8b_videomme_default_uniform16.json,medium,Attribute Perception
uniform,16,none,1332,,videos/0Y9-MQ44MdU.mp4,"Extrapolating from the video, what team is the commentator on?",b,C,c,0,,,,eagle2_5_8b_videomme_default_uniform16.json,medium,Object Reasoning
uniform,16,none,1333,,videos/0Y9-MQ44MdU.mp4,What is the largest run differential in the first inning of the game in the video?,a,B,b,0,,,,eagle2_5_8b_videomme_default_uniform16.json,medium,Attribute Perception
uniform,16,none,1334,,videos/0Y9-MQ44MdU.mp4,How many points does a three-pointer count in the video?,d,B,b,0,,,,eagle2_5_8b_videomme_default_uniform16.json,medium,Counting Problem
uniform,16,none,1335,,videos/ACvLYz9nHvg.mp4,How many consecutive hits did player #39 in the video have in his first start?,c,B,b,0,,,,eagle2_5_8b_videomme_default_uniform16.json,medium,Counting Problem
uniform,16,none,1336,,videos/ACvLYz9nHvg.mp4,What country's practice game is this?,b,B,b,1,,,,eagle2_5_8b_videomme_default_uniform16.json,medium,Object Recognition
uniform,16,none,1337,,videos/ACvLYz9nHvg.mp4,What are most of the technical moves completed by the players in the video?,a,A,a,1,,,,eagle2_5_8b_videomme_default_uniform16.json,medium,Action Recognition
uniform,16,none,1338,,videos/2NOcM1HoRRg.mp4,What are the two doing in the video?,d,D,d,1,,,,eagle2_5_8b_videomme_default_uniform16.json,medium,Action Recognition
uniform,16,none,1339,,videos/2NOcM1HoRRg.mp4,What is the team's LAC hitting percentage when the score is 38-29?,c,A,a,0,,,,eagle2_5_8b_videomme_default_uniform16.json,medium,OCR Problems
uniform,16,none,1340,,videos/2NOcM1HoRRg.mp4,LAL completed the comeback with how much time left in the third quarter?,d,A,a,0,,,,eagle2_5_8b_videomme_default_uniform16.json,medium,OCR Problems
uniform,16,none,1341,,videos/YPvxuoNLgPE.mp4,"In the first game, what color does the second losing player represent?",a,B,b,0,,,,eagle2_5_8b_videomme_default_uniform16.json,medium,Attribute Perception
uniform,16,none,1342,,videos/YPvxuoNLgPE.mp4,"In the second game, why is the yellow player docked a point when he gets 12?",b,D,d,0,,,,eagle2_5_8b_videomme_default_uniform16.json,medium,Action Reasoning
uniform,16,none,1343,,videos/YPvxuoNLgPE.mp4,"In the fourth game, what is the order of appearance for the colors represented by the players?",c,B,b,0,,,,eagle2_5_8b_videomme_default_uniform16.json,medium,Temporal Reasoning
uniform,16,none,1344,,videos/uKIk-QbbcO8.mp4,"In the first game, when the challenger scores for the first time, how many points has Bugs & Daffy scored?",c,D,d,0,,,,eagle2_5_8b_videomme_default_uniform16.json,medium,Attribute Perception
uniform,16,none,1345,,videos/uKIk-QbbcO8.mp4,How many games are played in the video?,b,B,b,1,,,,eagle2_5_8b_videomme_default_uniform16.json,medium,Counting Problem
uniform,16,none,1346,,videos/uKIk-QbbcO8.mp4,Who gets the most points in the video?,d,D,d,1,,,,eagle2_5_8b_videomme_default_uniform16.json,medium,Counting Problem
uniform,16,none,1347,,videos/7E6i3E-fsj4.mp4,How many fouls are blown on players in black jerseys in the first game?,a,B,b,0,,,,eagle2_5_8b_videomme_default_uniform16.json,medium,Counting Problem
uniform,16,none,1348,,videos/7E6i3E-fsj4.mp4,Who hit more threes in Game 1?,c,C,c,1,,,,eagle2_5_8b_videomme_default_uniform16.json,medium,Counting Problem
uniform,16,none,1349,,videos/7E6i3E-fsj4.mp4,Who gained the ultimate victory?,b,B,b,1,,,,eagle2_5_8b_videomme_default_uniform16.json,medium,Object Reasoning
uniform,16,none,1350,,videos/Mxkg3qLIPC8.mp4,Which significant football event is depicted in the video?,a,A,a,1,,,,eagle2_5_8b_videomme_default_uniform16.json,medium,Object Recognition
uniform,16,none,1351,,videos/Mxkg3qLIPC8.mp4,What happens next when the score is 2-1?,b,B,b,1,,,,eagle2_5_8b_videomme_default_uniform16.json,medium,Temporal Perception
uniform,16,none,1352,,videos/Mxkg3qLIPC8.mp4,How did the winning team in the video win the FIFA World Cup final?,c,B,b,0,,,,eagle2_5_8b_videomme_default_uniform16.json,medium,Action Recognition
uniform,16,none,1353,,videos/Xim8-lUZnsA.mp4,What is the topic of this video?,c,C,c,1,,,,eagle2_5_8b_videomme_default_uniform16.json,medium,Information Synopsis
uniform,16,none,1354,,videos/Xim8-lUZnsA.mp4,"If you want to confuse your opponent to get rid of him, which move should you use?",b,B,b,1,,,,eagle2_5_8b_videomme_default_uniform16.json,medium,Action Reasoning
uniform,16,none,1355,,videos/Xim8-lUZnsA.mp4,In which skill are there only three people on the field?,d,B,b,0,,,,eagle2_5_8b_videomme_default_uniform16.json,medium,Counting Problem
uniform,16,none,1356,,videos/PYOyMK2Jw7g.mp4,Which competition is being referred to in this video?,a,A,a,1,,,,eagle2_5_8b_videomme_default_uniform16.json,medium,OCR Problems
uniform,16,none,1357,,videos/PYOyMK2Jw7g.mp4,Who scored the third goal in the video?,b,C,c,0,,,,eagle2_5_8b_videomme_default_uniform16.json,medium,Object Recognition
uniform,16,none,1358,,videos/PYOyMK2Jw7g.mp4,What is the result according to this video?,a,A,a,1,,,,eagle2_5_8b_videomme_default_uniform16.json,medium,OCR Problems
uniform,16,none,1359,,videos/_8lBR0E_Tx8.mp4,What is the theme of the video?,a,A,a,1,,,,eagle2_5_8b_videomme_default_uniform16.json,medium,Information Synopsis
uniform,16,none,1360,,videos/_8lBR0E_Tx8.mp4,Which player scored the 7th goal?,c,C,c,1,,,,eagle2_5_8b_videomme_default_uniform16.json,medium,Object Recognition
uniform,16,none,1361,,videos/_8lBR0E_Tx8.mp4,How does Brazil score their 5th goal?,d,A,a,0,,,,eagle2_5_8b_videomme_default_uniform16.json,medium,Action Recognition
uniform,16,none,1362,,videos/KlbDo9o5SC8.mp4,"What are the players doing before the match formally begins, according to the video?",d,C,c,0,,,,eagle2_5_8b_videomme_default_uniform16.json,medium,Action Recognition
uniform,16,none,1363,,videos/KlbDo9o5SC8.mp4,"In the match, which player commits the first foul?",a,B,b,0,,,,eagle2_5_8b_videomme_default_uniform16.json,medium,Action Recognition
uniform,16,none,1364,,videos/KlbDo9o5SC8.mp4,What do the match statistics in the bottom left corner of the video indicate at the match time 89:17?,d,D,d,1,,,,eagle2_5_8b_videomme_default_uniform16.json,medium,Object Reasoning
uniform,16,none,1365,,videos/2Gg4OQo7-zA.mp4,What is the video showcasing?,b,D,d,0,,,,eagle2_5_8b_videomme_default_uniform16.json,medium,Information Synopsis
uniform,16,none,1366,,videos/2Gg4OQo7-zA.mp4,"In Germany vs Argentina, Which player scores the first goal?",a,D,d,0,,,,eagle2_5_8b_videomme_default_uniform16.json,medium,Object Recognition
uniform,16,none,1367,,videos/2Gg4OQo7-zA.mp4,What was the final score set at in the first game?,d,B,b,0,,,,eagle2_5_8b_videomme_default_uniform16.json,medium,OCR Problems
uniform,16,none,1368,,videos/hwloS0JY6Ms.mp4,What is the name of the coach of Manchester City described in the video?,b,B,b,1,,,,eagle2_5_8b_videomme_default_uniform16.json,medium,OCR Problems
uniform,16,none,1369,,videos/hwloS0JY6Ms.mp4,How many goals do the player Number 7 of Tottenham Hotspur score?,c,C,c,1,,,,eagle2_5_8b_videomme_default_uniform16.json,medium,Counting Problem
uniform,16,none,1370,,videos/hwloS0JY6Ms.mp4,Which player is replaced in the middle of the game?,a,A,a,1,,,,eagle2_5_8b_videomme_default_uniform16.json,medium,Object Recognition
uniform,16,none,1371,,videos/6ksaVHtfBG8.mp4,Which competition is the video related to?,a,A,a,1,,,,eagle2_5_8b_videomme_default_uniform16.json,medium,OCR Problems
uniform,16,none,1372,,videos/6ksaVHtfBG8.mp4,Which player is injured in the middle of the game?,c,C,c,1,,,,eagle2_5_8b_videomme_default_uniform16.json,medium,Object Recognition
uniform,16,none,1373,,videos/6ksaVHtfBG8.mp4,What is the result of the match?,b,B,b,1,,,,eagle2_5_8b_videomme_default_uniform16.json,medium,OCR Problems
uniform,16,none,1374,,videos/bOUSkh5PInA.mp4,When was the first goal scored in the game?,b,C,c,0,,,,eagle2_5_8b_videomme_default_uniform16.json,medium,OCR Problems
uniform,16,none,1375,,videos/bOUSkh5PInA.mp4,Why were the first two goals in this video invalid?,c,A,a,0,,,,eagle2_5_8b_videomme_default_uniform16.json,medium,Object Reasoning
uniform,16,none,1376,,videos/bOUSkh5PInA.mp4,What is the result of the match?,c,D,d,0,,,,eagle2_5_8b_videomme_default_uniform16.json,medium,OCR Problems
uniform,16,none,1377,,videos/rL9JCz7S8Jg.mp4,When is the second goal scored in the game?,a,B,b,0,,,,eagle2_5_8b_videomme_default_uniform16.json,medium,Temporal Perception
uniform,16,none,1378,,videos/rL9JCz7S8Jg.mp4,What is the result of the match?,b,B,b,1,,,,eagle2_5_8b_videomme_default_uniform16.json,medium,OCR Problems
uniform,16,none,1379,,videos/rL9JCz7S8Jg.mp4,What is the performance of Brazil's player number 9 in the match?,d,D,d,1,,,,eagle2_5_8b_videomme_default_uniform16.json,medium,Action Recognition
uniform,16,none,1380,,videos/UmIYanq5gH8.mp4,In which lane are the Australian athletes competing in the race in the video?,a,C,c,0,,,,eagle2_5_8b_videomme_default_uniform16.json,medium,OCR Problems
uniform,16,none,1381,,videos/UmIYanq5gH8.mp4,What swimming stroke was used for the second leg of the relay race in the video?,d,C,c,0,,,,eagle2_5_8b_videomme_default_uniform16.json,medium,Action Recognition
uniform,16,none,1382,,videos/UmIYanq5gH8.mp4,What was the order of countries that finished first for each leg of the relay race in the video?,b,A,a,0,,,,eagle2_5_8b_videomme_default_uniform16.json,medium,Temporal Reasoning
uniform,16,none,1383,,videos/SBssmtYTJpM.mp4,What is the first diving event shown in the video?,c,C,c,1,,,,eagle2_5_8b_videomme_default_uniform16.json,medium,Action Recognition
uniform,16,none,1384,,videos/SBssmtYTJpM.mp4,Where and when was the diving scene in the video taken?,a,A,a,1,,,,eagle2_5_8b_videomme_default_uniform16.json,medium,OCR Problems
uniform,16,none,1385,,videos/SBssmtYTJpM.mp4,What is the last set of diving moves shown by the two female athletes in the video?,d,B,b,0,,,,eagle2_5_8b_videomme_default_uniform16.json,medium,Action Recognition
uniform,16,none,1386,,videos/u_f0697yLBI.mp4,What was the winning time of the men's 100-meter race that was shown first in the video?,b,A,a,0,,,,eagle2_5_8b_videomme_default_uniform16.json,medium,OCR Problems
uniform,16,none,1387,,videos/u_f0697yLBI.mp4,"In what order do the 2012 London men's 100m final, the 2018 Beijing men's 100m final, and the 2012 London women's 100m final appear in the video?",c,C,c,1,,,,eagle2_5_8b_videomme_default_uniform16.json,medium,Temporal Reasoning
uniform,16,none,1388,,videos/u_f0697yLBI.mp4,"In the 100m final shown at the end of the video, which country's athletes reached the finish line first?",a,A,a,1,,,,eagle2_5_8b_videomme_default_uniform16.json,medium,Object Recognition
uniform,16,none,1389,,videos/ZQIZx5Oqw88.mp4,"In the introductions of the athletes at the beginning of the video, what is the sequence of the French athlete, the American athlete, and the South African athlete?",d,B,b,0,,,,eagle2_5_8b_videomme_default_uniform16.json,medium,Temporal Reasoning
uniform,16,none,1390,,videos/ZQIZx5Oqw88.mp4,Which team in the video reached the finish line first?,b,B,b,1,,,,eagle2_5_8b_videomme_default_uniform16.json,medium,Object Recognition
uniform,16,none,1391,,videos/ZQIZx5Oqw88.mp4,In which baton handover process in the video did a player fall?,c,B,b,0,,,,eagle2_5_8b_videomme_default_uniform16.json,medium,Temporal Perception
uniform,16,none,1392,,videos/zW87tVnDKIU.mp4,What is the name of the second athlete performing the high jump at the beginning of the video?,a,A,a,1,,,,eagle2_5_8b_videomme_default_uniform16.json,medium,OCR Problems
uniform,16,none,1393,,videos/zW87tVnDKIU.mp4,Which athlete in the video was the first to touch off the crossbar?,d,B,b,0,,,,eagle2_5_8b_videomme_default_uniform16.json,medium,Object Recognition
uniform,16,none,1394,,videos/zW87tVnDKIU.mp4,What were the final placings of the three high jumpers recorded in the video?,b,A,a,0,,,,eagle2_5_8b_videomme_default_uniform16.json,medium,Temporal Reasoning
uniform,16,none,1395,,videos/UIX6f0xMQ2U.mp4,How many times does the video show a long jump with a distance of 8 metres 53?,c,A,a,0,,,,eagle2_5_8b_videomme_default_uniform16.json,medium,Counting Problem
uniform,16,none,1396,,videos/UIX6f0xMQ2U.mp4,"What is the order in which the following long jump processes appear in the video?
① 8.53m Rome 2018
② 8.53m London 2018
③ 8.56m Shanghai 2018
④ 8.53m Birmingham 2018",a,B,b,0,,,,eagle2_5_8b_videomme_default_uniform16.json,medium,Temporal Reasoning
uniform,16,none,1397,,videos/UIX6f0xMQ2U.mp4,Where and when was the longest jump in the video set?,d,A,a,0,,,,eagle2_5_8b_videomme_default_uniform16.json,medium,OCR Problems
uniform,16,none,1398,,videos/vf3sPa2W0sA.mp4,What are the medals won by the athletes recorded in the video?,b,B,b,1,,,,eagle2_5_8b_videomme_default_uniform16.json,medium,Object Recognition
uniform,16,none,1399,,videos/vf3sPa2W0sA.mp4,Which of the following times and places does not appear in the video?,c,C,c,1,,,,eagle2_5_8b_videomme_default_uniform16.json,medium,OCR Problems
uniform,16,none,1400,,videos/vf3sPa2W0sA.mp4,What was the score of the silver medalist in the last match shown in the video?,a,A,a,1,,,,eagle2_5_8b_videomme_default_uniform16.json,medium,OCR Problems
uniform,16,none,1401,,videos/e-XGSYnhUjg.mp4,How many strokes did the athlete in the video use during the race?,d,D,d,1,,,,eagle2_5_8b_videomme_default_uniform16.json,medium,Counting Problem
uniform,16,none,1402,,videos/e-XGSYnhUjg.mp4,"Which country does the athlete, who was in first place after touching the wall for the third time in the video, represent?",b,B,b,1,,,,eagle2_5_8b_videomme_default_uniform16.json,medium,Object Recognition
uniform,16,none,1403,,videos/e-XGSYnhUjg.mp4,What is the order of the swimming strokes used by the athletes in the video?,c,D,d,0,,,,eagle2_5_8b_videomme_default_uniform16.json,medium,Temporal Reasoning
uniform,16,none,1404,,videos/IQcTd4xZ44o.mp4,In what direction does the camera move during the introduction of the athletes at the beginning of the video?,a,B,b,0,,,,eagle2_5_8b_videomme_default_uniform16.json,medium,Spatial Perception
uniform,16,none,1405,,videos/IQcTd4xZ44o.mp4,What is the time of the third athlete to reach the finish line in the video?,d,D,d,1,,,,eagle2_5_8b_videomme_default_uniform16.json,medium,OCR Problems
uniform,16,none,1406,,videos/IQcTd4xZ44o.mp4,"In the video, some athletes celebrated by waving their national flags. Which country does the second athlete in the video, who takes out the national flag to celebrate, represent?",b,A,a,0,,,,eagle2_5_8b_videomme_default_uniform16.json,medium,Object Recognition
uniform,16,none,1407,,videos/ZFtxvf72NxA.mp4,"In the video, which country does the athlete positioned on the innermost track represent?",c,D,d,0,,,,eagle2_5_8b_videomme_default_uniform16.json,medium,Object Recognition
uniform,16,none,1408,,videos/ZFtxvf72NxA.mp4,Which athlete is the second to reach the finish line in the video?,a,D,d,0,,,,eagle2_5_8b_videomme_default_uniform16.json,medium,Object Recognition
uniform,16,none,1409,,videos/ZFtxvf72NxA.mp4,"In the video, what did the staff wearing red hats and red shirts prompt the four American athletes to do?",d,B,b,0,,,,eagle2_5_8b_videomme_default_uniform16.json,medium,Action Reasoning
uniform,16,none,1410,,videos/vgWlRdNOGx4.mp4,How many points does Ma Long win on serve in Game 1?,b,B,b,1,,,,eagle2_5_8b_videomme_default_uniform16.json,medium,OCR Problems
uniform,16,none,1411,,videos/vgWlRdNOGx4.mp4,"Among the four matches, in which order do the two athletes consecutively appear back to the Rio2016 board?",c,C,c,1,,,,eagle2_5_8b_videomme_default_uniform16.json,medium,Temporal Reasoning
uniform,16,none,1412,,videos/vgWlRdNOGx4.mp4,Who is the silver medalist?,a,A,a,1,,,,eagle2_5_8b_videomme_default_uniform16.json,medium,Object Reasoning
uniform,16,none,1413,,videos/qkRUcYHJ1JI.mp4,What sport are the two athletes playing?,a,A,a,1,,,,eagle2_5_8b_videomme_default_uniform16.json,medium,Object Recognition
uniform,16,none,1414,,videos/qkRUcYHJ1JI.mp4,How does Japan gets the decisive score to win the championship?,d,A,a,0,,,,eagle2_5_8b_videomme_default_uniform16.json,medium,Action Recognition
uniform,16,none,1415,,videos/qkRUcYHJ1JI.mp4,"What is the sequence of appearance for the following throwers on the court?
(a) Dark blue 21.
(b) White 21.
(c) Dark blue 29.
(d) Dark blue 26.",b,B,b,1,,,,eagle2_5_8b_videomme_default_uniform16.json,medium,Temporal Reasoning
uniform,16,none,1416,,videos/G-mmtUxSt5k.mp4,How many men's single matches are included in this video?,d,B,b,0,,,,eagle2_5_8b_videomme_default_uniform16.json,medium,Counting Problem
uniform,16,none,1417,,videos/G-mmtUxSt5k.mp4,Where is the first match held?,b,B,b,1,,,,eagle2_5_8b_videomme_default_uniform16.json,medium,Spatial Perception
uniform,16,none,1418,,videos/G-mmtUxSt5k.mp4,Which team won the first men's doubles?,c,C,c,1,,,,eagle2_5_8b_videomme_default_uniform16.json,medium,Object Reasoning
uniform,16,none,1419,,videos/FYqSATdr62Q.mp4,What is the final score of the player DING?,c,C,c,1,,,,eagle2_5_8b_videomme_default_uniform16.json,medium,OCR Problems
uniform,16,none,1420,,videos/FYqSATdr62Q.mp4,What action does the judge take when the player pockets the black ball while other balls are still on the table?,a,B,b,0,,,,eagle2_5_8b_videomme_default_uniform16.json,medium,Action Recognition
uniform,16,none,1421,,videos/FYqSATdr62Q.mp4,How does the player pocket the green ball?,b,B,b,1,,,,eagle2_5_8b_videomme_default_uniform16.json,medium,Action Recognition
uniform,16,none,1422,,videos/Hw5qjcnhrW4.mp4,What sport are the two athletes playing?,b,B,b,1,,,,eagle2_5_8b_videomme_default_uniform16.json,medium,Object Recognition
uniform,16,none,1423,,videos/Hw5qjcnhrW4.mp4,How many points does the winner get enough to win the match?,c,C,c,1,,,,eagle2_5_8b_videomme_default_uniform16.json,medium,Action Reasoning
uniform,16,none,1424,,videos/Hw5qjcnhrW4.mp4,What do the two players have in common?,a,A,a,1,,,,eagle2_5_8b_videomme_default_uniform16.json,medium,Object Reasoning
uniform,16,none,1425,,videos/DfZIv2FKWj4.mp4,What is the score at the half time?,d,D,d,1,,,,eagle2_5_8b_videomme_default_uniform16.json,medium,OCR Problems
uniform,16,none,1426,,videos/DfZIv2FKWj4.mp4,Which team gets more scores at the second half time?,b,B,b,1,,,,eagle2_5_8b_videomme_default_uniform16.json,medium,Object Reasoning
uniform,16,none,1427,,videos/DfZIv2FKWj4.mp4,What sport are the two teams of athletes playing?,c,C,c,1,,,,eagle2_5_8b_videomme_default_uniform16.json,medium,Object Recognition
uniform,16,none,1428,,videos/c66RN87YjNE.mp4,Which team participates in the first five matches in this video?,a,A,a,1,,,,eagle2_5_8b_videomme_default_uniform16.json,medium,Object Recognition
uniform,16,none,1429,,videos/c66RN87YjNE.mp4,What is the number written on the back of Nishida?,d,B,b,0,,,,eagle2_5_8b_videomme_default_uniform16.json,medium,OCR Problems
uniform,16,none,1430,,videos/c66RN87YjNE.mp4,How does JPN team usually win a point in this video?,b,B,b,1,,,,eagle2_5_8b_videomme_default_uniform16.json,medium,Action Recognition
uniform,16,none,1431,,videos/PAI-gQ19pbs.mp4,What sport are the two teams playing?,c,C,c,1,,,,eagle2_5_8b_videomme_default_uniform16.json,medium,Object Recognition
uniform,16,none,1432,,videos/PAI-gQ19pbs.mp4,Which period is the most time-consuming in this video?,a,A,a,1,,,,eagle2_5_8b_videomme_default_uniform16.json,medium,Temporal Reasoning
uniform,16,none,1433,,videos/PAI-gQ19pbs.mp4,"As depicted in this video, what happened to the last shot in this baseball game?",d,D,d,1,,,,eagle2_5_8b_videomme_default_uniform16.json,medium,Action Recognition
uniform,16,none,1434,,videos/hQYRDNl-lGI.mp4,"In which order are the first four cars driven out of the garage in this video?
(a) The yellow car.
(b) The black car.
(c) The silver car.
(d) The white car.",b,B,b,1,,,,eagle2_5_8b_videomme_default_uniform16.json,medium,Temporal Reasoning
uniform,16,none,1435,,videos/hQYRDNl-lGI.mp4,What is the color of the car that is first to start in the race?,c,C,c,1,,,,eagle2_5_8b_videomme_default_uniform16.json,medium,Attribute Perception
uniform,16,none,1436,,videos/hQYRDNl-lGI.mp4,"According to this video, who is the winner of the race?",a,A,a,1,,,,eagle2_5_8b_videomme_default_uniform16.json,medium,Object Reasoning
uniform,16,none,1437,,videos/awHc8IySU-I.mp4,"Among the games, which winner has the quickest finishing time?",d,B,b,0,,,,eagle2_5_8b_videomme_default_uniform16.json,medium,Object Reasoning
uniform,16,none,1438,,videos/awHc8IySU-I.mp4,How many athletes successfully finished the game in 2010?,b,C,c,0,,,,eagle2_5_8b_videomme_default_uniform16.json,medium,Counting Problem
uniform,16,none,1439,,videos/awHc8IySU-I.mp4,How are the five moments of champion organized in this video?,c,C,c,1,,,,eagle2_5_8b_videomme_default_uniform16.json,medium,Temporal Perception
uniform,16,none,1440,,videos/CwzjlmBLfrQ.mp4,Why does the man playing the keyboard leave his seat during the performance?,a,A,a,1,,,,eagle2_5_8b_videomme_default_uniform16.json,medium,Action Recognition
uniform,16,none,1441,,videos/CwzjlmBLfrQ.mp4,"In the middle of the video, why are there scenes of men running by the sea?",b,B,b,1,,,,eagle2_5_8b_videomme_default_uniform16.json,medium,Action Reasoning
uniform,16,none,1442,,videos/CwzjlmBLfrQ.mp4,What is the nationality of the man playing the electronic keyboard?,c,C,c,1,,,,eagle2_5_8b_videomme_default_uniform16.json,medium,OCR Problems
uniform,16,none,1443,,videos/-3t1rj8g6yg.mp4,What does this video document?,b,B,b,1,,,,eagle2_5_8b_videomme_default_uniform16.json,medium,Object Reasoning
uniform,16,none,1444,,videos/-3t1rj8g6yg.mp4,Which play is featured at the end of the video?,c,C,c,1,,,,eagle2_5_8b_videomme_default_uniform16.json,medium,OCR Problems
uniform,16,none,1445,,videos/-3t1rj8g6yg.mp4,What can be inferred about broadcast quality from the video description?,a,A,a,1,,,,eagle2_5_8b_videomme_default_uniform16.json,medium,Object Reasoning
uniform,16,none,1446,,videos/323v_FtWqvo.mp4,What is the primary theme of the high school theatre show featured in the video?,a,C,c,0,,,,eagle2_5_8b_videomme_default_uniform16.json,medium,Spatial Reasoning
uniform,16,none,1447,,videos/323v_FtWqvo.mp4,How are the students dressed in the video?,d,D,d,1,,,,eagle2_5_8b_videomme_default_uniform16.json,medium,Attribute Perception
uniform,16,none,1448,,videos/323v_FtWqvo.mp4,"Based on the video, what setting is the high school theatre show trying to replicate?",b,B,b,1,,,,eagle2_5_8b_videomme_default_uniform16.json,medium,Attribute Perception
uniform,16,none,1449,,videos/PSyedQl9IiQ.mp4,What is the theme of the performance in the video?,c,C,c,1,,,,eagle2_5_8b_videomme_default_uniform16.json,medium,Spatial Reasoning
uniform,16,none,1450,,videos/PSyedQl9IiQ.mp4,How many seats are on stage in the video?,a,A,a,1,,,,eagle2_5_8b_videomme_default_uniform16.json,medium,Counting Problem
uniform,16,none,1451,,videos/PSyedQl9IiQ.mp4,What can be inferred about the story at the beginning of the video?,d,D,d,1,,,,eagle2_5_8b_videomme_default_uniform16.json,medium,Temporal Perception
uniform,16,none,1452,,videos/BEIVOKz4zXw.mp4,"What is the setting for ""Grease The Musical"" as mentioned in the video?",c,C,c,1,,,,eagle2_5_8b_videomme_default_uniform16.json,medium,OCR Problems
uniform,16,none,1453,,videos/BEIVOKz4zXw.mp4,How many buckets are on the stage?,a,B,b,0,,,,eagle2_5_8b_videomme_default_uniform16.json,medium,Counting Problem
uniform,16,none,1454,,videos/BEIVOKz4zXw.mp4,When do the performers begin a dance routine without microphones?,d,D,d,1,,,,eagle2_5_8b_videomme_default_uniform16.json,medium,Temporal Perception
uniform,16,none,1455,,videos/WO86oRJt8lM.mp4,Which animals appear in the performance from the video?,a,A,a,1,,,,eagle2_5_8b_videomme_default_uniform16.json,medium,Object Recognition
uniform,16,none,1456,,videos/WO86oRJt8lM.mp4,What can be inferred about the setting from the lighting and background?,c,C,c,1,,,,eagle2_5_8b_videomme_default_uniform16.json,medium,Spatial Reasoning
uniform,16,none,1457,,videos/WO86oRJt8lM.mp4,What is the likely purpose of the scene being performed?,b,B,b,1,,,,eagle2_5_8b_videomme_default_uniform16.json,medium,Action Reasoning
uniform,16,none,1458,,videos/UeOy1WKeTRY.mp4,What is the setting of the video?,b,B,b,1,,,,eagle2_5_8b_videomme_default_uniform16.json,medium,Attribute Perception
uniform,16,none,1459,,videos/UeOy1WKeTRY.mp4,What aspect of Broadway is being saluted by the man's opening number at the activity?,b,D,d,0,,,,eagle2_5_8b_videomme_default_uniform16.json,medium,Action Reasoning
uniform,16,none,1460,,videos/UeOy1WKeTRY.mp4,"From the staging and setting in the video, what type of ambiance is suggested for the activity?",a,A,a,1,,,,eagle2_5_8b_videomme_default_uniform16.json,medium,Spatial Reasoning
uniform,16,none,1461,,videos/PB06auioy0Y.mp4,What type of event is being depicted in the video?,d,D,d,1,,,,eagle2_5_8b_videomme_default_uniform16.json,medium,Spatial Reasoning
uniform,16,none,1462,,videos/PB06auioy0Y.mp4,What does the band do at the end of this song?,b,B,b,1,,,,eagle2_5_8b_videomme_default_uniform16.json,medium,Action Recognition
uniform,16,none,1463,,videos/PB06auioy0Y.mp4,What is likely the emotional tone of the song being performed?,d,A,a,0,,,,eagle2_5_8b_videomme_default_uniform16.json,medium,Attribute Perception
uniform,16,none,1464,,videos/_w4XRiUVfY4.mp4,How many people appear in the video?,c,B,b,0,,,,eagle2_5_8b_videomme_default_uniform16.json,medium,Counting Problem
uniform,16,none,1465,,videos/_w4XRiUVfY4.mp4,Which institution is associated with Pitch Slapped in the video?,a,A,a,1,,,,eagle2_5_8b_videomme_default_uniform16.json,medium,OCR Problems
uniform,16,none,1466,,videos/_w4XRiUVfY4.mp4,"Based on the video, how is the group dressed for their performance?",c,C,c,1,,,,eagle2_5_8b_videomme_default_uniform16.json,medium,Attribute Perception
uniform,16,none,1467,,videos/azZZZbSwLQght.mp4,What is the event in the video?,b,B,b,1,,,,eagle2_5_8b_videomme_default_uniform16.json,medium,Spatial Reasoning
uniform,16,none,1468,,videos/azZZZbSwLQght.mp4,What significant object is present on the stage?,d,D,d,1,,,,eagle2_5_8b_videomme_default_uniform16.json,medium,Object Recognition
uniform,16,none,1469,,videos/azZZZbSwLQght.mp4,What type of venue is the man performing according to the video?,a,A,a,1,,,,eagle2_5_8b_videomme_default_uniform16.json,medium,Spatial Reasoning
uniform,16,none,1470,,videos/dez7DLniEJA.mp4,How does the man demonstrate the shake change?,b,B,b,1,,,,eagle2_5_8b_videomme_default_uniform16.json,medium,Action Recognition
uniform,16,none,1471,,videos/dez7DLniEJA.mp4,"What is the chronological order of the following events according to this video?
(a) The Pinkie Change.
(b) The Shake Change.
(c) The Shake Change.",c,B,b,0,,,,eagle2_5_8b_videomme_default_uniform16.json,medium,Temporal Reasoning
uniform,16,none,1472,,videos/dez7DLniEJA.mp4,What is not common among the three card tricks?,a,A,a,1,,,,eagle2_5_8b_videomme_default_uniform16.json,medium,Object Reasoning
uniform,16,none,1473,,videos/qNWL4S5bDt4.mp4,How does the performer produce the fifth pigeon?,a,B,b,0,,,,eagle2_5_8b_videomme_default_uniform16.json,medium,Action Recognition
uniform,16,none,1474,,videos/qNWL4S5bDt4.mp4,"According to this video, in which order do the following events happened when the performer made the first two pigeons?
(a) He duplicated the pigeon and produced another.
(b) He produced a pigeon from a burning leather.
(c) He put the pigeons into a cage.",d,D,d,1,,,,eagle2_5_8b_videomme_default_uniform16.json,medium,Temporal Reasoning
uniform,16,none,1475,,videos/qNWL4S5bDt4.mp4,What is the last magic during the performance?,b,B,b,1,,,,eagle2_5_8b_videomme_default_uniform16.json,medium,Action Recognition
uniform,16,none,1476,,videos/F4v0BZtrSbY.mp4,What is the function of the bike on the stage?,d,B,b,0,,,,eagle2_5_8b_videomme_default_uniform16.json,medium,Object Reasoning
uniform,16,none,1477,,videos/F4v0BZtrSbY.mp4,"According to this video, in which order are the following items used for magic?
(a) Cards.
(b) A stick.
(c) A ring.
(d) Paper money.",b,C,c,0,,,,eagle2_5_8b_videomme_default_uniform16.json,medium,Temporal Reasoning
uniform,16,none,1478,,videos/F4v0BZtrSbY.mp4,What happened to the ring?,c,C,c,1,,,,eagle2_5_8b_videomme_default_uniform16.json,medium,Action Recognition
uniform,16,none,1479,,videos/a8IGDMrohnY.mp4,What does the little magician wear?,c,C,c,1,,,,eagle2_5_8b_videomme_default_uniform16.json,medium,Object Recognition
uniform,16,none,1480,,videos/a8IGDMrohnY.mp4,What card does the male judge pick?,a,C,c,0,,,,eagle2_5_8b_videomme_default_uniform16.json,medium,Object Recognition
uniform,16,none,1481,,videos/a8IGDMrohnY.mp4,What is the magic the magician playing?,b,B,b,1,,,,eagle2_5_8b_videomme_default_uniform16.json,medium,Action Recognition
uniform,16,none,1482,,videos/WNYi8LUGIZc.mp4,What type of cards does the magician ask the female judge to pick one from?,b,B,b,1,,,,eagle2_5_8b_videomme_default_uniform16.json,medium,Attribute Perception
uniform,16,none,1483,,videos/WNYi8LUGIZc.mp4,What magic does the magician first perform on the stage?,c,D,d,0,,,,eagle2_5_8b_videomme_default_uniform16.json,medium,Action Recognition
uniform,16,none,1484,,videos/WNYi8LUGIZc.mp4,What do the two performances have in common?,a,A,a,1,,,,eagle2_5_8b_videomme_default_uniform16.json,medium,Object Reasoning
uniform,16,none,1485,,videos/1uqupftxFOM.mp4,"According to this video, in which order do the following events happen?
(a) The magician took the white cloth away from the photo frame.
(b) The magician led a self introduction.
(c) The magician produced a feather.",d,B,b,0,,,,eagle2_5_8b_videomme_default_uniform16.json,medium,Temporal Reasoning
uniform,16,none,1486,,videos/1uqupftxFOM.mp4,What is the last magic the magician played?,b,B,b,1,,,,eagle2_5_8b_videomme_default_uniform16.json,medium,Action Recognition
uniform,16,none,1487,,videos/1uqupftxFOM.mp4,What sentence best describes the performance?,c,A,a,0,,,,eagle2_5_8b_videomme_default_uniform16.json,medium,Action Reasoning
uniform,16,none,1488,,videos/9HPFkUhOp1Q.mp4,"According to this video, in which order do the following events happen?
(a) A ring jumps into the finger.
(b) A coin jumps from hand to hand.
(c) The cigarette disappers and reappears.
(d) A coin changes into a card.",a,A,a,1,,,,eagle2_5_8b_videomme_default_uniform16.json,medium,Temporal Reasoning
uniform,16,none,1489,,videos/9HPFkUhOp1Q.mp4,Where is the disappearing coin gone in the fifth magic?,d,C,c,0,,,,eagle2_5_8b_videomme_default_uniform16.json,medium,Spatial Perception
uniform,16,none,1490,,videos/9HPFkUhOp1Q.mp4,What is this video mainly about?,b,B,b,1,,,,eagle2_5_8b_videomme_default_uniform16.json,medium,Information Synopsis
uniform,16,none,1491,,videos/z2I5J1ArmeM.mp4,What is the key to the illusion of the basic levitating magic that is performed at home?,c,C,c,1,,,,eagle2_5_8b_videomme_default_uniform16.json,medium,Object Reasoning
uniform,16,none,1492,,videos/z2I5J1ArmeM.mp4,What is the advanced professional  magic performed on television?,a,A,a,1,,,,eagle2_5_8b_videomme_default_uniform16.json,medium,Action Recognition
uniform,16,none,1493,,videos/z2I5J1ArmeM.mp4,What is this video mainly about?,a,A,a,1,,,,eagle2_5_8b_videomme_default_uniform16.json,medium,Information Synopsis
uniform,16,none,1494,,videos/umfD-K4OTKk.mp4,"According to this video, in which order do the following events happen?
(a) The flower in the mouth turns into a butterfly.
(b) The turban turns into a real snake.
(c) The spider painting on the arm turns into a real spider.",b,B,b,1,,,,eagle2_5_8b_videomme_default_uniform16.json,medium,Temporal Reasoning
uniform,16,none,1495,,videos/umfD-K4OTKk.mp4,Where are most of the magics in this video performed?,c,C,c,1,,,,eagle2_5_8b_videomme_default_uniform16.json,medium,Spatial Perception
uniform,16,none,1496,,videos/umfD-K4OTKk.mp4,How many magics does the magician play?,a,C,c,0,,,,eagle2_5_8b_videomme_default_uniform16.json,medium,Counting Problem
uniform,16,none,1497,,videos/MZdvZBy1bE8.mp4,"According to this video, in which order do the following events happen?
(a) The magician pulls a card out of his phone.
(b) The magician pulls the silk through the middle of the screen.
(c) The phone goes inside the bottle.
(d) The magician visually removes the torchlight from his phone.
(e) The icons fall off the screen onto the magician's hand.",d,A,a,0,,,,eagle2_5_8b_videomme_default_uniform16.json,medium,Temporal Reasoning
uniform,16,none,1498,,videos/MZdvZBy1bE8.mp4,What is the bonus trick?,b,D,d,0,,,,eagle2_5_8b_videomme_default_uniform16.json,medium,Action Recognition
uniform,16,none,1499,,videos/MZdvZBy1bE8.mp4,What is this video mainly about?,c,C,c,1,,,,eagle2_5_8b_videomme_default_uniform16.json,medium,Information Synopsis
uniform,16,none,1500,,videos/ad_higXixRA.mp4,The person wearing a red shirt on stage is what role?,a,A,a,1,,,,eagle2_5_8b_videomme_default_uniform16.json,medium,Object Reasoning
uniform,16,none,1501,,videos/ad_higXixRA.mp4,"How many items did the guest accurately guess the prices of, with a margin of error within $1?",b,B,b,1,,,,eagle2_5_8b_videomme_default_uniform16.json,medium,Counting Problem
uniform,16,none,1502,,videos/ad_higXixRA.mp4,"In the video, how much was the guest off by when guessing the price of the second item?",a,A,a,1,,,,eagle2_5_8b_videomme_default_uniform16.json,medium,OCR Problems
uniform,16,none,1503,,videos/XoaWHHNiw1w.mp4,What type of flowers are placed on the table between the host and the guest in the video?,d,D,d,1,,,,eagle2_5_8b_videomme_default_uniform16.json,medium,Object Recognition
uniform,16,none,1504,,videos/XoaWHHNiw1w.mp4,What is the first tattoo about the female guest written by her boyfriend in the video?,d,C,c,0,,,,eagle2_5_8b_videomme_default_uniform16.json,medium,Object Recognition
uniform,16,none,1505,,videos/XoaWHHNiw1w.mp4,"According to the video, who is less likely to get scared?",a,B,b,0,,,,eagle2_5_8b_videomme_default_uniform16.json,medium,Object Reasoning
uniform,16,none,1506,,videos/S_MAesZsnMk.mp4,"According to the video, what is written on the judge's table?",c,C,c,1,,,,eagle2_5_8b_videomme_default_uniform16.json,medium,OCR Problems
uniform,16,none,1507,,videos/S_MAesZsnMk.mp4,"According to the video, why did the judges on stage cry?",b,B,b,1,,,,eagle2_5_8b_videomme_default_uniform16.json,medium,Action Reasoning
uniform,16,none,1508,,videos/S_MAesZsnMk.mp4,What is the video about?,c,C,c,1,,,,eagle2_5_8b_videomme_default_uniform16.json,medium,Information Synopsis
uniform,16,none,1509,,videos/1sTNqJVrqx8.mp4,What other instrument is there on the stage besides the piano?,a,A,a,1,,,,eagle2_5_8b_videomme_default_uniform16.json,medium,Object Recognition
uniform,16,none,1510,,videos/1sTNqJVrqx8.mp4,Whose song did the performer sing in the video?,c,B,b,0,,,,eagle2_5_8b_videomme_default_uniform16.json,medium,Attribute Perception
uniform,16,none,1511,,videos/1sTNqJVrqx8.mp4,"From the perspective of the performer, is the judge wearing black clothes on her left or right side?",c,C,c,1,,,,eagle2_5_8b_videomme_default_uniform16.json,medium,Spatial Perception
uniform,16,none,1512,,videos/kq9Q9-U0vrc.mp4,What name did the man wearing the black shirt use when booking the room according to the video?,a,C,c,0,,,,eagle2_5_8b_videomme_default_uniform16.json,medium,Attribute Perception
uniform,16,none,1513,,videos/kq9Q9-U0vrc.mp4,"The receptionist in the video has another identity, which is most likely?",d,D,d,1,,,,eagle2_5_8b_videomme_default_uniform16.json,medium,Object Reasoning
uniform,16,none,1514,,videos/kq9Q9-U0vrc.mp4,At what time does a man in military uniform appear in the video?,c,C,c,1,,,,eagle2_5_8b_videomme_default_uniform16.json,medium,Temporal Perception
uniform,16,none,1515,,videos/xYdeRoM78h4.mp4,What is this video about?,d,D,d,1,,,,eagle2_5_8b_videomme_default_uniform16.json,medium,Information Synopsis
uniform,16,none,1516,,videos/xYdeRoM78h4.mp4,"Based on the video, which of the following obstacles appears last?",d,D,d,1,,,,eagle2_5_8b_videomme_default_uniform16.json,medium,Temporal Perception
uniform,16,none,1517,,videos/xYdeRoM78h4.mp4,"According to the video, which team ultimately won?",a,D,d,0,,,,eagle2_5_8b_videomme_default_uniform16.json,medium,Object Recognition
uniform,16,none,1518,,videos/UTzl0lLoAJE.mp4,What is the content of this video about?,a,A,a,1,,,,eagle2_5_8b_videomme_default_uniform16.json,medium,Information Synopsis
uniform,16,none,1519,,videos/UTzl0lLoAJE.mp4,"Based on the order of introduction in the video, which of the following options is introduced last?",a,D,d,0,,,,eagle2_5_8b_videomme_default_uniform16.json,medium,Temporal Perception
uniform,16,none,1520,,videos/UTzl0lLoAJE.mp4,"How many people are there in the ""tallest family"" as shown in the video?",b,B,b,1,,,,eagle2_5_8b_videomme_default_uniform16.json,medium,Counting Problem
uniform,16,none,1521,,videos/QopYbLq-zIQ.mp4,"Based on the video, what is the order in which the host tastes the sandwiches made by the contestants?
(1) Owen; (2) Salt Hank; (3) Albert",b,B,b,1,,,,eagle2_5_8b_videomme_default_uniform16.json,medium,Temporal Reasoning
uniform,16,none,1522,,videos/QopYbLq-zIQ.mp4,"Based on the video, who won the sandwich competition?",b,B,b,1,,,,eagle2_5_8b_videomme_default_uniform16.json,medium,Object Recognition
uniform,16,none,1523,,videos/QopYbLq-zIQ.mp4,What is the name of the program in the video?,d,D,d,1,,,,eagle2_5_8b_videomme_default_uniform16.json,medium,OCR Problems
uniform,16,none,1524,,videos/MQEcUPeAdFs.mp4,What is the first competition conducted in the video?,c,A,a,0,,,,eagle2_5_8b_videomme_default_uniform16.json,medium,OCR Problems
uniform,16,none,1525,,videos/MQEcUPeAdFs.mp4,"Based on the video, which team won in the end?",a,A,a,1,,,,eagle2_5_8b_videomme_default_uniform16.json,medium,Information Synopsis
uniform,16,none,1526,,videos/MQEcUPeAdFs.mp4,"In the Bench Press segment, how many times did the team in white shirts complete the bench press?",a,C,c,0,,,,eagle2_5_8b_videomme_default_uniform16.json,medium,Counting Problem
uniform,16,none,1527,,videos/UGMDV82m3Ro.mp4,What is this video about?,b,A,a,0,,,,eagle2_5_8b_videomme_default_uniform16.json,medium,Information Synopsis
uniform,16,none,1528,,videos/UGMDV82m3Ro.mp4,In which part of the video does the red parrot appear?,c,A,a,0,,,,eagle2_5_8b_videomme_default_uniform16.json,medium,Temporal Perception
uniform,16,none,1529,,videos/UGMDV82m3Ro.mp4,"Based on the video, is the homeowner satisfied with the renovation results?",a,A,a,1,,,,eagle2_5_8b_videomme_default_uniform16.json,medium,Attribute Perception
uniform,16,none,1530,,videos/zbvamKv81o0.mp4,What is this video mainly about?,b,B,b,1,,,,eagle2_5_8b_videomme_default_uniform16.json,medium,Information Synopsis
uniform,16,none,1531,,videos/zbvamKv81o0.mp4,From which performance is the opening of this video taken?,c,A,a,0,,,,eagle2_5_8b_videomme_default_uniform16.json,medium,Action Recognition
uniform,16,none,1532,,videos/zbvamKv81o0.mp4,Which performance  in this video has the least acrobats?,a,B,b,0,,,,eagle2_5_8b_videomme_default_uniform16.json,medium,Object Recognition
uniform,16,none,1533,,videos/KD1yxRyFAZQ.mp4,What do the judges do after the little girl finishes the performance?,a,B,b,0,,,,eagle2_5_8b_videomme_default_uniform16.json,medium,Action Recognition
uniform,16,none,1534,,videos/KD1yxRyFAZQ.mp4,How many yeses does the little girl get?,d,C,c,0,,,,eagle2_5_8b_videomme_default_uniform16.json,medium,Counting Problem
uniform,16,none,1535,,videos/KD1yxRyFAZQ.mp4,Which of the following skills is not included in the performance?,b,B,b,1,,,,eagle2_5_8b_videomme_default_uniform16.json,medium,Action Recognition
uniform,16,none,1536,,videos/VfSIqKSiguc.mp4,What is this video mainly about?,d,D,d,1,,,,eagle2_5_8b_videomme_default_uniform16.json,medium,Information Synopsis
uniform,16,none,1537,,videos/VfSIqKSiguc.mp4,What is the type of the last trick?,b,B,b,1,,,,eagle2_5_8b_videomme_default_uniform16.json,medium,Attribute Perception
uniform,16,none,1538,,videos/VfSIqKSiguc.mp4,Where does the first moment occur?,c,A,a,0,,,,eagle2_5_8b_videomme_default_uniform16.json,medium,Spatial Perception
uniform,16,none,1539,,videos/iC56xtbUOnM.mp4,What does the female performer do after she takes off her white shirt?,c,C,c,1,,,,eagle2_5_8b_videomme_default_uniform16.json,medium,Action Recognition
uniform,16,none,1540,,videos/iC56xtbUOnM.mp4,How do the two performers end their performance?,a,A,a,1,,,,eagle2_5_8b_videomme_default_uniform16.json,medium,Action Recognition
uniform,16,none,1541,,videos/iC56xtbUOnM.mp4,What does the performers do after they get four yeses?,b,B,b,1,,,,eagle2_5_8b_videomme_default_uniform16.json,medium,Action Recognition
uniform,16,none,1542,,videos/a7jZszvFpTY.mp4,"According to this video, in which order do the following events happened?
(a) Forming a human pole.
(b) Jumping through white hoops.
(c) Forming a human cross.",b,C,c,0,,,,eagle2_5_8b_videomme_default_uniform16.json,medium,Temporal Reasoning
uniform,16,none,1543,,videos/a7jZszvFpTY.mp4,How do the performers end their performance?,c,C,c,1,,,,eagle2_5_8b_videomme_default_uniform16.json,medium,Action Recognition
uniform,16,none,1544,,videos/a7jZszvFpTY.mp4,What do the performers wear?,a,A,a,1,,,,eagle2_5_8b_videomme_default_uniform16.json,medium,Object Recognition
uniform,16,none,1545,,videos/hYTYb5sGznw.mp4,What is the little girl's expression after the performance?,d,B,b,0,,,,eagle2_5_8b_videomme_default_uniform16.json,medium,Attribute Perception
uniform,16,none,1546,,videos/hYTYb5sGznw.mp4,What is the final movement of the performance?,b,B,b,1,,,,eagle2_5_8b_videomme_default_uniform16.json,medium,Action Recognition
uniform,16,none,1547,,videos/hYTYb5sGznw.mp4,How many yeses do the performers get?,c,B,b,0,,,,eagle2_5_8b_videomme_default_uniform16.json,medium,Counting Problem
uniform,16,none,1548,,videos/dy8AvyRlXpQ.mp4,How many female performers are doing this show?,a,B,b,0,,,,eagle2_5_8b_videomme_default_uniform16.json,medium,Counting Problem
uniform,16,none,1549,,videos/dy8AvyRlXpQ.mp4,What happened after the two actresses climbed onto the high board?,d,D,d,1,,,,eagle2_5_8b_videomme_default_uniform16.json,medium,Action Recognition
uniform,16,none,1550,,videos/dy8AvyRlXpQ.mp4,What is the function of the actor hanging on the left swing?,b,B,b,1,,,,eagle2_5_8b_videomme_default_uniform16.json,medium,Object Reasoning
uniform,16,none,1551,,videos/hZ8DmOpRTVc.mp4,What does the performer ride?,c,C,c,1,,,,eagle2_5_8b_videomme_default_uniform16.json,medium,Object Recognition
uniform,16,none,1552,,videos/hZ8DmOpRTVc.mp4,What distinguishes the second unicycle from the others?,a,A,a,1,,,,eagle2_5_8b_videomme_default_uniform16.json,medium,Object Reasoning
uniform,16,none,1553,,videos/hZ8DmOpRTVc.mp4,"Among the three unicycles the actor rides in the performance, which one has the highest frame?",d,D,d,1,,,,eagle2_5_8b_videomme_default_uniform16.json,medium,Object Reasoning
uniform,16,none,1554,,videos/I0xrbzYT4Sc.mp4,How many moments are in the opening of this video?,b,A,a,0,,,,eagle2_5_8b_videomme_default_uniform16.json,medium,Counting Problem
uniform,16,none,1555,,videos/I0xrbzYT4Sc.mp4,What is the main content of the last moment?,c,C,c,1,,,,eagle2_5_8b_videomme_default_uniform16.json,medium,Action Recognition
uniform,16,none,1556,,videos/I0xrbzYT4Sc.mp4,From which moment does the sport turn from freestyle motocross into a car race?,a,B,b,0,,,,eagle2_5_8b_videomme_default_uniform16.json,medium,Temporal Perception
uniform,16,none,1557,,videos/EFD9BLgMVK8.mp4,Where is the performance held?,d,D,d,1,,,,eagle2_5_8b_videomme_default_uniform16.json,medium,Object Recognition
uniform,16,none,1558,,videos/EFD9BLgMVK8.mp4,How does the actress fall into a ball?,b,B,b,1,,,,eagle2_5_8b_videomme_default_uniform16.json,medium,Action Recognition
uniform,16,none,1559,,videos/EFD9BLgMVK8.mp4,Which character is the actress cosplayed?,c,C,c,1,,,,eagle2_5_8b_videomme_default_uniform16.json,medium,Object Recognition
uniform,16,none,1560,,videos/qJGqZ_g__So.mp4,"According to this video, in which order do the following events happen?
(a) Showcasing the work.
(b) Starting from the center.
(c) Mastering curves.
(d) Navigating small areas and mistakes.
(e) Sharing the creations.",b,B,b,1,,,,eagle2_5_8b_videomme_default_uniform16.json,medium,Temporal Reasoning
uniform,16,none,1561,,videos/qJGqZ_g__So.mp4,What is the position of the ring which the woman is wearing?,c,C,c,1,,,,eagle2_5_8b_videomme_default_uniform16.json,medium,Spatial Perception
uniform,16,none,1562,,videos/qJGqZ_g__So.mp4,"In this video, what is the technique or method used by the woman to perform her paper cutting?",a,A,a,1,,,,eagle2_5_8b_videomme_default_uniform16.json,medium,Action Recognition
uniform,16,none,1563,,videos/0ag_Qi5OEd0.mp4,Which ingredient is not used in the video?,a,A,a,1,,,,eagle2_5_8b_videomme_default_uniform16.json,medium,Object Recognition
uniform,16,none,1564,,videos/0ag_Qi5OEd0.mp4,What does the finished handcraft look like?,d,D,d,1,,,,eagle2_5_8b_videomme_default_uniform16.json,medium,Object Reasoning
uniform,16,none,1565,,videos/0ag_Qi5OEd0.mp4,"According to the video, what is the sequential order in which the following tools are used?
(a) Glue gun.
(b) Needle.
(c) Scissors.",b,B,b,1,,,,eagle2_5_8b_videomme_default_uniform16.json,medium,Temporal Reasoning
uniform,16,none,1566,,videos/aAxGTnVNJiE.mp4,"According to the video, what is the chronological order in which the following actions occur?
(a) Weaving in the ends.
(b) Crocheting a single crochet.
(c) Finishing the handcraft.
(d) Making a slip knot.
(e) Crocheting a chain.",d,D,d,1,,,,eagle2_5_8b_videomme_default_uniform16.json,medium,Temporal Reasoning
uniform,16,none,1567,,videos/aAxGTnVNJiE.mp4,What is the color of the hook?,b,B,b,1,,,,eagle2_5_8b_videomme_default_uniform16.json,medium,Attribute Perception
uniform,16,none,1568,,videos/aAxGTnVNJiE.mp4,What is the primary focus or main topic of this video?,c,C,c,1,,,,eagle2_5_8b_videomme_default_uniform16.json,medium,Information Synopsis
uniform,16,none,1569,,videos/IqejFRAcys8.mp4,Which ingredient is not used in the video?,c,C,c,1,,,,eagle2_5_8b_videomme_default_uniform16.json,medium,Object Recognition
uniform,16,none,1570,,videos/IqejFRAcys8.mp4,What is the first step to make the handcraft?,a,A,a,1,,,,eagle2_5_8b_videomme_default_uniform16.json,medium,Action Recognition
uniform,16,none,1571,,videos/IqejFRAcys8.mp4,What is the intended use  of the pink crochet?,b,B,b,1,,,,eagle2_5_8b_videomme_default_uniform16.json,medium,Object Reasoning
uniform,16,none,1572,,videos/HZJXPm0nhgY.mp4,"According to this video, in which order are the following tools used?
(a) Cotton swabs.
(b) Brush.
(c) Iron scrubber.
(d) Card.",b,C,c,0,,,,eagle2_5_8b_videomme_default_uniform16.json,medium,Temporal Reasoning
uniform,16,none,1573,,videos/HZJXPm0nhgY.mp4,"At the beginning of this video, how many different colors of acrylic are being squeezed onto the board?",c,C,c,1,,,,eagle2_5_8b_videomme_default_uniform16.json,medium,Counting Problem
uniform,16,none,1574,,videos/HZJXPm0nhgY.mp4,What is the subject or image that the artist is drawing on the board in the video?,a,A,a,1,,,,eagle2_5_8b_videomme_default_uniform16.json,medium,Object Recognition
uniform,16,none,1575,,videos/3EQzRz-V7uE.mp4,"At the beginning of this video, how many rounds of yellow thread are wrapped around the fingers?",d,A,a,0,,,,eagle2_5_8b_videomme_default_uniform16.json,medium,Counting Problem
uniform,16,none,1576,,videos/3EQzRz-V7uE.mp4,Which of the following options is NOT one of the purposes of red threads?,b,B,b,1,,,,eagle2_5_8b_videomme_default_uniform16.json,medium,Object Reasoning
uniform,16,none,1577,,videos/3EQzRz-V7uE.mp4,What is this video mainly about?,c,C,c,1,,,,eagle2_5_8b_videomme_default_uniform16.json,medium,Information Synopsis
uniform,16,none,1578,,videos/-gnfUTPmnNU.mp4,"According to this video, in which order do the following business ideas appear in the video?
(a) Wedding invitations.
(b) Clothing labels.
(c) Book marks.
(d) Dried flowers.",a,A,a,1,,,,eagle2_5_8b_videomme_default_uniform16.json,medium,Temporal Reasoning
uniform,16,none,1579,,videos/-gnfUTPmnNU.mp4,How many candles are shown in this video?,d,B,b,0,,,,eagle2_5_8b_videomme_default_uniform16.json,medium,Counting Problem
uniform,16,none,1580,,videos/-gnfUTPmnNU.mp4,What is the specific text displayed on the neon signs?,b,B,b,1,,,,eagle2_5_8b_videomme_default_uniform16.json,medium,OCR Problems
uniform,16,none,1581,,videos/biiLScgI3u4.mp4,Which of the following ingredients is not used in the video?,c,C,c,1,,,,eagle2_5_8b_videomme_default_uniform16.json,medium,Object Recognition
uniform,16,none,1582,,videos/biiLScgI3u4.mp4,How does the person weave the same colored thread?,a,A,a,1,,,,eagle2_5_8b_videomme_default_uniform16.json,medium,Action Recognition
uniform,16,none,1583,,videos/biiLScgI3u4.mp4,What kind of handicraft is made in this video?,d,D,d,1,,,,eagle2_5_8b_videomme_default_uniform16.json,medium,Attribute Perception
uniform,16,none,1584,,videos/jWa2yrLGxCM.mp4,"According to the video, what is the sequential order in which the following types of jewelry are made?
(a) Fairy Wing Earrings.
(b) Pastel Necklace.
(c) Pearl Earrings.
(d) Tiered Necklace.",b,C,c,0,,,,eagle2_5_8b_videomme_default_uniform16.json,medium,Temporal Reasoning
uniform,16,none,1585,,videos/jWa2yrLGxCM.mp4,How many kinds of earrings are made in this video?,c,C,c,1,,,,eagle2_5_8b_videomme_default_uniform16.json,medium,Counting Problem
uniform,16,none,1586,,videos/jWa2yrLGxCM.mp4,"According to the video, which of the following statements is true?",a,A,a,1,,,,eagle2_5_8b_videomme_default_uniform16.json,medium,Object Reasoning
uniform,16,none,1587,,videos/k7iaAhz2md0.mp4,Which of the following materials is not used in this video?,d,D,d,1,,,,eagle2_5_8b_videomme_default_uniform16.json,medium,Object Recognition
uniform,16,none,1588,,videos/k7iaAhz2md0.mp4,How many stars can be extracted from one CD?,b,B,b,1,,,,eagle2_5_8b_videomme_default_uniform16.json,medium,Counting Problem
uniform,16,none,1589,,videos/k7iaAhz2md0.mp4,What is this video mainly about?,c,C,c,1,,,,eagle2_5_8b_videomme_default_uniform16.json,medium,Information Synopsis
uniform,16,none,1590,,videos/xk8PdL_PdSo.mp4,Which two people appear at the beginning of the video?,c,A,a,0,,,,eagle2_5_8b_videomme_default_uniform16.json,medium,Object Reasoning
uniform,16,none,1591,,videos/xk8PdL_PdSo.mp4,Which food prepared by her grandmother does the granddaughter in the video attempt to try?,d,C,c,0,,,,eagle2_5_8b_videomme_default_uniform16.json,medium,Object Recognition
uniform,16,none,1592,,videos/xk8PdL_PdSo.mp4,What does Cavalli do in the video?,a,A,a,1,,,,eagle2_5_8b_videomme_default_uniform16.json,medium,Temporal Reasoning
uniform,16,none,1593,,videos/tdAVvYsU8q8.mp4,What is the third restaurant featured in the video?,b,B,b,1,,,,eagle2_5_8b_videomme_default_uniform16.json,medium,Temporal Perception
uniform,16,none,1594,,videos/tdAVvYsU8q8.mp4,How does the waiter in LYNN's Table wash the dishes?,d,D,d,1,,,,eagle2_5_8b_videomme_default_uniform16.json,medium,Action Recognition
uniform,16,none,1595,,videos/tdAVvYsU8q8.mp4,Why does the Chinese restaurant last seen in the clip of the restaurant Burpin' Burger close its doors?,c,C,c,1,,,,eagle2_5_8b_videomme_default_uniform16.json,medium,Action Reasoning
uniform,16,none,1596,,videos/5xi1iD4fkhc.mp4,How many cats in the video like mackerel the best?,a,C,c,0,,,,eagle2_5_8b_videomme_default_uniform16.json,medium,Counting Problem
uniform,16,none,1597,,videos/5xi1iD4fkhc.mp4,Which cat in the video took the salmon directly from the plate?,c,A,a,0,,,,eagle2_5_8b_videomme_default_uniform16.json,medium,Action Recognition
uniform,16,none,1598,,videos/5xi1iD4fkhc.mp4,What would most likely cause Mimi to eat on the floor?,b,A,a,0,,,,eagle2_5_8b_videomme_default_uniform16.json,medium,Action Reasoning
uniform,16,none,1599,,videos/ZBKUqc_ICpg.mp4,What kind of food does the main character in the video make successively?,d,A,a,0,,,,eagle2_5_8b_videomme_default_uniform16.json,medium,Temporal Reasoning
uniform,16,none,1600,,videos/ZBKUqc_ICpg.mp4,"When making Chickpea frittata, what condiments are added to give it an egg-like smell and taste?",b,B,b,1,,,,eagle2_5_8b_videomme_default_uniform16.json,medium,Object Reasoning
uniform,16,none,1601,,videos/ZBKUqc_ICpg.mp4,When is the food made in the video eaten?,c,C,c,1,,,,eagle2_5_8b_videomme_default_uniform16.json,medium,Object Reasoning
uniform,16,none,1602,,videos/ooqdg9Wr-mo.mp4,What food in the video is worth $750?,a,A,a,1,,,,eagle2_5_8b_videomme_default_uniform16.json,medium,OCR Problems
uniform,16,none,1603,,videos/ooqdg9Wr-mo.mp4,Which of the following food in the video is cheapest?,d,A,a,0,,,,eagle2_5_8b_videomme_default_uniform16.json,medium,Object Reasoning
uniform,16,none,1604,,videos/ooqdg9Wr-mo.mp4,"Inferring from the video, why does the man in the video choose the latter between caviar and roasted butter beans?",b,C,c,0,,,,eagle2_5_8b_videomme_default_uniform16.json,medium,Action Reasoning
uniform,16,none,1605,,videos/-c8eATXUui8.mp4,What is the first food the main character in the video tried?,c,C,c,1,,,,eagle2_5_8b_videomme_default_uniform16.json,medium,Object Recognition
uniform,16,none,1606,,videos/-c8eATXUui8.mp4,"Of the following foods, what does the protagonist in the video prefer?",b,C,c,0,,,,eagle2_5_8b_videomme_default_uniform16.json,medium,Action Reasoning
uniform,16,none,1607,,videos/-c8eATXUui8.mp4,The ad in the video is inserted while the main character is eating what?,c,C,c,1,,,,eagle2_5_8b_videomme_default_uniform16.json,medium,Object Recognition
uniform,16,none,1608,,videos/Pf1hNFndi60.mp4,What are the three people in the video most likely discussing as they eat their greens?,d,A,a,0,,,,eagle2_5_8b_videomme_default_uniform16.json,medium,Action Reasoning
uniform,16,none,1609,,videos/Pf1hNFndi60.mp4,How many people in the video eat insects?,a,B,b,0,,,,eagle2_5_8b_videomme_default_uniform16.json,medium,Counting Problem
uniform,16,none,1610,,videos/Pf1hNFndi60.mp4,What food do the people in the video end up eating?,a,B,b,0,,,,eagle2_5_8b_videomme_default_uniform16.json,medium,Object Recognition
uniform,16,none,1611,,videos/uhYiRmGURwE.mp4,Why are people in the video buying food at the dollar store?,b,B,b,1,,,,eagle2_5_8b_videomme_default_uniform16.json,medium,Action Reasoning
uniform,16,none,1612,,videos/uhYiRmGURwE.mp4,"When making the first dish in the video, what is the second food that is plated?",b,B,b,1,,,,eagle2_5_8b_videomme_default_uniform16.json,medium,Temporal Perception
uniform,16,none,1613,,videos/uhYiRmGURwE.mp4,Which dish in the video is made mainly of pork?,c,C,c,1,,,,eagle2_5_8b_videomme_default_uniform16.json,medium,Object Reasoning
uniform,16,none,1614,,videos/FcP0mzWFCQU.mp4,How many new McDonald's have opened in France from 2018-2023 in the video?,c,B,b,0,,,,eagle2_5_8b_videomme_default_uniform16.json,medium,OCR Problems
uniform,16,none,1615,,videos/FcP0mzWFCQU.mp4,Which section of the video shows customers uploading videos of themselves making or tasting food on video media?,d,D,d,1,,,,eagle2_5_8b_videomme_default_uniform16.json,medium,Object Recognition
uniform,16,none,1616,,videos/FcP0mzWFCQU.mp4,"The video mentions that about 100 SUBWAYS have been closed in France, what is the most likely reason?",b,B,b,1,,,,eagle2_5_8b_videomme_default_uniform16.json,medium,Object Reasoning
uniform,16,none,1617,,videos/6DbsOZU8mBM.mp4,"Extrapolating from the video, what does the brand OSMO in the video sell?",b,B,b,1,,,,eagle2_5_8b_videomme_default_uniform16.json,medium,Object Reasoning
uniform,16,none,1618,,videos/6DbsOZU8mBM.mp4,What is the third baked food in the video?,a,C,c,0,,,,eagle2_5_8b_videomme_default_uniform16.json,medium,Temporal Perception
uniform,16,none,1619,,videos/6DbsOZU8mBM.mp4,What treat did the little hamster savor at the end of the video?,d,B,b,0,,,,eagle2_5_8b_videomme_default_uniform16.json,medium,Object Recognition
uniform,16,none,1620,,videos/yA79KYMLUpI.mp4,What color is the makeup bag in the video?,b,C,c,0,,,,eagle2_5_8b_videomme_default_uniform16.json,medium,Attribute Perception
uniform,16,none,1621,,videos/yA79KYMLUpI.mp4,Which of the following options correctly orders the items according to their order in the video?,b,A,a,0,,,,eagle2_5_8b_videomme_default_uniform16.json,medium,Temporal Reasoning
uniform,16,none,1622,,videos/yA79KYMLUpI.mp4,Which item is not in the makeup bag?,b,C,c,0,,,,eagle2_5_8b_videomme_default_uniform16.json,medium,Object Recognition
uniform,16,none,1623,,videos/3x8pvm0g5AU.mp4,In which city did the video take place?,d,D,d,1,,,,eagle2_5_8b_videomme_default_uniform16.json,medium,Object Recognition
uniform,16,none,1624,,videos/3x8pvm0g5AU.mp4,What pattern does the UAV form at the end of the video?,b,B,b,1,,,,eagle2_5_8b_videomme_default_uniform16.json,medium,OCR Problems
uniform,16,none,1625,,videos/3x8pvm0g5AU.mp4,What is the model walking behind the one in a casual suit characterized by a rich print in vibrant shades of pink and white wearing?,d,C,c,0,,,,eagle2_5_8b_videomme_default_uniform16.json,medium,Action Reasoning
uniform,16,none,1626,,videos/MZEdnBcLcfg.mp4,What character is the woman with white hair in the video most likely to be?,b,B,b,1,,,,eagle2_5_8b_videomme_default_uniform16.json,medium,Object Reasoning
uniform,16,none,1627,,videos/MZEdnBcLcfg.mp4,What is the main story of this video?,a,A,a,1,,,,eagle2_5_8b_videomme_default_uniform16.json,medium,Information Synopsis
uniform,16,none,1628,,videos/MZEdnBcLcfg.mp4,What is the correct order of the countries involved in the video?,b,A,a,0,,,,eagle2_5_8b_videomme_default_uniform16.json,medium,Temporal Reasoning
uniform,16,none,1629,,videos/_CqKv0Y1FB0.mp4,"When the motorcycle in the video leaves, how many people come out of the door?",a,B,b,0,,,,eagle2_5_8b_videomme_default_uniform16.json,medium,Counting Problem
uniform,16,none,1630,,videos/_CqKv0Y1FB0.mp4,What is the correct order in which the characters appear in the video?,b,D,d,0,,,,eagle2_5_8b_videomme_default_uniform16.json,medium,Temporal Reasoning
uniform,16,none,1631,,videos/_CqKv0Y1FB0.mp4,What does this video depict?,b,B,b,1,,,,eagle2_5_8b_videomme_default_uniform16.json,medium,Information Synopsis
uniform,16,none,1632,,videos/ntdzrNKRH4g.mp4,What is the correct sequence of different products appearing in the video?,c,A,a,0,,,,eagle2_5_8b_videomme_default_uniform16.json,medium,Temporal Reasoning
uniform,16,none,1633,,videos/ntdzrNKRH4g.mp4,What does the woman in the video recommend wearing while running?,b,A,a,0,,,,eagle2_5_8b_videomme_default_uniform16.json,medium,Object Recognition
uniform,16,none,1634,,videos/ntdzrNKRH4g.mp4,"When the woman in the video introduces Scrunch socks, which two other pieces of clothing she recommends are mixed in the little video she's talking about?",a,D,d,0,,,,eagle2_5_8b_videomme_default_uniform16.json,medium,Object Recognition
uniform,16,none,1635,,videos/x8zGsWuu-e0.mp4,How many days a week does the actress in the video wear sunglasses?,a,B,b,0,,,,eagle2_5_8b_videomme_default_uniform16.json,medium,Counting Problem
uniform,16,none,1636,,videos/x8zGsWuu-e0.mp4,On which day is the actress in the video best dressed for sports?,d,C,c,0,,,,eagle2_5_8b_videomme_default_uniform16.json,medium,Object Reasoning
uniform,16,none,1637,,videos/x8zGsWuu-e0.mp4,What makes Thursday's outfit different from the rest of the year?,b,C,c,0,,,,eagle2_5_8b_videomme_default_uniform16.json,medium,Object Reasoning
uniform,16,none,1638,,videos/x-ccfWcbht4.mp4,In which year did the main character in the video win his second Emmy?,b,B,b,1,,,,eagle2_5_8b_videomme_default_uniform16.json,medium,Object Reasoning
uniform,16,none,1639,,videos/x-ccfWcbht4.mp4,How old is the woman in the video in 2019?,a,A,a,1,,,,eagle2_5_8b_videomme_default_uniform16.json,medium,Object Reasoning
uniform,16,none,1640,,videos/x-ccfWcbht4.mp4,What is the correct chronological order in which the following looks appeared?,d,D,d,1,,,,eagle2_5_8b_videomme_default_uniform16.json,medium,Temporal Reasoning
uniform,16,none,1641,,videos/-fbRaGwfqRw.mp4,What was the person's action in number nine GlamBOT in the video?,a,C,c,0,,,,eagle2_5_8b_videomme_default_uniform16.json,medium,Action Recognition
uniform,16,none,1642,,videos/-fbRaGwfqRw.mp4,What outfit was Cardi B wearing?,d,D,d,1,,,,eagle2_5_8b_videomme_default_uniform16.json,medium,Attribute Perception
uniform,16,none,1643,,videos/-fbRaGwfqRw.mp4,Which Glambot did Cole Walliser almost miss capturing due to an unexpected eyeroll and movement from the celebrity?,a,A,a,1,,,,eagle2_5_8b_videomme_default_uniform16.json,medium,Object Recognition
uniform,16,none,1644,,videos/skbELjWHyXA.mp4,What brand is the wallet in the video?,d,D,d,1,,,,eagle2_5_8b_videomme_default_uniform16.json,medium,Object Recognition
uniform,16,none,1645,,videos/skbELjWHyXA.mp4,Which of the following options correctly orders the items according to their order in the video?,c,B,b,0,,,,eagle2_5_8b_videomme_default_uniform16.json,medium,Temporal Reasoning
uniform,16,none,1646,,videos/skbELjWHyXA.mp4,Which music artist does Lil Tjay mention enjoying in the video?,d,A,a,0,,,,eagle2_5_8b_videomme_default_uniform16.json,medium,Action Reasoning
uniform,16,none,1647,,videos/Z7LJrU4443Q.mp4,The video highlights different stages of the design and manufacturing process at Hermès. Which sequence best reflects the order of these stages as presented?,d,A,a,0,,,,eagle2_5_8b_videomme_default_uniform16.json,medium,Temporal Reasoning
uniform,16,none,1648,,videos/Z7LJrU4443Q.mp4,The video emphasizes the importance of craftsmanship and hand-made techniques at Hermès. Which statement best reflects the brand's dedication to craftsmanship?,d,D,d,1,,,,eagle2_5_8b_videomme_default_uniform16.json,medium,Object Reasoning
uniform,16,none,1649,,videos/Z7LJrU4443Q.mp4,"Priscilla Alexandra Spring mentions the importance of both ""love at first sight"" and longevity when purchasing a Hermès bag. What aspect of the video best showcases the brand's focus on longevity?",c,A,a,0,,,,eagle2_5_8b_videomme_default_uniform16.json,medium,Object Reasoning
uniform,16,none,1650,,videos/yfbeNtST6Fs.mp4,What is the main subject matter of the advertisement featured in the video?,a,D,d,0,,,,eagle2_5_8b_videomme_default_uniform16.json,medium,Object Recognition
uniform,16,none,1651,,videos/yfbeNtST6Fs.mp4,What is the first thing the heroine does after the exam in the video?,d,D,d,1,,,,eagle2_5_8b_videomme_default_uniform16.json,medium,Action Recognition
uniform,16,none,1652,,videos/yfbeNtST6Fs.mp4,"In what order do the following events appear in the video?
①Receiving a parcel
②Making bibimbap
③Cleaning the floor",b,A,a,0,,,,eagle2_5_8b_videomme_default_uniform16.json,medium,Temporal Reasoning
uniform,16,none,1653,,videos/3m29MQ-qPfg.mp4,When and where did the athlete and student first meet in the video?,c,B,b,0,,,,eagle2_5_8b_videomme_default_uniform16.json,medium,OCR Problems
uniform,16,none,1654,,videos/3m29MQ-qPfg.mp4,What is the student doing while the athlete is competing in the indoor stadium in the video?,a,B,b,0,,,,eagle2_5_8b_videomme_default_uniform16.json,medium,Action Recognition
uniform,16,none,1655,,videos/3m29MQ-qPfg.mp4,What does the hero in the video go to with his roommate when he gets home?,d,B,b,0,,,,eagle2_5_8b_videomme_default_uniform16.json,medium,Action Recognition
uniform,16,none,1656,,videos/tCRpDpDgBcE.mp4,What is the first thing the hero does after breakfast in the video?,b,A,a,0,,,,eagle2_5_8b_videomme_default_uniform16.json,medium,Action Recognition
uniform,16,none,1657,,videos/tCRpDpDgBcE.mp4,What did the hero and the other football players do before entering the stadium locker room?,c,C,c,1,,,,eagle2_5_8b_videomme_default_uniform16.json,medium,Action Recognition
uniform,16,none,1658,,videos/tCRpDpDgBcE.mp4,At what time does the protagonist in the video typically visit the gym for their workout?,a,A,a,1,,,,eagle2_5_8b_videomme_default_uniform16.json,medium,OCR Problems
uniform,16,none,1659,,videos/QPzmsQ86_HM.mp4,What is the main job of the hero in the video?,d,D,d,1,,,,eagle2_5_8b_videomme_default_uniform16.json,medium,Object Reasoning
uniform,16,none,1660,,videos/QPzmsQ86_HM.mp4,Where does the hero in the video work?,b,A,a,0,,,,eagle2_5_8b_videomme_default_uniform16.json,medium,Spatial Reasoning
uniform,16,none,1661,,videos/QPzmsQ86_HM.mp4,"In what order do the following events appear in the video?
①Participation in online meeting
②Searching with Google
③Go to the rooftop to eat",c,C,c,1,,,,eagle2_5_8b_videomme_default_uniform16.json,medium,Temporal Reasoning
uniform,16,none,1662,,videos/Zjl2vmy02As.mp4,"When expectation having finished brushing teeth and getting dressed, what is the male protagonist doing in reality?",a,A,a,1,,,,eagle2_5_8b_videomme_default_uniform16.json,medium,Action Recognition
uniform,16,none,1663,,videos/Zjl2vmy02As.mp4,What time does the hero in the video get up in real life?,d,C,c,0,,,,eagle2_5_8b_videomme_default_uniform16.json,medium,OCR Problems
uniform,16,none,1664,,videos/Zjl2vmy02As.mp4,What did the male protagonist in the video not do in reality?,b,B,b,1,,,,eagle2_5_8b_videomme_default_uniform16.json,medium,Action Recognition
uniform,16,none,1665,,videos/XkFulQe9EVE.mp4,"In the video, what mode of transportation does the protagonist use to commute to school?",c,B,b,0,,,,eagle2_5_8b_videomme_default_uniform16.json,medium,Action Recognition
uniform,16,none,1666,,videos/XkFulQe9EVE.mp4,Which of the following options has the correct sequence of events sort of appearing in the video?,a,C,c,0,,,,eagle2_5_8b_videomme_default_uniform16.json,medium,Temporal Reasoning
uniform,16,none,1667,,videos/XkFulQe9EVE.mp4,Which area of the video does the male protagonist stay in for the longest time in the afternoon?,d,B,b,0,,,,eagle2_5_8b_videomme_default_uniform16.json,medium,Temporal Perception
uniform,16,none,1668,,videos/FtIF8VafVZY.mp4,"What is the chronological sequence of the following events depicted in the video?
①eat breakfast
②gym workout
③present in class",b,B,b,1,,,,eagle2_5_8b_videomme_default_uniform16.json,medium,Temporal Reasoning
uniform,16,none,1669,,videos/FtIF8VafVZY.mp4,What did the male protagonist do during the time period between returning to the dormitory after studying outside at night and going out to study again?,c,A,a,0,,,,eagle2_5_8b_videomme_default_uniform16.json,medium,Action Recognition
uniform,16,none,1670,,videos/FtIF8VafVZY.mp4,"In the video, what did the male protagonist do after giving the presentation?",a,A,a,1,,,,eagle2_5_8b_videomme_default_uniform16.json,medium,Action Recognition
uniform,16,none,1671,,videos/pQIGOTs6XWg.mp4,What is the purpose of the high table placed at the back of the classroom in the video?,d,D,d,1,,,,eagle2_5_8b_videomme_default_uniform16.json,medium,Object Reasoning
uniform,16,none,1672,,videos/pQIGOTs6XWg.mp4,Which of the following options correctly orders the sequence of the boy's daily itinerary?,b,B,b,1,,,,eagle2_5_8b_videomme_default_uniform16.json,medium,Temporal Reasoning
uniform,16,none,1673,,videos/pQIGOTs6XWg.mp4,When did the boy finally return home ready to rest?,c,D,d,0,,,,eagle2_5_8b_videomme_default_uniform16.json,medium,Temporal Reasoning
uniform,16,none,1674,,videos/wUnEDnAYTpE.mp4,What are the two time periods in the video when the male protagonist is training for swimming?,a,A,a,1,,,,eagle2_5_8b_videomme_default_uniform16.json,medium,Temporal Perception
uniform,16,none,1675,,videos/wUnEDnAYTpE.mp4,Which of the following options is the correct ordering of events for the male lead?,d,C,c,0,,,,eagle2_5_8b_videomme_default_uniform16.json,medium,Temporal Reasoning
uniform,16,none,1676,,videos/wUnEDnAYTpE.mp4,What did the man in the video do next after finishing his second swim session?,b,C,c,0,,,,eagle2_5_8b_videomme_default_uniform16.json,medium,Action Recognition
uniform,16,none,1677,,videos/NeLj-gLWgug.mp4,Which of the following options correctly sorts the sequence of events in the video?,c,C,c,1,,,,eagle2_5_8b_videomme_default_uniform16.json,medium,Temporal Reasoning
uniform,16,none,1678,,videos/NeLj-gLWgug.mp4,What time does the male protagonist in the video go out to relax?,a,C,c,0,,,,eagle2_5_8b_videomme_default_uniform16.json,medium,OCR Problems
uniform,16,none,1679,,videos/NeLj-gLWgug.mp4,Which food was absent from the hero's last meal in the video?,d,D,d,1,,,,eagle2_5_8b_videomme_default_uniform16.json,medium,Object Recognition
uniform,16,none,1680,,videos/A30IuIjQYYg.mp4,Which country is recorded by the video?,a,A,a,1,,,,eagle2_5_8b_videomme_default_uniform16.json,medium,Spatial Reasoning
uniform,16,none,1681,,videos/A30IuIjQYYg.mp4,What is the correct order in which the activities appear in the video?,a,A,a,1,,,,eagle2_5_8b_videomme_default_uniform16.json,medium,Temporal Reasoning
uniform,16,none,1682,,videos/A30IuIjQYYg.mp4,How many times does underwater photography appear in the video?,b,B,b,1,,,,eagle2_5_8b_videomme_default_uniform16.json,medium,Counting Problem
uniform,16,none,1683,,videos/nhpAc7lUgis.mp4,What is the direction of the person in the video relative to the camera when sliding with the rope?,c,C,c,1,,,,eagle2_5_8b_videomme_default_uniform16.json,medium,Spatial Perception
uniform,16,none,1684,,videos/nhpAc7lUgis.mp4,Where is the main character in the video on holiday?,c,C,c,1,,,,eagle2_5_8b_videomme_default_uniform16.json,medium,Spatial Reasoning
uniform,16,none,1685,,videos/nhpAc7lUgis.mp4,What is the relationship between the man and woman in the video?,d,D,d,1,,,,eagle2_5_8b_videomme_default_uniform16.json,medium,Object Reasoning
uniform,16,none,1686,,videos/MIYDzEYfI6U.mp4,"Where did the author of the video learn that ""people can adapt and find happiness""?",d,D,d,1,,,,eagle2_5_8b_videomme_default_uniform16.json,medium,Object Recognition
uniform,16,none,1687,,videos/MIYDzEYfI6U.mp4,"Why does the author of the video feel the need to ""appreciate your own nation""?",b,B,b,1,,,,eagle2_5_8b_videomme_default_uniform16.json,medium,Object Reasoning
uniform,16,none,1688,,videos/MIYDzEYfI6U.mp4,How many lessons does the author of the video illustrate that she has learned?,d,B,b,0,,,,eagle2_5_8b_videomme_default_uniform16.json,medium,Counting Problem
uniform,16,none,1689,,videos/tPQX0lMk6U0.mp4,What is the underlying reason why the main character in the video takes off his shoes when he gets into the car?,a,C,c,0,,,,eagle2_5_8b_videomme_default_uniform16.json,medium,Action Reasoning
uniform,16,none,1690,,videos/tPQX0lMk6U0.mp4,What does the protagonist in the video think is the worst decision ever?,b,B,b,1,,,,eagle2_5_8b_videomme_default_uniform16.json,medium,Action Reasoning
uniform,16,none,1691,,videos/tPQX0lMk6U0.mp4,Why does the main character cry at the end of the video?,c,B,b,0,,,,eagle2_5_8b_videomme_default_uniform16.json,medium,Object Reasoning
uniform,16,none,1692,,videos/QHFy-nWNJYk.mp4,Where does the video show them spending the night in the car?,d,C,c,0,,,,eagle2_5_8b_videomme_default_uniform16.json,medium,OCR Problems
uniform,16,none,1693,,videos/QHFy-nWNJYk.mp4,How many attractions are shown in the video?,b,B,b,1,,,,eagle2_5_8b_videomme_default_uniform16.json,medium,Counting Problem
uniform,16,none,1694,,videos/QHFy-nWNJYk.mp4,What mode of transport do the people in the video take to get to Horseshoe Bay?,a,A,a,1,,,,eagle2_5_8b_videomme_default_uniform16.json,medium,Object Recognition
uniform,16,none,1695,,videos/4ME5ZfDg2aw.mp4,Why does the author feel betrayed at the beginning of the video?,b,B,b,1,,,,eagle2_5_8b_videomme_default_uniform16.json,medium,Object Reasoning
uniform,16,none,1696,,videos/4ME5ZfDg2aw.mp4,What is the role of the dog in the video?,c,C,c,1,,,,eagle2_5_8b_videomme_default_uniform16.json,medium,Object Reasoning
uniform,16,none,1697,,videos/4ME5ZfDg2aw.mp4,What activities are recorded sequentially in the video?,a,A,a,1,,,,eagle2_5_8b_videomme_default_uniform16.json,medium,Temporal Reasoning
uniform,16,none,1698,,videos/sr284c-q8oY.mp4,Where is the main character at the beginning of the video when she talks to the camera?,d,D,d,1,,,,eagle2_5_8b_videomme_default_uniform16.json,medium,Object Recognition
uniform,16,none,1699,,videos/sr284c-q8oY.mp4,What animals did the main character not see on the trip?,a,A,a,1,,,,eagle2_5_8b_videomme_default_uniform16.json,medium,Object Recognition
uniform,16,none,1700,,videos/sr284c-q8oY.mp4,"At the end of the video, what time is it roughly when the main character faces the camera?",c,B,b,0,,,,eagle2_5_8b_videomme_default_uniform16.json,medium,Spatial Reasoning
uniform,16,none,1701,,videos/von_IMi97-w.mp4,How far does the main character in the video travel in total?,b,A,a,0,,,,eagle2_5_8b_videomme_default_uniform16.json,medium,OCR Problems
uniform,16,none,1702,,videos/von_IMi97-w.mp4,What is the main reason for Amtrak's failure as shown by the video?,c,B,b,0,,,,eagle2_5_8b_videomme_default_uniform16.json,medium,Object Reasoning
uniform,16,none,1703,,videos/von_IMi97-w.mp4,"After telling the story about the railroad, where does the main character in the video reach?",c,B,b,0,,,,eagle2_5_8b_videomme_default_uniform16.json,medium,Object Recognition
uniform,16,none,1704,,videos/VMJEY6uCX3k.mp4,"When does the construction of the highway start, as described by the man in his first viewpoint at the beginning of the video?",a,B,b,0,,,,eagle2_5_8b_videomme_default_uniform16.json,medium,Attribute Perception
uniform,16,none,1705,,videos/VMJEY6uCX3k.mp4,"Extrapolating from the video, what is most likely carved on the stone next to the highway?",b,B,b,1,,,,eagle2_5_8b_videomme_default_uniform16.json,medium,Object Reasoning
uniform,16,none,1706,,videos/VMJEY6uCX3k.mp4,Where does the main character arrive at the end of the video?,d,B,b,0,,,,eagle2_5_8b_videomme_default_uniform16.json,medium,Temporal Perception
uniform,16,none,1707,,videos/M_lwC5zPkyo.mp4,The man in the video ate pancakes after visiting which attraction?,b,A,a,0,,,,eagle2_5_8b_videomme_default_uniform16.json,medium,Object Recognition
uniform,16,none,1708,,videos/M_lwC5zPkyo.mp4,What kind of chess are the old people in the video playing?,c,C,c,1,,,,eagle2_5_8b_videomme_default_uniform16.json,medium,Object Recognition
uniform,16,none,1709,,videos/M_lwC5zPkyo.mp4,"Why are Shanghai temples so crowded, as inferred by the main character in the video?",a,A,a,1,,,,eagle2_5_8b_videomme_default_uniform16.json,medium,Object Reasoning
uniform,16,none,1710,,videos/Huj-zXv4DEw.mp4,What actions does the red-black parrot perform in this video?,a,A,a,1,,,,eagle2_5_8b_videomme_default_uniform16.json,medium,Action Recognition
uniform,16,none,1711,,videos/Huj-zXv4DEw.mp4,How does the yellow dog feel when a girl wants to cut its hair?,b,A,a,0,,,,eagle2_5_8b_videomme_default_uniform16.json,medium,Action Reasoning
uniform,16,none,1712,,videos/Huj-zXv4DEw.mp4,What color are the parrots in the video when three of them appear?,c,C,c,1,,,,eagle2_5_8b_videomme_default_uniform16.json,medium,Attribute Perception
uniform,16,none,1713,,videos/IjSISLZCKPs.mp4,What is the black-white cat doing in the toilet?,c,A,a,0,,,,eagle2_5_8b_videomme_default_uniform16.json,medium,Action Recognition
uniform,16,none,1714,,videos/IjSISLZCKPs.mp4,What is the reaction of the dog when a person walks towards a black-white dog holding a broken black slipper?,c,A,a,0,,,,eagle2_5_8b_videomme_default_uniform16.json,medium,Action Recognition
uniform,16,none,1715,,videos/IjSISLZCKPs.mp4,How many dogs are there when a black-white dog emerges from a black and white pillow?,d,B,b,0,,,,eagle2_5_8b_videomme_default_uniform16.json,medium,Counting Problem
uniform,16,none,1716,,videos/1NcGHbFWBFA.mp4,What color does the fish turn when fed a sea urchin by a man?,d,A,a,0,,,,eagle2_5_8b_videomme_default_uniform16.json,medium,Attribute Perception
uniform,16,none,1717,,videos/1NcGHbFWBFA.mp4,How many hats does the hamster change in this video?,b,B,b,1,,,,eagle2_5_8b_videomme_default_uniform16.json,medium,Counting Problem
uniform,16,none,1718,,videos/1NcGHbFWBFA.mp4,What does the dog do when a person walks on the floor in socks?,a,A,a,1,,,,eagle2_5_8b_videomme_default_uniform16.json,medium,Action Recognition
uniform,16,none,1719,,videos/BVJGvKaFG7U.mp4,What is the first animal that appears in this video?,c,C,c,1,,,,eagle2_5_8b_videomme_default_uniform16.json,medium,Object Recognition
uniform,16,none,1720,,videos/BVJGvKaFG7U.mp4,What happens when a baby elephant chases a group of ducks?,a,B,b,0,,,,eagle2_5_8b_videomme_default_uniform16.json,medium,Action Recognition
uniform,16,none,1721,,videos/BVJGvKaFG7U.mp4,How many babies does the lion mother have in the video?,b,B,b,1,,,,eagle2_5_8b_videomme_default_uniform16.json,medium,Counting Problem
uniform,16,none,1722,,videos/cFqLEwAvaHI.mp4,What are the animals featured in the video?,d,D,d,1,,,,eagle2_5_8b_videomme_default_uniform16.json,medium,Object Recognition
uniform,16,none,1723,,videos/cFqLEwAvaHI.mp4,What color is the house?,d,D,d,1,,,,eagle2_5_8b_videomme_default_uniform16.json,medium,Action Reasoning
uniform,16,none,1724,,videos/cFqLEwAvaHI.mp4,What is between the yellow fox and the white fox?,a,A,a,1,,,,eagle2_5_8b_videomme_default_uniform16.json,medium,Object Recognition
uniform,16,none,1725,,videos/LFGE_8SoYVA.mp4,What does the squirrel do in this video?,b,B,b,1,,,,eagle2_5_8b_videomme_default_uniform16.json,medium,Action Recognition
uniform,16,none,1726,,videos/LFGE_8SoYVA.mp4,What does the yellow cat with black spots do in this video?,d,D,d,1,,,,eagle2_5_8b_videomme_default_uniform16.json,medium,Action Recognition
uniform,16,none,1727,,videos/LFGE_8SoYVA.mp4,What does the white parrot do in this video?,b,B,b,1,,,,eagle2_5_8b_videomme_default_uniform16.json,medium,Action Recognition
uniform,16,none,1728,,videos/VoJ-Ey6q8uM.mp4,What do the animals in this video do?,a,A,a,1,,,,eagle2_5_8b_videomme_default_uniform16.json,medium,Action Recognition
uniform,16,none,1729,,videos/VoJ-Ey6q8uM.mp4,What happens when a boy picks up a mirror?,d,D,d,1,,,,eagle2_5_8b_videomme_default_uniform16.json,medium,Action Recognition
uniform,16,none,1730,,videos/VoJ-Ey6q8uM.mp4,What the color is the parrot that stands on wood?,b,B,b,1,,,,eagle2_5_8b_videomme_default_uniform16.json,medium,Attribute Perception
uniform,16,none,1731,,videos/l73rmrLTHQc.mp4,What does the first panda do in this video?,b,B,b,1,,,,eagle2_5_8b_videomme_default_uniform16.json,medium,Action Recognition
uniform,16,none,1732,,videos/l73rmrLTHQc.mp4,How many pandas are on the swing?,b,B,b,1,,,,eagle2_5_8b_videomme_default_uniform16.json,medium,Counting Problem
uniform,16,none,1733,,videos/l73rmrLTHQc.mp4,What does the panda that takes a blue bucket do in this video?,d,D,d,1,,,,eagle2_5_8b_videomme_default_uniform16.json,medium,Action Recognition
uniform,16,none,1734,,videos/a3o9a6pBKz8.mp4,What does the polar bear do in this video?,c,C,c,1,,,,eagle2_5_8b_videomme_default_uniform16.json,medium,Action Recognition
uniform,16,none,1735,,videos/a3o9a6pBKz8.mp4,What does the monkey do to the woman?,a,D,d,0,,,,eagle2_5_8b_videomme_default_uniform16.json,medium,Action Recognition
uniform,16,none,1736,,videos/a3o9a6pBKz8.mp4,What does the brown horse do to the boy with blue costume?,c,B,b,0,,,,eagle2_5_8b_videomme_default_uniform16.json,medium,Action Recognition
uniform,16,none,1737,,videos/LVRcD_-ht3g.mp4,What does a black dog do in water?,a,C,c,0,,,,eagle2_5_8b_videomme_default_uniform16.json,medium,Action Recognition
uniform,16,none,1738,,videos/LVRcD_-ht3g.mp4,Why does the black dog hold the goose?,a,A,a,1,,,,eagle2_5_8b_videomme_default_uniform16.json,medium,Action Reasoning
uniform,16,none,1739,,videos/LVRcD_-ht3g.mp4,What does a black elephant do in this video?,a,A,a,1,,,,eagle2_5_8b_videomme_default_uniform16.json,medium,Action Recognition
uniform,16,none,1740,,videos/kDo4y8-bZko.mp4,What does the coach wearing a white top and black trousers and a hat at the beginning of the video mainly explain to the athlete wearing a black top and grey and white shorts?,a,C,c,0,,,,eagle2_5_8b_videomme_default_uniform16.json,medium,Object Reasoning
uniform,16,none,1741,,videos/kDo4y8-bZko.mp4,Which athlete's run is being recorded on a mobile phone by the coach wearing a white top and black shorts in the video?,d,C,c,0,,,,eagle2_5_8b_videomme_default_uniform16.json,medium,Object Recognition
uniform,16,none,1742,,videos/kDo4y8-bZko.mp4,How many running sessions did the athlete who recorded the shoe change in the video perform in the video?,b,B,b,1,,,,eagle2_5_8b_videomme_default_uniform16.json,medium,Action Recognition
uniform,16,none,1743,,videos/8-aI8Fp2bPU.mp4,What is the next exercise after the burpee training in the video?,c,C,c,1,,,,eagle2_5_8b_videomme_default_uniform16.json,medium,Action Recognition
uniform,16,none,1744,,videos/8-aI8Fp2bPU.mp4,How many sets of shadowboxing training were performed in the video?,a,A,a,1,,,,eagle2_5_8b_videomme_default_uniform16.json,medium,Counting Problem
uniform,16,none,1745,,videos/8-aI8Fp2bPU.mp4,"In what order do burpees, jump squats and push-ups appear in the video?",d,D,d,1,,,,eagle2_5_8b_videomme_default_uniform16.json,medium,Temporal Reasoning
uniform,16,none,1746,,videos/JwxALozuKfY.mp4,"In the first stage of the workout, what training did the male protagonist in the video not undergo?",b,A,a,0,,,,eagle2_5_8b_videomme_default_uniform16.json,medium,Action Recognition
uniform,16,none,1747,,videos/JwxALozuKfY.mp4,"In the video, how many times does the male protagonist do hanging leg raises per set in the first phase of training?",c,B,b,0,,,,eagle2_5_8b_videomme_default_uniform16.json,medium,Counting Problem
uniform,16,none,1748,,videos/JwxALozuKfY.mp4,What does the second super set in the weight training introduced in the video mainly consist of?,a,A,a,1,,,,eagle2_5_8b_videomme_default_uniform16.json,medium,Action Recognition
uniform,16,none,1749,,videos/lNvBXLbInXE.mp4,What is the second yoga pranayama method demonstrated by the man in the video?,d,C,c,0,,,,eagle2_5_8b_videomme_default_uniform16.json,medium,OCR Problems
uniform,16,none,1750,,videos/lNvBXLbInXE.mp4,Which exercise did the man in the video do that required him to block his nose?,b,A,a,0,,,,eagle2_5_8b_videomme_default_uniform16.json,medium,Action Recognition
uniform,16,none,1751,,videos/lNvBXLbInXE.mp4,What is the last move the man makes in the video?,c,C,c,1,,,,eagle2_5_8b_videomme_default_uniform16.json,medium,OCR Problems
uniform,16,none,1752,,videos/U8WCRz0Yh4Q.mp4,How many of the tricks presented in the video involve drilling the ball through a defender's crotch?,a,B,b,0,,,,eagle2_5_8b_videomme_default_uniform16.json,medium,Counting Problem
uniform,16,none,1753,,videos/U8WCRz0Yh4Q.mp4,Which technique described in the video is done by kicking the ball into the air over a defender?,d,D,d,1,,,,eagle2_5_8b_videomme_default_uniform16.json,medium,Action Recognition
uniform,16,none,1754,,videos/U8WCRz0Yh4Q.mp4,"What is the correct ordering of the following tips in the order they are presented in the video?
①fake cut back
②double touch meg
③the lift
④stop and meg",b,C,c,0,,,,eagle2_5_8b_videomme_default_uniform16.json,medium,Temporal Reasoning
uniform,16,none,1755,,videos/2ka5AleJ48I.mp4,"In the video, which track's runners reached the finish line first in the second group of races?",c,B,b,0,,,,eagle2_5_8b_videomme_default_uniform16.json,medium,Object Recognition
uniform,16,none,1756,,videos/2ka5AleJ48I.mp4,What is the main product introduced by the male protagonist in the video?,a,A,a,1,,,,eagle2_5_8b_videomme_default_uniform16.json,medium,Object Recognition
uniform,16,none,1757,,videos/2ka5AleJ48I.mp4,Who won the championship in the women's competition?,d,D,d,1,,,,eagle2_5_8b_videomme_default_uniform16.json,medium,Object Recognition
uniform,16,none,1758,,videos/zPyWOtToo6E.mp4,Which player will be eliminated at the end of each lap of the first and second games in the video?,b,B,b,1,,,,eagle2_5_8b_videomme_default_uniform16.json,medium,Action Reasoning
uniform,16,none,1759,,videos/zPyWOtToo6E.mp4,How long did it take the first runner to reach the finish line in the third race in the video?,c,D,d,0,,,,eagle2_5_8b_videomme_default_uniform16.json,medium,OCR Problems
uniform,16,none,1760,,videos/zPyWOtToo6E.mp4,Who was the second contestant eliminated during the final match in the video?,a,B,b,0,,,,eagle2_5_8b_videomme_default_uniform16.json,medium,Object Recognition
uniform,16,none,1761,,videos/xre_3dxdhkQ.mp4,What weight did the first girl in the video's female group attempt to bench press before failing?,d,D,d,1,,,,eagle2_5_8b_videomme_default_uniform16.json,medium,OCR Problems
uniform,16,none,1762,,videos/xre_3dxdhkQ.mp4,How many ladies participated in the women's bench press competition in the video?,b,C,c,0,,,,eagle2_5_8b_videomme_default_uniform16.json,medium,Counting Problem
uniform,16,none,1763,,videos/xre_3dxdhkQ.mp4,What is the highest weight that the boys' group can successfully bench press in the video?,c,C,c,1,,,,eagle2_5_8b_videomme_default_uniform16.json,medium,Counting Problem
uniform,16,none,1764,,videos/FYJJbwG_i8U.mp4,Which of the following options describes the first exercise shown in the video?,a,B,b,0,,,,eagle2_5_8b_videomme_default_uniform16.json,medium,Action Recognition
uniform,16,none,1765,,videos/FYJJbwG_i8U.mp4,What is the workout that follows after the tuck jumps workout in the video?,d,A,a,0,,,,eagle2_5_8b_videomme_default_uniform16.json,medium,Action Recognition
uniform,16,none,1766,,videos/FYJJbwG_i8U.mp4,"In the video, what is the order in which high knees, jump lunges, A skips, and kneeling jumps appear?",b,C,c,0,,,,eagle2_5_8b_videomme_default_uniform16.json,medium,Temporal Reasoning
uniform,16,none,1767,,videos/VP4GtrEsefk.mp4,What are the rules of the game in the video?,c,D,d,0,,,,eagle2_5_8b_videomme_default_uniform16.json,medium,Attribute Perception
uniform,16,none,1768,,videos/VP4GtrEsefk.mp4,Which player in the video successfully copied a penalty kick?,a,A,a,1,,,,eagle2_5_8b_videomme_default_uniform16.json,medium,Object Recognition
uniform,16,none,1769,,videos/VP4GtrEsefk.mp4,How to replicate the penalty kick of the person wearing a teddy bear headgear in the video?,d,A,a,0,,,,eagle2_5_8b_videomme_default_uniform16.json,medium,Action Recognition
uniform,16,none,1770,,videos/FMdEkj5HEqg.mp4,How many times is the little boy on the right side of the planet when he visited the planet in his rocket?,b,B,b,1,,,,eagle2_5_8b_videomme_default_uniform16.json,medium,Counting Problem
uniform,16,none,1771,,videos/FMdEkj5HEqg.mp4,Which planet does the boy spend the most time visiting?,c,A,a,0,,,,eagle2_5_8b_videomme_default_uniform16.json,medium,Temporal Perception
uniform,16,none,1772,,videos/FMdEkj5HEqg.mp4,What is the most likely role of the woman in yellow in the video?,a,A,a,1,,,,eagle2_5_8b_videomme_default_uniform16.json,medium,Object Reasoning
uniform,16,none,1773,,videos/InHaW59CmDw.mp4,Which animals are introduced in sequence in the video?,d,B,b,0,,,,eagle2_5_8b_videomme_default_uniform16.json,medium,Temporal Reasoning
uniform,16,none,1774,,videos/InHaW59CmDw.mp4,Which animals detailedly introduced in the video are not extinct?,a,C,c,0,,,,eagle2_5_8b_videomme_default_uniform16.json,medium,Object Recognition
uniform,16,none,1775,,videos/InHaW59CmDw.mp4,Which animal is a herbivore mentioned in the video?,b,B,b,1,,,,eagle2_5_8b_videomme_default_uniform16.json,medium,Attribute Perception
uniform,16,none,1776,,videos/p9uIBCDhyr0.mp4,"In the performance, what captivating element draws the audience's attention?",c,C,c,1,,,,eagle2_5_8b_videomme_default_uniform16.json,medium,Action Recognition
uniform,16,none,1777,,videos/p9uIBCDhyr0.mp4,What decision did the judges reach?,a,A,a,1,,,,eagle2_5_8b_videomme_default_uniform16.json,medium,Action Recognition
uniform,16,none,1778,,videos/p9uIBCDhyr0.mp4,What do the two male judges share in common?,d,A,a,0,,,,eagle2_5_8b_videomme_default_uniform16.json,medium,Object Reasoning
uniform,16,none,1779,,videos/GrO5sxp3n0E.mp4,What color is the woman's phone for personal use?,c,A,a,0,,,,eagle2_5_8b_videomme_default_uniform16.json,medium,Attribute Perception
uniform,16,none,1780,,videos/GrO5sxp3n0E.mp4,"What is the woman's favorite drink, and why?",d,D,d,1,,,,eagle2_5_8b_videomme_default_uniform16.json,medium,Object Reasoning
uniform,16,none,1781,,videos/GrO5sxp3n0E.mp4,How many items did the woman take out of her bag?,a,B,b,0,,,,eagle2_5_8b_videomme_default_uniform16.json,medium,Counting Problem
uniform,16,none,1782,,videos/cVIfe0Gxa64.mp4,Which of the following is not a sponsor of the race?,a,A,a,1,,,,eagle2_5_8b_videomme_default_uniform16.json,medium,OCR Problems
uniform,16,none,1783,,videos/cVIfe0Gxa64.mp4,"In the video, how many finishing cars were on the same team as the winning driver?",c,B,b,0,,,,eagle2_5_8b_videomme_default_uniform16.json,medium,Counting Problem
uniform,16,none,1784,,videos/cVIfe0Gxa64.mp4,How many cars finished the race in the video?,b,B,b,1,,,,eagle2_5_8b_videomme_default_uniform16.json,medium,Counting Problem
uniform,16,none,1785,,videos/I48vtTxdaeQ.mp4,What is the proposed solution presented in the video to minimize moiré during the Taylor Swift concert?,b,B,b,1,,,,eagle2_5_8b_videomme_default_uniform16.json,medium,Information Synopsis
uniform,16,none,1786,,videos/I48vtTxdaeQ.mp4,"How does the video demonstrate the concept of ""aliasing"" in relation to the formation of moiré?",c,C,c,1,,,,eagle2_5_8b_videomme_default_uniform16.json,medium,Information Synopsis
uniform,16,none,1787,,videos/I48vtTxdaeQ.mp4,Imagine you are a videographer tasked with filming a corporate presentation that will involve displaying detailed graphs and charts on a large LED screen. What factors would you consider to minimize the risk of moiré during the recording?,d,D,d,1,,,,eagle2_5_8b_videomme_default_uniform16.json,medium,Object Reasoning
uniform,16,none,1788,,videos/5R64pAPUZmk.mp4,What does the girl take out from the envelop?,d,C,c,0,,,,eagle2_5_8b_videomme_default_uniform16.json,medium,Object Recognition
uniform,16,none,1789,,videos/5R64pAPUZmk.mp4,What is the usage of the thing that the girl take out from envelop?,c,A,a,0,,,,eagle2_5_8b_videomme_default_uniform16.json,medium,Action Recognition
uniform,16,none,1790,,videos/5R64pAPUZmk.mp4,What is the animal flying in sky?,b,B,b,1,,,,eagle2_5_8b_videomme_default_uniform16.json,medium,Object Recognition
uniform,16,none,1791,,videos/fFYNmVb3NCQ.mp4,What is the main idea of the video?,d,D,d,1,,,,eagle2_5_8b_videomme_default_uniform16.json,medium,Information Synopsis
uniform,16,none,1792,,videos/fFYNmVb3NCQ.mp4,Which of the following statements is a fact?,a,A,a,1,,,,eagle2_5_8b_videomme_default_uniform16.json,medium,Object Reasoning
uniform,16,none,1793,,videos/fFYNmVb3NCQ.mp4,Where may the images in the video mainly come from(except for map)?,c,C,c,1,,,,eagle2_5_8b_videomme_default_uniform16.json,medium,Spatial Reasoning
uniform,16,none,1794,,videos/0JjgoicpYkU.mp4,What time did the heroine in the video turn off her alarm clock?,b,C,c,0,,,,eagle2_5_8b_videomme_default_uniform16.json,medium,OCR Problems
uniform,16,none,1795,,videos/0JjgoicpYkU.mp4,"Which of the following options correctly sorts the events of the following heroines in chronological order?
① Study
② Make the bed
③ Eat breakfast
④ Exercise at home",c,C,c,1,,,,eagle2_5_8b_videomme_default_uniform16.json,medium,Temporal Reasoning
uniform,16,none,1796,,videos/0JjgoicpYkU.mp4,How much money can you save by purchasing the course through the link and promo code shared by the heroine in the video?,a,B,b,0,,,,eagle2_5_8b_videomme_default_uniform16.json,medium,OCR Problems
uniform,16,none,1797,,videos/91fi6egFsyA.mp4,Which woman works as a chef?,a,A,a,1,,,,eagle2_5_8b_videomme_default_uniform16.json,medium,Object Recognition
uniform,16,none,1798,,videos/91fi6egFsyA.mp4,What aspect of Italy does Carola Ordenes dislike?,c,D,d,0,,,,eagle2_5_8b_videomme_default_uniform16.json,medium,Information Synopsis
uniform,16,none,1799,,videos/91fi6egFsyA.mp4,Which of the following is not the home country of the four women in the video?,d,D,d,1,,,,eagle2_5_8b_videomme_default_uniform16.json,medium,Attribute Perception
uniform,16,none,1800,,videos/TGom0uiW130.mp4,What is the video mainly about?,a,B,b,0,,,,eagle2_5_8b_videomme_default_uniform16.json,long,Information Synopsis
uniform,16,none,1801,,videos/TGom0uiW130.mp4,"According to the video, which of the folllowing persons or institudes believes that the first motorized flight was invented by Whitehead?",d,D,d,1,,,,eagle2_5_8b_videomme_default_uniform16.json,long,Object Reasoning
uniform,16,none,1802,,videos/TGom0uiW130.mp4,Which of the following statements is not correct according to the video?,a,A,a,1,,,,eagle2_5_8b_videomme_default_uniform16.json,long,Attribute Perception
uniform,16,none,1803,,videos/w0Wmc8C0Eq0.mp4,Which of the following statements is not correct according to the video?,d,A,a,0,,,,eagle2_5_8b_videomme_default_uniform16.json,long,Action Reasoning
uniform,16,none,1804,,videos/w0Wmc8C0Eq0.mp4,"According to what is shown in the video, which of the following events happened before 1613?",a,A,a,1,,,,eagle2_5_8b_videomme_default_uniform16.json,long,Temporal Reasoning
uniform,16,none,1805,,videos/w0Wmc8C0Eq0.mp4,"In line with the video evidence, which of the following statements about the world's longest railway line is not correct?",a,C,c,0,,,,eagle2_5_8b_videomme_default_uniform16.json,long,Attribute Perception
uniform,16,none,1806,,videos/7D-gxaie6UI.mp4,"In accordance with the video footage, which of the following diseases causes the most deaths?",a,A,a,1,,,,eagle2_5_8b_videomme_default_uniform16.json,long,Object Reasoning
uniform,16,none,1807,,videos/7D-gxaie6UI.mp4,What was the event that put an end to the romanticization of TB in the video?,b,B,b,1,,,,eagle2_5_8b_videomme_default_uniform16.json,long,Object Recognition
uniform,16,none,1808,,videos/7D-gxaie6UI.mp4,"Based on the video, which of the following statements is correct?",b,A,a,0,,,,eagle2_5_8b_videomme_default_uniform16.json,long,Object Reasoning
uniform,16,none,1809,,videos/0RxMZBLeqRI.mp4,What is the video mainly about?,c,C,c,1,,,,eagle2_5_8b_videomme_default_uniform16.json,long,Information Synopsis
uniform,16,none,1810,,videos/0RxMZBLeqRI.mp4,"As depicted in the video, what happened when the Gypsies migrated to Europe?",c,B,b,0,,,,eagle2_5_8b_videomme_default_uniform16.json,long,Temporal Reasoning
uniform,16,none,1811,,videos/0RxMZBLeqRI.mp4,Which of the following statements is not correct according to what is shown in the video?,b,C,c,0,,,,eagle2_5_8b_videomme_default_uniform16.json,long,Object Reasoning
uniform,16,none,1812,,videos/xKiRmesHWIA.mp4,What's the main idea of the video?,d,B,b,0,,,,eagle2_5_8b_videomme_default_uniform16.json,long,Information Synopsis
uniform,16,none,1813,,videos/xKiRmesHWIA.mp4,Which of the following things mentioned in the video was not the cause of the split of the country?,a,A,a,1,,,,eagle2_5_8b_videomme_default_uniform16.json,long,Object Recognition
uniform,16,none,1814,,videos/xKiRmesHWIA.mp4,"In the middle of the video a shield appears on a mountain in Central Europe, what does this stand for?",d,D,d,1,,,,eagle2_5_8b_videomme_default_uniform16.json,long,Object Reasoning
uniform,16,none,1815,,videos/uC8TK7GH85o.mp4,What is the first minute of the video about?,b,D,d,0,,,,eagle2_5_8b_videomme_default_uniform16.json,long,Temporal Perception
uniform,16,none,1816,,videos/uC8TK7GH85o.mp4,"In line with the video evidence, which of the following statements about Napoleon is correct?",a,C,c,0,,,,eagle2_5_8b_videomme_default_uniform16.json,long,Object Reasoning
uniform,16,none,1817,,videos/uC8TK7GH85o.mp4,"Throughout the video, how many scholars in total show up in the video and comment on Napoleon?",b,B,b,1,,,,eagle2_5_8b_videomme_default_uniform16.json,long,Counting Problem
uniform,16,none,1818,,videos/zxKPjD8urG4.mp4,Which are the primary themes explored in the video?,a,A,a,1,,,,eagle2_5_8b_videomme_default_uniform16.json,long,Information Synopsis
uniform,16,none,1819,,videos/zxKPjD8urG4.mp4,"In accordance with the video footage, which of the following statements is not correct?",a,D,d,0,,,,eagle2_5_8b_videomme_default_uniform16.json,long,Action Reasoning
uniform,16,none,1820,,videos/zxKPjD8urG4.mp4,"Based on the video, which of the statements is not correct about the the metal ingots in the drained wreck?",b,B,b,1,,,,eagle2_5_8b_videomme_default_uniform16.json,long,Attribute Perception
uniform,16,none,1821,,videos/BoBapnk6TB8.mp4,"As depicted in the video, which of the following statements about the seven wonders of the ancient world is not correct?",c,B,b,0,,,,eagle2_5_8b_videomme_default_uniform16.json,long,Attribute Perception
uniform,16,none,1822,,videos/BoBapnk6TB8.mp4,"As depicted in the video, which of the following statements about the Lighthouse of Alexandria is not correct?",c,D,d,0,,,,eagle2_5_8b_videomme_default_uniform16.json,long,Object Reasoning
uniform,16,none,1823,,videos/BoBapnk6TB8.mp4,"According to what is shown in the video, which is the most important element that makes it difficult to dive into Lake Nasser to find the lost fort?",c,A,a,0,,,,eagle2_5_8b_videomme_default_uniform16.json,long,Object Reasoning
uniform,16,none,1824,,videos/HProiNnmGwI.mp4,What is the primary focus of the video?,c,B,b,0,,,,eagle2_5_8b_videomme_default_uniform16.json,long,Information Synopsis
uniform,16,none,1825,,videos/HProiNnmGwI.mp4,Which of the following statements is correct according to the video?,d,D,d,1,,,,eagle2_5_8b_videomme_default_uniform16.json,long,Attribute Perception
uniform,16,none,1826,,videos/HProiNnmGwI.mp4,"In line with the video evidence, what happened after the Crusaders conques Antioch?",d,A,a,0,,,,eagle2_5_8b_videomme_default_uniform16.json,long,Temporal Reasoning
uniform,16,none,1827,,videos/O7zcPvQDIMU.mp4,What is the best title for this video?,a,C,c,0,,,,eagle2_5_8b_videomme_default_uniform16.json,long,Information Synopsis
uniform,16,none,1828,,videos/O7zcPvQDIMU.mp4,"In accordance with the video footage, which of the following events happened after the battle at Standford Bridge?",c,C,c,1,,,,eagle2_5_8b_videomme_default_uniform16.json,long,Temporal Reasoning
uniform,16,none,1829,,videos/O7zcPvQDIMU.mp4,Which of the following statements about William the Conquer is true based on the video?,b,A,a,0,,,,eagle2_5_8b_videomme_default_uniform16.json,long,Object Reasoning
uniform,16,none,1830,,videos/H8fGd3fCJbg.mp4,"Based on the video, what is not true about the artwork ""Apollo and Daphne""?",d,A,a,0,,,,eagle2_5_8b_videomme_default_uniform16.json,long,Action Recognition
uniform,16,none,1831,,videos/H8fGd3fCJbg.mp4,"As depicted in the video, in what order does the author present Bernini's four masterpieces created for Borghese in a single scene?",d,A,a,0,,,,eagle2_5_8b_videomme_default_uniform16.json,long,Temporal Reasoning
uniform,16,none,1832,,videos/H8fGd3fCJbg.mp4,What is true about Bernini's David as described in the video?,d,D,d,1,,,,eagle2_5_8b_videomme_default_uniform16.json,long,Object Reasoning
uniform,16,none,1833,,videos/GLW9omJfAdk.mp4,How was his life journey according to the video?,b,B,b,1,,,,eagle2_5_8b_videomme_default_uniform16.json,long,Temporal Reasoning
uniform,16,none,1834,,videos/GLW9omJfAdk.mp4,"As depicted in the video, which of the following statements about Goya and the historical background is correct?",b,B,b,1,,,,eagle2_5_8b_videomme_default_uniform16.json,long,Object Reasoning
uniform,16,none,1835,,videos/GLW9omJfAdk.mp4,"According to what is shown in the video, which of the following statements about the painting ""Altropos (the Fates)"" is not correct?",b,C,c,0,,,,eagle2_5_8b_videomme_default_uniform16.json,long,Action Reasoning
uniform,16,none,1836,,videos/ElWG0_kjy_Y.mp4,What is the main idea of the video?,d,B,b,0,,,,eagle2_5_8b_videomme_default_uniform16.json,long,Information Synopsis
uniform,16,none,1837,,videos/ElWG0_kjy_Y.mp4,What is not true about the painting based on the video?,d,D,d,1,,,,eagle2_5_8b_videomme_default_uniform16.json,long,Object Reasoning
uniform,16,none,1838,,videos/ElWG0_kjy_Y.mp4,"As depicted in the video, which of the following knowledge and techniques doesn't contribute to Mona Lisa's mysterious smile?",b,B,b,1,,,,eagle2_5_8b_videomme_default_uniform16.json,long,Object Reasoning
uniform,16,none,1839,,videos/wCkQ138sg6M.mp4,What is the standing man in the black shirt doing in the first minute of the video?,d,D,d,1,,,,eagle2_5_8b_videomme_default_uniform16.json,long,Action Recognition
uniform,16,none,1840,,videos/wCkQ138sg6M.mp4,"According to what is shown in the video, what might be the relationship between the old man in a white shirt and the standing man in a black shirt?",d,D,d,1,,,,eagle2_5_8b_videomme_default_uniform16.json,long,Action Reasoning
uniform,16,none,1841,,videos/wCkQ138sg6M.mp4,"In accordance with the video footage, which of the following suggestions is not given by the old man?",a,D,d,0,,,,eagle2_5_8b_videomme_default_uniform16.json,long,Attribute Perception
uniform,16,none,1842,,videos/LCfBYE97rFk.mp4,What does Paula Scher often do when she sits down at her desk as depicted in the video?,c,C,c,1,,,,eagle2_5_8b_videomme_default_uniform16.json,long,Temporal Reasoning
uniform,16,none,1843,,videos/LCfBYE97rFk.mp4,"According to what is shown in the video, what is not true about the design for local people after the disaster?",c,C,c,1,,,,eagle2_5_8b_videomme_default_uniform16.json,long,Attribute Perception
uniform,16,none,1844,,videos/LCfBYE97rFk.mp4,"In line with the video evidence, which of the following features can not describe Paula Scher?",a,C,c,0,,,,eagle2_5_8b_videomme_default_uniform16.json,long,Object Reasoning
uniform,16,none,1845,,videos/aansXcMqnNk.mp4,What is not true about Kyo-yuzen technique based on the video?,a,C,c,0,,,,eagle2_5_8b_videomme_default_uniform16.json,long,Attribute Perception
uniform,16,none,1846,,videos/aansXcMqnNk.mp4,"To introduce Kyoto's traditional culture, where has the youtuber not been in the video?",d,D,d,1,,,,eagle2_5_8b_videomme_default_uniform16.json,long,Spatial Reasoning
uniform,16,none,1847,,videos/aansXcMqnNk.mp4,"After introducing Tofu making, what kind of traditional technique or scenic spot did the youtuber introduce according to what is shown in the video?",a,A,a,1,,,,eagle2_5_8b_videomme_default_uniform16.json,long,Temporal Reasoning
uniform,16,none,1848,,videos/k1SE25mURhc.mp4,"In line with the video evidence, why does the author mention Cambodia Angkor Wat?",a,A,a,1,,,,eagle2_5_8b_videomme_default_uniform16.json,long,Action Reasoning
uniform,16,none,1849,,videos/k1SE25mURhc.mp4,"In accordance with the video footage, which of the following statements about the caves is not correct?",b,B,b,1,,,,eagle2_5_8b_videomme_default_uniform16.json,long,Object Reasoning
uniform,16,none,1850,,videos/k1SE25mURhc.mp4,Which of the following things can not be found in Ellora Caves?,d,D,d,1,,,,eagle2_5_8b_videomme_default_uniform16.json,long,Object Recognition
uniform,16,none,1851,,videos/Sm0lziolZyM.mp4,What do the expanding red lines on the map in the first few minutes of the video stand for?,b,C,c,0,,,,eagle2_5_8b_videomme_default_uniform16.json,long,Object Reasoning
uniform,16,none,1852,,videos/Sm0lziolZyM.mp4,"What does the verse ""The red lacquered gates wine is left to sour meat to rot, outside the gates lie the bones of the frozen and starved"" imply according to what is shown in the video?",b,B,b,1,,,,eagle2_5_8b_videomme_default_uniform16.json,long,Object Reasoning
uniform,16,none,1853,,videos/Sm0lziolZyM.mp4,"Based on the video, when did Du Fu write the verse ""In the city in spring grass and weeds grow everywhere grieving for the times, even the blossom sheds tears""?",c,B,b,0,,,,eagle2_5_8b_videomme_default_uniform16.json,long,Temporal Reasoning
uniform,16,none,1854,,videos/B6tQyCH5hQM.mp4,How many colors of glaze are used in the video?,c,C,c,1,,,,eagle2_5_8b_videomme_default_uniform16.json,long,Counting Problem
uniform,16,none,1855,,videos/B6tQyCH5hQM.mp4,"As depicted in the video, what color does a ceramic object look like before it is burned in a furnace?",c,B,b,0,,,,eagle2_5_8b_videomme_default_uniform16.json,long,Attribute Perception
uniform,16,none,1856,,videos/B6tQyCH5hQM.mp4,"According to what is shown in the video, what did the blogger do to these ceramic products after they were put into the furnace and burned?",a,D,d,0,,,,eagle2_5_8b_videomme_default_uniform16.json,long,Temporal Reasoning
uniform,16,none,1857,,videos/mOiEOs3ZlT8.mp4,What is the video mainly about?,b,B,b,1,,,,eagle2_5_8b_videomme_default_uniform16.json,long,Information Synopsis
uniform,16,none,1858,,videos/mOiEOs3ZlT8.mp4,"In accordance with the video footage, what is not true about the portraits?",b,A,a,0,,,,eagle2_5_8b_videomme_default_uniform16.json,long,Object Reasoning
uniform,16,none,1859,,videos/mOiEOs3ZlT8.mp4,"As depicted in the video, what does the cocked elbow in Copley's work reveal?",d,D,d,1,,,,eagle2_5_8b_videomme_default_uniform16.json,long,Action Reasoning
uniform,16,none,1860,,videos/5LU_XY0z2ZY.mp4,What is the theme of the video?,a,B,b,0,,,,eagle2_5_8b_videomme_default_uniform16.json,long,Information Synopsis
uniform,16,none,1861,,videos/5LU_XY0z2ZY.mp4,What could be the key to truly combating and even preventing the disease that the video mainly talks about?,b,B,b,1,,,,eagle2_5_8b_videomme_default_uniform16.json,long,Object Reasoning
uniform,16,none,1862,,videos/5LU_XY0z2ZY.mp4,What could we do in our daily life to help prevent the disease that the video mainly talks about?,a,C,c,0,,,,eagle2_5_8b_videomme_default_uniform16.json,long,Object Reasoning
uniform,16,none,1863,,videos/K3ksKkCOgTw.mp4,What is the video primarily about?,a,A,a,1,,,,eagle2_5_8b_videomme_default_uniform16.json,long,Information Synopsis
uniform,16,none,1864,,videos/K3ksKkCOgTw.mp4,What are some of the health issues that can arise from consuming too much sugar according to the video?,b,A,a,0,,,,eagle2_5_8b_videomme_default_uniform16.json,long,Object Recognition
uniform,16,none,1865,,videos/K3ksKkCOgTw.mp4,What approach does the video suggest is needed to combat the rising numbers of obesity and diabetes?,d,D,d,1,,,,eagle2_5_8b_videomme_default_uniform16.json,long,Object Reasoning
uniform,16,none,1866,,videos/gfikT_O4v9A.mp4,What is the primary focus of the speaker's presentation in the video?,c,D,d,0,,,,eagle2_5_8b_videomme_default_uniform16.json,long,Information Synopsis
uniform,16,none,1867,,videos/gfikT_O4v9A.mp4,"What is the order in which the following is introduced in the video?
① The concept of the personal fat threshold.
② How to grow fat cells.
③ The relationship between insulin and diet.",a,A,a,1,,,,eagle2_5_8b_videomme_default_uniform16.json,long,Temporal Reasoning
uniform,16,none,1868,,videos/gfikT_O4v9A.mp4,Which scientists are mentioned in the video?,d,D,d,1,,,,eagle2_5_8b_videomme_default_uniform16.json,long,OCR Problems
uniform,16,none,1869,,videos/mAwgdX5VxGc.mp4,What is the speaker's opinion on reversing type 2 diabetes?,c,C,c,1,,,,eagle2_5_8b_videomme_default_uniform16.json,long,Object Reasoning
uniform,16,none,1870,,videos/mAwgdX5VxGc.mp4,"What is the order in which the following is introduced in the video?
① Insulin Resistance Explained.
② Case studies.
③ How to Reverse Type 2 Diabetes.",d,B,b,0,,,,eagle2_5_8b_videomme_default_uniform16.json,long,Temporal Reasoning
uniform,16,none,1871,,videos/mAwgdX5VxGc.mp4,What treatment is universally implemented in all the case studies featured in the video?,c,C,c,1,,,,eagle2_5_8b_videomme_default_uniform16.json,long,Object Reasoning
uniform,16,none,1872,,videos/iCQmfRMwHfA.mp4,What is the subject of the video?,b,B,b,1,,,,eagle2_5_8b_videomme_default_uniform16.json,long,Information Synopsis
uniform,16,none,1873,,videos/iCQmfRMwHfA.mp4,What is the speaker's opinion on preventing inflammation and sickness?,d,D,d,1,,,,eagle2_5_8b_videomme_default_uniform16.json,long,Object Reasoning
uniform,16,none,1874,,videos/iCQmfRMwHfA.mp4,What components are the cause of inflammation in the nutritional model developed by the speaker?,d,D,d,1,,,,eagle2_5_8b_videomme_default_uniform16.json,long,Object Recognition
uniform,16,none,1875,,videos/Z4Ug2ONxgYw.mp4,What is the focus of standard thyroid treatment according to the video?,a,C,c,0,,,,eagle2_5_8b_videomme_default_uniform16.json,long,Object Reasoning
uniform,16,none,1876,,videos/Z4Ug2ONxgYw.mp4,What is the suggested treatment for goiter as mentioned in the video?,c,C,c,1,,,,eagle2_5_8b_videomme_default_uniform16.json,long,Object Recognition
uniform,16,none,1877,,videos/Z4Ug2ONxgYw.mp4,"What is the order in which the following is introduced in the video?
① How to cure thyroid when you have auto-immune.
② Stress influence on the production of TSH.
③ Standard Thyroid Treatment.",b,B,b,1,,,,eagle2_5_8b_videomme_default_uniform16.json,long,Temporal Reasoning
uniform,16,none,1878,,videos/yQ6VOOd73MA.mp4,Which subject is NOT involved in the video?,a,A,a,1,,,,eagle2_5_8b_videomme_default_uniform16.json,long,Object Reasoning
uniform,16,none,1879,,videos/yQ6VOOd73MA.mp4,"What is the order in which the following is introduced in the video?
① Sleepwalking and the Brain.
② How Much Control Do We Have of Our Brain?
③ Emotions and the Brain.
④ Creativity and the Brain.",b,A,a,0,,,,eagle2_5_8b_videomme_default_uniform16.json,long,Temporal Reasoning
uniform,16,none,1880,,videos/yQ6VOOd73MA.mp4,Who's in control of our brains in the video?,d,B,b,0,,,,eagle2_5_8b_videomme_default_uniform16.json,long,Object Reasoning
uniform,16,none,1881,,videos/YdMCL9_UTE4.mp4,Which of the following options is not mentioned in the video as influencing their mental resilience?,d,D,d,1,,,,eagle2_5_8b_videomme_default_uniform16.json,long,Object Reasoning
uniform,16,none,1882,,videos/YdMCL9_UTE4.mp4,"In what order are the following introduced in the video?
① Resilience training program.
② The relationship between genetics and stress.
③ The stress's influence on the brain.
④ What does resilient behavior look like.",b,C,c,0,,,,eagle2_5_8b_videomme_default_uniform16.json,long,Temporal Reasoning
uniform,16,none,1883,,videos/YdMCL9_UTE4.mp4,What event is shared by two families as depicted in the video?,b,B,b,1,,,,eagle2_5_8b_videomme_default_uniform16.json,long,Object Reasoning
uniform,16,none,1884,,videos/Z9mOrNcX4j0.mp4,"What is the  order for introducing content in the video?
(a) The excretion process of plants.
(b) Plant adaptability.
(c) The structure of a plant.
(d) The special way of eating of plants.
(e) Photosynthesis.",b,B,b,1,,,,eagle2_5_8b_videomme_default_uniform16.json,long,Temporal Reasoning
uniform,16,none,1885,,videos/Z9mOrNcX4j0.mp4,What is this video mainly about?,d,D,d,1,,,,eagle2_5_8b_videomme_default_uniform16.json,long,Information Synopsis
uniform,16,none,1886,,videos/Z9mOrNcX4j0.mp4,Which small animal appears most frequently in the video?,a,B,b,0,,,,eagle2_5_8b_videomme_default_uniform16.json,long,Object Recognition
uniform,16,none,1887,,videos/BjmPvovl-V4.mp4,What central theme is explored in the video?,b,B,b,1,,,,eagle2_5_8b_videomme_default_uniform16.json,long,Information Synopsis
uniform,16,none,1888,,videos/BjmPvovl-V4.mp4,What kind of experts does Kmele consult in sequence in the video?,c,B,b,0,,,,eagle2_5_8b_videomme_default_uniform16.json,long,Temporal Reasoning
uniform,16,none,1889,,videos/BjmPvovl-V4.mp4,What is Kemle's attitude towards the explanation of consciousness by the experts?,d,D,d,1,,,,eagle2_5_8b_videomme_default_uniform16.json,long,Object Reasoning
uniform,16,none,1890,,videos/pU_yyadYgG8.mp4,How did Yen's appreciation against the US Dollar after the Plaza Accord impact the Japanese economy in the video?,d,C,c,0,,,,eagle2_5_8b_videomme_default_uniform16.json,long,Object Reasoning
uniform,16,none,1891,,videos/pU_yyadYgG8.mp4,How many times did Joeri appear when explaining the situation in the 1990s as described in the video?,a,B,b,0,,,,eagle2_5_8b_videomme_default_uniform16.json,long,Counting Problem
uniform,16,none,1892,,videos/pU_yyadYgG8.mp4,What explanation is given for the fact that the country mainly featured in the video continued to experience deflation in the early 2000s?,b,B,b,1,,,,eagle2_5_8b_videomme_default_uniform16.json,long,Information Synopsis
uniform,16,none,1893,,videos/FQd5bo9nIZs.mp4,"Here are a few sub-titles about this video, what should be the correct order in which they appear in the video?
(1) The money problem.
(2) The Acqusition.
(3) Intermission.
(4) Present day and future.",b,A,a,0,,,,eagle2_5_8b_videomme_default_uniform16.json,long,Temporal Reasoning
uniform,16,none,1894,,videos/FQd5bo9nIZs.mp4,"What does the video focus on in the ""Free?"" chapter?",b,B,b,1,,,,eagle2_5_8b_videomme_default_uniform16.json,long,Information Synopsis
uniform,16,none,1895,,videos/FQd5bo9nIZs.mp4,Which of the following sections most closely relates to the theme of the video?,d,B,b,0,,,,eagle2_5_8b_videomme_default_uniform16.json,long,Object Reasoning
uniform,16,none,1896,,videos/QTyzyP2Afys.mp4,What is the central conflict regarding the main theme of the video presentation?,d,D,d,1,,,,eagle2_5_8b_videomme_default_uniform16.json,long,Information Synopsis
uniform,16,none,1897,,videos/QTyzyP2Afys.mp4,Which of the following best summarizes the core difference between the contrasting viewpoints on the future of Bitcoin in the video?,c,A,a,0,,,,eagle2_5_8b_videomme_default_uniform16.json,long,Information Synopsis
uniform,16,none,1898,,videos/QTyzyP2Afys.mp4,What is the main argument presented by Jordi Visser regarding the volatility of Bitcoin in the video?,b,C,c,0,,,,eagle2_5_8b_videomme_default_uniform16.json,long,Information Synopsis
uniform,16,none,1899,,videos/0ncLRRLvdfk.mp4,How does a thorough comprehension of the first method introduced in the video aid in navigating economic downturns?,c,C,c,1,,,,eagle2_5_8b_videomme_default_uniform16.json,long,Information Synopsis
uniform,16,none,1900,,videos/0ncLRRLvdfk.mp4,"Which of the following options is NOT introduced between the way ""learn to read financial news critically"" and ""utilize gamified learning apps"" in the video?",b,C,c,0,,,,eagle2_5_8b_videomme_default_uniform16.json,long,Temporal Reasoning
uniform,16,none,1901,,videos/0ncLRRLvdfk.mp4,What makes influential financial podcasts a valuable tool for financial education in the video?,b,B,b,1,,,,eagle2_5_8b_videomme_default_uniform16.json,long,Information Synopsis
uniform,16,none,1902,,videos/oue5A-7Hpx4.mp4,What is the core distinction between American Express and companies like Visa and Mastercard as described in the video?,d,D,d,1,,,,eagle2_5_8b_videomme_default_uniform16.json,long,Object Reasoning
uniform,16,none,1903,,videos/oue5A-7Hpx4.mp4,Which of the following is NOT a criticism of the current credit scoring system in the US mentioned in the video?,d,D,d,1,,,,eagle2_5_8b_videomme_default_uniform16.json,long,Information Synopsis
uniform,16,none,1904,,videos/oue5A-7Hpx4.mp4,Which of the following is NOT a significant factor that cause Discover's success in the video?,a,A,a,1,,,,eagle2_5_8b_videomme_default_uniform16.json,long,Information Synopsis
uniform,16,none,1905,,videos/9bbWYVrQgZ8.mp4,Which of the following best summarizes the main concern of those who advocate for a reduction in the balance sheet in the video?,b,A,a,0,,,,eagle2_5_8b_videomme_default_uniform16.json,long,Information Synopsis
uniform,16,none,1906,,videos/9bbWYVrQgZ8.mp4,"According to the video, what is one reason why the relationship between inflation and wage inflation has weakened in recent decades?",d,C,c,0,,,,eagle2_5_8b_videomme_default_uniform16.json,long,Object Reasoning
uniform,16,none,1907,,videos/9bbWYVrQgZ8.mp4,What is the main focus of this video?,a,A,a,1,,,,eagle2_5_8b_videomme_default_uniform16.json,long,Information Synopsis
uniform,16,none,1908,,videos/J5Npf2xJpag.mp4,"According to the given video, what is the main focus of it?",c,C,c,1,,,,eagle2_5_8b_videomme_default_uniform16.json,long,Information Synopsis
uniform,16,none,1909,,videos/J5Npf2xJpag.mp4,Why do the companies featured in the video face challenges when entering the IPO underwriting business?,d,D,d,1,,,,eagle2_5_8b_videomme_default_uniform16.json,long,Information Synopsis
uniform,16,none,1910,,videos/J5Npf2xJpag.mp4,How did the collapse of Long Term Capital Management (LTCM) affect Goldman Sachs in the video?,c,C,c,1,,,,eagle2_5_8b_videomme_default_uniform16.json,long,Object Reasoning
uniform,16,none,1911,,videos/mzoX7zEZ6h4.mp4,Which of the following is NOT one of the primary methods to reach the theme introduced in the video?,c,C,c,1,,,,eagle2_5_8b_videomme_default_uniform16.json,long,Information Synopsis
uniform,16,none,1912,,videos/mzoX7zEZ6h4.mp4,What is the main focus of this video?,a,A,a,1,,,,eagle2_5_8b_videomme_default_uniform16.json,long,Information Synopsis
uniform,16,none,1913,,videos/mzoX7zEZ6h4.mp4,What does the video identify as a significant consequence of central bank interventions like quantitative easing?,d,D,d,1,,,,eagle2_5_8b_videomme_default_uniform16.json,long,Object Reasoning
uniform,16,none,1914,,videos/PHe0bXAIuk0.mp4,What is the main focus of this video?,a,A,a,1,,,,eagle2_5_8b_videomme_default_uniform16.json,long,Information Synopsis
uniform,16,none,1915,,videos/PHe0bXAIuk0.mp4,How does the phenomenon mainly introduced in the video happen?,d,D,d,1,,,,eagle2_5_8b_videomme_default_uniform16.json,long,Object Reasoning
uniform,16,none,1916,,videos/PHe0bXAIuk0.mp4,"According to the video, what is the primary factor that distinguishes a recession from a deleveraging?",d,A,a,0,,,,eagle2_5_8b_videomme_default_uniform16.json,long,Object Reasoning
uniform,16,none,1917,,videos/W-Q9AOp2FW8.mp4,"What was the primary purpose of the gathering in Boca Raton, Florida in 1994, highlighted at the beginning of the video?",b,A,a,0,,,,eagle2_5_8b_videomme_default_uniform16.json,long,Object Reasoning
uniform,16,none,1918,,videos/W-Q9AOp2FW8.mp4,"What concern did Terri Duhon and her team have regarding the expanding credit derivatives market, particularly in the context of mortgages in the video?",b,B,b,1,,,,eagle2_5_8b_videomme_default_uniform16.json,long,Object Reasoning
uniform,16,none,1919,,videos/W-Q9AOp2FW8.mp4,What is the main focus of this video?,b,B,b,1,,,,eagle2_5_8b_videomme_default_uniform16.json,long,Information Synopsis
uniform,16,none,1920,,videos/rD5oDjk3IOU.mp4,What future human activity does the video discuss?,a,D,d,0,,,,eagle2_5_8b_videomme_default_uniform16.json,long,Object Reasoning
uniform,16,none,1921,,videos/rD5oDjk3IOU.mp4,In what order are the following planets introduced in the video?,a,A,a,1,,,,eagle2_5_8b_videomme_default_uniform16.json,long,Temporal Reasoning
uniform,16,none,1922,,videos/rD5oDjk3IOU.mp4,What are the planets that Dr.David Grinspoon and Dr. Heidi B. Hammel research?,b,D,d,0,,,,eagle2_5_8b_videomme_default_uniform16.json,long,Object Reasoning
uniform,16,none,1923,,videos/lAgwMGRvJrM.mp4,What subject is central to the content of the video?,b,B,b,1,,,,eagle2_5_8b_videomme_default_uniform16.json,long,Information Synopsis
uniform,16,none,1924,,videos/lAgwMGRvJrM.mp4,"What is the order in which the following is introduced in the video?
① SN-1987A
② Type 1a Supernova
③ Kilonova",c,C,c,1,,,,eagle2_5_8b_videomme_default_uniform16.json,long,Temporal Reasoning
uniform,16,none,1925,,videos/lAgwMGRvJrM.mp4,What was Fritz Zwicky's significant contribution as highlighted in the video?,d,C,c,0,,,,eagle2_5_8b_videomme_default_uniform16.json,long,Object Reasoning
uniform,16,none,1926,,videos/Ei-TcECJVXU.mp4,What is the core focus of the video?,a,A,a,1,,,,eagle2_5_8b_videomme_default_uniform16.json,long,Information Synopsis
uniform,16,none,1927,,videos/Ei-TcECJVXU.mp4,Which of the following subjects is not discussed in the video?,d,A,a,0,,,,eagle2_5_8b_videomme_default_uniform16.json,long,Object Recognition
uniform,16,none,1928,,videos/Ei-TcECJVXU.mp4,"What is the order in which the following is introduced in the video?
① How to supply oxygen
② The motion of ISS
③ Fireflies on ISS
④ The communication between ISS and The Earth",c,B,b,0,,,,eagle2_5_8b_videomme_default_uniform16.json,long,Temporal Reasoning
uniform,16,none,1929,,videos/EVBCLAaflaw.mp4,What topic is discussed in the video?,c,C,c,1,,,,eagle2_5_8b_videomme_default_uniform16.json,long,Object Recognition
uniform,16,none,1930,,videos/EVBCLAaflaw.mp4,What are the views of the individuals interviewed regarding the potential existence of extraterrestrial life in the universe?,b,B,b,1,,,,eagle2_5_8b_videomme_default_uniform16.json,long,Object Reasoning
uniform,16,none,1931,,videos/EVBCLAaflaw.mp4,"When will we likely discover alien life, as anticipated by the white-haired speaker in the video's opening and closing?",b,B,b,1,,,,eagle2_5_8b_videomme_default_uniform16.json,long,Object Reasoning
uniform,16,none,1932,,videos/c08Zzc0xepI.mp4,What is the central theme of the video?,a,A,a,1,,,,eagle2_5_8b_videomme_default_uniform16.json,long,Information Synopsis
uniform,16,none,1933,,videos/c08Zzc0xepI.mp4,How does the video describe the methods being used by physicists to support the theory of parallel universes?,a,A,a,1,,,,eagle2_5_8b_videomme_default_uniform16.json,long,Object Recognition
uniform,16,none,1934,,videos/c08Zzc0xepI.mp4,What is the view of the white interviewee in the video wearing sunglasses on whether there are parallel universes?,c,C,c,1,,,,eagle2_5_8b_videomme_default_uniform16.json,long,Object Recognition
uniform,16,none,1935,,videos/5iA7wZfxglE.mp4,"What is the order in which the following is introduced in the video?
① Lambda-Cold Dark Matter Model
② The Bullet Cluster
③ Annihilation Detection
④ Dark Energy",b,B,b,1,,,,eagle2_5_8b_videomme_default_uniform16.json,long,Temporal Reasoning
uniform,16,none,1936,,videos/5iA7wZfxglE.mp4,Which is mentioned in the video as the second line of evidence for dark matter?,c,A,a,0,,,,eagle2_5_8b_videomme_default_uniform16.json,long,Object Reasoning
uniform,16,none,1937,,videos/5iA7wZfxglE.mp4,Which of the following topics is not discussed in detail in the video?,d,D,d,1,,,,eagle2_5_8b_videomme_default_uniform16.json,long,Object Recognition
uniform,16,none,1938,,videos/0w4OTD4L0GQ.mp4,"What is the order in which the following is introduced in the video?
① Our Local Universe
② The Zone of Avoidance
③ Dark Flow
④ The Vela Supercluster",d,B,b,0,,,,eagle2_5_8b_videomme_default_uniform16.json,long,Temporal Reasoning
uniform,16,none,1939,,videos/0w4OTD4L0GQ.mp4,"What is the ""Great Attractor"" according to the video?",b,B,b,1,,,,eagle2_5_8b_videomme_default_uniform16.json,long,Object Reasoning
uniform,16,none,1940,,videos/0w4OTD4L0GQ.mp4,What aspect is NOT described in the video?,a,A,a,1,,,,eagle2_5_8b_videomme_default_uniform16.json,long,Object Reasoning
uniform,16,none,1941,,videos/4iC9Qi3y9q8.mp4,Which concept is not described in the video?,d,D,d,1,,,,eagle2_5_8b_videomme_default_uniform16.json,long,OCR Problems
uniform,16,none,1942,,videos/4iC9Qi3y9q8.mp4,"In which sequence are the following introduced in the video?
① The Big Bang
② The Hubble Telescope
③ Redshift
④ Dark Energy",b,A,a,0,,,,eagle2_5_8b_videomme_default_uniform16.json,long,Temporal Reasoning
uniform,16,none,1943,,videos/4iC9Qi3y9q8.mp4,What does the video state about the total area of the universe?,c,C,c,1,,,,eagle2_5_8b_videomme_default_uniform16.json,long,OCR Problems
uniform,16,none,1944,,videos/mvpbZGwZ6_4.mp4,What event is the video primarily discussing?,a,A,a,1,,,,eagle2_5_8b_videomme_default_uniform16.json,long,Information Synopsis
uniform,16,none,1945,,videos/mvpbZGwZ6_4.mp4,What conclusions can be made about the special machine's impact on astronomical measurements from the video?,c,C,c,1,,,,eagle2_5_8b_videomme_default_uniform16.json,long,Object Reasoning
uniform,16,none,1946,,videos/mvpbZGwZ6_4.mp4,"Based on the video, what can be inferred about astronomers' reactions to the observations?",b,B,b,1,,,,eagle2_5_8b_videomme_default_uniform16.json,long,Action Reasoning
uniform,16,none,1947,,videos/55Jas5HrzcQ.mp4,What milestone was described in the video?,c,C,c,1,,,,eagle2_5_8b_videomme_default_uniform16.json,long,Object Reasoning
uniform,16,none,1948,,videos/55Jas5HrzcQ.mp4,What missions have encountered the failures detailed in the video?,a,A,a,1,,,,eagle2_5_8b_videomme_default_uniform16.json,long,OCR Problems
uniform,16,none,1949,,videos/55Jas5HrzcQ.mp4,"After the first successful moon landing, what challenge did NASA's Apollo Program face?",a,A,a,1,,,,eagle2_5_8b_videomme_default_uniform16.json,long,Object Reasoning
uniform,16,none,1950,,videos/Pfyx5bEZK80.mp4,"In line with the video evidence, which of the following reasons does not lead humpback whales to come to Hawaii to breed and nurse the young?",c,C,c,1,,,,eagle2_5_8b_videomme_default_uniform16.json,long,Object Reasoning
uniform,16,none,1951,,videos/Pfyx5bEZK80.mp4,What is the main idea of Dr. Sam Ohhugan's words?,a,D,d,0,,,,eagle2_5_8b_videomme_default_uniform16.json,long,Action Reasoning
uniform,16,none,1952,,videos/Pfyx5bEZK80.mp4,How was Nahuku formed according to the video?,b,B,b,1,,,,eagle2_5_8b_videomme_default_uniform16.json,long,Object Reasoning
uniform,16,none,1953,,videos/K0m4xAfTVwM.mp4,"According to the video, why did the scientist mention the way a star explodes?",c,C,c,1,,,,eagle2_5_8b_videomme_default_uniform16.json,long,Action Reasoning
uniform,16,none,1954,,videos/K0m4xAfTVwM.mp4,What is the rocket's main function according to the video?,a,D,d,0,,,,eagle2_5_8b_videomme_default_uniform16.json,long,Object Reasoning
uniform,16,none,1955,,videos/K0m4xAfTVwM.mp4,"According to Green's research,  what is the benefit that lightning brings to us?",c,C,c,1,,,,eagle2_5_8b_videomme_default_uniform16.json,long,Information Synopsis
uniform,16,none,1956,,videos/YtAL8y2lACs.mp4,How many people does the Ross Ice Shelf team consist of?,c,B,b,0,,,,eagle2_5_8b_videomme_default_uniform16.json,long,Counting Problem
uniform,16,none,1957,,videos/YtAL8y2lACs.mp4,Why was the team so cautious upon the helicopter's landing?,c,C,c,1,,,,eagle2_5_8b_videomme_default_uniform16.json,long,Action Reasoning
uniform,16,none,1958,,videos/YtAL8y2lACs.mp4,"In line with the video evidence, how do the fractures form?",d,D,d,1,,,,eagle2_5_8b_videomme_default_uniform16.json,long,Object Reasoning
uniform,16,none,1959,,videos/HvKpnaXYUPU.mp4,"Based on the information provided by the video, which of the following elements takes part in the formation of the Yamal Crater?",c,B,b,0,,,,eagle2_5_8b_videomme_default_uniform16.json,long,Object Reasoning
uniform,16,none,1960,,videos/HvKpnaXYUPU.mp4,How many cases are cited in the video to illustrate the craters caused by excessive methane in permafrost?,c,C,c,1,,,,eagle2_5_8b_videomme_default_uniform16.json,long,Counting Problem
uniform,16,none,1961,,videos/HvKpnaXYUPU.mp4,Which of the following techniques was not used in the research of Esieh Lake?,b,B,b,1,,,,eagle2_5_8b_videomme_default_uniform16.json,long,Object Recognition
uniform,16,none,1962,,videos/PXxscnWG8QA.mp4,What did Masu misunderstand according to the video?,b,B,b,1,,,,eagle2_5_8b_videomme_default_uniform16.json,long,Action Reasoning
uniform,16,none,1963,,videos/PXxscnWG8QA.mp4,"As depicted in the video, which of the following elements was not one of the causes of such a great loss in Hilo island in 1960?",c,B,b,0,,,,eagle2_5_8b_videomme_default_uniform16.json,long,Object Reasoning
uniform,16,none,1964,,videos/PXxscnWG8QA.mp4,What triggered the 1958 tsunami in Lituya Bay according to the video?,b,B,b,1,,,,eagle2_5_8b_videomme_default_uniform16.json,long,Object Reasoning
uniform,16,none,1965,,videos/iOjmy8zkDGQ.mp4,What is true about the theory of the formation of the earth that NASA believes in?,d,C,c,0,,,,eagle2_5_8b_videomme_default_uniform16.json,long,Attribute Perception
uniform,16,none,1966,,videos/iOjmy8zkDGQ.mp4,What is the metaphor for a double-barreled shotgun according to the video?,a,B,b,0,,,,eagle2_5_8b_videomme_default_uniform16.json,long,Object Reasoning
uniform,16,none,1967,,videos/iOjmy8zkDGQ.mp4,What is the primary focus of the video?,b,B,b,1,,,,eagle2_5_8b_videomme_default_uniform16.json,long,Information Synopsis
uniform,16,none,1968,,videos/74TEQfw6L60.mp4,How were the Sawtooth ranges formed?,d,D,d,1,,,,eagle2_5_8b_videomme_default_uniform16.json,long,Action Recognition
uniform,16,none,1969,,videos/74TEQfw6L60.mp4,What evidence indicates that the mountain is still growing?,d,C,c,0,,,,eagle2_5_8b_videomme_default_uniform16.json,long,Attribute Perception
uniform,16,none,1970,,videos/74TEQfw6L60.mp4,"According to the video, what potential changes might occur over tens of millions of years?",b,B,b,1,,,,eagle2_5_8b_videomme_default_uniform16.json,long,Object Reasoning
uniform,16,none,1971,,videos/Ry2dJuJ-9UE.mp4,"In line with the video evidence, what occurred within the lava as its outer layer solidified into rock?",a,A,a,1,,,,eagle2_5_8b_videomme_default_uniform16.json,long,Action Recognition
uniform,16,none,1972,,videos/Ry2dJuJ-9UE.mp4,Which element has the highest peak in the spectra of sample token by Dr. Rudy Reimer?,b,C,c,0,,,,eagle2_5_8b_videomme_default_uniform16.json,long,Attribute Perception
uniform,16,none,1973,,videos/Ry2dJuJ-9UE.mp4,"Based on the video, which of the following statements regarding the algae sample token near a volcanic hot spring is false?",d,D,d,1,,,,eagle2_5_8b_videomme_default_uniform16.json,long,Object Reasoning
uniform,16,none,1974,,videos/K946mptgzTU.mp4,"According to the video, what is Chimeya famous for?",c,C,c,1,,,,eagle2_5_8b_videomme_default_uniform16.json,long,Object Reasoning
uniform,16,none,1975,,videos/K946mptgzTU.mp4,"According to the video, what is the primary reason for the appearance of giraffe images on the rocks in the deep desert?",c,D,d,0,,,,eagle2_5_8b_videomme_default_uniform16.json,long,Object Reasoning
uniform,16,none,1976,,videos/K946mptgzTU.mp4,"According to the video, why does the caravan drop off hay along the way?",b,B,b,1,,,,eagle2_5_8b_videomme_default_uniform16.json,long,Action Reasoning
uniform,16,none,1977,,videos/7MFKy7DJsCY.mp4,What specific evidence is presented to support the claim that the Maya in the Yucatan were more advanced than previously believed?,d,C,c,0,,,,eagle2_5_8b_videomme_default_uniform16.json,long,Object Reasoning
uniform,16,none,1978,,videos/7MFKy7DJsCY.mp4,"What evidence suggests that the Maya at ""Stairway to Heaven"" were wealthy plantation owners?",d,D,d,1,,,,eagle2_5_8b_videomme_default_uniform16.json,long,Object Reasoning
uniform,16,none,1979,,videos/7MFKy7DJsCY.mp4,What does the discovery of the feathered serpent carvings at the city of Uxmal suggest about the Maya civilization of the Yucatan?,b,B,b,1,,,,eagle2_5_8b_videomme_default_uniform16.json,long,Object Reasoning
uniform,16,none,1980,,videos/CoPfYGgzCkM.mp4,What is the main content introduced in the video?,b,D,d,0,,,,eagle2_5_8b_videomme_default_uniform16.json,long,Information Synopsis
uniform,16,none,1981,,videos/CoPfYGgzCkM.mp4,In what circumstances was the museum depicted in the video bombed?,c,C,c,1,,,,eagle2_5_8b_videomme_default_uniform16.json,long,Spatial Reasoning
uniform,16,none,1982,,videos/CoPfYGgzCkM.mp4,What is the order in which the restrictions on the use of weapons under international law are introduced in the video?,a,A,a,1,,,,eagle2_5_8b_videomme_default_uniform16.json,long,Temporal Reasoning
uniform,16,none,1983,,videos/oT1irsG3wE0.mp4,What is the main content introduced in the video?,d,D,d,1,,,,eagle2_5_8b_videomme_default_uniform16.json,long,Information Synopsis
uniform,16,none,1984,,videos/oT1irsG3wE0.mp4,What is the main message of the caller in the 911 recordings that appear in the video?,b,B,b,1,,,,eagle2_5_8b_videomme_default_uniform16.json,long,Object Reasoning
uniform,16,none,1985,,videos/oT1irsG3wE0.mp4,Under what circumstances can Chad Doerman be sentenced to death?,c,C,c,1,,,,eagle2_5_8b_videomme_default_uniform16.json,long,Spatial Reasoning
uniform,16,none,1986,,videos/eqJPDJr_irE.mp4,What does the man in the first case in the video go to jail for?,a,B,b,0,,,,eagle2_5_8b_videomme_default_uniform16.json,long,Action Reasoning
uniform,16,none,1987,,videos/eqJPDJr_irE.mp4,What does the lady in the first case in the video do?,d,D,d,1,,,,eagle2_5_8b_videomme_default_uniform16.json,long,Action Reasoning
uniform,16,none,1988,,videos/eqJPDJr_irE.mp4,What is the main focus of the argument in the second case based on the content of the video?,b,B,b,1,,,,eagle2_5_8b_videomme_default_uniform16.json,long,Information Synopsis
uniform,16,none,1989,,videos/x1qEBVBxE10.mp4,What is the video mainly about?,c,C,c,1,,,,eagle2_5_8b_videomme_default_uniform16.json,long,Information Synopsis
uniform,16,none,1990,,videos/x1qEBVBxE10.mp4,Who is the biological father of the girl in the second case in the video?,a,D,d,0,,,,eagle2_5_8b_videomme_default_uniform16.json,long,Object Reasoning
uniform,16,none,1991,,videos/x1qEBVBxE10.mp4,What is the view held by the female witness present in the first case in the video?,d,C,c,0,,,,eagle2_5_8b_videomme_default_uniform16.json,long,Object Reasoning
uniform,16,none,1992,,videos/SfZrnoo1GPM.mp4,What is the central focus of the main plot discussed by the two hosts in the video about the film?,b,A,a,0,,,,eagle2_5_8b_videomme_default_uniform16.json,long,Information Synopsis
uniform,16,none,1993,,videos/SfZrnoo1GPM.mp4,What does code red refer to in the film plot in the video?,c,C,c,1,,,,eagle2_5_8b_videomme_default_uniform16.json,long,Object Reasoning
uniform,16,none,1994,,videos/SfZrnoo1GPM.mp4,Which two people are the main focus of conflict in the film's plot in the second half of the video?,a,A,a,1,,,,eagle2_5_8b_videomme_default_uniform16.json,long,Object Reasoning
uniform,16,none,1995,,videos/mzvHYBgD-tI.mp4,Which of the following is not discussed by the presenter in the video?,d,B,b,0,,,,eagle2_5_8b_videomme_default_uniform16.json,long,Action Recognition
uniform,16,none,1996,,videos/mzvHYBgD-tI.mp4,"In the video, how did the defense lawyer prove that there was something wrong with the surveillance video in the movie plot?",b,A,a,0,,,,eagle2_5_8b_videomme_default_uniform16.json,long,Action Reasoning
uniform,16,none,1997,,videos/mzvHYBgD-tI.mp4,What efforts were made by the defence lawyers in the last trial in the video?,c,C,c,1,,,,eagle2_5_8b_videomme_default_uniform16.json,long,Object Reasoning
uniform,16,none,1998,,videos/AFFZjzuAHMg.mp4,"In the bar scene of the movie, what item does the policeman present as evidence of the arrested person's suspicion, found in the car?",a,B,b,0,,,,eagle2_5_8b_videomme_default_uniform16.json,long,Spatial Reasoning
uniform,16,none,1999,,videos/AFFZjzuAHMg.mp4,Which case is the main story about in the plot of the movie explained by the host in the video?,d,A,a,0,,,,eagle2_5_8b_videomme_default_uniform16.json,long,Spatial Reasoning
uniform,16,none,2000,,videos/AFFZjzuAHMg.mp4,Which of the following is the correct order of events in the video?,b,B,b,1,,,,eagle2_5_8b_videomme_default_uniform16.json,long,Temporal Reasoning
uniform,16,none,2001,,videos/C6aeL83z_9Y.mp4,What content does the video mainly focus on?,c,C,c,1,,,,eagle2_5_8b_videomme_default_uniform16.json,long,Information Synopsis
uniform,16,none,2002,,videos/C6aeL83z_9Y.mp4,What is the point of the video trying to discuss about the NFT by purchasing the example of Ford signing a purchase contract with an athlete?,a,B,b,0,,,,eagle2_5_8b_videomme_default_uniform16.json,long,Object Reasoning
uniform,16,none,2003,,videos/C6aeL83z_9Y.mp4,Which of the following options correctly sorts the order in which events appear in the video?,d,D,d,1,,,,eagle2_5_8b_videomme_default_uniform16.json,long,Temporal Reasoning
uniform,16,none,2004,,videos/g1VFfVsZt7w.mp4,How is the main content of the video presented?,b,B,b,1,,,,eagle2_5_8b_videomme_default_uniform16.json,long,Spatial Reasoning
uniform,16,none,2005,,videos/g1VFfVsZt7w.mp4,What character in the courtroom is the man with the gun trying to assassinate the prosecutor in the film clip at the very beginning of the video?,c,B,b,0,,,,eagle2_5_8b_videomme_default_uniform16.json,long,Object Reasoning
uniform,16,none,2006,,videos/g1VFfVsZt7w.mp4,What is the issue that the prosecution and defence sit down to discuss in the episode of the film at the end of the video?,a,D,d,0,,,,eagle2_5_8b_videomme_default_uniform16.json,long,Object Reasoning
uniform,16,none,2007,,videos/P6Q7bQTnrjk.mp4,What is the main case presented in the video?,d,C,c,0,,,,eagle2_5_8b_videomme_default_uniform16.json,long,Information Synopsis
uniform,16,none,2008,,videos/P6Q7bQTnrjk.mp4,Who were the individuals in the video who were subsequently arrested for child abuse?,b,D,d,0,,,,eagle2_5_8b_videomme_default_uniform16.json,long,Object Reasoning
uniform,16,none,2009,,videos/P6Q7bQTnrjk.mp4,What is the motivation behind Ruby Frank's unsolicited plea as mentioned in the video?,c,A,a,0,,,,eagle2_5_8b_videomme_default_uniform16.json,long,Object Reasoning
uniform,16,none,2010,,videos/HnS87Tw4amM.mp4,What is the central theme of the video?,b,B,b,1,,,,eagle2_5_8b_videomme_default_uniform16.json,long,Information Synopsis
uniform,16,none,2011,,videos/HnS87Tw4amM.mp4,"In which order are the following steps introduced in this video?
(a) Removing a washing machine door seal.
(b) Astonishing Results of the beach on the washing machine door seal.
(c) Washing machine hoses to clean to remove Mold Mildew fungus.
(d) Cleaning mold out of soap draw.",c,A,a,0,,,,eagle2_5_8b_videomme_default_uniform16.json,long,Temporal Reasoning
uniform,16,none,2012,,videos/HnS87Tw4amM.mp4,How and why does the water filled in the drum change color?,a,A,a,1,,,,eagle2_5_8b_videomme_default_uniform16.json,long,Object Reasoning
uniform,16,none,2013,,videos/Vu_NnDWxKY4.mp4,What is the primary subject matter of the video?,a,C,c,0,,,,eagle2_5_8b_videomme_default_uniform16.json,long,Information Synopsis
uniform,16,none,2014,,videos/Vu_NnDWxKY4.mp4,"In which order are the following poses introduced in this video?
(a) Reclining butterfly pose.
(b) Downward facing dog.
(c) Camel pose.
(d) Seated chair twist.",d,A,a,0,,,,eagle2_5_8b_videomme_default_uniform16.json,long,Temporal Reasoning
uniform,16,none,2015,,videos/Vu_NnDWxKY4.mp4,From which pose does there come a cat?,b,C,c,0,,,,eagle2_5_8b_videomme_default_uniform16.json,long,Temporal Perception
uniform,16,none,2016,,videos/0Jbc3Ah4EIc.mp4,What is the main topic of the video?,d,B,b,0,,,,eagle2_5_8b_videomme_default_uniform16.json,long,Information Synopsis
uniform,16,none,2017,,videos/0Jbc3Ah4EIc.mp4,"In which order are the following tips introduced in this video?
(a) Tracking daily data of the body
(b) Emphasizing the importance of time and priority.
(c) Building a personalised meal plan.
(d) Creating a caloric deficit.",b,B,b,1,,,,eagle2_5_8b_videomme_default_uniform16.json,long,Temporal Reasoning
uniform,16,none,2018,,videos/0Jbc3Ah4EIc.mp4,Which of the following functions can not the app provide according to this video?,c,C,c,1,,,,eagle2_5_8b_videomme_default_uniform16.json,long,Object Reasoning
uniform,16,none,2019,,videos/gKjpYd1Ogwg.mp4,What is the main topic of the video?,c,B,b,0,,,,eagle2_5_8b_videomme_default_uniform16.json,long,Information Synopsis
uniform,16,none,2020,,videos/gKjpYd1Ogwg.mp4,"In what sequence are the following contents introduced in this video?
(a) Different types of yaku.
(b) Different types of tiles.
(c) The strategies to complete a winning hand quickly.
(d) How to create a winning hand.",a,B,b,0,,,,eagle2_5_8b_videomme_default_uniform16.json,long,Temporal Reasoning
uniform,16,none,2021,,videos/gKjpYd1Ogwg.mp4,Which of the following yaku does the example round one have according to this video?,b,A,a,0,,,,eagle2_5_8b_videomme_default_uniform16.json,long,Object Recognition
uniform,16,none,2022,,videos/lVeNTofDB2k.mp4,What is the main topic about the video?,b,C,c,0,,,,eagle2_5_8b_videomme_default_uniform16.json,long,Information Synopsis
uniform,16,none,2023,,videos/lVeNTofDB2k.mp4,"In which order are the following types of coffee made in this video?
(a) Espresso, Manual.
(b) Piccolo Latte.
(c) Dirty Chai.
(d) Vienna Coffee.",c,C,c,1,,,,eagle2_5_8b_videomme_default_uniform16.json,long,Temporal Reasoning
uniform,16,none,2024,,videos/lVeNTofDB2k.mp4,Which of the following item is not the difference when making Macchiato and Latte Macchiato according to the video?,a,B,b,0,,,,eagle2_5_8b_videomme_default_uniform16.json,long,Object Reasoning
uniform,16,none,2025,,videos/YPzzGPXW8fs.mp4,What is the primary subject matter of the video?,d,D,d,1,,,,eagle2_5_8b_videomme_default_uniform16.json,long,Information Synopsis
uniform,16,none,2026,,videos/YPzzGPXW8fs.mp4,"In which order are the following steps introduced in this video?
(a) Solving the middle layer.
(b) Matching corner pieces with the center.
(c) Solving the yellow.
(d) Solving the white.
(e) Solving the cube.",b,B,b,1,,,,eagle2_5_8b_videomme_default_uniform16.json,long,Temporal Reasoning
uniform,16,none,2027,,videos/YPzzGPXW8fs.mp4,Which of the following steps has the most scenarios during the demonstration according to the video?,d,B,b,0,,,,eagle2_5_8b_videomme_default_uniform16.json,long,Object Reasoning
uniform,16,none,2028,,videos/MYxL_JLseC8.mp4,What is the central content of the video?,a,A,a,1,,,,eagle2_5_8b_videomme_default_uniform16.json,long,Information Synopsis
uniform,16,none,2029,,videos/MYxL_JLseC8.mp4,"In what sequence are the following topics introduced in this video?
(a) Different types of grills.
(b) Venting.
(c) Lighting considerations.
(d) Cooking options.
(e) Outdoor kitchen configurations.",d,A,a,0,,,,eagle2_5_8b_videomme_default_uniform16.json,long,Temporal Reasoning
uniform,16,none,2030,,videos/MYxL_JLseC8.mp4,What configuration type is the demonstration of Decton after the professor introduces the topic of materials?,b,D,d,0,,,,eagle2_5_8b_videomme_default_uniform16.json,long,Object Reasoning
uniform,16,none,2031,,videos/B0-7MeWA2aI.mp4,What is the main topic about the video?,c,C,c,1,,,,eagle2_5_8b_videomme_default_uniform16.json,long,Information Synopsis
uniform,16,none,2032,,videos/B0-7MeWA2aI.mp4,"In which order are the following topics introduced in this video?
(a) How to design clothing.
(b) How to create a logo.
(c) How to start an online store or website for free.
(d) How to market and get sales.",a,A,a,1,,,,eagle2_5_8b_videomme_default_uniform16.json,long,Temporal Reasoning
uniform,16,none,2033,,videos/B0-7MeWA2aI.mp4,"As depicted in this video, which of the following websites can help promote selling?",a,A,a,1,,,,eagle2_5_8b_videomme_default_uniform16.json,long,OCR Problems
uniform,16,none,2034,,videos/z7SoAIq20lA.mp4,What is the central theme of the video?,b,B,b,1,,,,eagle2_5_8b_videomme_default_uniform16.json,long,Information Synopsis
uniform,16,none,2035,,videos/z7SoAIq20lA.mp4,"In which order do the following steps are introduced when manipulating the first image in this video?
(a) Adding more control points.
(b) Global adjustments
(c) Launching Nik Viveza.
(d) Adjusting green",c,C,c,1,,,,eagle2_5_8b_videomme_default_uniform16.json,long,Temporal Reasoning
uniform,16,none,2036,,videos/z7SoAIq20lA.mp4,How many different pictures are edited in this video?,a,B,b,0,,,,eagle2_5_8b_videomme_default_uniform16.json,long,Counting Problem
uniform,16,none,2037,,videos/y2kg3MOk1sY.mp4,What is the main topic about the video?,d,D,d,1,,,,eagle2_5_8b_videomme_default_uniform16.json,long,Information Synopsis
uniform,16,none,2038,,videos/y2kg3MOk1sY.mp4,"In what sequence are the following topics introduced in this video?
(a) Internet Safety: Your Browser's Security Features.
(b) Basic Parts of a Computer.
(c) Mac OS X Basics: Getting Started with the Desktop
(d) Understanding Operating Systems",b,B,b,1,,,,eagle2_5_8b_videomme_default_uniform16.json,long,Temporal Reasoning
uniform,16,none,2039,,videos/y2kg3MOk1sY.mp4,"According to this video, what can people do if they lose their important files on the computers?",c,C,c,1,,,,eagle2_5_8b_videomme_default_uniform16.json,long,Action Reasoning
uniform,16,none,2040,,videos/AF8d72mA41M.mp4,What can't you learn from the video?,a,D,d,0,,,,eagle2_5_8b_videomme_default_uniform16.json,long,Object Reasoning
uniform,16,none,2041,,videos/AF8d72mA41M.mp4,"According to the video, which statement is correct?",c,C,c,1,,,,eagle2_5_8b_videomme_default_uniform16.json,long,Information Synopsis
uniform,16,none,2042,,videos/AF8d72mA41M.mp4,When was the first blue LED created in the video?,b,B,b,1,,,,eagle2_5_8b_videomme_default_uniform16.json,long,Temporal Reasoning
uniform,16,none,2043,,videos/eKVTFXQPAhs.mp4,"Assuming different models such as the S6 and S6 Edge are considered one generation, how many generations of Samsung Galaxy S series phones are shown in the video?",b,D,d,0,,,,eagle2_5_8b_videomme_default_uniform16.json,long,Counting Problem
uniform,16,none,2044,,videos/eKVTFXQPAhs.mp4,Which phone characteristic and model pairing is incorrect from the following options?,c,C,c,1,,,,eagle2_5_8b_videomme_default_uniform16.json,long,Object Reasoning
uniform,16,none,2045,,videos/eKVTFXQPAhs.mp4,What color was the back cover of the previous generation Galaxy S phone of the phone with the most expensive starting price shown in the video?,b,B,b,1,,,,eagle2_5_8b_videomme_default_uniform16.json,long,Temporal Reasoning
uniform,16,none,2046,,videos/U9mJuUkhUzk.mp4,Which of the following statements about the first cilp of the video presented by the speaker is incorrect?,b,A,a,0,,,,eagle2_5_8b_videomme_default_uniform16.json,long,Information Synopsis
uniform,16,none,2047,,videos/U9mJuUkhUzk.mp4,What can you do with GPT-4 Turbo as described in the video?,a,D,d,0,,,,eagle2_5_8b_videomme_default_uniform16.json,long,Object Reasoning
uniform,16,none,2048,,videos/U9mJuUkhUzk.mp4,Which of the following can best summarize the video?,a,A,a,1,,,,eagle2_5_8b_videomme_default_uniform16.json,long,Information Synopsis
uniform,16,none,2049,,videos/NCNeFSJexSY.mp4,What does this video about?,c,C,c,1,,,,eagle2_5_8b_videomme_default_uniform16.json,long,Information Synopsis
uniform,16,none,2050,,videos/NCNeFSJexSY.mp4,Which direction is the narrator in the red facing in relation to the narrator in green?,a,C,c,0,,,,eagle2_5_8b_videomme_default_uniform16.json,long,Spatial Perception
uniform,16,none,2051,,videos/NCNeFSJexSY.mp4,How were the recurring short video clips captured in the video?,a,A,a,1,,,,eagle2_5_8b_videomme_default_uniform16.json,long,Action Reasoning
uniform,16,none,2052,,videos/nVtb2vNUOdU.mp4,What's the main thing this video documents?,c,C,c,1,,,,eagle2_5_8b_videomme_default_uniform16.json,long,Information Synopsis
uniform,16,none,2053,,videos/nVtb2vNUOdU.mp4,"What is the correct order of the video to explain the following events?
(a) History.
(b) Alexnet.
(c) CUDA.
(d) Team Management.",d,B,b,0,,,,eagle2_5_8b_videomme_default_uniform16.json,long,Temporal Reasoning
uniform,16,none,2054,,videos/nVtb2vNUOdU.mp4,What type of video game was not mentioned in the introduction of the NVIDIA V1?,a,B,b,0,,,,eagle2_5_8b_videomme_default_uniform16.json,long,Action Recognition
uniform,16,none,2055,,videos/8IZvEF4Ui10.mp4,Which component in the chassis has the most distinct color from the others?,b,A,a,0,,,,eagle2_5_8b_videomme_default_uniform16.json,long,Object Reasoning
uniform,16,none,2056,,videos/8IZvEF4Ui10.mp4,"What is the installation order for the following components in the video?
(a) Motherboard.
(b) Water cooling.
(c) Power supply.
(d) Bus.",d,A,a,0,,,,eagle2_5_8b_videomme_default_uniform16.json,long,Temporal Reasoning
uniform,16,none,2057,,videos/8IZvEF4Ui10.mp4,Why is the author playing a video game at the end of the video?,a,A,a,1,,,,eagle2_5_8b_videomme_default_uniform16.json,long,Action Reasoning
uniform,16,none,2058,,videos/yGiM3kD12cU.mp4,Which car was the first to be designed with an automobile roof?,a,C,c,0,,,,eagle2_5_8b_videomme_default_uniform16.json,long,Attribute Perception
uniform,16,none,2059,,videos/yGiM3kD12cU.mp4,What type of Bugatti does the video devote the most space to?,b,B,b,1,,,,eagle2_5_8b_videomme_default_uniform16.json,long,Temporal Perception
uniform,16,none,2060,,videos/yGiM3kD12cU.mp4,"According to the video, how many cars have broken 300 mph top speed?",d,B,b,0,,,,eagle2_5_8b_videomme_default_uniform16.json,long,Counting Problem
uniform,16,none,2061,,videos/j0J-favyUeQ.mp4,What is the main focus of this video?,b,B,b,1,,,,eagle2_5_8b_videomme_default_uniform16.json,long,Information Synopsis
uniform,16,none,2062,,videos/j0J-favyUeQ.mp4,Which tech product in the video is not music-related?,d,D,d,1,,,,eagle2_5_8b_videomme_default_uniform16.json,long,Object Reasoning
uniform,16,none,2063,,videos/j0J-favyUeQ.mp4,What tech product presented in the video is not a combination of software and hardware?,a,B,b,0,,,,eagle2_5_8b_videomme_default_uniform16.json,long,Object Reasoning
uniform,16,none,2064,,videos/KTjeh5QPL0o.mp4,What does this video tell?,d,D,d,1,,,,eagle2_5_8b_videomme_default_uniform16.json,long,Information Synopsis
uniform,16,none,2065,,videos/KTjeh5QPL0o.mp4,"What is the role of the man who wear a T-shirt with the words ""BLUE GHOST"" on it?",b,D,d,0,,,,eagle2_5_8b_videomme_default_uniform16.json,long,Object Reasoning
uniform,16,none,2066,,videos/KTjeh5QPL0o.mp4,In which section of the video is the rocket recovery told?,c,D,d,0,,,,eagle2_5_8b_videomme_default_uniform16.json,long,Temporal Reasoning
uniform,16,none,2067,,videos/b0HfmY64eSE.mp4,What's a video writer's least favorite product?,c,C,c,1,,,,eagle2_5_8b_videomme_default_uniform16.json,long,Object Reasoning
uniform,16,none,2068,,videos/b0HfmY64eSE.mp4,What factors may not be pertinent to an author's assessment of a technology product?,a,C,c,0,,,,eagle2_5_8b_videomme_default_uniform16.json,long,Object Reasoning
uniform,16,none,2069,,videos/b0HfmY64eSE.mp4,How many audio-like products are shown in the video?,a,B,b,0,,,,eagle2_5_8b_videomme_default_uniform16.json,long,Counting Problem
uniform,16,none,2070,,videos/lMxFbRc3Luk.mp4,"As depicted in the video, why is the teacher still in the museum after the security alarm?",a,D,d,0,,,,eagle2_5_8b_videomme_default_uniform16.json,long,Action Reasoning
uniform,16,none,2071,,videos/lMxFbRc3Luk.mp4,What is the relationship between Dante and his family according to what is shown in the video?,d,D,d,1,,,,eagle2_5_8b_videomme_default_uniform16.json,long,Action Reasoning
uniform,16,none,2072,,videos/lMxFbRc3Luk.mp4,"In line with the video evidence, what is the function of the necklace that the girl stole from the museum?",d,D,d,1,,,,eagle2_5_8b_videomme_default_uniform16.json,long,Action Reasoning
uniform,16,none,2073,,videos/TF9I1GxNdJQ.mp4,What happens to the computer in the video?,b,D,d,0,,,,eagle2_5_8b_videomme_default_uniform16.json,long,Action Recognition
uniform,16,none,2074,,videos/TF9I1GxNdJQ.mp4,What is the relationship between the black stickman and the red stickman in the video?,b,B,b,1,,,,eagle2_5_8b_videomme_default_uniform16.json,long,Action Reasoning
uniform,16,none,2075,,videos/TF9I1GxNdJQ.mp4,"In accordance with the video footage, what does the story entail?",d,A,a,0,,,,eagle2_5_8b_videomme_default_uniform16.json,long,Information Synopsis
uniform,16,none,2076,,videos/dXUXfyiX2lA.mp4,What do the people in the village do according to the video?,c,B,b,0,,,,eagle2_5_8b_videomme_default_uniform16.json,long,Action Recognition
uniform,16,none,2077,,videos/dXUXfyiX2lA.mp4,"Based on the video, why do the two people in the moving giant castle get out?",a,A,a,1,,,,eagle2_5_8b_videomme_default_uniform16.json,long,Action Reasoning
uniform,16,none,2078,,videos/dXUXfyiX2lA.mp4,"As depicted in the video, what is the final story's theme?",c,D,d,0,,,,eagle2_5_8b_videomme_default_uniform16.json,long,Information Synopsis
uniform,16,none,2079,,videos/Sp2nxlrQ89w.mp4,"According to what is shown in the video, what is the stickman animation about?",d,D,d,1,,,,eagle2_5_8b_videomme_default_uniform16.json,long,Information Synopsis
uniform,16,none,2080,,videos/Sp2nxlrQ89w.mp4,"In line with the video evidence, why does the orange stickman want to destroy the Minecraft world?",c,C,c,1,,,,eagle2_5_8b_videomme_default_uniform16.json,long,Action Reasoning
uniform,16,none,2081,,videos/Sp2nxlrQ89w.mp4,"In accordance with the video footage, why does the orange stick man stop destroying?",a,D,d,0,,,,eagle2_5_8b_videomme_default_uniform16.json,long,Action Reasoning
uniform,16,none,2082,,videos/AnWKOvjFl8k.mp4,What does the man with a laughing face do at the beginning of the video?,c,C,c,1,,,,eagle2_5_8b_videomme_default_uniform16.json,long,Action Recognition
uniform,16,none,2083,,videos/AnWKOvjFl8k.mp4,How do Joker and Harley escape when their car is caught by Batman's car in the video?,b,B,b,1,,,,eagle2_5_8b_videomme_default_uniform16.json,long,Action Recognition
uniform,16,none,2084,,videos/AnWKOvjFl8k.mp4,What does the video entail?,b,D,d,0,,,,eagle2_5_8b_videomme_default_uniform16.json,long,Information Synopsis
uniform,16,none,2085,,videos/I4yye8mUzWg.mp4,What is the power of the song according to the video?,d,C,c,0,,,,eagle2_5_8b_videomme_default_uniform16.json,long,Action Recognition
uniform,16,none,2086,,videos/I4yye8mUzWg.mp4,What do heroes of legend use to defeat the enemy based on the video?,d,C,c,0,,,,eagle2_5_8b_videomme_default_uniform16.json,long,Action Reasoning
uniform,16,none,2087,,videos/I4yye8mUzWg.mp4,What is the topic of this video?,a,D,d,0,,,,eagle2_5_8b_videomme_default_uniform16.json,long,Information Synopsis
uniform,16,none,2088,,videos/Q8AZ16uBhr8.mp4,"As depicted in the video, how is the relationship between the rabbit and human?",a,A,a,1,,,,eagle2_5_8b_videomme_default_uniform16.json,long,Action Reasoning
uniform,16,none,2089,,videos/Q8AZ16uBhr8.mp4,What is the impression of the video?,b,B,b,1,,,,eagle2_5_8b_videomme_default_uniform16.json,long,Action Reasoning
uniform,16,none,2090,,videos/Q8AZ16uBhr8.mp4,What is the subject of the video?,c,C,c,1,,,,eagle2_5_8b_videomme_default_uniform16.json,long,Information Synopsis
uniform,16,none,2091,,videos/KIg4rprmO9Y.mp4,"In the meeting scene at the beginning of the video, who didn't quit the Justice League?",b,C,c,0,,,,eagle2_5_8b_videomme_default_uniform16.json,long,Object Recognition
uniform,16,none,2092,,videos/KIg4rprmO9Y.mp4,"According to the video, how was Victor ultimately healed and able to control his new abilities?",c,C,c,1,,,,eagle2_5_8b_videomme_default_uniform16.json,long,Object Reasoning
uniform,16,none,2093,,videos/KIg4rprmO9Y.mp4,How many times do news segments appear in this video?,c,B,b,0,,,,eagle2_5_8b_videomme_default_uniform16.json,long,Counting Problem
uniform,16,none,2094,,videos/I2dv1jNM7gM.mp4,"In line with the video evidence, what does the team do in the first story?",c,C,c,1,,,,eagle2_5_8b_videomme_default_uniform16.json,long,Action Recognition
uniform,16,none,2095,,videos/I2dv1jNM7gM.mp4,"In accordance with the video footage, who protects the mermaid?",a,B,b,0,,,,eagle2_5_8b_videomme_default_uniform16.json,long,Object Recognition
uniform,16,none,2096,,videos/I2dv1jNM7gM.mp4,What happens when the figures in the video are electrocuted?,b,D,d,0,,,,eagle2_5_8b_videomme_default_uniform16.json,long,Action Recognition
uniform,16,none,2097,,videos/1NYQf_OXDqI.mp4,"Based on the video, what is the relationship of Tom and Jerry when they meet the witch?",d,B,b,0,,,,eagle2_5_8b_videomme_default_uniform16.json,long,Action Reasoning
uniform,16,none,2098,,videos/1NYQf_OXDqI.mp4,How do Tom and Jerry share a similarity as depicted in the video?,c,C,c,1,,,,eagle2_5_8b_videomme_default_uniform16.json,long,Action Reasoning
uniform,16,none,2099,,videos/1NYQf_OXDqI.mp4,"In line with the video evidence, what is the weakness of the villain?",a,D,d,0,,,,eagle2_5_8b_videomme_default_uniform16.json,long,Action Reasoning
uniform,16,none,2100,,videos/-dfvdKf-KR0.mp4,"Why did Jessica Pearson send Harvey a text message saying ""I need you"" in the first six minutes of the video?",a,B,b,0,,,,eagle2_5_8b_videomme_default_uniform16.json,long,Action Reasoning
uniform,16,none,2101,,videos/-dfvdKf-KR0.mp4,"Between the 6th and 13th minutes of the video, why does Jessica Pearson specifically invite Mike Ross to have dinner together?",c,A,a,0,,,,eagle2_5_8b_videomme_default_uniform16.json,long,Action Reasoning
uniform,16,none,2102,,videos/-dfvdKf-KR0.mp4,"During the 39th to 43rd minute of the film, why does Mike Ross give Nathan a check?",b,D,d,0,,,,eagle2_5_8b_videomme_default_uniform16.json,long,Action Reasoning
uniform,16,none,2103,,videos/p84O3JAp_IM.mp4,"In the latter part of the video, how did the man, who was wearing a bandage and holding an envelope, sustain his injury?",d,D,d,1,,,,eagle2_5_8b_videomme_default_uniform16.json,long,Action Recognition
uniform,16,none,2104,,videos/p84O3JAp_IM.mp4,Why does the man in the suit and tie caution Wayne against following in his family's footsteps early in the video?,b,C,c,0,,,,eagle2_5_8b_videomme_default_uniform16.json,long,Action Reasoning
uniform,16,none,2105,,videos/p84O3JAp_IM.mp4,"In the early part of the video, the man whose window was smashed by Wayne, and the woman wearing a pattern with white triangles, who is chatting with Wayne's father in the middle part of the video, what is their relationship?",c,D,d,0,,,,eagle2_5_8b_videomme_default_uniform16.json,long,Object Reasoning
uniform,16,none,2106,,videos/HP_J8x9lsUg.mp4,"In the first half of the video, why did the big boy wearing a striped shirt refuse the request of the little boy wearing swimming goggles to watch TV together?",d,A,a,0,,,,eagle2_5_8b_videomme_default_uniform16.json,long,Action Reasoning
uniform,16,none,2107,,videos/HP_J8x9lsUg.mp4,Why does Kevin hug and apologize to the boy named Holden in the middle of the video?,b,D,d,0,,,,eagle2_5_8b_videomme_default_uniform16.json,long,Object Reasoning
uniform,16,none,2108,,videos/HP_J8x9lsUg.mp4,Why does Kevin show a nervous state when answering the phone in the second half of the video?,d,D,d,1,,,,eagle2_5_8b_videomme_default_uniform16.json,long,Action Reasoning
uniform,16,none,2109,,videos/HTv4z899xgA.mp4,"Before Jane spills the nail polish, why does Grayson, who is wearing a black suit and a red tie, sit on the couch with a grim expression?",d,C,c,0,,,,eagle2_5_8b_videomme_default_uniform16.json,long,Action Reasoning
uniform,16,none,2110,,videos/HTv4z899xgA.mp4,"When Jane saw Grayson in the office, she shed tears. What was Jane's mood at this moment?",d,D,d,1,,,,eagle2_5_8b_videomme_default_uniform16.json,long,Attribute Perception
uniform,16,none,2111,,videos/HTv4z899xgA.mp4,"Throughout the video, why does the woman named Jane undergo a personality change?",a,A,a,1,,,,eagle2_5_8b_videomme_default_uniform16.json,long,Action Reasoning
uniform,16,none,2112,,videos/X6UqTmRAApw.mp4,What is Theresa Woo's profession?,b,B,b,1,,,,eagle2_5_8b_videomme_default_uniform16.json,long,Attribute Perception
uniform,16,none,2113,,videos/X6UqTmRAApw.mp4,Why was Theresa Woo murdered?,d,D,d,1,,,,eagle2_5_8b_videomme_default_uniform16.json,long,Object Reasoning
uniform,16,none,2114,,videos/X6UqTmRAApw.mp4,"In the video, when Claire says ""This means"" to Luke, the man in a suit, what does this statement imply?",b,C,c,0,,,,eagle2_5_8b_videomme_default_uniform16.json,long,Action Reasoning
uniform,16,none,2115,,videos/ctqn-UJGX5M.mp4,How is Arya Stark when she was a child?,b,B,b,1,,,,eagle2_5_8b_videomme_default_uniform16.json,long,Action Reasoning
uniform,16,none,2116,,videos/ctqn-UJGX5M.mp4,What is the girl most important quality?,d,D,d,1,,,,eagle2_5_8b_videomme_default_uniform16.json,long,Object Reasoning
uniform,16,none,2117,,videos/ctqn-UJGX5M.mp4,What does the video tell us?,c,B,b,0,,,,eagle2_5_8b_videomme_default_uniform16.json,long,Information Synopsis
uniform,16,none,2118,,videos/fuDNhWIa6KQ.mp4,What is the video about?,c,A,a,0,,,,eagle2_5_8b_videomme_default_uniform16.json,long,Information Synopsis
uniform,16,none,2119,,videos/fuDNhWIa6KQ.mp4,Who is the greatest fighter according to this video?,b,D,d,0,,,,eagle2_5_8b_videomme_default_uniform16.json,long,Object Recognition
uniform,16,none,2120,,videos/fuDNhWIa6KQ.mp4,What does Jon Snow use to fight with Ramsay Bolton?,a,C,c,0,,,,eagle2_5_8b_videomme_default_uniform16.json,long,Object Recognition
uniform,16,none,2121,,videos/xGcfBRkJSWQ.mp4,Why does Joker kill his accomplices?,d,C,c,0,,,,eagle2_5_8b_videomme_default_uniform16.json,long,Action Reasoning
uniform,16,none,2122,,videos/xGcfBRkJSWQ.mp4,How does bat-man stop the truck Joker drives?,c,B,b,0,,,,eagle2_5_8b_videomme_default_uniform16.json,long,Action Recognition
uniform,16,none,2123,,videos/xGcfBRkJSWQ.mp4,Why does Joker give bomb controler to both people of boats respectively?,a,D,d,0,,,,eagle2_5_8b_videomme_default_uniform16.json,long,Action Reasoning
uniform,16,none,2124,,videos/XRQ2L8BaI1A.mp4,In which episode do Penny and Leonard get married in this video?,c,B,b,0,,,,eagle2_5_8b_videomme_default_uniform16.json,long,OCR Problems
uniform,16,none,2125,,videos/XRQ2L8BaI1A.mp4,How does Leonard convince Penny to go on a date with him?,c,C,c,1,,,,eagle2_5_8b_videomme_default_uniform16.json,long,Action Reasoning
uniform,16,none,2126,,videos/XRQ2L8BaI1A.mp4,"When Penny enters the laundry room, what color clothes is Leonard folding?",a,C,c,0,,,,eagle2_5_8b_videomme_default_uniform16.json,long,Attribute Perception
uniform,16,none,2127,,videos/IPqb_oDlGBU.mp4,What is the speaker's attitude to the new version movie?,d,D,d,1,,,,eagle2_5_8b_videomme_default_uniform16.json,long,Attribute Perception
uniform,16,none,2128,,videos/IPqb_oDlGBU.mp4,How does the speaker think about the David Suchet's version movie?,a,D,d,0,,,,eagle2_5_8b_videomme_default_uniform16.json,long,Action Reasoning
uniform,16,none,2129,,videos/IPqb_oDlGBU.mp4,Why does Poirot lead person to death in David Suchet's version?,d,A,a,0,,,,eagle2_5_8b_videomme_default_uniform16.json,long,Object Reasoning
uniform,16,none,2130,,videos/XOfeqRgaF1A.mp4,"What was the experiment in which a man with a ponytail invited volunteers to assess the accuracy of determining COVID-19 infection based on voice, aiming to explore?",c,B,b,0,,,,eagle2_5_8b_videomme_default_uniform16.json,long,Object Reasoning
uniform,16,none,2131,,videos/XOfeqRgaF1A.mp4,What research did Oliver Niebuhr conduct?,c,B,b,0,,,,eagle2_5_8b_videomme_default_uniform16.json,long,Object Reasoning
uniform,16,none,2132,,videos/XOfeqRgaF1A.mp4,"In the later segment of the video, it was noted that ""Jon is currently investigating a training method for enduring effectiveness."" What is the focus of Jon Freeman's research?",d,A,a,0,,,,eagle2_5_8b_videomme_default_uniform16.json,long,Action Reasoning
uniform,16,none,2133,,videos/GDzuMTvHnJE.mp4,"After receiving a one-time benefit of £26,000, what transformation did the three families experience?",a,B,b,0,,,,eagle2_5_8b_videomme_default_uniform16.json,long,Action Reasoning
uniform,16,none,2134,,videos/GDzuMTvHnJE.mp4,What kind of work did the man named Tony engage in?,b,B,b,1,,,,eagle2_5_8b_videomme_default_uniform16.json,long,Attribute Perception
uniform,16,none,2135,,videos/GDzuMTvHnJE.mp4,"In the latter part of the video, why does Tony say, ""We had a great day today""?",c,D,d,0,,,,eagle2_5_8b_videomme_default_uniform16.json,long,Action Reasoning
uniform,16,none,2136,,videos/y4-CnqfK3pk.mp4,"According to the video, the price at which Jonas and Max sell drugs is approximately how many times the price in the origin country, Colombia?",b,B,b,1,,,,eagle2_5_8b_videomme_default_uniform16.json,long,Object Reasoning
uniform,16,none,2137,,videos/y4-CnqfK3pk.mp4,How many people interviewed in the video are unwilling to show their faces?,c,D,d,0,,,,eagle2_5_8b_videomme_default_uniform16.json,long,Counting Problem
uniform,16,none,2138,,videos/y4-CnqfK3pk.mp4,"According to the video, which country's drug trafficking group was responsible for the death of crime journalist De Vries?",d,B,b,0,,,,eagle2_5_8b_videomme_default_uniform16.json,long,Object Recognition
uniform,16,none,2139,,videos/g_1oiJqE3OI.mp4,"Why does the video introduce a family who raises two children, showcasing conflicting points within the family? And what problem does it elaborate on?",a,A,a,1,,,,eagle2_5_8b_videomme_default_uniform16.json,long,Object Reasoning
uniform,16,none,2140,,videos/g_1oiJqE3OI.mp4,What is the focus of the imagined world in 2050 that is introduced in this video?,d,D,d,1,,,,eagle2_5_8b_videomme_default_uniform16.json,long,Information Synopsis
uniform,16,none,2141,,videos/g_1oiJqE3OI.mp4,"What is the topic of the first section in the video, imagine the sections are separated by an opening frame?",a,A,a,1,,,,eagle2_5_8b_videomme_default_uniform16.json,long,Information Synopsis
uniform,16,none,2142,,videos/9edWX7TTsLw.mp4,What is the order of companies mentioned in the first half of the video related to water scarcity?,a,A,a,1,,,,eagle2_5_8b_videomme_default_uniform16.json,long,Temporal Reasoning
uniform,16,none,2143,,videos/9edWX7TTsLw.mp4,Which of the following impacts of water scarcity was NOT mentioned in the video?,a,C,c,0,,,,eagle2_5_8b_videomme_default_uniform16.json,long,Information Synopsis
uniform,16,none,2144,,videos/9edWX7TTsLw.mp4,Which of the following is NOT a reason for water scarcity mentioned in the video?,c,C,c,1,,,,eagle2_5_8b_videomme_default_uniform16.json,long,Information Synopsis
uniform,16,none,2145,,videos/B9He5DVePvk.mp4,What religion can we infer from the video that the Amish practice?,a,A,a,1,,,,eagle2_5_8b_videomme_default_uniform16.json,long,Attribute Perception
uniform,16,none,2146,,videos/B9He5DVePvk.mp4,"Based on the video, what mode of transportation do you think the Amish use?",b,B,b,1,,,,eagle2_5_8b_videomme_default_uniform16.json,long,Action Reasoning
uniform,16,none,2147,,videos/B9He5DVePvk.mp4,What can't be inferred from the interview with an Amish woman is shown in the latter part of the video?,c,C,c,1,,,,eagle2_5_8b_videomme_default_uniform16.json,long,Object Reasoning
uniform,16,none,2148,,videos/068rdc75mHM.mp4,"According to the video, what inconsistency in quantum mechanics was discovered by Einstein and published in a paper?",c,C,c,1,,,,eagle2_5_8b_videomme_default_uniform16.json,long,Information Synopsis
uniform,16,none,2149,,videos/068rdc75mHM.mp4,"The video repeatedly shows a person at a table, lifting a cup and another cup also floating up, with two light balls under each cup. What is this segment trying to show?",a,C,c,0,,,,eagle2_5_8b_videomme_default_uniform16.json,long,Action Reasoning
uniform,16,none,2150,,videos/068rdc75mHM.mp4,"According to the video, how did the debate between Einstein and Bohr about quantum mechanics turn out?",a,B,b,0,,,,eagle2_5_8b_videomme_default_uniform16.json,long,Information Synopsis
uniform,16,none,2151,,videos/eAIKvD_gLJo.mp4,"Based on the early part of the video, what can we infer as the reason for the sudden surge in popularity of crystals and gemstones?",c,D,d,0,,,,eagle2_5_8b_videomme_default_uniform16.json,long,Object Reasoning
uniform,16,none,2152,,videos/eAIKvD_gLJo.mp4,"Based on the content of the video, why did the local government send an entourage to follow the reporter?",b,B,b,1,,,,eagle2_5_8b_videomme_default_uniform16.json,long,Action Reasoning
uniform,16,none,2153,,videos/eAIKvD_gLJo.mp4,"Based on the content of the video, what does the word ""dirty"" most likely refer to in the video title ""The dirty business of beauty""?",a,A,a,1,,,,eagle2_5_8b_videomme_default_uniform16.json,long,Object Reasoning
uniform,16,none,2154,,videos/B7Hh0PY1kks.mp4,What are the differing motivations for buying unhealthy food in the early part of the video between Cuba's family and Michael's family?,b,A,a,0,,,,eagle2_5_8b_videomme_default_uniform16.json,long,Action Reasoning
uniform,16,none,2155,,videos/B7Hh0PY1kks.mp4,What motivated Taylor to make up her mind to change her and Harry's dietary habits?,c,B,b,0,,,,eagle2_5_8b_videomme_default_uniform16.json,long,Action Reasoning
uniform,16,none,2156,,videos/B7Hh0PY1kks.mp4,"Based on the entire video, what kind of transformation occurred with the child named Cuba?",a,A,a,1,,,,eagle2_5_8b_videomme_default_uniform16.json,long,Information Synopsis
uniform,16,none,2157,,videos/AkHbB9GuCkE.mp4,Why did Jamie Dimon turn down numerous job offers from famous Wall Street investment banks to work for Sandy Weill?,d,D,d,1,,,,eagle2_5_8b_videomme_default_uniform16.json,long,Attribute Perception
uniform,16,none,2158,,videos/AkHbB9GuCkE.mp4,Which of the following was not a factor in Sandy Weill's decision to dismiss Jamie Dimon?,d,A,a,0,,,,eagle2_5_8b_videomme_default_uniform16.json,long,Action Reasoning
uniform,16,none,2159,,videos/AkHbB9GuCkE.mp4,"Based on the video, which company's management did Jamie Dimon not serve on?",b,B,b,1,,,,eagle2_5_8b_videomme_default_uniform16.json,long,Information Synopsis
uniform,16,none,2160,,videos/qd2ivr-5oEM.mp4,Which of the following contents was NOT mentioned in the video?,b,B,b,1,,,,eagle2_5_8b_videomme_default_uniform16.json,long,Information Synopsis
uniform,16,none,2161,,videos/qd2ivr-5oEM.mp4,"According to the content of the video, what position does Marineland's statement aim to express?",d,B,b,0,,,,eagle2_5_8b_videomme_default_uniform16.json,long,Action Reasoning
uniform,16,none,2162,,videos/qd2ivr-5oEM.mp4,"In the middle section of the video, regarding the news about a ship colliding with a bridge, how do the news anchor and the guest judge when the first power outage occurred on the ship in the video?",a,C,c,0,,,,eagle2_5_8b_videomme_default_uniform16.json,long,Action Reasoning
uniform,16,none,2163,,videos/54H8ppxnp8I.mp4,"According to the video, does the male interviewee wearing a black suit have a stance that is more in favor of men or women?",b,B,b,1,,,,eagle2_5_8b_videomme_default_uniform16.json,long,Object Reasoning
uniform,16,none,2164,,videos/54H8ppxnp8I.mp4,"According to the video, the male interviewee wearing a tight black shirt told a joke about his experience in a popular culture class. He said if there's a movie that more than half of the class has seen, he would buy everyone pizza. Many years have passed, and he hasn't found such a movie yet. What does he imply with this joke?",a,A,a,1,,,,eagle2_5_8b_videomme_default_uniform16.json,long,Action Reasoning
uniform,16,none,2165,,videos/54H8ppxnp8I.mp4,"Based on the content of the video, whose viewpoint is relatively the most radical?",d,D,d,1,,,,eagle2_5_8b_videomme_default_uniform16.json,long,Object Reasoning
uniform,16,none,2166,,videos/n5DXniZGkME.mp4,"At the beginning of the video, what do the red-marked countries on the world map represent?",a,B,b,0,,,,eagle2_5_8b_videomme_default_uniform16.json,long,Object Reasoning
uniform,16,none,2167,,videos/n5DXniZGkME.mp4,"Which conclusion cannot be drawn in the middle section, which features interviews with Australian women in the video?",c,A,a,0,,,,eagle2_5_8b_videomme_default_uniform16.json,long,Information Synopsis
uniform,16,none,2168,,videos/n5DXniZGkME.mp4,"In the final part of the video, an interview was conducted with a white woman and a black man. What is the relevance of this interview to the theme of the video?",a,A,a,1,,,,eagle2_5_8b_videomme_default_uniform16.json,long,Action Reasoning
uniform,16,none,2169,,videos/54k2g9ddy4M.mp4,"According to the video, which of the following news items did NOT appear in this news segment?",a,A,a,1,,,,eagle2_5_8b_videomme_default_uniform16.json,long,Information Synopsis
uniform,16,none,2170,,videos/54k2g9ddy4M.mp4,"In the video, a woman believed her son had died due to a hospital's mistake with information. What impact did this incident have on her family relationships?",c,C,c,1,,,,eagle2_5_8b_videomme_default_uniform16.json,long,Object Reasoning
uniform,16,none,2171,,videos/54k2g9ddy4M.mp4,What is the fourth-to-last news item in this news video?,a,B,b,0,,,,eagle2_5_8b_videomme_default_uniform16.json,long,Temporal Reasoning
uniform,16,none,2172,,videos/p_4UPdFqgIQ.mp4,Which person's anti-aging research did not mention biological clinical trials?,c,D,d,0,,,,eagle2_5_8b_videomme_default_uniform16.json,long,Object Reasoning
uniform,16,none,2173,,videos/p_4UPdFqgIQ.mp4,What does Steve Horvath consider a viable solution for reversing aging?,b,B,b,1,,,,eagle2_5_8b_videomme_default_uniform16.json,long,Information Synopsis
uniform,16,none,2174,,videos/p_4UPdFqgIQ.mp4,"According to the interviewees in the video, which of the following is not a benefit of delaying aging?",c,D,d,0,,,,eagle2_5_8b_videomme_default_uniform16.json,long,Object Reasoning
uniform,16,none,2175,,videos/UyaKyS2wTQk.mp4,What does the use of spinal cord stimulators to treat Teresa Burbery and Gordon Myers indicate?,d,D,d,1,,,,eagle2_5_8b_videomme_default_uniform16.json,long,Action Reasoning
uniform,16,none,2176,,videos/UyaKyS2wTQk.mp4,How many patients were harmed by medical accidents in the video?,c,B,b,0,,,,eagle2_5_8b_videomme_default_uniform16.json,long,Counting Problem
uniform,16,none,2177,,videos/UyaKyS2wTQk.mp4,Which of the following descriptions of neurosurgeon Tom Morris mentioned in the video is correct?,a,A,a,1,,,,eagle2_5_8b_videomme_default_uniform16.json,long,Object Reasoning
uniform,16,none,2178,,videos/yk4eWjYVNYg.mp4,"From the initial section of the video, which of the following is NOT a factor contributing to Jessica's unstable housing situation?",b,B,b,1,,,,eagle2_5_8b_videomme_default_uniform16.json,long,Object Reasoning
uniform,16,none,2179,,videos/yk4eWjYVNYg.mp4,"Based on the video, how many low-income individuals affected by housing issues were interviewed in total?",d,D,d,1,,,,eagle2_5_8b_videomme_default_uniform16.json,long,Counting Problem
uniform,16,none,2180,,videos/yk4eWjYVNYg.mp4,Which one is a condition for successfully applying for housing?,d,D,d,1,,,,eagle2_5_8b_videomme_default_uniform16.json,long,Object Reasoning
uniform,16,none,2181,,videos/E-YnmCB6yjo.mp4,What does the successful appeal by a group of Swiss women on health and climate as a fundamental human right signify?,c,D,d,0,,,,eagle2_5_8b_videomme_default_uniform16.json,long,Action Reasoning
uniform,16,none,2182,,videos/E-YnmCB6yjo.mp4,"Based on the video, which of the following is NOT a reason for the surge in the number of private commercial DNA laboratories?",a,A,a,1,,,,eagle2_5_8b_videomme_default_uniform16.json,long,Object Reasoning
uniform,16,none,2183,,videos/E-YnmCB6yjo.mp4,"At the end of the video, what is the sentiment of the four Russian defectors towards a woman named Judy Tulk?",a,B,b,0,,,,eagle2_5_8b_videomme_default_uniform16.json,long,Object Reasoning
uniform,16,none,2184,,videos/bBazRZOxl-k.mp4,Which of the following events did not appear in the news?,b,B,b,1,,,,eagle2_5_8b_videomme_default_uniform16.json,long,Information Synopsis
uniform,16,none,2185,,videos/bBazRZOxl-k.mp4,What is the second to last news item in this segment?,c,C,c,1,,,,eagle2_5_8b_videomme_default_uniform16.json,long,Temporal Reasoning
uniform,16,none,2186,,videos/bBazRZOxl-k.mp4,"Based on the content of the video, what is the initial intention of B.C. having safer-supply drugs?",b,B,b,1,,,,eagle2_5_8b_videomme_default_uniform16.json,long,Action Reasoning
uniform,16,none,2187,,videos/1NH5dJ9VRvU.mp4,Which item is not used in the video where the guest demonstrates making a solar eclipse observing tool?,b,B,b,1,,,,eagle2_5_8b_videomme_default_uniform16.json,long,Object Recognition
uniform,16,none,2188,,videos/1NH5dJ9VRvU.mp4,Which of the following events was not reported in this news video?,b,B,b,1,,,,eagle2_5_8b_videomme_default_uniform16.json,long,Information Synopsis
uniform,16,none,2189,,videos/1NH5dJ9VRvU.mp4,What is the second news item reported in this news video?,a,C,c,0,,,,eagle2_5_8b_videomme_default_uniform16.json,long,Temporal Reasoning
uniform,16,none,2190,,videos/S_5vlPXLCRc.mp4,How about the pick strategy of team T1 as shown in the video?,c,C,c,1,,,,eagle2_5_8b_videomme_default_uniform16.json,long,Action Reasoning
uniform,16,none,2191,,videos/S_5vlPXLCRc.mp4,What should team T1 do if they want to win this game?,d,D,d,1,,,,eagle2_5_8b_videomme_default_uniform16.json,long,Action Reasoning
uniform,16,none,2192,,videos/S_5vlPXLCRc.mp4,Why does Weiwei go to the tower of enemy at the time of 15:00?,c,B,b,0,,,,eagle2_5_8b_videomme_default_uniform16.json,long,Action Reasoning
uniform,16,none,2193,,videos/xvQOEdwAgj0.mp4,Which is the position that is banned mostly from the game?,d,A,a,0,,,,eagle2_5_8b_videomme_default_uniform16.json,long,Action Recognition
uniform,16,none,2194,,videos/xvQOEdwAgj0.mp4,"As depicted in the video, how do the jungles of two teams start?",b,C,c,0,,,,eagle2_5_8b_videomme_default_uniform16.json,long,Action Recognition
uniform,16,none,2195,,videos/xvQOEdwAgj0.mp4,How did the final battle unfold?,b,D,d,0,,,,eagle2_5_8b_videomme_default_uniform16.json,long,Action Recognition
uniform,16,none,2196,,videos/EFQtbZQ74Eg.mp4,Why did Rookie flash over the wall at the beginning of the game?,a,C,c,0,,,,eagle2_5_8b_videomme_default_uniform16.json,long,Action Reasoning
uniform,16,none,2197,,videos/EFQtbZQ74Eg.mp4,How about the bottom lane at an early time?,d,B,b,0,,,,eagle2_5_8b_videomme_default_uniform16.json,long,Action Reasoning
uniform,16,none,2198,,videos/EFQtbZQ74Eg.mp4,Which team has the most significant advantage in this video?,c,C,c,1,,,,eagle2_5_8b_videomme_default_uniform16.json,long,Object Recognition
uniform,16,none,2199,,videos/rj45Omrq6Pk.mp4,Why do the hosts talk about lemon?,b,B,b,1,,,,eagle2_5_8b_videomme_default_uniform16.json,long,Action Reasoning
uniform,16,none,2200,,videos/rj45Omrq6Pk.mp4,Which lane of the blue team has the biggest advantage in the first ten minutes?,c,C,c,1,,,,eagle2_5_8b_videomme_default_uniform16.json,long,Action Reasoning
uniform,16,none,2201,,videos/rj45Omrq6Pk.mp4,Who has the maximum kill streak according to the video?,d,B,b,0,,,,eagle2_5_8b_videomme_default_uniform16.json,long,Counting Problem
uniform,16,none,2202,,videos/ot4P2G1MRLw.mp4,Which position of team WBG is stronger at the beginning of the game?,a,A,a,1,,,,eagle2_5_8b_videomme_default_uniform16.json,long,Object Recognition
uniform,16,none,2203,,videos/ot4P2G1MRLw.mp4,How does team WBG win the battle at the time of 17:10?,a,A,a,1,,,,eagle2_5_8b_videomme_default_uniform16.json,long,Action Recognition
uniform,16,none,2204,,videos/ot4P2G1MRLw.mp4,How is the atmosphere in team WBG according to this video?,a,A,a,1,,,,eagle2_5_8b_videomme_default_uniform16.json,long,Action Reasoning
uniform,16,none,2205,,videos/-y1U0qk1vDs.mp4,What happens when it is at ban/pick time?,c,C,c,1,,,,eagle2_5_8b_videomme_default_uniform16.json,long,Action Recognition
uniform,16,none,2206,,videos/-y1U0qk1vDs.mp4,What strategy should team FLY take?,b,C,c,0,,,,eagle2_5_8b_videomme_default_uniform16.json,long,Action Reasoning
uniform,16,none,2207,,videos/-y1U0qk1vDs.mp4,Who will lead their team to victory in this game?,d,C,c,0,,,,eagle2_5_8b_videomme_default_uniform16.json,long,Action Reasoning
uniform,16,none,2208,,videos/HT2iYl6E_Vo.mp4,What are the comparative strengths of each team?,a,A,a,1,,,,eagle2_5_8b_videomme_default_uniform16.json,long,Action Reasoning
uniform,16,none,2209,,videos/HT2iYl6E_Vo.mp4,Which type of grenade was not featured in the video?,d,C,c,0,,,,eagle2_5_8b_videomme_default_uniform16.json,long,Action Recognition
uniform,16,none,2210,,videos/HT2iYl6E_Vo.mp4,"As depicted in the video, which team gets the final victory?",a,A,a,1,,,,eagle2_5_8b_videomme_default_uniform16.json,long,Object Recognition
uniform,16,none,2211,,videos/S8w44Tl5atk.mp4,Why does the player take the five cards at the beginning of this video?,d,D,d,1,,,,eagle2_5_8b_videomme_default_uniform16.json,long,Action Reasoning
uniform,16,none,2212,,videos/S8w44Tl5atk.mp4,What type of cards does the play require at the start of the game?,c,B,b,0,,,,eagle2_5_8b_videomme_default_uniform16.json,long,Object Recognition
uniform,16,none,2213,,videos/S8w44Tl5atk.mp4,What is the occupation of the character that the player uses?,b,C,c,0,,,,eagle2_5_8b_videomme_default_uniform16.json,long,Object Recognition
uniform,16,none,2214,,videos/QdHBJ-NiaHM.mp4,Why does the player send a message of well met?,b,B,b,1,,,,eagle2_5_8b_videomme_default_uniform16.json,long,Action Reasoning
uniform,16,none,2215,,videos/QdHBJ-NiaHM.mp4,What is the occupation of the character the player controls?,b,B,b,1,,,,eagle2_5_8b_videomme_default_uniform16.json,long,Object Recognition
uniform,16,none,2216,,videos/QdHBJ-NiaHM.mp4,Which cost of card has the fewest number?,d,C,c,0,,,,eagle2_5_8b_videomme_default_uniform16.json,long,Object Recognition
uniform,16,none,2217,,videos/YcU9d-RPEog.mp4,Which lane does the player start in at the beginning of the game?,c,D,d,0,,,,eagle2_5_8b_videomme_default_uniform16.json,long,Action Recognition
uniform,16,none,2218,,videos/YcU9d-RPEog.mp4,How does the player first die?,d,B,b,0,,,,eagle2_5_8b_videomme_default_uniform16.json,long,Action Recognition
uniform,16,none,2219,,videos/YcU9d-RPEog.mp4,What is the strategy of the player?,a,A,a,1,,,,eagle2_5_8b_videomme_default_uniform16.json,long,Action Reasoning
uniform,16,none,2220,,videos/U9-Qy3H_UBY.mp4,What does this video document?,b,B,b,1,,,,eagle2_5_8b_videomme_default_uniform16.json,long,Information Synopsis
uniform,16,none,2221,,videos/U9-Qy3H_UBY.mp4,What character is the person speaking to the group at the beginning of the video?,a,A,a,1,,,,eagle2_5_8b_videomme_default_uniform16.json,long,Object Reasoning
uniform,16,none,2222,,videos/U9-Qy3H_UBY.mp4,How many 3-pointers does the college freshman protagonist in the video hit in a practice game?,c,B,b,0,,,,eagle2_5_8b_videomme_default_uniform16.json,long,Counting Problem
uniform,16,none,2223,,videos/cy40DIzOUow.mp4,What is the role of the man on the sidelines wearing a gray top with studs talking to the camera after the game starts?,a,C,c,0,,,,eagle2_5_8b_videomme_default_uniform16.json,long,Object Reasoning
uniform,16,none,2224,,videos/cy40DIzOUow.mp4,Who is the home team's top scorer?,c,A,a,0,,,,eagle2_5_8b_videomme_default_uniform16.json,long,Object Reasoning
uniform,16,none,2225,,videos/cy40DIzOUow.mp4,In which period does the home team overtake the guest team?,b,C,c,0,,,,eagle2_5_8b_videomme_default_uniform16.json,long,Temporal Perception
uniform,16,none,2226,,videos/-QuCz7kxBr8.mp4,What's the least flattering of the gadgets featured in the video?,d,B,b,0,,,,eagle2_5_8b_videomme_default_uniform16.json,long,Object Reasoning
uniform,16,none,2227,,videos/-QuCz7kxBr8.mp4,How many valid goals does Jesse score in the final one-two session?,a,C,c,0,,,,eagle2_5_8b_videomme_default_uniform16.json,long,Counting Problem
uniform,16,none,2228,,videos/-QuCz7kxBr8.mp4,What tool in the video had the least impact on the player's ability to complete the challenge?,b,D,d,0,,,,eagle2_5_8b_videomme_default_uniform16.json,long,Action Reasoning
uniform,16,none,2229,,videos/4od5mdtEp-E.mp4,Why is Jesse absent from the first game?,c,A,a,0,,,,eagle2_5_8b_videomme_default_uniform16.json,long,Object Reasoning
uniform,16,none,2230,,videos/4od5mdtEp-E.mp4,Why doesn't Jesse make it past the Ignite team to the tryouts?,b,B,b,1,,,,eagle2_5_8b_videomme_default_uniform16.json,long,Object Reasoning
uniform,16,none,2231,,videos/4od5mdtEp-E.mp4,On which day after Jesse's tryout does the Ignite suffer a crushing defeat?,c,A,a,0,,,,eagle2_5_8b_videomme_default_uniform16.json,long,Temporal Reasoning
uniform,16,none,2232,,videos/mRgstQ4X5d4.mp4,What does Cameron achieve in his debut practice game in Las Vegas?,b,B,b,1,,,,eagle2_5_8b_videomme_default_uniform16.json,long,Action Recognition
uniform,16,none,2233,,videos/mRgstQ4X5d4.mp4,What story does this documentary tell?,c,B,b,0,,,,eagle2_5_8b_videomme_default_uniform16.json,long,Information Synopsis
uniform,16,none,2234,,videos/mRgstQ4X5d4.mp4,Which of the following descriptions best summarizes Cameron?,a,B,b,0,,,,eagle2_5_8b_videomme_default_uniform16.json,long,Object Reasoning
uniform,16,none,2235,,videos/kg6L6LL523Q.mp4,"After buying a cup of coffee, how many challenges does the man complete?",c,C,c,1,,,,eagle2_5_8b_videomme_default_uniform16.json,long,Counting Problem
uniform,16,none,2236,,videos/kg6L6LL523Q.mp4,What are the rules for the initial 2v2 basketball mini-game?,b,B,b,1,,,,eagle2_5_8b_videomme_default_uniform16.json,long,Action Reasoning
uniform,16,none,2237,,videos/kg6L6LL523Q.mp4,Which task does the man continue to do from day one to day two?,b,C,c,0,,,,eagle2_5_8b_videomme_default_uniform16.json,long,Action Reasoning
uniform,16,none,2238,,videos/4qYqPmIO0v0.mp4,What happened to the team on the counterattack after Sabonis' first steal?,d,D,d,1,,,,eagle2_5_8b_videomme_default_uniform16.json,long,Action Recognition
uniform,16,none,2239,,videos/4qYqPmIO0v0.mp4,How many athletic goals did LIT score from the last technical statistic on shooting percentage before halftime to the end of the half?,a,B,b,0,,,,eagle2_5_8b_videomme_default_uniform16.json,long,Counting Problem
uniform,16,none,2240,,videos/4qYqPmIO0v0.mp4,How many timeouts does the HUN actively consume throughout the game?,d,B,b,0,,,,eagle2_5_8b_videomme_default_uniform16.json,long,Counting Problem
uniform,16,none,2241,,videos/mDxrdWZOTpM.mp4,What is the primary focus of this video?,a,B,b,0,,,,eagle2_5_8b_videomme_default_uniform16.json,long,Information Synopsis
uniform,16,none,2242,,videos/mDxrdWZOTpM.mp4,What led to the decline of the Soviet men's basketball team's dominance after 1990?,c,B,b,0,,,,eagle2_5_8b_videomme_default_uniform16.json,long,Object Reasoning
uniform,16,none,2243,,videos/mDxrdWZOTpM.mp4,Why did Pau Gasol say he was willing to break his leg?,c,C,c,1,,,,eagle2_5_8b_videomme_default_uniform16.json,long,Object Reasoning
uniform,16,none,2244,,videos/EeTmrsVW8qE.mp4,Why is Rakija introduced at the beginning of the video?,b,B,b,1,,,,eagle2_5_8b_videomme_default_uniform16.json,long,Object Reasoning
uniform,16,none,2245,,videos/EeTmrsVW8qE.mp4,Why does the video narrator think Kresimir Cosic's traits sound familiar?,a,A,a,1,,,,eagle2_5_8b_videomme_default_uniform16.json,long,Object Reasoning
uniform,16,none,2246,,videos/EeTmrsVW8qE.mp4,What is presented successively in the video?,d,C,c,0,,,,eagle2_5_8b_videomme_default_uniform16.json,long,Temporal Reasoning
uniform,16,none,2247,,videos/sxrx7oCrb3A.mp4,What game do they play to discover that Wiggins shoots 44.8% from the field in the game of Wiggins guessing?,b,A,a,0,,,,eagle2_5_8b_videomme_default_uniform16.json,long,Action Recognition
uniform,16,none,2248,,videos/sxrx7oCrb3A.mp4,"In the Guess Nash matchup, which game has similar rules to the third game in Guess Wiggins?",a,A,a,1,,,,eagle2_5_8b_videomme_default_uniform16.json,long,Action Recognition
uniform,16,none,2249,,videos/sxrx7oCrb3A.mp4,What's the difference between guessing Dončić's game and guessing other players?,c,C,c,1,,,,eagle2_5_8b_videomme_default_uniform16.json,long,Action Reasoning
uniform,16,none,2250,,videos/-yWE13LbFd4.mp4,How many goals did the number 9 of the blue team score in the match?,b,B,b,1,,,,eagle2_5_8b_videomme_default_uniform16.json,long,Counting Problem
uniform,16,none,2251,,videos/-yWE13LbFd4.mp4,How many timeout substitutions were there during the game in the video?,b,B,b,1,,,,eagle2_5_8b_videomme_default_uniform16.json,long,Counting Problem
uniform,16,none,2252,,videos/-yWE13LbFd4.mp4,"How did the match in the video progress in terms of scoring, leading up to its conclusion?",c,B,b,0,,,,eagle2_5_8b_videomme_default_uniform16.json,long,Object Reasoning
uniform,16,none,2253,,videos/bFuVjFacj_E.mp4,What is the main focus of the video?,c,B,b,0,,,,eagle2_5_8b_videomme_default_uniform16.json,long,Information Synopsis
uniform,16,none,2254,,videos/bFuVjFacj_E.mp4,Why was the man with glass selected as the president of the club according to the video?,c,D,d,0,,,,eagle2_5_8b_videomme_default_uniform16.json,long,Object Reasoning
uniform,16,none,2255,,videos/bFuVjFacj_E.mp4,Why did Florentino Perez fail to create a well-rounded team capable of competing?,d,B,b,0,,,,eagle2_5_8b_videomme_default_uniform16.json,long,Object Reasoning
uniform,16,none,2256,,videos/RwdvZLz-aSk.mp4,What is this video mainly about?,c,C,c,1,,,,eagle2_5_8b_videomme_default_uniform16.json,long,Information Synopsis
uniform,16,none,2257,,videos/RwdvZLz-aSk.mp4,What is the video's evaluation of the main character's performance as a football coach?,a,A,a,1,,,,eagle2_5_8b_videomme_default_uniform16.json,long,Object Reasoning
uniform,16,none,2258,,videos/RwdvZLz-aSk.mp4,What is the video's assessment of the main character based on the details provided in the video?,b,B,b,1,,,,eagle2_5_8b_videomme_default_uniform16.json,long,Object Reasoning
uniform,16,none,2259,,videos/0k2ey_okQ4E.mp4,What is the primary focus of the video featuring Ronaldo?,b,B,b,1,,,,eagle2_5_8b_videomme_default_uniform16.json,long,Information Synopsis
uniform,16,none,2260,,videos/0k2ey_okQ4E.mp4,Why is the main character's 25m straight-line sprint ability considered inferior to that of a professional sprinter in the video?,d,A,a,0,,,,eagle2_5_8b_videomme_default_uniform16.json,long,Action Reasoning
uniform,16,none,2261,,videos/0k2ey_okQ4E.mp4,"What underlies the main character's ability to make rapid decisions on the field, according to the video?",a,B,b,0,,,,eagle2_5_8b_videomme_default_uniform16.json,long,Object Reasoning
uniform,16,none,2262,,videos/HGv87QeBYnc.mp4,What is the subject of the video?,a,A,a,1,,,,eagle2_5_8b_videomme_default_uniform16.json,long,Information Synopsis
uniform,16,none,2263,,videos/HGv87QeBYnc.mp4,What evaluation does the video provide of the introduced football club's performance in the 2019/20 Premier League season?,b,B,b,1,,,,eagle2_5_8b_videomme_default_uniform16.json,long,Object Reasoning
uniform,16,none,2264,,videos/HGv87QeBYnc.mp4,What is the impact of player number 10 on the red team according to the video?,a,A,a,1,,,,eagle2_5_8b_videomme_default_uniform16.json,long,Object Reasoning
uniform,16,none,2265,,videos/i1p5PAgNvR0.mp4,What is the content of the video?,a,B,b,0,,,,eagle2_5_8b_videomme_default_uniform16.json,long,Information Synopsis
uniform,16,none,2266,,videos/i1p5PAgNvR0.mp4,"How many of Liverpool's number 11, Salah's goals are featured in the video?",c,C,c,1,,,,eagle2_5_8b_videomme_default_uniform16.json,long,Counting Problem
uniform,16,none,2267,,videos/i1p5PAgNvR0.mp4,How would you describe the number 11 in the red shirt's performance in the video?,b,B,b,1,,,,eagle2_5_8b_videomme_default_uniform16.json,long,Object Reasoning
uniform,16,none,2268,,videos/jdQ-20JEmgc.mp4,What is the topic of the video?,c,C,c,1,,,,eagle2_5_8b_videomme_default_uniform16.json,long,Information Synopsis
uniform,16,none,2269,,videos/jdQ-20JEmgc.mp4,What was the main reason for the success of the club represented by the white team at the beginning of the video?,a,A,a,1,,,,eagle2_5_8b_videomme_default_uniform16.json,long,Object Reasoning
uniform,16,none,2270,,videos/jdQ-20JEmgc.mp4,How would you describe the team in red's performance in the game at the beginning of the video?,c,C,c,1,,,,eagle2_5_8b_videomme_default_uniform16.json,long,Temporal Perception
uniform,16,none,2271,,videos/rhDdA-7gEhs.mp4,What is the main focus of the video?,b,D,d,0,,,,eagle2_5_8b_videomme_default_uniform16.json,long,Information Synopsis
uniform,16,none,2272,,videos/rhDdA-7gEhs.mp4,What are the critical factors contributing to the success of the player featured in the video?,b,C,c,0,,,,eagle2_5_8b_videomme_default_uniform16.json,long,Object Reasoning
uniform,16,none,2273,,videos/rhDdA-7gEhs.mp4,How has the player's playing style evolved during his tenure at Manchester United in the video?,a,D,d,0,,,,eagle2_5_8b_videomme_default_uniform16.json,long,Action Recognition
uniform,16,none,2274,,videos/aKLobzbLxuY.mp4,What does the video featuring?,c,C,c,1,,,,eagle2_5_8b_videomme_default_uniform16.json,long,Information Synopsis
uniform,16,none,2275,,videos/aKLobzbLxuY.mp4,Why did the winner win the game in the video?,c,C,c,1,,,,eagle2_5_8b_videomme_default_uniform16.json,long,Action Recognition
uniform,16,none,2276,,videos/aKLobzbLxuY.mp4,How would you evaluate the FA Cup final match between Chelsea and Liverpool according to the video?,b,B,b,1,,,,eagle2_5_8b_videomme_default_uniform16.json,long,Action Reasoning
uniform,16,none,2277,,videos/md6mZDhuR9s.mp4,What is the central theme of the video?,c,C,c,1,,,,eagle2_5_8b_videomme_default_uniform16.json,long,Information Synopsis
uniform,16,none,2278,,videos/md6mZDhuR9s.mp4,The video mentions the goal-scoring contributions of which players?,a,A,a,1,,,,eagle2_5_8b_videomme_default_uniform16.json,long,Object Recognition
uniform,16,none,2279,,videos/md6mZDhuR9s.mp4,How would you assess the passing skills as suggested in the video?,c,C,c,1,,,,eagle2_5_8b_videomme_default_uniform16.json,long,Action Reasoning
uniform,16,none,2280,,videos/UZhe_SVdXRc.mp4,How many athletes in the video were eliminated while jumping a height of 2 metres 27?,b,B,b,1,,,,eagle2_5_8b_videomme_default_uniform16.json,long,Counting Problem
uniform,16,none,2281,,videos/UZhe_SVdXRc.mp4,What caused the German athlete in the video to encounter difficulties when attempting to clear the height of 2 meters 27?,c,C,c,1,,,,eagle2_5_8b_videomme_default_uniform16.json,long,Action Reasoning
uniform,16,none,2282,,videos/UZhe_SVdXRc.mp4,Which countries do the top three in the competition come from?,a,A,a,1,,,,eagle2_5_8b_videomme_default_uniform16.json,long,Object Reasoning
uniform,16,none,2283,,videos/gTPHH880Cyc.mp4,"At the start of the race, why do the athletes line up as depicted in the video?",d,C,c,0,,,,eagle2_5_8b_videomme_default_uniform16.json,long,Spatial Reasoning
uniform,16,none,2284,,videos/gTPHH880Cyc.mp4,"In the video, why does a person suddenly appear in front of the leading team of runners when it is already 7,600 meters?",b,C,c,0,,,,eagle2_5_8b_videomme_default_uniform16.json,long,Object Reasoning
uniform,16,none,2285,,videos/gTPHH880Cyc.mp4,What happened to the championship-winning athlete in the video during the last 400 meters of the race?,c,C,c,1,,,,eagle2_5_8b_videomme_default_uniform16.json,long,Action Reasoning
uniform,16,none,2286,,videos/sDWOsWawxPc.mp4,"Assuming the order of the matches is arranged in the order of appearance in the video, with the first match being the first one played in the video. Which of the following description of the champions' performances in several matches in the video is inappropriate?",a,A,a,1,,,,eagle2_5_8b_videomme_default_uniform16.json,long,Object Reasoning
uniform,16,none,2287,,videos/sDWOsWawxPc.mp4,How many times did champions break world records in the matches shown in the video?,d,B,b,0,,,,eagle2_5_8b_videomme_default_uniform16.json,long,Counting Problem
uniform,16,none,2288,,videos/sDWOsWawxPc.mp4,In which event did the oldest individual Olympic swimming gold medallist in the video win gold?,b,A,a,0,,,,eagle2_5_8b_videomme_default_uniform16.json,long,Object Reasoning
uniform,16,none,2289,,videos/8UxGzDeRIJk.mp4,Which statement about this video is true?,c,D,d,0,,,,eagle2_5_8b_videomme_default_uniform16.json,long,Object Reasoning
uniform,16,none,2290,,videos/8UxGzDeRIJk.mp4,After how many minutes is it no longer possible to see two athletes side by side?,c,C,c,1,,,,eagle2_5_8b_videomme_default_uniform16.json,long,Temporal Reasoning
uniform,16,none,2291,,videos/8UxGzDeRIJk.mp4,How many meters did they approximately complete in 25 minutes?,b,D,d,0,,,,eagle2_5_8b_videomme_default_uniform16.json,long,Spatial Reasoning
uniform,16,none,2292,,videos/wNpA02SNgUg.mp4,What is the reason why the referee raised the red flag during the game in the video?,b,B,b,1,,,,eagle2_5_8b_videomme_default_uniform16.json,long,Action Reasoning
uniform,16,none,2293,,videos/wNpA02SNgUg.mp4,What is the identity of the athlete in the video who committed fouls on all attempts except the first one?,c,B,b,0,,,,eagle2_5_8b_videomme_default_uniform16.json,long,Object Recognition
uniform,16,none,2294,,videos/wNpA02SNgUg.mp4,Which jump did the silver medalist in the video perform best?,a,C,c,0,,,,eagle2_5_8b_videomme_default_uniform16.json,long,OCR Problems
uniform,16,none,2295,,videos/SB4NLADmT_k.mp4,Which player is lying on the ground receiving treatment in the first half of the video?,d,B,b,0,,,,eagle2_5_8b_videomme_default_uniform16.json,long,Object Recognition
uniform,16,none,2296,,videos/SB4NLADmT_k.mp4,What is the problem with Tosin OKE's presence in the game in the video?,b,B,b,1,,,,eagle2_5_8b_videomme_default_uniform16.json,long,Action Reasoning
uniform,16,none,2297,,videos/SB4NLADmT_k.mp4,Which player in the video is always in the lead?,c,A,a,0,,,,eagle2_5_8b_videomme_default_uniform16.json,long,Object Reasoning
uniform,16,none,2298,,videos/LqaSTy0swNE.mp4,Why did the players of the Polish team feel down after the first set of games in the video?,a,B,b,0,,,,eagle2_5_8b_videomme_default_uniform16.json,long,Object Reasoning
uniform,16,none,2299,,videos/LqaSTy0swNE.mp4,Why did the French team have no results in the second group of games in the video?,d,B,b,0,,,,eagle2_5_8b_videomme_default_uniform16.json,long,Object Reasoning
uniform,16,none,2300,,videos/LqaSTy0swNE.mp4,Which team in the video has the best performance?,b,A,a,0,,,,eagle2_5_8b_videomme_default_uniform16.json,long,Object Recognition
uniform,16,none,2301,,videos/g8UiXbc19og.mp4,Which of the following options correctly sequences the order in which the competition items appear in the video?,c,C,c,1,,,,eagle2_5_8b_videomme_default_uniform16.json,long,Temporal Reasoning
uniform,16,none,2302,,videos/g8UiXbc19og.mp4,Why did the Canadian athlete suddenly collapse during the game?,a,A,a,1,,,,eagle2_5_8b_videomme_default_uniform16.json,long,Action Reasoning
uniform,16,none,2303,,videos/g8UiXbc19og.mp4,What is the medal awarded to the first runner to reach the finish line in the 1500m run in the video?,d,D,d,1,,,,eagle2_5_8b_videomme_default_uniform16.json,long,Object Reasoning
uniform,16,none,2304,,videos/qeefjE74SXI.mp4,What was the height of the first attempt of the championship-winning athlete in the video?,b,B,b,1,,,,eagle2_5_8b_videomme_default_uniform16.json,long,OCR Problems
uniform,16,none,2305,,videos/qeefjE74SXI.mp4,Why did the American Nelson athlete in the video fail in his second trial jump of 5m95?,c,C,c,1,,,,eagle2_5_8b_videomme_default_uniform16.json,long,Action Reasoning
uniform,16,none,2306,,videos/qeefjE74SXI.mp4,Why is the Swiss athlete in the yellow top so happy near the end of the video?,a,C,c,0,,,,eagle2_5_8b_videomme_default_uniform16.json,long,Object Reasoning
uniform,16,none,2307,,videos/SrqTAg6n798.mp4,"In the opening section of the video, what is the sequence in which the pairs of men's 10m platform divers appear?",d,C,c,0,,,,eagle2_5_8b_videomme_default_uniform16.json,long,Temporal Reasoning
uniform,16,none,2308,,videos/SrqTAg6n798.mp4,"In the video, what is the problem with the German team's third jump in the women's synchronized 10m high platform diving competition?",b,B,b,1,,,,eagle2_5_8b_videomme_default_uniform16.json,long,Action Reasoning
uniform,16,none,2309,,videos/SrqTAg6n798.mp4,"In the video, which jump earned the highest score for the champion pair in the women's synchronized ten-meter high platform diving competition?",c,C,c,1,,,,eagle2_5_8b_videomme_default_uniform16.json,long,Object Reasoning
uniform,16,none,2310,,videos/Bgh-2z6P0ao.mp4,What is the relationship between Fan Z.D. and Wang C.Q. that can be inferred from this video?,b,B,b,1,,,,eagle2_5_8b_videomme_default_uniform16.json,long,Object Reasoning
uniform,16,none,2311,,videos/Bgh-2z6P0ao.mp4,Which game is Fan Z.D. closest to winning?,c,D,d,0,,,,eagle2_5_8b_videomme_default_uniform16.json,long,Action Reasoning
uniform,16,none,2312,,videos/Bgh-2z6P0ao.mp4,"Based on the video, which of the following sentences best describes this match?",a,D,d,0,,,,eagle2_5_8b_videomme_default_uniform16.json,long,Object Reasoning
uniform,16,none,2313,,videos/HKbJtgUrHGk.mp4,What is special to their homemade baseball game when compared to a usual baseball game?,a,A,a,1,,,,eagle2_5_8b_videomme_default_uniform16.json,long,Object Reasoning
uniform,16,none,2314,,videos/HKbJtgUrHGk.mp4,How many balls does the woman in pink pitch?,d,D,d,1,,,,eagle2_5_8b_videomme_default_uniform16.json,long,Counting Problem
uniform,16,none,2315,,videos/HKbJtgUrHGk.mp4,What is the function of the whiteboard?,b,C,c,0,,,,eagle2_5_8b_videomme_default_uniform16.json,long,Object Reasoning
uniform,16,none,2316,,videos/BrjwEoPXyxA.mp4,"As depicted in the video, what does it mean when there appears a badminton icon near the team name on the scoreboard, leftmost of the screen?",d,D,d,1,,,,eagle2_5_8b_videomme_default_uniform16.json,long,Action Reasoning
uniform,16,none,2317,,videos/BrjwEoPXyxA.mp4,How does the blue team win the match point?,b,D,d,0,,,,eagle2_5_8b_videomme_default_uniform16.json,long,Action Recognition
uniform,16,none,2318,,videos/BrjwEoPXyxA.mp4,What are the key events or topics covered in the video?,c,C,c,1,,,,eagle2_5_8b_videomme_default_uniform16.json,long,Information Synopsis
uniform,16,none,2319,,videos/GV5CuB4zPTY.mp4,What is this video mainly about?,c,C,c,1,,,,eagle2_5_8b_videomme_default_uniform16.json,long,Information Synopsis
uniform,16,none,2320,,videos/GV5CuB4zPTY.mp4,What can be inferred from this video?,a,D,d,0,,,,eagle2_5_8b_videomme_default_uniform16.json,long,Action Reasoning
uniform,16,none,2321,,videos/GV5CuB4zPTY.mp4,"Which is the correct characteristic of Shaw, the player from Britain who is wearing black shirts and pants?",b,D,d,0,,,,eagle2_5_8b_videomme_default_uniform16.json,long,Object Reasoning
uniform,16,none,2322,,videos/Xjf5N9S3jAA.mp4,"According to what is shown in the video, how many match points and set points does the winner have before the last rally to win this match?",b,A,a,0,,,,eagle2_5_8b_videomme_default_uniform16.json,long,Counting Problem
uniform,16,none,2323,,videos/Xjf5N9S3jAA.mp4,What is the main focus of the video?,c,C,c,1,,,,eagle2_5_8b_videomme_default_uniform16.json,long,Information Synopsis
uniform,16,none,2324,,videos/Xjf5N9S3jAA.mp4,What does the volunteer squatting next to the middle line do after each rally in the video?,a,A,a,1,,,,eagle2_5_8b_videomme_default_uniform16.json,long,Action Recognition
uniform,16,none,2325,,videos/7tLtu3QT2OI.mp4,What is the main focus of the video?,d,C,c,0,,,,eagle2_5_8b_videomme_default_uniform16.json,long,Information Synopsis
uniform,16,none,2326,,videos/7tLtu3QT2OI.mp4,"In line with the video evidence, what do the sportsmen do before the match gets started?",b,A,a,0,,,,eagle2_5_8b_videomme_default_uniform16.json,long,Action Recognition
uniform,16,none,2327,,videos/7tLtu3QT2OI.mp4,How many scores does Fiji get at the very end of the first half?,d,A,a,0,,,,eagle2_5_8b_videomme_default_uniform16.json,long,OCR Problems
uniform,16,none,2328,,videos/z9Wfy8rzwQ4.mp4,What is the main focus of the video?,a,A,a,1,,,,eagle2_5_8b_videomme_default_uniform16.json,long,Information Synopsis
uniform,16,none,2329,,videos/z9Wfy8rzwQ4.mp4,What would happen if Nebraska won the fourth set?,c,A,a,0,,,,eagle2_5_8b_videomme_default_uniform16.json,long,Object Reasoning
uniform,16,none,2330,,videos/z9Wfy8rzwQ4.mp4,What can be read from the scoreboard before halftime in the fourth set?,b,B,b,1,,,,eagle2_5_8b_videomme_default_uniform16.json,long,Object Reasoning
uniform,16,none,2331,,videos/rVPDIRSyS34.mp4,What is the main focus of the video?,c,C,c,1,,,,eagle2_5_8b_videomme_default_uniform16.json,long,Information Synopsis
uniform,16,none,2332,,videos/rVPDIRSyS34.mp4,Why is there a penalty shootout in this game in the video?,a,A,a,1,,,,eagle2_5_8b_videomme_default_uniform16.json,long,Action Reasoning
uniform,16,none,2333,,videos/rVPDIRSyS34.mp4,How many periods do they play for and how many photos are taken?,d,B,b,0,,,,eagle2_5_8b_videomme_default_uniform16.json,long,Counting Problem
uniform,16,none,2334,,videos/1wzgMHrkrys.mp4,"According to the timer after the race, in which lag does Jake Gagne drive fastest?",b,A,a,0,,,,eagle2_5_8b_videomme_default_uniform16.json,long,Temporal Reasoning
uniform,16,none,2335,,videos/1wzgMHrkrys.mp4,Who is interviewed both before and after the race based on the video?,c,C,c,1,,,,eagle2_5_8b_videomme_default_uniform16.json,long,Temporal Reasoning
uniform,16,none,2336,,videos/1wzgMHrkrys.mp4,What is the main focus of the video?,a,A,a,1,,,,eagle2_5_8b_videomme_default_uniform16.json,long,Information Synopsis
uniform,16,none,2337,,videos/0iED5BojTMI.mp4,How many games are hosted in this video?,d,C,c,0,,,,eagle2_5_8b_videomme_default_uniform16.json,long,Counting Problem
uniform,16,none,2338,,videos/0iED5BojTMI.mp4,Who wins the women's A final?,b,A,a,0,,,,eagle2_5_8b_videomme_default_uniform16.json,long,Object Recognition
uniform,16,none,2339,,videos/0iED5BojTMI.mp4,What is the main focus of the video?,c,C,c,1,,,,eagle2_5_8b_videomme_default_uniform16.json,long,Information Synopsis
uniform,16,none,2340,,videos/kDXerubF4I4.mp4,Which of the performances in the video is a solo?,a,C,c,0,,,,eagle2_5_8b_videomme_default_uniform16.json,long,Counting Problem
uniform,16,none,2341,,videos/kDXerubF4I4.mp4,What can be inferred about the performance from the video?,b,B,b,1,,,,eagle2_5_8b_videomme_default_uniform16.json,long,Object Reasoning
uniform,16,none,2342,,videos/kDXerubF4I4.mp4,What is the video primarily about?,c,C,c,1,,,,eagle2_5_8b_videomme_default_uniform16.json,long,Information Synopsis
uniform,16,none,2343,,videos/-xZglYQSJ3Q.mp4,What is the video primarily about?,c,C,c,1,,,,eagle2_5_8b_videomme_default_uniform16.json,long,Information Synopsis
uniform,16,none,2344,,videos/-xZglYQSJ3Q.mp4,"What can be inferred about the series ""Working In The Theatre"" from the video?",b,B,b,1,,,,eagle2_5_8b_videomme_default_uniform16.json,long,Object Reasoning
uniform,16,none,2345,,videos/-xZglYQSJ3Q.mp4,What is the professional relationship between William Ivey Long and Willa Kim as described in the video?,d,A,a,0,,,,eagle2_5_8b_videomme_default_uniform16.json,long,Action Reasoning
uniform,16,none,2346,,videos/liDQtpusSmY.mp4,What is the king endeavoring to accomplish?,a,A,a,1,,,,eagle2_5_8b_videomme_default_uniform16.json,long,Action Reasoning
uniform,16,none,2347,,videos/liDQtpusSmY.mp4,"According to the video, what grave actions does the king unknowingly commit?",b,B,b,1,,,,eagle2_5_8b_videomme_default_uniform16.json,long,Action Reasoning
uniform,16,none,2348,,videos/liDQtpusSmY.mp4,What is the king's response upon discovering the truth about his actions in the video?,d,D,d,1,,,,eagle2_5_8b_videomme_default_uniform16.json,long,Action Recognition
uniform,16,none,2349,,videos/FvZFBZB10LA.mp4,What is the central theme of the video?,d,D,d,1,,,,eagle2_5_8b_videomme_default_uniform16.json,long,Information Synopsis
uniform,16,none,2350,,videos/FvZFBZB10LA.mp4,How do Everyman's friend Fellowship and his Kindred respond to his request for them to accompany him on his journey to face judgment?,d,C,c,0,,,,eagle2_5_8b_videomme_default_uniform16.json,long,Action Reasoning
uniform,16,none,2351,,videos/FvZFBZB10LA.mp4,What inference can be made from the video about life after death?,b,A,a,0,,,,eagle2_5_8b_videomme_default_uniform16.json,long,Object Reasoning
uniform,16,none,2352,,videos/jIx5Zi84Z3Q.mp4,What is the central conflict involving the woman dressed in a black top and white skirt in the video?,b,C,c,0,,,,eagle2_5_8b_videomme_default_uniform16.json,long,Action Reasoning
uniform,16,none,2353,,videos/jIx5Zi84Z3Q.mp4,How is the character of the woman dressed in a white skirt and black top perceived at the beginning of the play?,a,A,a,1,,,,eagle2_5_8b_videomme_default_uniform16.json,long,Object Reasoning
uniform,16,none,2354,,videos/jIx5Zi84Z3Q.mp4,What can be inferred about the man dressed in a formal suit and dark hat's attitude towards the woman in the white skirt and his employees?,d,D,d,1,,,,eagle2_5_8b_videomme_default_uniform16.json,long,Object Reasoning
uniform,16,none,2355,,videos/P69idA8JO98.mp4,How does Snow White come to meet the seven miners?,c,C,c,1,,,,eagle2_5_8b_videomme_default_uniform16.json,long,Action Reasoning
uniform,16,none,2356,,videos/P69idA8JO98.mp4,What is the Queen's fate in the video?,a,A,a,1,,,,eagle2_5_8b_videomme_default_uniform16.json,long,Action Recognition
uniform,16,none,2357,,videos/P69idA8JO98.mp4,What inference can be made about the actress on her interactions in the video?,a,A,a,1,,,,eagle2_5_8b_videomme_default_uniform16.json,long,Action Reasoning
uniform,16,none,2358,,videos/FkrIcmXvv18.mp4,What is the main plot of the video?,b,B,b,1,,,,eagle2_5_8b_videomme_default_uniform16.json,long,Information Synopsis
uniform,16,none,2359,,videos/FkrIcmXvv18.mp4,"Based on the actions of the friar in the video, what can be inferred about his beliefs?",d,A,a,0,,,,eagle2_5_8b_videomme_default_uniform16.json,long,Object Reasoning
uniform,16,none,2360,,videos/FkrIcmXvv18.mp4,What does the decision of the two main characters in the video to get married tell us about their characters?,c,C,c,1,,,,eagle2_5_8b_videomme_default_uniform16.json,long,Action Reasoning
uniform,16,none,2361,,videos/6dmTmP4Dsw8.mp4,What overarching story is told in the video?,c,C,c,1,,,,eagle2_5_8b_videomme_default_uniform16.json,long,Information Synopsis
uniform,16,none,2362,,videos/6dmTmP4Dsw8.mp4,What motivates the main character to flee her hometown?,c,B,b,0,,,,eagle2_5_8b_videomme_default_uniform16.json,long,Action Reasoning
uniform,16,none,2363,,videos/6dmTmP4Dsw8.mp4,What can be inferred about how the video's protagonist initially treated her powers and her kingdom?,a,B,b,0,,,,eagle2_5_8b_videomme_default_uniform16.json,long,Action Reasoning
uniform,16,none,2364,,videos/i7ivyMFsw-w.mp4,What is the video primarily focused on?,d,D,d,1,,,,eagle2_5_8b_videomme_default_uniform16.json,long,Information Synopsis
uniform,16,none,2365,,videos/i7ivyMFsw-w.mp4,What aspect of theatre production is highlighted according to the video?,c,D,d,0,,,,eagle2_5_8b_videomme_default_uniform16.json,long,Attribute Perception
uniform,16,none,2366,,videos/i7ivyMFsw-w.mp4,What can be inferred about the overall quality of the play's production?,b,B,b,1,,,,eagle2_5_8b_videomme_default_uniform16.json,long,Object Reasoning
uniform,16,none,2367,,videos/RgJVug6iNs8.mp4,What is the central theme of the performance?,a,A,a,1,,,,eagle2_5_8b_videomme_default_uniform16.json,long,Information Synopsis
uniform,16,none,2368,,videos/RgJVug6iNs8.mp4,How does the story of the wolf conclude in the video?,b,B,b,1,,,,eagle2_5_8b_videomme_default_uniform16.json,long,Object Recognition
uniform,16,none,2369,,videos/RgJVug6iNs8.mp4,What can be inferred about the storyline of the video?,a,B,b,0,,,,eagle2_5_8b_videomme_default_uniform16.json,long,Object Reasoning
uniform,16,none,2370,,videos/9tBsMSDoDqk.mp4,"In which order are the following magics performed in this video?
(a) Finding words in a dictionary.
(b) Drawing a diamond using a match.
(c) Producing a popcoin from eyes.
(d) Seeing things through a bearded dragon.
(e) Inducing judges to choose the cards that they get.",b,A,a,0,,,,eagle2_5_8b_videomme_default_uniform16.json,long,Temporal Reasoning
uniform,16,none,2371,,videos/9tBsMSDoDqk.mp4,What is the most possible reason why a bearded dragon can speak in the second magic performance?,c,C,c,1,,,,eagle2_5_8b_videomme_default_uniform16.json,long,Action Reasoning
uniform,16,none,2372,,videos/9tBsMSDoDqk.mp4,Which summarizes the main content of the video?,a,B,b,0,,,,eagle2_5_8b_videomme_default_uniform16.json,long,Information Synopsis
uniform,16,none,2373,,videos/0bwyCF0HteE.mp4,How many magic shows are included in this video?,a,D,d,0,,,,eagle2_5_8b_videomme_default_uniform16.json,long,Counting Problem
uniform,16,none,2374,,videos/0bwyCF0HteE.mp4,What is special about the second magic?,d,D,d,1,,,,eagle2_5_8b_videomme_default_uniform16.json,long,Action Reasoning
uniform,16,none,2375,,videos/0bwyCF0HteE.mp4,What are the magic tricks about?,b,B,b,1,,,,eagle2_5_8b_videomme_default_uniform16.json,long,Action Recognition
uniform,16,none,2376,,videos/hIJtZN8w03A.mp4,What is the main focus of this video?,d,D,d,1,,,,eagle2_5_8b_videomme_default_uniform16.json,long,Information Synopsis
uniform,16,none,2377,,videos/hIJtZN8w03A.mp4,How does this video reveal each magic trick?,b,B,b,1,,,,eagle2_5_8b_videomme_default_uniform16.json,long,Action Recognition
uniform,16,none,2378,,videos/hIJtZN8w03A.mp4,How many tricks are revealed in this video?,c,B,b,0,,,,eagle2_5_8b_videomme_default_uniform16.json,long,Counting Problem
uniform,16,none,2379,,videos/XDq08lk5GnQ.mp4,What is the primary focus of this video?,c,B,b,0,,,,eagle2_5_8b_videomme_default_uniform16.json,long,Information Synopsis
uniform,16,none,2380,,videos/XDq08lk5GnQ.mp4,What is the key to the illusion of bending a teaspoon with his mind?,a,A,a,1,,,,eagle2_5_8b_videomme_default_uniform16.json,long,Action Reasoning
uniform,16,none,2381,,videos/XDq08lk5GnQ.mp4,What is the purpose of the mirrors in the last magic?,b,C,c,0,,,,eagle2_5_8b_videomme_default_uniform16.json,long,Object Reasoning
uniform,16,none,2382,,videos/D97vMwfWxvI.mp4,What is this video mainly about?,b,C,c,0,,,,eagle2_5_8b_videomme_default_uniform16.json,long,Information Synopsis
uniform,16,none,2383,,videos/D97vMwfWxvI.mp4,"In which order are the following magics performed in this video?
(a) Bend the straw with spirits.
(b) Two kinds of snacks are poured out of the packaging bag.
(c) Two coins on the plate turn into seven.
(d) Coins drilled into the cup from the bottom.",c,B,b,0,,,,eagle2_5_8b_videomme_default_uniform16.json,long,Temporal Reasoning
uniform,16,none,2384,,videos/D97vMwfWxvI.mp4,Which tool is used in the first magic?,a,A,a,1,,,,eagle2_5_8b_videomme_default_uniform16.json,long,Object Recognition
uniform,16,none,2385,,videos/_eJsOYC8SVU.mp4,What is the main content of this video?,d,D,d,1,,,,eagle2_5_8b_videomme_default_uniform16.json,long,Information Synopsis
uniform,16,none,2386,,videos/_eJsOYC8SVU.mp4,Which of the following tools is not used in this video?,b,D,d,0,,,,eagle2_5_8b_videomme_default_uniform16.json,long,Object Recognition
uniform,16,none,2387,,videos/_eJsOYC8SVU.mp4,What do the first and the fifth segments of magic in this video have in common?,c,A,a,0,,,,eagle2_5_8b_videomme_default_uniform16.json,long,Object Reasoning
uniform,16,none,2388,,videos/H6Y2KRfpRVY.mp4,How many magics are performed in this video?,a,B,b,0,,,,eagle2_5_8b_videomme_default_uniform16.json,long,Counting Problem
uniform,16,none,2389,,videos/H6Y2KRfpRVY.mp4,What do the first two magics performed in the video have in common?,d,C,c,0,,,,eagle2_5_8b_videomme_default_uniform16.json,long,Object Reasoning
uniform,16,none,2390,,videos/H6Y2KRfpRVY.mp4,Which action is not included in the third magic?,b,A,a,0,,,,eagle2_5_8b_videomme_default_uniform16.json,long,Action Recognition
uniform,16,none,2391,,videos/k2FIFQIYBvA.mp4,What is the main focus of this video?,c,C,c,1,,,,eagle2_5_8b_videomme_default_uniform16.json,long,Information Synopsis
uniform,16,none,2392,,videos/k2FIFQIYBvA.mp4,What similarities exist between the first two magic tricks?,a,A,a,1,,,,eagle2_5_8b_videomme_default_uniform16.json,long,Action Reasoning
uniform,16,none,2393,,videos/k2FIFQIYBvA.mp4,What is the relationship between the magician and the audience with striped shirts and brown hair?,a,C,c,0,,,,eagle2_5_8b_videomme_default_uniform16.json,long,Object Reasoning
uniform,16,none,2394,,videos/D0ZMmQjKn2Q.mp4,Why does the magician fail in the first episode?,b,B,b,1,,,,eagle2_5_8b_videomme_default_uniform16.json,long,Action Reasoning
uniform,16,none,2395,,videos/D0ZMmQjKn2Q.mp4,"In which order do the following events happen in this video?
(a) Mr. Bean falls in love with the beautiful singer Roxy and has a wish to get an autograph from her. His attempts are mostly foiled by the bodyguard until he manages to get a kiss mark from Roxy using her handkerchief and Bean is happy.
(b) Whilst digging for treasure, Mr. Bean builds his own metal detector and goes to hunt for treasure but fails. When he manages to get the treasure and bring it to his flat.
(c) Mr. Bean and Irma are off for a day at the seaside, where his trunk gets accidentally swapped with that of a stage magician.
(d) Bean attends a hypnotism show. He unwittingly volunteers to be hypnotised; when the hypnotist makes him think he's a dog, he runs away and then back at home chases Scrapper around the garden and the house.",c,C,c,1,,,,eagle2_5_8b_videomme_default_uniform16.json,long,Temporal Reasoning
uniform,16,none,2396,,videos/D0ZMmQjKn2Q.mp4,How does Mr. Bean get off the plane when he finds the island is right down?,a,A,a,1,,,,eagle2_5_8b_videomme_default_uniform16.json,long,Action Recognition
uniform,16,none,2397,,videos/Cb91B0wZYLE.mp4,"What is the sequence in which the following magic tricks are performed in this video?
(a) Joker inside the black Jacks sandwich is mysteriously replaced with the randomly chosen card.
(b) The positions of Aces and random cards are swapped.
(c) After a full circle of mixing up, the piles go back to where they started.
(d) The order of cards is recovered from chaos.",d,B,b,0,,,,eagle2_5_8b_videomme_default_uniform16.json,long,Temporal Reasoning
uniform,16,none,2398,,videos/Cb91B0wZYLE.mp4,What is the main focus of this video?,b,B,b,1,,,,eagle2_5_8b_videomme_default_uniform16.json,long,Information Synopsis
uniform,16,none,2399,,videos/Cb91B0wZYLE.mp4,"According to the video, which magic trick has a tutorial?",c,B,b,0,,,,eagle2_5_8b_videomme_default_uniform16.json,long,Attribute Perception
uniform,16,none,2400,,videos/v4YhsooE5xY.mp4,"According to the beginning of the video, who used a tool to open the watermelon?",d,B,b,0,,,,eagle2_5_8b_videomme_default_uniform16.json,long,Object Reasoning
uniform,16,none,2401,,videos/v4YhsooE5xY.mp4,"In the video, while evaluating five paintings, the man with platinum blonde hair and a pure black top contends that the highest-scoring painting was created by whom?",d,D,d,1,,,,eagle2_5_8b_videomme_default_uniform16.json,long,Object Reasoning
uniform,16,none,2402,,videos/v4YhsooE5xY.mp4,"What is the main purpose of Tim K bending down from the grass, standing up, walking back to the bathtub, and bending down again?",d,C,c,0,,,,eagle2_5_8b_videomme_default_uniform16.json,long,Action Reasoning
uniform,16,none,2403,,videos/TYmHe20p_zU.mp4,What kind of transformation does William Holmes undergo throughout the video?,c,C,c,1,,,,eagle2_5_8b_videomme_default_uniform16.json,long,Information Synopsis
uniform,16,none,2404,,videos/TYmHe20p_zU.mp4,Why do the five members of the Feb 5 team want to help William Holmes change?,d,C,c,0,,,,eagle2_5_8b_videomme_default_uniform16.json,long,Action Reasoning
uniform,16,none,2405,,videos/TYmHe20p_zU.mp4,"In the video, which aspect of William Holmes do the five members of the Feb 5 team not change?",c,D,d,0,,,,eagle2_5_8b_videomme_default_uniform16.json,long,Information Synopsis
uniform,16,none,2406,,videos/eQGSbBANfVg.mp4,"In the early part of the video, how was the flip-flop that traveled the farthest thrown?",c,A,a,0,,,,eagle2_5_8b_videomme_default_uniform16.json,long,Action Recognition
uniform,16,none,2407,,videos/eQGSbBANfVg.mp4,"In the middle part of the video, why does the girl named Danielle Walker, with golden hair and blue clothes, use a huge bat to hit the ball?",b,B,b,1,,,,eagle2_5_8b_videomme_default_uniform16.json,long,Action Reasoning
uniform,16,none,2408,,videos/eQGSbBANfVg.mp4,"In the latter part of the video, when Luke says, ""We probably have no time."", what does this statement express about Luke's thoughts?",d,B,b,0,,,,eagle2_5_8b_videomme_default_uniform16.json,long,Object Reasoning
uniform,16,none,2409,,videos/AeEYQ62t8hA.mp4,How many guests were invited to participate in the interview in this segment of the video?,c,B,b,0,,,,eagle2_5_8b_videomme_default_uniform16.json,long,Counting Problem
uniform,16,none,2410,,videos/AeEYQ62t8hA.mp4,"In James Corden's dream, what does it mean when the man sitting to his left in a black suit and black tie and the man sitting to his right in a dark blue top suddenly burst into laughter?",b,A,a,0,,,,eagle2_5_8b_videomme_default_uniform16.json,long,Object Reasoning
uniform,16,none,2411,,videos/AeEYQ62t8hA.mp4,"At the end of the video, why does James Corden sing a song with tears in his eyes?",a,C,c,0,,,,eagle2_5_8b_videomme_default_uniform16.json,long,Action Reasoning
uniform,16,none,2412,,videos/C8Rk__S06_M.mp4,"In the early part of the video, during the One-Eyed Monster quiz task, how many questions did the team with the boy with dark skin answer correctly?",c,C,c,1,,,,eagle2_5_8b_videomme_default_uniform16.json,long,Counting Problem
uniform,16,none,2413,,videos/C8Rk__S06_M.mp4,"Which of the five items, guessed by the man in the red top during the price-guessing segment in the middle of the video, deviated the least from its actual price?",a,C,c,0,,,,eagle2_5_8b_videomme_default_uniform16.json,long,Object Recognition
uniform,16,none,2414,,videos/C8Rk__S06_M.mp4,"In the latter part of the video, during the ""Who'd you rather"" segment, what is the relationship between the man wearing a black jacket and Rihanna?",b,D,d,0,,,,eagle2_5_8b_videomme_default_uniform16.json,long,Object Reasoning
uniform,16,none,2415,,videos/r1PoSdFWvQg.mp4,"In the first game of the video's early part, what is the key to winning this game of building the tallest tower?",b,B,b,1,,,,eagle2_5_8b_videomme_default_uniform16.json,long,Attribute Perception
uniform,16,none,2416,,videos/r1PoSdFWvQg.mp4,"In the latter part of the video, which method did the contestant with the shortest time used to send inflatable ducks into the lake?",a,B,b,0,,,,eagle2_5_8b_videomme_default_uniform16.json,long,Action Recognition
uniform,16,none,2417,,videos/r1PoSdFWvQg.mp4,"In the latter part of the video, which prize can Sam Campbell not obtain?",c,A,a,0,,,,eagle2_5_8b_videomme_default_uniform16.json,long,Object Recognition
uniform,16,none,2418,,videos/dLjOLXmu68M.mp4,"When the three hosts discuss the ranking of musical competition shows, why do they think ""X Factor"" ranks the highest?",c,D,d,0,,,,eagle2_5_8b_videomme_default_uniform16.json,long,Action Reasoning
uniform,16,none,2419,,videos/dLjOLXmu68M.mp4,Which reality show is NOT ranked first in its respective category based on the order of the three guests in the video?,a,C,c,0,,,,eagle2_5_8b_videomme_default_uniform16.json,long,Action Reasoning
uniform,16,none,2420,,videos/dLjOLXmu68M.mp4,"In the latter part of the video, what is the relationship between the shows ""Flavor of Love"" and ""To Be Her Best Friend"" as discussed by the three hosts?",b,B,b,1,,,,eagle2_5_8b_videomme_default_uniform16.json,long,Object Reasoning
uniform,16,none,2421,,videos/leG0U5wzGlA.mp4,"In the early part of the video, when Sal, the man wearing a black suit and a yellow tie, gives a speech, what is the relationship between Crystal and Gary he mentioned?",a,A,a,1,,,,eagle2_5_8b_videomme_default_uniform16.json,long,Object Reasoning
uniform,16,none,2422,,videos/leG0U5wzGlA.mp4,"In the middle part of the video, why does Joe, the man wearing a blue shirt and yellow pants, pounce on the customer's table?",a,B,b,0,,,,eagle2_5_8b_videomme_default_uniform16.json,long,Action Reasoning
uniform,16,none,2423,,videos/leG0U5wzGlA.mp4,"In the latter part of the video, why is Brian Quinn, a man wearing a baseball cap, booed by the audience at the band's live performance?",d,B,b,0,,,,eagle2_5_8b_videomme_default_uniform16.json,long,Action Reasoning
uniform,16,none,2424,,videos/o6gD9_akew0.mp4,Which of the following is NOT a reason why 100 women think Steve Harvey is a good kisser?,a,C,c,0,,,,eagle2_5_8b_videomme_default_uniform16.json,long,Information Synopsis
uniform,16,none,2425,,videos/o6gD9_akew0.mp4,"In the middle part of the video, when Kim Kardashian and Khloé Kardashian come on stage, Khloé Kardashian shakes her head and says ""No"" to Kim Kardashian. What does this indicate?",a,C,c,0,,,,eagle2_5_8b_videomme_default_uniform16.json,long,Action Reasoning
uniform,16,none,2426,,videos/o6gD9_akew0.mp4,"In the latter part of the video, how is the show scoring the answers given by Kim Kardashian?",c,C,c,1,,,,eagle2_5_8b_videomme_default_uniform16.json,long,Action Recognition
uniform,16,none,2427,,videos/N62mrplIygc.mp4,"In the middle part of the video, which rule did Bailey, the girl, break on her first day of school?",d,C,c,0,,,,eagle2_5_8b_videomme_default_uniform16.json,long,Object Recognition
uniform,16,none,2428,,videos/N62mrplIygc.mp4,"What is the relationship between Jono and Portia, who comforting the sad Jono?",c,C,c,1,,,,eagle2_5_8b_videomme_default_uniform16.json,long,Object Reasoning
uniform,16,none,2429,,videos/N62mrplIygc.mp4,"Based on the entire video, what kind of transformation occurs between Jono and Bailey?",c,C,c,1,,,,eagle2_5_8b_videomme_default_uniform16.json,long,Object Reasoning
uniform,16,none,2430,,videos/B6fvT2LKEDI.mp4,In how many instances does archery make an appearance during these performances?,b,B,b,1,,,,eagle2_5_8b_videomme_default_uniform16.json,long,Counting Problem
uniform,16,none,2431,,videos/B6fvT2LKEDI.mp4,What do not the two male performers have in common?,c,C,c,1,,,,eagle2_5_8b_videomme_default_uniform16.json,long,Object Reasoning
uniform,16,none,2432,,videos/B6fvT2LKEDI.mp4,The result of which performance remains unknown based on this video?,a,C,c,0,,,,eagle2_5_8b_videomme_default_uniform16.json,long,Action Reasoning
uniform,16,none,2433,,videos/yh-EHgkFci4.mp4,How does the actor in the video achieve the jump upwards in the first clip?,a,B,b,0,,,,eagle2_5_8b_videomme_default_uniform16.json,long,Action Reasoning
uniform,16,none,2434,,videos/yh-EHgkFci4.mp4,What do the third and fourth programs have in common?,d,A,a,0,,,,eagle2_5_8b_videomme_default_uniform16.json,long,Object Reasoning
uniform,16,none,2435,,videos/yh-EHgkFci4.mp4,How many of the shows in the video are solo acts?,b,B,b,1,,,,eagle2_5_8b_videomme_default_uniform16.json,long,Counting Problem
uniform,16,none,2436,,videos/5y5_VyEwZhc.mp4,Which acrobatic skill is absent from this video?,d,A,a,0,,,,eagle2_5_8b_videomme_default_uniform16.json,long,Action Recognition
uniform,16,none,2437,,videos/5y5_VyEwZhc.mp4,Which option correctly describes the second performance?,b,B,b,1,,,,eagle2_5_8b_videomme_default_uniform16.json,long,Object Reasoning
uniform,16,none,2438,,videos/5y5_VyEwZhc.mp4,What is unique about the last performance?,c,D,d,0,,,,eagle2_5_8b_videomme_default_uniform16.json,long,Action Reasoning
uniform,16,none,2439,,videos/BlTCkMMJM6o.mp4,Which acrobatics skill is absent from this video?,c,D,d,0,,,,eagle2_5_8b_videomme_default_uniform16.json,long,Action Recognition
uniform,16,none,2440,,videos/BlTCkMMJM6o.mp4,What is true about this video?,a,A,a,1,,,,eagle2_5_8b_videomme_default_uniform16.json,long,Object Reasoning
uniform,16,none,2441,,videos/BlTCkMMJM6o.mp4,What is this video about?,b,B,b,1,,,,eagle2_5_8b_videomme_default_uniform16.json,long,Information Synopsis
uniform,16,none,2442,,videos/7TydWUguPRU.mp4,What do the first five programs have in common?,b,A,a,0,,,,eagle2_5_8b_videomme_default_uniform16.json,long,Object Reasoning
uniform,16,none,2443,,videos/7TydWUguPRU.mp4,Which two programs have similarities in the use of the ring?,c,A,a,0,,,,eagle2_5_8b_videomme_default_uniform16.json,long,Object Reasoning
uniform,16,none,2444,,videos/7TydWUguPRU.mp4,How is the seventh performance different from the others?,c,C,c,1,,,,eagle2_5_8b_videomme_default_uniform16.json,long,Action Reasoning
uniform,16,none,2445,,videos/Z2G9bTvffAw.mp4,What distinguishes the yellow lion from the red lion?,a,A,a,1,,,,eagle2_5_8b_videomme_default_uniform16.json,long,Object Reasoning
uniform,16,none,2446,,videos/Z2G9bTvffAw.mp4,"What sequence of actions followed after they stepped on the stilts?
(a)  They unfurled a banner from their mouths.
(b) They tumbled down from the high platform.
(c) They caught the balls thrown by the ground staff.",b,A,a,0,,,,eagle2_5_8b_videomme_default_uniform16.json,long,Temporal Reasoning
uniform,16,none,2447,,videos/Z2G9bTvffAw.mp4,What do the spectators do after the performance?,d,D,d,1,,,,eagle2_5_8b_videomme_default_uniform16.json,long,Action Recognition
uniform,16,none,2448,,videos/EuBhksmj0sQ.mp4,Which acrobatic skill is featured in this video?,d,D,d,1,,,,eagle2_5_8b_videomme_default_uniform16.json,long,Action Recognition
uniform,16,none,2449,,videos/EuBhksmj0sQ.mp4,Which statement is true about this video?,d,B,b,0,,,,eagle2_5_8b_videomme_default_uniform16.json,long,Action Reasoning
uniform,16,none,2450,,videos/EuBhksmj0sQ.mp4,What is the video about?,b,B,b,1,,,,eagle2_5_8b_videomme_default_uniform16.json,long,Information Synopsis
uniform,16,none,2451,,videos/Fqptx5fNXR4.mp4,What is special about the circus?,c,C,c,1,,,,eagle2_5_8b_videomme_default_uniform16.json,long,Object Reasoning
uniform,16,none,2452,,videos/Fqptx5fNXR4.mp4,Which of the performances does the woman participate in?,a,A,a,1,,,,eagle2_5_8b_videomme_default_uniform16.json,long,Action Recognition
uniform,16,none,2453,,videos/Fqptx5fNXR4.mp4,What is the main content of the video about?,d,D,d,1,,,,eagle2_5_8b_videomme_default_uniform16.json,long,Information Synopsis
uniform,16,none,2454,,videos/GsYi-l5PEEs.mp4,What is the man doing when the carousel starts spinning for the first time?,b,C,c,0,,,,eagle2_5_8b_videomme_default_uniform16.json,long,Action Recognition
uniform,16,none,2455,,videos/GsYi-l5PEEs.mp4,Which statement about this video is true?,d,C,c,0,,,,eagle2_5_8b_videomme_default_uniform16.json,long,Object Reasoning
uniform,16,none,2456,,videos/GsYi-l5PEEs.mp4,Who is most likely to have filmed this video?,c,C,c,1,,,,eagle2_5_8b_videomme_default_uniform16.json,long,Object Reasoning
uniform,16,none,2457,,videos/SeDGkRfpTqQ.mp4,How many dance group auditions are included in this video?,d,B,b,0,,,,eagle2_5_8b_videomme_default_uniform16.json,long,Counting Problem
uniform,16,none,2458,,videos/SeDGkRfpTqQ.mp4,What is a common characteristic among these auditions?,b,B,b,1,,,,eagle2_5_8b_videomme_default_uniform16.json,long,Object Reasoning
uniform,16,none,2459,,videos/SeDGkRfpTqQ.mp4,Which two performances incorporate the use of light strips?,c,C,c,1,,,,eagle2_5_8b_videomme_default_uniform16.json,long,Action Reasoning
uniform,16,none,2460,,videos/c03YTDzmsK8.mp4,"What are the correct steps to make the adorable rabbit?
(a) Making a white tail from a microfiber duster mop pad.
(b) Cutting off the tinsel from the original rabbit.
(c) Wrapping the brown yarn across the rabbit.
(d) Making a cute little lace bow and tie it to the rabbit.",b,B,b,1,,,,eagle2_5_8b_videomme_default_uniform16.json,long,Temporal Reasoning
uniform,16,none,2461,,videos/c03YTDzmsK8.mp4,What do the two handmade crafts have in common?,c,B,b,0,,,,eagle2_5_8b_videomme_default_uniform16.json,long,Object Reasoning
uniform,16,none,2462,,videos/c03YTDzmsK8.mp4,What is the main topic of this video?,a,A,a,1,,,,eagle2_5_8b_videomme_default_uniform16.json,long,Information Synopsis
uniform,16,none,2463,,videos/3MJNKd10kxM.mp4,"In which order do the following topics are introduced in this video ?
(a) Spring pocket DIY.
(b) Easter bucket floral DIY.
(c) Farmhouse bunny in a bucket DIY.
(d) Spring tin bucket floral DIY.
(e) Bunny hop decor.",a,A,a,1,,,,eagle2_5_8b_videomme_default_uniform16.json,long,Temporal Reasoning
uniform,16,none,2464,,videos/3MJNKd10kxM.mp4,Which ingredient is not used in the video?,d,D,d,1,,,,eagle2_5_8b_videomme_default_uniform16.json,long,Object Recognition
uniform,16,none,2465,,videos/3MJNKd10kxM.mp4,What is the best caption for this video?,b,B,b,1,,,,eagle2_5_8b_videomme_default_uniform16.json,long,Information Synopsis
uniform,16,none,2466,,videos/vDzNVHXc66U.mp4,Which is the characteristic of the first wool craft with spoons?,d,D,d,1,,,,eagle2_5_8b_videomme_default_uniform16.json,long,Object Reasoning
uniform,16,none,2467,,videos/vDzNVHXc66U.mp4,Which ingredient is not used in the video?,b,B,b,1,,,,eagle2_5_8b_videomme_default_uniform16.json,long,Object Recognition
uniform,16,none,2468,,videos/vDzNVHXc66U.mp4,What is the main topic of this video?,c,C,c,1,,,,eagle2_5_8b_videomme_default_uniform16.json,long,Information Synopsis
uniform,16,none,2469,,videos/p0qf48lXD4M.mp4,How many DIYs have been made in this video?,c,B,b,0,,,,eagle2_5_8b_videomme_default_uniform16.json,long,Counting Problem
uniform,16,none,2470,,videos/p0qf48lXD4M.mp4,What does the two wall sconces made in this video have in common?,d,C,c,0,,,,eagle2_5_8b_videomme_default_uniform16.json,long,Object Reasoning
uniform,16,none,2471,,videos/p0qf48lXD4M.mp4,What is the best caption for this video?,b,C,c,0,,,,eagle2_5_8b_videomme_default_uniform16.json,long,Information Synopsis
uniform,16,none,2472,,videos/wxff_4tDauo.mp4,"According to this video, which handmade electronic device is the most commonly manufactured among the following options?",b,B,b,1,,,,eagle2_5_8b_videomme_default_uniform16.json,long,Object Reasoning
uniform,16,none,2473,,videos/wxff_4tDauo.mp4,"In which order are the following steps introduced in this video?
(a) Cardboard Apple MacBook.
(b) Cardboard Apple Watch.
(c) Apple iPad.
(d) Apple iPhone 13.",c,C,c,1,,,,eagle2_5_8b_videomme_default_uniform16.json,long,Temporal Reasoning
uniform,16,none,2474,,videos/wxff_4tDauo.mp4,What is the main topic of this video?,a,A,a,1,,,,eagle2_5_8b_videomme_default_uniform16.json,long,Information Synopsis
uniform,16,none,2475,,videos/dXBREPP1hfo.mp4,"If one lives in this house, what cannot he do according to this video?",d,B,b,0,,,,eagle2_5_8b_videomme_default_uniform16.json,long,Action Reasoning
uniform,16,none,2476,,videos/dXBREPP1hfo.mp4,"In which order are the following steps introduced in this video?
(a) A pair of slippers.
(b) A pair of pillows.
(c) A Starbucks cup.
(d) A Windows computer.",b,A,a,0,,,,eagle2_5_8b_videomme_default_uniform16.json,long,Temporal Reasoning
uniform,16,none,2477,,videos/dXBREPP1hfo.mp4,What is the best caption for this video?,c,A,a,0,,,,eagle2_5_8b_videomme_default_uniform16.json,long,Information Synopsis
uniform,16,none,2478,,videos/k3zNTrWrbOU.mp4,Which of the following steps does not the woman do on her own?,a,C,c,0,,,,eagle2_5_8b_videomme_default_uniform16.json,long,Action Reasoning
uniform,16,none,2479,,videos/k3zNTrWrbOU.mp4,"If the woman in this video wears and changes one piece of clothes every day, then at least how many days is the video shot for?",d,B,b,0,,,,eagle2_5_8b_videomme_default_uniform16.json,long,Temporal Reasoning
uniform,16,none,2480,,videos/k3zNTrWrbOU.mp4,What is the main topic of this video?,b,A,a,0,,,,eagle2_5_8b_videomme_default_uniform16.json,long,Information Synopsis
uniform,16,none,2481,,videos/vv2EiRK0Lmg.mp4,What is the handcraft made seventh in this video?,c,B,b,0,,,,eagle2_5_8b_videomme_default_uniform16.json,long,Object Recognition
uniform,16,none,2482,,videos/vv2EiRK0Lmg.mp4,Which ingredient is most used in this video?,a,A,a,1,,,,eagle2_5_8b_videomme_default_uniform16.json,long,Object Recognition
uniform,16,none,2483,,videos/vv2EiRK0Lmg.mp4,What is the main topic of this video?,d,D,d,1,,,,eagle2_5_8b_videomme_default_uniform16.json,long,Information Synopsis
uniform,16,none,2484,,videos/h5Jx12SYKzk.mp4,What do the first and last made planters have in common?,b,A,a,0,,,,eagle2_5_8b_videomme_default_uniform16.json,long,Object Reasoning
uniform,16,none,2485,,videos/h5Jx12SYKzk.mp4,How many kinds of planters are made in this video?,c,B,b,0,,,,eagle2_5_8b_videomme_default_uniform16.json,long,Counting Problem
uniform,16,none,2486,,videos/h5Jx12SYKzk.mp4,What is the main topic of this video?,a,A,a,1,,,,eagle2_5_8b_videomme_default_uniform16.json,long,Information Synopsis
uniform,16,none,2487,,videos/yG0W82PGAcQ.mp4,"According to this video, what can you do if wanting to draw multiple neat lines using only one marker pen?",d,B,b,0,,,,eagle2_5_8b_videomme_default_uniform16.json,long,Action Reasoning
uniform,16,none,2488,,videos/yG0W82PGAcQ.mp4,Which of the following options is not the function a clip can provide in this video?,b,B,b,1,,,,eagle2_5_8b_videomme_default_uniform16.json,long,Object Reasoning
uniform,16,none,2489,,videos/yG0W82PGAcQ.mp4,What is the main topic about this video?,c,C,c,1,,,,eagle2_5_8b_videomme_default_uniform16.json,long,Information Synopsis
uniform,16,none,2490,,videos/6Pt3-NDxzRk.mp4,What does this video show?,c,C,c,1,,,,eagle2_5_8b_videomme_default_uniform16.json,long,Information Synopsis
uniform,16,none,2491,,videos/6Pt3-NDxzRk.mp4,Could you please indicate the specific time in the video when the minor kitchen mishap occurs while cooking?,b,D,d,0,,,,eagle2_5_8b_videomme_default_uniform16.json,long,Temporal Perception
uniform,16,none,2492,,videos/6Pt3-NDxzRk.mp4,"In the video, the main character delivers food to someone on Wednesday. What is the nature of their relationship?",a,D,d,0,,,,eagle2_5_8b_videomme_default_uniform16.json,long,Object Reasoning
uniform,16,none,2493,,videos/iWT0kl1k32M.mp4,Which state's cuisine is consistently highly praised by the three people in the video?,a,B,b,0,,,,eagle2_5_8b_videomme_default_uniform16.json,long,Action Reasoning
uniform,16,none,2494,,videos/iWT0kl1k32M.mp4,How do they typically determine the final food rating in the video?,d,C,c,0,,,,eagle2_5_8b_videomme_default_uniform16.json,long,Action Reasoning
uniform,16,none,2495,,videos/iWT0kl1k32M.mp4,Why do the Wisconsin cheese cubes receive an A rating?,c,B,b,0,,,,eagle2_5_8b_videomme_default_uniform16.json,long,Action Reasoning
uniform,16,none,2496,,videos/lw3_W5X1t54.mp4,Which dish at Restaurant Kalamansi best embodies the rich history and essence of Filipino cuisine?,b,A,a,0,,,,eagle2_5_8b_videomme_default_uniform16.json,long,Object Reasoning
uniform,16,none,2497,,videos/lw3_W5X1t54.mp4,What is the relationship between the video's main character and the lady sitting next to him at the table?,d,C,c,0,,,,eagle2_5_8b_videomme_default_uniform16.json,long,Object Reasoning
uniform,16,none,2498,,videos/lw3_W5X1t54.mp4,What does this video focus on?,a,A,a,1,,,,eagle2_5_8b_videomme_default_uniform16.json,long,Information Synopsis
uniform,16,none,2499,,videos/aqFfjJrLkBA.mp4,What was the primary factor that determined the sequence in which the children appeared in the video?,c,C,c,1,,,,eagle2_5_8b_videomme_default_uniform16.json,long,Action Reasoning
uniform,16,none,2500,,videos/aqFfjJrLkBA.mp4,Why does Sadie have a countdown?,b,B,b,1,,,,eagle2_5_8b_videomme_default_uniform16.json,long,Action Reasoning
uniform,16,none,2501,,videos/aqFfjJrLkBA.mp4,Could you please specify the order for food preparation as shown in the video? Which of the following sequences is accurate?,a,C,c,0,,,,eagle2_5_8b_videomme_default_uniform16.json,long,Temporal Reasoning
uniform,16,none,2502,,videos/IXjkbgrdAkw.mp4,"In the video the main character goes to five different restaurants, which restaurant is frequented by the main character's brother-in-law?",c,B,b,0,,,,eagle2_5_8b_videomme_default_uniform16.json,long,Object Reasoning
uniform,16,none,2503,,videos/IXjkbgrdAkw.mp4,What is the main food sold at the restaurant that the main character in the video thinks has the most historical flavor?,b,A,a,0,,,,eagle2_5_8b_videomme_default_uniform16.json,long,Action Reasoning
uniform,16,none,2504,,videos/IXjkbgrdAkw.mp4,What is the flavor that the main character tastes the most in the video?,c,C,c,1,,,,eagle2_5_8b_videomme_default_uniform16.json,long,Attribute Perception
uniform,16,none,2505,,videos/wTlERUE8LVw.mp4,What food is sampled by the main character when meeting a modeling agent for the first time in the video?,a,D,d,0,,,,eagle2_5_8b_videomme_default_uniform16.json,long,Object Recognition
uniform,16,none,2506,,videos/wTlERUE8LVw.mp4,What is the video hero's favorite food before he eats the roast suckling pig?,d,A,a,0,,,,eagle2_5_8b_videomme_default_uniform16.json,long,Object Reasoning
uniform,16,none,2507,,videos/wTlERUE8LVw.mp4,"As can be inferred from the video, why does the video dedicates a significant amount of time to the roast suckling pig?",b,C,c,0,,,,eagle2_5_8b_videomme_default_uniform16.json,long,Action Reasoning
uniform,16,none,2508,,videos/4VniCsSusJs.mp4,Which of the following food combinations is the favorite of the two people in the video?,b,C,c,0,,,,eagle2_5_8b_videomme_default_uniform16.json,long,Action Reasoning
uniform,16,none,2509,,videos/4VniCsSusJs.mp4,Why do they throw food in a big bowl?,c,C,c,1,,,,eagle2_5_8b_videomme_default_uniform16.json,long,Action Reasoning
uniform,16,none,2510,,videos/4VniCsSusJs.mp4,What is the most significant difference between the first clip in the video and the other two?,a,B,b,0,,,,eagle2_5_8b_videomme_default_uniform16.json,long,Object Reasoning
uniform,16,none,2511,,videos/txdfCHpxzVg.mp4,"Extrapolating from the video, what does it suggest if chunky fries are served?",b,C,c,0,,,,eagle2_5_8b_videomme_default_uniform16.json,long,Object Reasoning
uniform,16,none,2512,,videos/txdfCHpxzVg.mp4,What is the correct order for processing cod in the video?,a,B,b,0,,,,eagle2_5_8b_videomme_default_uniform16.json,long,Temporal Reasoning
uniform,16,none,2513,,videos/txdfCHpxzVg.mp4,Which aspect does this video emphasize?,b,B,b,1,,,,eagle2_5_8b_videomme_default_uniform16.json,long,Information Synopsis
uniform,16,none,2514,,videos/azJ5pk5reX0.mp4,"How many calories has the person in the video, who consumed a $100 golden burger, already eaten when he meets his teammate?",c,B,b,0,,,,eagle2_5_8b_videomme_default_uniform16.json,long,OCR Problems
uniform,16,none,2515,,videos/azJ5pk5reX0.mp4,What is the relationship between the person documenting his fitness at the beginning of the video and the main curator of this video?,b,D,d,0,,,,eagle2_5_8b_videomme_default_uniform16.json,long,Object Reasoning
uniform,16,none,2516,,videos/azJ5pk5reX0.mp4,Who in the video accomplished the calorie goal set?,b,B,b,1,,,,eagle2_5_8b_videomme_default_uniform16.json,long,Action Reasoning
uniform,16,none,2517,,videos/y9Fne3oUwX4.mp4,Which food did the team that chose bananas also select from the following options?,d,B,b,0,,,,eagle2_5_8b_videomme_default_uniform16.json,long,Object Recognition
uniform,16,none,2518,,videos/y9Fne3oUwX4.mp4,What letter of the alphabet does the two teams choose to eat differently when it comes to food?,c,B,b,0,,,,eagle2_5_8b_videomme_default_uniform16.json,long,Object Recognition
uniform,16,none,2519,,videos/y9Fne3oUwX4.mp4,"As one team enjoys pizza, how many tasks has the other team completed?",a,C,c,0,,,,eagle2_5_8b_videomme_default_uniform16.json,long,OCR Problems
uniform,16,none,2520,,videos/WB4giHwiulE.mp4,How did World War I affect the businesses of the people profiled in the video?,a,A,a,1,,,,eagle2_5_8b_videomme_default_uniform16.json,long,Object Reasoning
uniform,16,none,2521,,videos/WB4giHwiulE.mp4,What factors contributed to the success of Chanel No. 5 and the little black dress?,c,C,c,1,,,,eagle2_5_8b_videomme_default_uniform16.json,long,Object Reasoning
uniform,16,none,2522,,videos/WB4giHwiulE.mp4,What was significant about Chanel's embrace of tanned skin?,d,D,d,1,,,,eagle2_5_8b_videomme_default_uniform16.json,long,Object Reasoning
uniform,16,none,2523,,videos/CKYw_RG7i7w.mp4,"According to the video, how many grandsons does the founder of Gucci have?",b,B,b,1,,,,eagle2_5_8b_videomme_default_uniform16.json,long,Counting Problem
uniform,16,none,2524,,videos/CKYw_RG7i7w.mp4,"According to the video, which of the following statements is accurate?",b,C,c,0,,,,eagle2_5_8b_videomme_default_uniform16.json,long,Information Synopsis
uniform,16,none,2525,,videos/CKYw_RG7i7w.mp4,What is the main content of this video?,c,C,c,1,,,,eagle2_5_8b_videomme_default_uniform16.json,long,Information Synopsis
uniform,16,none,2526,,videos/9aGgBzToUz4.mp4,Which category has the highest number of outfits?,d,A,a,0,,,,eagle2_5_8b_videomme_default_uniform16.json,long,Counting Problem
uniform,16,none,2527,,videos/9aGgBzToUz4.mp4,"What is the most distinctive feature that sets ""Nothing new"" apart from the other categories?",a,C,c,0,,,,eagle2_5_8b_videomme_default_uniform16.json,long,Object Reasoning
uniform,16,none,2528,,videos/9aGgBzToUz4.mp4,What is this video mainly about?,a,A,a,1,,,,eagle2_5_8b_videomme_default_uniform16.json,long,Information Synopsis
uniform,16,none,2529,,videos/K7YNoRZMv2k.mp4,"In what chronological order did the following events take place?
(a) The Prada brand was almost ceasing to exist.
(b) The launch of the label Miu Miu.
(c) Prada gained connections to royal families.
(d) The arrival of Miuccia Prada.",b,D,d,0,,,,eagle2_5_8b_videomme_default_uniform16.json,long,Temporal Reasoning
uniform,16,none,2530,,videos/K7YNoRZMv2k.mp4,What would happen if the daughter didn't assume control of Prada?,c,C,c,1,,,,eagle2_5_8b_videomme_default_uniform16.json,long,Action Recognition
uniform,16,none,2531,,videos/K7YNoRZMv2k.mp4,Which item is not being displayed on the product showcase interface?,d,A,a,0,,,,eagle2_5_8b_videomme_default_uniform16.json,long,Object Recognition
uniform,16,none,2532,,videos/1evyOuQz-jM.mp4,"In what sequence are the following jewelry pieces arranged to be displayed in this video?
(a) Engagement ring.
(b) Cartier bracelets.
(c) Tabayer earrings.
(d) Missoma hoops.",b,C,c,0,,,,eagle2_5_8b_videomme_default_uniform16.json,long,Temporal Reasoning
uniform,16,none,2533,,videos/1evyOuQz-jM.mp4,What makes the dual diamond ring from Leon Diamond unique or special?,a,A,a,1,,,,eagle2_5_8b_videomme_default_uniform16.json,long,Object Reasoning
uniform,16,none,2534,,videos/1evyOuQz-jM.mp4,Which jewellery piece is being introduced when she takes off her coat?,c,C,c,1,,,,eagle2_5_8b_videomme_default_uniform16.json,long,Temporal Reasoning
uniform,16,none,2535,,videos/fLO5Ww0V2qU.mp4,What is the woman's outfit today in the video?,d,D,d,1,,,,eagle2_5_8b_videomme_default_uniform16.json,long,Attribute Perception
uniform,16,none,2536,,videos/fLO5Ww0V2qU.mp4,How many stores has she visited in this video?,b,C,c,0,,,,eagle2_5_8b_videomme_default_uniform16.json,long,Counting Problem
uniform,16,none,2537,,videos/fLO5Ww0V2qU.mp4,Which statement is true according to this video?,a,B,b,0,,,,eagle2_5_8b_videomme_default_uniform16.json,long,Information Synopsis
uniform,16,none,2538,,videos/0eJvnKwGThw.mp4,What is this video documenting?,c,C,c,1,,,,eagle2_5_8b_videomme_default_uniform16.json,long,Information Synopsis
uniform,16,none,2539,,videos/0eJvnKwGThw.mp4,Where might this walkout take place?,a,A,a,1,,,,eagle2_5_8b_videomme_default_uniform16.json,long,Spatial Reasoning
uniform,16,none,2540,,videos/0eJvnKwGThw.mp4,"In the last model gathering, at what time does the green model in the lower left corner of the square appear in the video?",b,B,b,1,,,,eagle2_5_8b_videomme_default_uniform16.json,long,Spatial Perception
uniform,16,none,2541,,videos/gHXaUDx7P0Y.mp4,"Here are the names of some of the chapters, and what is the order in which they occur?
(a) Scaling Up: One Plus One.
(b) The Public Eye.
(c) Broken Trust.
(d) Revenge.",d,C,c,0,,,,eagle2_5_8b_videomme_default_uniform16.json,long,Temporal Reasoning
uniform,16,none,2542,,videos/gHXaUDx7P0Y.mp4,How many major setbacks in Nike's development were mentioned in the video?,c,B,b,0,,,,eagle2_5_8b_videomme_default_uniform16.json,long,Counting Problem
uniform,16,none,2543,,videos/gHXaUDx7P0Y.mp4,What was the trigger for the company's name change to Nike in 1971?,a,A,a,1,,,,eagle2_5_8b_videomme_default_uniform16.json,long,Object Reasoning
uniform,16,none,2544,,videos/j27UP4zz_6U.mp4,"What is the correct order in which the following fragrances appear in the video?
(a) OUD LEATHER.
(b) OUD WOOD.
(c) GREY VETIVER.
(d) LAVENDRE EXTREME.",b,C,c,0,,,,eagle2_5_8b_videomme_default_uniform16.json,long,Temporal Reasoning
uniform,16,none,2545,,videos/j27UP4zz_6U.mp4,What makes ROSE PRICK different from other perfumes?,c,A,a,0,,,,eagle2_5_8b_videomme_default_uniform16.json,long,Object Reasoning
uniform,16,none,2546,,videos/j27UP4zz_6U.mp4,Which of the following is not a common characteristic of these perfumes?,d,A,a,0,,,,eagle2_5_8b_videomme_default_uniform16.json,long,Object Reasoning
uniform,16,none,2547,,videos/5Z2_uRf7ckY.mp4,"What is the place with the green tin door and the sign that says ""GAYOSO""?",a,A,a,1,,,,eagle2_5_8b_videomme_default_uniform16.json,long,Object Reasoning
uniform,16,none,2548,,videos/5Z2_uRf7ckY.mp4,What clothing was not copied in the clip showing the plagiarism against Zara?,d,A,a,0,,,,eagle2_5_8b_videomme_default_uniform16.json,long,Object Recognition
uniform,16,none,2549,,videos/5Z2_uRf7ckY.mp4,"What is the correct order of presentation of the following events in the video?
(a) Zara was plagiarized.
(b) Toxic dyes.
(c) Zara owner's birthday.",b,B,b,1,,,,eagle2_5_8b_videomme_default_uniform16.json,long,Temporal Reasoning
uniform,16,none,2550,,videos/Lo-ewzf-Q1k.mp4,Why does the heroine in the video like to wear makeup?,b,D,d,0,,,,eagle2_5_8b_videomme_default_uniform16.json,long,Action Reasoning
uniform,16,none,2551,,videos/Lo-ewzf-Q1k.mp4,"In the video, when introducing her bedroom, why did the author say that she wanted to take a large photo and hang it on the wall?",c,B,b,0,,,,eagle2_5_8b_videomme_default_uniform16.json,long,Action Reasoning
uniform,16,none,2552,,videos/Lo-ewzf-Q1k.mp4,"In the video, where will the lamp be hung in the package that the heroine takes home from the gym?",a,D,d,0,,,,eagle2_5_8b_videomme_default_uniform16.json,long,Spatial Perception
uniform,16,none,2553,,videos/eno3UMEMQJI.mp4,Which of the following options correctly sorts the sequence of events in the video?,d,D,d,1,,,,eagle2_5_8b_videomme_default_uniform16.json,long,Temporal Reasoning
uniform,16,none,2554,,videos/eno3UMEMQJI.mp4,Which of the following descriptions about the author's use of Bluetooth headsets is correct?,b,C,c,0,,,,eagle2_5_8b_videomme_default_uniform16.json,long,Action Recognition
uniform,16,none,2555,,videos/eno3UMEMQJI.mp4,What did the male protagonist in the video do immediately after finishing his personal report at the meeting?,c,B,b,0,,,,eagle2_5_8b_videomme_default_uniform16.json,long,Action Recognition
uniform,16,none,2556,,videos/pKaPg9ZJ88Q.mp4,Which of the following things is not what the host and hostess are talking about in the car at the beginning of the video?,a,B,b,0,,,,eagle2_5_8b_videomme_default_uniform16.json,long,Object Reasoning
uniform,16,none,2557,,videos/pKaPg9ZJ88Q.mp4,Why is there no record of the heroine's daily life from 5:00 to 7:20 in the video?,d,D,d,1,,,,eagle2_5_8b_videomme_default_uniform16.json,long,Object Reasoning
uniform,16,none,2558,,videos/pKaPg9ZJ88Q.mp4,What is the role of the heroine in the dancing sequence in the second half of the video?,b,B,b,1,,,,eagle2_5_8b_videomme_default_uniform16.json,long,Object Reasoning
uniform,16,none,2559,,videos/E83XxGvEPtI.mp4,What is the main content of the video?,c,C,c,1,,,,eagle2_5_8b_videomme_default_uniform16.json,long,Information Synopsis
uniform,16,none,2560,,videos/E83XxGvEPtI.mp4,What food items are common in both the hero's breakfast and lunch?,a,C,c,0,,,,eagle2_5_8b_videomme_default_uniform16.json,long,Object Reasoning
uniform,16,none,2561,,videos/E83XxGvEPtI.mp4,What is the theme of the video that the male protagonist made after finishing his workout?,d,D,d,1,,,,eagle2_5_8b_videomme_default_uniform16.json,long,Action Reasoning
uniform,16,none,2562,,videos/vzfTpidE5wg.mp4,What is the process of boiling leaves in a pot that the girl introduces at the beginning of the video?,b,C,c,0,,,,eagle2_5_8b_videomme_default_uniform16.json,long,Action Recognition
uniform,16,none,2563,,videos/vzfTpidE5wg.mp4,"After organizing the clutter in the cabinet in the video, what is the main topic that the heroine discusses while sitting in front of the camera?",c,D,d,0,,,,eagle2_5_8b_videomme_default_uniform16.json,long,Information Synopsis
uniform,16,none,2564,,videos/vzfTpidE5wg.mp4,What is inside the Amazon package received by the female protagonist in the video used for?,a,A,a,1,,,,eagle2_5_8b_videomme_default_uniform16.json,long,Object Reasoning
uniform,16,none,2565,,videos/3HEYqZgC4ko.mp4,"In the video, what happened in the car when the heroine came home from shopping in the supermarket?",d,C,c,0,,,,eagle2_5_8b_videomme_default_uniform16.json,long,Action Recognition
uniform,16,none,2566,,videos/3HEYqZgC4ko.mp4,Which of the following tasks did the heroine not complete while her baby was sleeping?,b,C,c,0,,,,eagle2_5_8b_videomme_default_uniform16.json,long,Action Recognition
uniform,16,none,2567,,videos/3HEYqZgC4ko.mp4,Which of the following descriptions of the heroine's daily activities in a day is correct in chronological order?,c,C,c,1,,,,eagle2_5_8b_videomme_default_uniform16.json,long,Temporal Reasoning
uniform,16,none,2568,,videos/25Pt1AZO9EM.mp4,"In the video after feeding the ducks, what did the male protagonist do after riding his bike?",a,C,c,0,,,,eagle2_5_8b_videomme_default_uniform16.json,long,Action Recognition
uniform,16,none,2569,,videos/25Pt1AZO9EM.mp4,What is the purpose of the man in the video processing the blue plastic barrel?,d,D,d,1,,,,eagle2_5_8b_videomme_default_uniform16.json,long,Action Reasoning
uniform,16,none,2570,,videos/25Pt1AZO9EM.mp4,Which of the following options is correct in chronological order of the male protagonist's daily life trajectory?,b,D,d,0,,,,eagle2_5_8b_videomme_default_uniform16.json,long,Temporal Reasoning
uniform,16,none,2571,,videos/5i5Be73ESUc.mp4,Which of the following things was not discussed by the heroine while driving to work?,c,C,c,1,,,,eagle2_5_8b_videomme_default_uniform16.json,long,Information Synopsis
uniform,16,none,2572,,videos/5i5Be73ESUc.mp4,What time does the heroine in the video get home from get off work?,a,C,c,0,,,,eagle2_5_8b_videomme_default_uniform16.json,long,Temporal Reasoning
uniform,16,none,2573,,videos/5i5Be73ESUc.mp4,Why did the heroine in the video go shopping at Trader joe's?,d,D,d,1,,,,eagle2_5_8b_videomme_default_uniform16.json,long,Action Reasoning
uniform,16,none,2574,,videos/u4TU2A7eVj8.mp4,On which day in the video did the female lead barely speak during daytime working hours?,b,B,b,1,,,,eagle2_5_8b_videomme_default_uniform16.json,long,Temporal Reasoning
uniform,16,none,2575,,videos/u4TU2A7eVj8.mp4,Which of the following is not what the heroine said while lying in bed on Friday morning in the video?,c,B,b,0,,,,eagle2_5_8b_videomme_default_uniform16.json,long,Information Synopsis
uniform,16,none,2576,,videos/u4TU2A7eVj8.mp4,"In the video, does the heroine show the panoramic view outside the window of her rented place? If not, why?",a,A,a,1,,,,eagle2_5_8b_videomme_default_uniform16.json,long,Action Reasoning
uniform,16,none,2577,,videos/K37YKK9h9pA.mp4,Which of the following is NOT one of the things the video talks about during the autopilot phase of the plane during the flight to Salt Lake City?,d,D,d,1,,,,eagle2_5_8b_videomme_default_uniform16.json,long,Action Reasoning
uniform,16,none,2578,,videos/K37YKK9h9pA.mp4,Which of the following is the correct chronological order of what Bart does on his first day in the video after arriving in Salt Lake City?,b,B,b,1,,,,eagle2_5_8b_videomme_default_uniform16.json,long,Temporal Reasoning
uniform,16,none,2579,,videos/K37YKK9h9pA.mp4,Who was in control during the landing process of the plane in the video's return journey?,c,C,c,1,,,,eagle2_5_8b_videomme_default_uniform16.json,long,Object Reasoning
uniform,16,none,2580,,videos/_T2Avd3tFHc.mp4,Who is the grandfather in the video with the injured right hand?,d,B,b,0,,,,eagle2_5_8b_videomme_default_uniform16.json,long,Object Reasoning
uniform,16,none,2581,,videos/_T2Avd3tFHc.mp4,How many times does the traveler in the video reunite with the old grandpa?,b,B,b,1,,,,eagle2_5_8b_videomme_default_uniform16.json,long,Counting Problem
uniform,16,none,2582,,videos/_T2Avd3tFHc.mp4,Why do travelers think Moldova isn't the worst city to visit?,c,C,c,1,,,,eagle2_5_8b_videomme_default_uniform16.json,long,Object Reasoning
uniform,16,none,2583,,videos/uzyYKAPcfmE.mp4,What is the relationship between the two travelers in the video?,a,A,a,1,,,,eagle2_5_8b_videomme_default_uniform16.json,long,Object Reasoning
uniform,16,none,2584,,videos/uzyYKAPcfmE.mp4,What did the people in the video do on the third day of their trip?,b,C,c,0,,,,eagle2_5_8b_videomme_default_uniform16.json,long,Temporal Reasoning
uniform,16,none,2585,,videos/uzyYKAPcfmE.mp4,What's so special about the trip in the video?,c,B,b,0,,,,eagle2_5_8b_videomme_default_uniform16.json,long,Object Reasoning
uniform,16,none,2586,,videos/rSnQR7vGqMY.mp4,What is the role of the man named AJ in the video?,c,C,c,1,,,,eagle2_5_8b_videomme_default_uniform16.json,long,Object Reasoning
uniform,16,none,2587,,videos/rSnQR7vGqMY.mp4,Why is the man named Niko yelling at the mountain?,a,C,c,0,,,,eagle2_5_8b_videomme_default_uniform16.json,long,Action Reasoning
uniform,16,none,2588,,videos/rSnQR7vGqMY.mp4,What is this video mainly about?,a,C,c,0,,,,eagle2_5_8b_videomme_default_uniform16.json,long,Information Synopsis
uniform,16,none,2589,,videos/VFntoBRGF1A.mp4,What date did the individual in the video leave a place that Simon thought was very important to him?,b,C,c,0,,,,eagle2_5_8b_videomme_default_uniform16.json,long,Temporal Reasoning
uniform,16,none,2590,,videos/VFntoBRGF1A.mp4,Which of the following options does the video not give an explanation for?,c,C,c,1,,,,eagle2_5_8b_videomme_default_uniform16.json,long,Action Reasoning
uniform,16,none,2591,,videos/VFntoBRGF1A.mp4,What is the accurate sequence of their destinations?,b,C,c,0,,,,eagle2_5_8b_videomme_default_uniform16.json,long,Temporal Reasoning
uniform,16,none,2592,,videos/YEok4Ykw204.mp4,"What is the correct order in which the following places are introduced in the video?
(a) Minaki Aman Temple.
(b) Alhamra.
(c) Burj Khalifa.
(d) Machu Picchu.
(e) Coliseum.",d,D,d,1,,,,eagle2_5_8b_videomme_default_uniform16.json,long,Temporal Reasoning
uniform,16,none,2593,,videos/YEok4Ykw204.mp4,Which of the following is the characteristics of the 16th location described in the video?,b,B,b,1,,,,eagle2_5_8b_videomme_default_uniform16.json,long,Object Reasoning
uniform,16,none,2594,,videos/YEok4Ykw204.mp4,"According to the video, how many buildings were built in less than 110 years?",c,B,b,0,,,,eagle2_5_8b_videomme_default_uniform16.json,long,Counting Problem
uniform,16,none,2595,,videos/xNgVeznQmXI.mp4,"The main character of the video gets the money in a plastic bag, where does it come from?",b,B,b,1,,,,eagle2_5_8b_videomme_default_uniform16.json,long,Action Reasoning
uniform,16,none,2596,,videos/xNgVeznQmXI.mp4,What does the main character of the video think of the people of Bandung?,a,D,d,0,,,,eagle2_5_8b_videomme_default_uniform16.json,long,Object Reasoning
uniform,16,none,2597,,videos/xNgVeznQmXI.mp4,Which description of the video is inaccurate?,d,B,b,0,,,,eagle2_5_8b_videomme_default_uniform16.json,long,Object Reasoning
uniform,16,none,2598,,videos/ZLRyTFIZOIs.mp4,What is the final mode of transportation used by the team that successfully finishes the second challenge?,c,A,a,0,,,,eagle2_5_8b_videomme_default_uniform16.json,long,Object Recognition
uniform,16,none,2599,,videos/ZLRyTFIZOIs.mp4,What is the relationship between the team in the SUV in the video and the owner of the van company?,d,D,d,1,,,,eagle2_5_8b_videomme_default_uniform16.json,long,Object Reasoning
uniform,16,none,2600,,videos/ZLRyTFIZOIs.mp4,What is the initial budget for each person at the start of the challenge?,b,B,b,1,,,,eagle2_5_8b_videomme_default_uniform16.json,long,Object Reasoning
uniform,16,none,2601,,videos/eZ5lFBPpRkM.mp4,What is the relationship of the woman standing next to the main character in the video when he visits Jatilui?,a,D,d,0,,,,eagle2_5_8b_videomme_default_uniform16.json,long,Object Reasoning
uniform,16,none,2602,,videos/eZ5lFBPpRkM.mp4,"When the people in the video saw the turtles for the first time, how many days into their journey was it?",b,B,b,1,,,,eagle2_5_8b_videomme_default_uniform16.json,long,Temporal Reasoning
uniform,16,none,2603,,videos/eZ5lFBPpRkM.mp4,What does the protagonist of the video record?,c,C,c,1,,,,eagle2_5_8b_videomme_default_uniform16.json,long,Information Synopsis
uniform,16,none,2604,,videos/NagvWwLvRik.mp4,Where is the man's family most likely to be when he crosses the canyon in the video?,c,C,c,1,,,,eagle2_5_8b_videomme_default_uniform16.json,long,Action Reasoning
uniform,16,none,2605,,videos/NagvWwLvRik.mp4,What makes the fourth day of the family's arrival at their destination stand out in the video?,d,D,d,1,,,,eagle2_5_8b_videomme_default_uniform16.json,long,Object Reasoning
uniform,16,none,2606,,videos/NagvWwLvRik.mp4,Which of the following activities does the man in the video perform only once?,a,A,a,1,,,,eagle2_5_8b_videomme_default_uniform16.json,long,Object Recognition
uniform,16,none,2607,,videos/Fibq4aA-GVc.mp4,Which challenges do they not complete during the trip?,b,A,a,0,,,,eagle2_5_8b_videomme_default_uniform16.json,long,Action Recognition
uniform,16,none,2608,,videos/Fibq4aA-GVc.mp4,What successive activities do the people in the video engage in while in the car?,c,A,a,0,,,,eagle2_5_8b_videomme_default_uniform16.json,long,Temporal Reasoning
uniform,16,none,2609,,videos/Fibq4aA-GVc.mp4,What is wrong with the car when there is a woman in the vehicle?,d,C,c,0,,,,eagle2_5_8b_videomme_default_uniform16.json,long,Object Reasoning
uniform,16,none,2610,,videos/ZkhAbUGoD18.mp4,Why are there many toys in the room?,d,D,d,1,,,,eagle2_5_8b_videomme_default_uniform16.json,long,Action Reasoning
uniform,16,none,2611,,videos/ZkhAbUGoD18.mp4,Which is the most interesting toy for these cats based on the video?,c,C,c,1,,,,eagle2_5_8b_videomme_default_uniform16.json,long,Object Reasoning
uniform,16,none,2612,,videos/ZkhAbUGoD18.mp4,What is the video's main focus?,b,D,d,0,,,,eagle2_5_8b_videomme_default_uniform16.json,long,Information Synopsis
uniform,16,none,2613,,videos/ZP-Y2S750KY.mp4,What is the video regarding?,d,C,c,0,,,,eagle2_5_8b_videomme_default_uniform16.json,long,Information Synopsis
uniform,16,none,2614,,videos/ZP-Y2S750KY.mp4,"As depicted in the video, what are the characteristics of these animals?",a,A,a,1,,,,eagle2_5_8b_videomme_default_uniform16.json,long,Object Recognition
uniform,16,none,2615,,videos/ZP-Y2S750KY.mp4,What does the panda do in the video?,c,C,c,1,,,,eagle2_5_8b_videomme_default_uniform16.json,long,Action Recognition
uniform,16,none,2616,,videos/t23Zi0DBSiI.mp4,What is the reason for people visiting this place according to what is shown in the video?,a,A,a,1,,,,eagle2_5_8b_videomme_default_uniform16.json,long,Action Reasoning
uniform,16,none,2617,,videos/t23Zi0DBSiI.mp4,"In line with the video evidence, what the atmosphere is in the house?",d,D,d,1,,,,eagle2_5_8b_videomme_default_uniform16.json,long,Spatial Reasoning
uniform,16,none,2618,,videos/t23Zi0DBSiI.mp4,Why do dogs lie in a row by a window as depicted in the video?,c,C,c,1,,,,eagle2_5_8b_videomme_default_uniform16.json,long,Action Reasoning
uniform,16,none,2619,,videos/h1cv8Fsn4eU.mp4,"According to what is shown in the video, why does the cameraman drive a car?",c,C,c,1,,,,eagle2_5_8b_videomme_default_uniform16.json,long,Action Reasoning
uniform,16,none,2620,,videos/h1cv8Fsn4eU.mp4,Why do people shed tears when the big sea turtle goes to sea in the video?,b,B,b,1,,,,eagle2_5_8b_videomme_default_uniform16.json,long,Action Reasoning
uniform,16,none,2621,,videos/h1cv8Fsn4eU.mp4,What is the subject matter of the video?,a,A,a,1,,,,eagle2_5_8b_videomme_default_uniform16.json,long,Information Synopsis
uniform,16,none,2622,,videos/4IenX7OHumk.mp4,Which location appears in the video?,b,B,b,1,,,,eagle2_5_8b_videomme_default_uniform16.json,long,Spatial Reasoning
uniform,16,none,2623,,videos/4IenX7OHumk.mp4,Why does a leopard climb on trees as depicted in the video?,a,B,b,0,,,,eagle2_5_8b_videomme_default_uniform16.json,long,Action Reasoning
uniform,16,none,2624,,videos/4IenX7OHumk.mp4,Which of the following options is not depicted in the video?,d,D,d,1,,,,eagle2_5_8b_videomme_default_uniform16.json,long,Action Reasoning
uniform,16,none,2625,,videos/whksDmTR9YE.mp4,"According to the video, what does the cougar fight with?",d,D,d,1,,,,eagle2_5_8b_videomme_default_uniform16.json,long,Attribute Perception
uniform,16,none,2626,,videos/whksDmTR9YE.mp4,Which appears in the video?,b,B,b,1,,,,eagle2_5_8b_videomme_default_uniform16.json,long,Action Reasoning
uniform,16,none,2627,,videos/whksDmTR9YE.mp4,Why do hermit crabs fight with each other?,c,C,c,1,,,,eagle2_5_8b_videomme_default_uniform16.json,long,Action Reasoning
uniform,16,none,2628,,videos/5WIdIs3A9Ok.mp4,Why is there no male jaguar near the cub?,a,C,c,0,,,,eagle2_5_8b_videomme_default_uniform16.json,long,Action Reasoning
uniform,16,none,2629,,videos/5WIdIs3A9Ok.mp4,Why do capybaras dive into water in the video?,d,C,c,0,,,,eagle2_5_8b_videomme_default_uniform16.json,long,Action Reasoning
uniform,16,none,2630,,videos/5WIdIs3A9Ok.mp4,What story does the photographers record based on the video?,b,B,b,1,,,,eagle2_5_8b_videomme_default_uniform16.json,long,Information Synopsis
uniform,16,none,2631,,videos/p9CCSG3-dhI.mp4,Which animals compete for territory as shown in the video?,c,C,c,1,,,,eagle2_5_8b_videomme_default_uniform16.json,long,Action Reasoning
uniform,16,none,2632,,videos/p9CCSG3-dhI.mp4,Which appears according to the video?,b,B,b,1,,,,eagle2_5_8b_videomme_default_uniform16.json,long,Action Recognition
uniform,16,none,2633,,videos/p9CCSG3-dhI.mp4,What does the video depict?,d,D,d,1,,,,eagle2_5_8b_videomme_default_uniform16.json,long,Information Synopsis
uniform,16,none,2634,,videos/zAXbdzvCeV8.mp4,Why are the three dogs fighting with another dog in the video?,a,D,d,0,,,,eagle2_5_8b_videomme_default_uniform16.json,long,Action Reasoning
uniform,16,none,2635,,videos/zAXbdzvCeV8.mp4,"In line with the video evidence, what does the younger tiger do when it is found by the dominant tiger?",c,C,c,1,,,,eagle2_5_8b_videomme_default_uniform16.json,long,Action Recognition
uniform,16,none,2636,,videos/zAXbdzvCeV8.mp4,What is the video about?,d,D,d,1,,,,eagle2_5_8b_videomme_default_uniform16.json,long,Information Synopsis
uniform,16,none,2637,,videos/eZ2Rt2DVGdU.mp4,"In accordance with the video footage, which may be the reason for the death of the diver?",b,B,b,1,,,,eagle2_5_8b_videomme_default_uniform16.json,long,Action Reasoning
uniform,16,none,2638,,videos/eZ2Rt2DVGdU.mp4,Which shark species is featured in the video?,a,B,b,0,,,,eagle2_5_8b_videomme_default_uniform16.json,long,Action Recognition
uniform,16,none,2639,,videos/eZ2Rt2DVGdU.mp4,Which is the best title of the video?,b,C,c,0,,,,eagle2_5_8b_videomme_default_uniform16.json,long,Information Synopsis
uniform,16,none,2640,,videos/goyWFUzCqF4.mp4,What is the sports tracking device used by the male protagonist in the video for running?,b,B,b,1,,,,eagle2_5_8b_videomme_default_uniform16.json,long,Object Recognition
uniform,16,none,2641,,videos/goyWFUzCqF4.mp4,What happened when the male protagonist attempted his second 21-kilometer long run in the video?,c,C,c,1,,,,eagle2_5_8b_videomme_default_uniform16.json,long,Action Reasoning
uniform,16,none,2642,,videos/goyWFUzCqF4.mp4,Which of the following descriptions of the male protagonist's process from preparing for the marathon to successfully completing the marathon in the video is correct?,a,A,a,1,,,,eagle2_5_8b_videomme_default_uniform16.json,long,Action Recognition
uniform,16,none,2643,,videos/qVZOKel-gpE.mp4,In the video on the third day of training why is the man in the green top so far behind the contestant in the white top?,d,A,a,0,,,,eagle2_5_8b_videomme_default_uniform16.json,long,Action Reasoning
uniform,16,none,2644,,videos/qVZOKel-gpE.mp4,Why did the hero in the red top stop to give a close-up of a palm tree on the fourth day of the training ride?,b,C,c,0,,,,eagle2_5_8b_videomme_default_uniform16.json,long,Action Reasoning
uniform,16,none,2645,,videos/qVZOKel-gpE.mp4,Which of the following options does not match the description in the video?,c,D,d,0,,,,eagle2_5_8b_videomme_default_uniform16.json,long,Information Synopsis
uniform,16,none,2646,,videos/2LDriAWltwM.mp4,Which move in the video was done in both the warm-up phase and the official workout phase of Monday's workout?,a,A,a,1,,,,eagle2_5_8b_videomme_default_uniform16.json,long,Action Reasoning
uniform,16,none,2647,,videos/2LDriAWltwM.mp4,"What is the difference in appearance between the female lead in the video, Friday and Wednesday?",d,C,c,0,,,,eagle2_5_8b_videomme_default_uniform16.json,long,Object Reasoning
uniform,16,none,2648,,videos/2LDriAWltwM.mp4,Which of the following describes the heroine's weekly fitness programme correctly?,b,A,a,0,,,,eagle2_5_8b_videomme_default_uniform16.json,long,Temporal Reasoning
uniform,16,none,2649,,videos/0kRsiSdDFYg.mp4,How many goals did the player interviewed by the male host at the beginning of the video wearing a top with the word QARAR score in his first match?,c,B,b,0,,,,eagle2_5_8b_videomme_default_uniform16.json,long,Counting Problem
uniform,16,none,2650,,videos/0kRsiSdDFYg.mp4,What is the score of the first game of the semi-finals in the video?,a,B,b,0,,,,eagle2_5_8b_videomme_default_uniform16.json,long,Action Reasoning
uniform,16,none,2651,,videos/0kRsiSdDFYg.mp4,In the video after all the matches are over why is everyone cheering and celebrating around the guy wearing a shirt with the word Qatar on it?,d,D,d,1,,,,eagle2_5_8b_videomme_default_uniform16.json,long,Action Reasoning
uniform,16,none,2652,,videos/EhLOdDfaC7Y.mp4,What happened in the first game of the second round of 16 in the video?,b,B,b,1,,,,eagle2_5_8b_videomme_default_uniform16.json,long,Action Recognition
uniform,16,none,2653,,videos/EhLOdDfaC7Y.mp4,Why did the video focus on the content behind the player wearing a black short-sleeved shirt and black trousers?,c,C,c,1,,,,eagle2_5_8b_videomme_default_uniform16.json,long,Action Reasoning
uniform,16,none,2654,,videos/EhLOdDfaC7Y.mp4,What are the scoring rules for the finals and semifinals in the video?,a,B,b,0,,,,eagle2_5_8b_videomme_default_uniform16.json,long,Object Reasoning
uniform,16,none,2655,,videos/elprD1hnDyU.mp4,What is the maximum weight that the woman in the video can successfully bench press?,d,D,d,1,,,,eagle2_5_8b_videomme_default_uniform16.json,long,OCR Problems
uniform,16,none,2656,,videos/elprD1hnDyU.mp4,Which of the following options correctly describes the heroine's Tuesday exercise items and their order in the video?,b,C,c,0,,,,eagle2_5_8b_videomme_default_uniform16.json,long,Temporal Reasoning
uniform,16,none,2657,,videos/elprD1hnDyU.mp4,On which days of the week does the woman in the video take a rest?,c,C,c,1,,,,eagle2_5_8b_videomme_default_uniform16.json,long,Temporal Reasoning
uniform,16,none,2658,,videos/proINILL4X4.mp4,What is the difference between the actions of the lady on the left hand side of the male presenter at the beginning of the video wearing a black top and blue shorts and the others?,a,A,a,1,,,,eagle2_5_8b_videomme_default_uniform16.json,long,Action Reasoning
uniform,16,none,2659,,videos/proINILL4X4.mp4,What is the meaning of what the person in the video wrote on the blackboard?,d,A,a,0,,,,eagle2_5_8b_videomme_default_uniform16.json,long,Action Reasoning
uniform,16,none,2660,,videos/proINILL4X4.mp4,How often do the people in the video take water breaks per workout?,b,D,d,0,,,,eagle2_5_8b_videomme_default_uniform16.json,long,Temporal Reasoning
uniform,16,none,2661,,videos/N1ZRYx46ye4.mp4,"In the video, which fitness equipment is used by the heroine on push day, leg day, pull day and full body day?",c,C,c,1,,,,eagle2_5_8b_videomme_default_uniform16.json,long,Object Recognition
uniform,16,none,2662,,videos/N1ZRYx46ye4.mp4,"In the video, after using the leg press machine, which part of the body mainly relies on the strength of the next training movements?",a,A,a,1,,,,eagle2_5_8b_videomme_default_uniform16.json,long,Action Reasoning
uniform,16,none,2663,,videos/N1ZRYx46ye4.mp4,Which of the following things is not mentioned in the introduction before the full body training formally begins?,d,D,d,1,,,,eagle2_5_8b_videomme_default_uniform16.json,long,Information Synopsis
uniform,16,none,2664,,videos/EP2rD6lr2Xk.mp4,"In the video, what advice does the friend give to the male protagonist during their remote video call on the phone?",b,B,b,1,,,,eagle2_5_8b_videomme_default_uniform16.json,long,Information Synopsis
uniform,16,none,2665,,videos/EP2rD6lr2Xk.mp4,"Why does the male protagonist, wearing a white shirt and black shorts in the video, take painkillers during the race?",c,C,c,1,,,,eagle2_5_8b_videomme_default_uniform16.json,long,Action Reasoning
uniform,16,none,2666,,videos/EP2rD6lr2Xk.mp4,"Why were the two male leads in the video, as well as the people around them, so excited when they reached the finish line?",a,A,a,1,,,,eagle2_5_8b_videomme_default_uniform16.json,long,Action Reasoning
uniform,16,none,2667,,videos/bIQf1HwEqHU.mp4,Which of the following is NOT included in what the woman in the video says during the drive home from track day practice?,d,D,d,1,,,,eagle2_5_8b_videomme_default_uniform16.json,long,Information Synopsis
uniform,16,none,2668,,videos/bIQf1HwEqHU.mp4,"The man and woman who had dinner with the female lead before the marathon officially started in the video, did they participate in the marathon, and what were their results?",b,D,d,0,,,,eagle2_5_8b_videomme_default_uniform16.json,long,Action Reasoning
uniform,16,none,2669,,videos/bIQf1HwEqHU.mp4,Which of the following options describes the video's heroine's description of the giveaway in the correct order of presentation?,c,C,c,1,,,,eagle2_5_8b_videomme_default_uniform16.json,long,Temporal Reasoning
uniform,16,none,2670,,videos/uuCVnqV4cNc.mp4,"Based on the information provided by the video, what is unique about the Factory 56 production line compared to other automotive factories?",b,B,b,1,,,,eagle2_5_8b_videomme_default_uniform16.json,long,Object Reasoning
uniform,16,none,2671,,videos/uuCVnqV4cNc.mp4,"In line with the video evidence, what is the primary challenge for developers of autonomous driving technology, as highlighted by the testing conducted in China?",b,B,b,1,,,,eagle2_5_8b_videomme_default_uniform16.json,long,Object Reasoning
uniform,16,none,2672,,videos/uuCVnqV4cNc.mp4,"How does the Factory 56's ""TecLine"" concept future-proof the production process for potential new car models?",a,A,a,1,,,,eagle2_5_8b_videomme_default_uniform16.json,long,Object Reasoning
uniform,16,none,2673,,videos/8UQFaVCV8S8.mp4,"After #41 completed his free throws, how many points was the team the author was rooting for ahead or behind the other team?",b,D,d,0,,,,eagle2_5_8b_videomme_default_uniform16.json,long,OCR Problems
uniform,16,none,2674,,videos/8UQFaVCV8S8.mp4,"As depicted in the video, what was the halftime score between the two teams?",a,B,b,0,,,,eagle2_5_8b_videomme_default_uniform16.json,long,OCR Problems
uniform,16,none,2675,,videos/8UQFaVCV8S8.mp4,What is the most likely role of the person shooting the video?,c,B,b,0,,,,eagle2_5_8b_videomme_default_uniform16.json,long,Object Reasoning
uniform,16,none,2676,,videos/WQn-c_4dVWs.mp4,What title best summarizes this video?,d,D,d,1,,,,eagle2_5_8b_videomme_default_uniform16.json,long,Information Synopsis
uniform,16,none,2677,,videos/WQn-c_4dVWs.mp4,"What is the correct order in which the following events are told in the video?
(a) Desserts in restaurants.
(b) Pinguin frozen vegetables.
(c) Lab test for vitamin C.",d,B,b,0,,,,eagle2_5_8b_videomme_default_uniform16.json,long,Temporal Reasoning
uniform,16,none,2678,,videos/WQn-c_4dVWs.mp4,Which character in the middle of the video most closely resembles the man cutting the scallops?,a,C,c,0,,,,eagle2_5_8b_videomme_default_uniform16.json,long,Object Reasoning
uniform,16,none,2679,,videos/tslKtm6Le1s.mp4,What is the plot of the opera in the video?,c,B,b,0,,,,eagle2_5_8b_videomme_default_uniform16.json,long,Information Synopsis
uniform,16,none,2680,,videos/tslKtm6Le1s.mp4,What is the relationship between the two characters in the video?,d,A,a,0,,,,eagle2_5_8b_videomme_default_uniform16.json,long,Object Reasoning
uniform,16,none,2681,,videos/tslKtm6Le1s.mp4,"As depicted in the video, how does the story end?",a,A,a,1,,,,eagle2_5_8b_videomme_default_uniform16.json,long,Action Recognition
uniform,16,none,2682,,videos/1O1TfTrEnss.mp4,"As can be seen in the video, which of the following is excluded from the power value on the red or blue small card?",b,B,b,1,,,,eagle2_5_8b_videomme_default_uniform16.json,long,Object Recognition
uniform,16,none,2683,,videos/1O1TfTrEnss.mp4,What is special about the board on the lower right corner of the video that keeps track of the locations controlled by each of the two sides?,c,C,c,1,,,,eagle2_5_8b_videomme_default_uniform16.json,long,Object Reasoning
uniform,16,none,2684,,videos/1O1TfTrEnss.mp4,"As can be seen in the video, which of the items is not placed on the table?",a,D,d,0,,,,eagle2_5_8b_videomme_default_uniform16.json,long,Object Recognition
uniform,16,none,2685,,videos/xIWaK92gRlo.mp4,What sets apart the third set of stickers from the other two?,c,B,b,0,,,,eagle2_5_8b_videomme_default_uniform16.json,long,Object Reasoning
uniform,16,none,2686,,videos/xIWaK92gRlo.mp4,"What is the proper sequence for the following items used in this video?
(a) Stickers.
(b) Watercolor pencils.
(c) Gems.
(d) Glue paper.",d,D,d,1,,,,eagle2_5_8b_videomme_default_uniform16.json,long,Temporal Reasoning
uniform,16,none,2687,,videos/xIWaK92gRlo.mp4,What is captured in this video?,b,C,c,0,,,,eagle2_5_8b_videomme_default_uniform16.json,long,Information Synopsis
uniform,16,none,2688,,videos/nO2B4haj2BQ.mp4,"According to the video, what are the tactics of team DK?",b,D,d,0,,,,eagle2_5_8b_videomme_default_uniform16.json,long,Action Reasoning
uniform,16,none,2689,,videos/nO2B4haj2BQ.mp4,Who gets advantage before 10:00 according to the video?,a,A,a,1,,,,eagle2_5_8b_videomme_default_uniform16.json,long,Action Reasoning
uniform,16,none,2690,,videos/nO2B4haj2BQ.mp4,"In line with the video evidence, which is not true about the failure of team DK in the last battle?",c,B,b,0,,,,eagle2_5_8b_videomme_default_uniform16.json,long,Action Reasoning
uniform,16,none,2691,,videos/K9MQATj3894.mp4,"Once the embroidery in the video is finished, which color of stitches is concealed beneath the pattern?",d,D,d,1,,,,eagle2_5_8b_videomme_default_uniform16.json,long,Attribute Perception
uniform,16,none,2692,,videos/K9MQATj3894.mp4,How many embroidery techniques does the author teach in the video?,d,D,d,1,,,,eagle2_5_8b_videomme_default_uniform16.json,long,Counting Problem
uniform,16,none,2693,,videos/K9MQATj3894.mp4,"In line with the video evidence, which of the following is the key step in bullion stitch?",c,C,c,1,,,,eagle2_5_8b_videomme_default_uniform16.json,long,Action Reasoning
uniform,16,none,2694,,videos/f-1xE_5uXDg.mp4,"Based on the video, why did Miranda mention many things related to Sicily?",b,A,a,0,,,,eagle2_5_8b_videomme_default_uniform16.json,long,Action Reasoning
uniform,16,none,2695,,videos/f-1xE_5uXDg.mp4,Which of the following is not exemplified by Miranda's experience of learning new languages in Seville?,a,A,a,1,,,,eagle2_5_8b_videomme_default_uniform16.json,long,Action Recognition
uniform,16,none,2696,,videos/f-1xE_5uXDg.mp4,How many questions did the man in the pink shirt ask Miranda in the video?,a,B,b,0,,,,eagle2_5_8b_videomme_default_uniform16.json,long,Counting Problem
uniform,16,none,2697,,videos/5KlS-p5eYH8.mp4,"In line with the video evidence, why does the heroine in the video only do butt training once a week?",b,B,b,1,,,,eagle2_5_8b_videomme_default_uniform16.json,long,Action Reasoning
uniform,16,none,2698,,videos/5KlS-p5eYH8.mp4,Which of the following is not discussed in the video when the heroine holds a cell phone in one hand and faces the mirror to record herself?,c,D,d,0,,,,eagle2_5_8b_videomme_default_uniform16.json,long,Information Synopsis
uniform,16,none,2699,,videos/5KlS-p5eYH8.mp4,What is the primary focus of the video?,a,A,a,1,,,,eagle2_5_8b_videomme_default_uniform16.json,long,Information Synopsis
